origin_sdz,dest_sdz,count,dist_full,dist_lts1,dist_lts2,dist_lts3,dist_lts4
N21000161,N21000162,1,2488.035482970002,inf,inf,inf,2488.035482970002
N21000161,N21000163,9,2899.932487683348,inf,inf,inf,2899.932487683348
N21000161,N21000164,26,1249.2686190718673,inf,inf,inf,1249.2686190718673
N21000161,N21000165,16,3094.1730068162847,inf,inf,inf,3094.1730068162847
N21000161,N21000166,18,2040.1845681309505,inf,inf,inf,2040.1845681309505
N21000161,N21000167,3,4619.426555973972,inf,inf,inf,4619.426555973972
N21000161,N21000168,2,4111.921839164339,inf,inf,inf,4111.921839164339
N21000161,N21000169,3,3189.318615071264,inf,inf,inf,3189.318615071264
N21000161,N21000170,1,2997.7969044176957,inf,inf,inf,2997.7969044176957
N21000161,N21000171,5,4868.091534638747,inf,inf,inf,4868.091534638747
N21000161,N21000172,1,4341.866461668174,inf,inf,inf,4341.866461668174
N21000161,N21000173,2,3475.881008196532,inf,inf,inf,3475.881008196532
N21000161,N21000174,4,4316.1083245017235,inf,inf,inf,4316.1083245017235
N21000161,N21000175,20,5297.68866633883,inf,inf,inf,5297.68866633883
N21000161,N21000176,1,5640.1316195056515,inf,inf,inf,5640.1316195056515
N21000161,N21000177,6,6036.593452120667,inf,inf,inf,6036.593452120667
N21000161,N21000178,5,5382.5873836281025,inf,inf,inf,5382.5873836281025
N21000161,N21000179,2,6657.338079342524,inf,inf,inf,6657.338079342524
N21000161,N21000181,1,5802.927394059407,inf,inf,inf,5802.927394059407
N21000161,N21000182,4,4478.151634605713,inf,inf,inf,4478.151634605713
N21000161,N21000183,1,5503.055537084709,inf,inf,inf,5503.055537084709
N21000161,N21000184,3,4424.4752500941195,inf,inf,inf,4424.4752500941195
N21000161,N21000185,1,2843.9065327817025,inf,inf,inf,2843.9065327817025
N21000161,N21000186,3,4855.741889653484,inf,inf,inf,4855.741889653484
N21000161,N21000187,2,3481.45545917418,inf,inf,inf,3481.45545917418
N21000161,N21000188,4,5633.785391417112,inf,inf,inf,5633.785391417112
N21000161,N21000189,5,4370.972576204158,inf,inf,inf,4370.972576204158
N21000161,N21000190,4,5081.611942200649,inf,inf,inf,5081.611942200649
N21000161,N21000191,1,5820.459917675025,inf,inf,inf,5820.459917675025
N21000161,N21000192,53,6984.196096942477,inf,inf,inf,6984.196096942477
N21000161,N21000193,1,4884.6550282599355,inf,inf,inf,4884.6550282599355
N21000161,N21000195,5,6050.120770118935,inf,inf,inf,6050.120770118935
N21000161,N21000196,3,5769.162856373114,inf,inf,inf,5769.162856373114
N21000161,N21000198,23,8372.447679422126,inf,inf,inf,8372.447679422126
N21000161,N21000202,3,8628.962438729523,inf,inf,inf,8628.962438729523
N21000161,N21000203,1,9518.50903303544,inf,inf,inf,9518.50903303544
N21000161,N21000204,1,7792.954943990999,inf,inf,inf,7792.954943990999
N21000161,N21000205,1,8918.823950977965,inf,inf,inf,8918.823950977965
N21000161,N21000209,3,7886.268411914071,inf,inf,inf,7886.268411914071
N21000161,N21000251,72,6711.872831534967,inf,inf,inf,6711.872831534967
N21000161,N21000252,18,7170.042144275995,inf,inf,inf,7170.042144275995
N21000161,N21000253,7,7206.683095966273,inf,inf,inf,7206.683095966273
N21000161,N21000254,4,7746.727609584089,inf,inf,inf,7746.727609584089
N21000161,N21000256,15,7644.725420461062,inf,inf,inf,7644.725420461062
N21000161,N21000258,5,7759.249912755922,inf,inf,inf,7759.249912755922
N21000161,N21000261,3,8330.22149171528,inf,inf,inf,8330.22149171528
N21000161,N21000262,2,8369.871667220641,inf,inf,inf,8369.871667220641
N21000161,N21000264,8,8601.090737044171,inf,inf,inf,8601.090737044171
N21000161,N21000265,4,8415.799536700813,inf,inf,inf,8415.799536700813
N21000161,N21000266,3,8293.888704403495,inf,inf,inf,8293.888704403495
N21000161,N21000267,1,8953.78368945568,inf,inf,inf,8953.78368945568
N21000161,N21000268,24,7923.901634186137,inf,inf,inf,7923.901634186137
N21000161,N21000269,2,9208.98536719208,inf,inf,inf,9208.98536719208
N21000161,N21000270,6,9247.857029009145,inf,inf,inf,9247.857029009145
N21000161,N21000301,2,6064.064284769554,inf,inf,inf,6064.064284769554
N21000161,N21000302,3,6735.6608887314815,inf,inf,inf,6735.6608887314815
N21000161,N21000303,1,6169.0960816055485,inf,inf,inf,6169.0960816055485
N21000161,N21000305,1,7199.824450338683,inf,inf,inf,7199.824450338683
N21000161,N21000309,10,8052.9518890368045,inf,inf,inf,8052.9518890368045
N21000161,N21000310,2,9149.099316404037,inf,inf,inf,9149.099316404037
N21000161,N21000316,2,2789.8852305740916,inf,inf,5802.755542620118,2789.8852305740916
N21000161,N21000317,1,3426.0828777601737,inf,inf,inf,3426.0828777601737
N21000161,N21000318,1,2664.2188813368207,inf,inf,2664.2188813368207,2664.2188813368207
N21000161,N21000319,2,4133.459473494016,inf,inf,inf,4133.459473494016
N21000161,N21000321,5,4058.9218115039725,inf,inf,inf,4058.9218115039725
N21000161,N21000322,3,4888.356387563106,inf,inf,inf,4888.356387563106
N21000161,N21000323,5,4618.733045216635,inf,inf,inf,4618.733045216635
N21000161,N21000324,3,4830.993940414849,inf,inf,inf,4830.993940414849
N21000161,N21000325,22,5428.240185759278,inf,inf,inf,5428.240185759278
N21000161,N21000326,2,4591.267709865263,inf,inf,inf,4591.267709865263
N21000161,N21000327,1,4778.467366154687,inf,inf,inf,4778.467366154687
N21000161,N21000328,1,5084.470932632369,inf,inf,inf,5084.470932632369
N21000161,N21000329,3,6267.105118813348,inf,inf,inf,6267.105118813348
N21000161,N21000331,8,5854.3260383597,inf,inf,inf,5854.3260383597
N21000161,N21000332,6,5726.540311386163,inf,inf,inf,5726.540311386163
N21000161,N21000333,3,5395.133152219689,inf,inf,inf,5395.133152219689
N21000161,N21000334,1,6280.384972581264,inf,inf,inf,6280.384972581264
N21000161,N21000335,36,5999.586079731723,inf,inf,inf,5999.586079731723
N21000162,N21000161,10,2488.0354829700022,inf,inf,inf,2488.0354829700022
N21000162,N21000164,2,1885.1091304795368,inf,inf,inf,1885.1091304795368
N21000162,N21000165,12,1005.6402476025689,inf,inf,1200.800174301942,1005.6402476025689
N21000162,N21000166,16,991.8570764380745,inf,inf,inf,991.8570764380745
N21000162,N21000167,2,2207.580540063712,inf,inf,4930.070542789894,2207.580540063712
N21000162,N21000168,1,2189.323010585117,inf,inf,2430.962772450515,2189.323010585117
N21000162,N21000169,1,1778.7529546064288,inf,inf,2008.836119792623,1778.7529546064288
N21000162,N21000170,3,1587.23124395286,inf,inf,2426.253166158413,1587.23124395286
N21000162,N21000171,1,2514.2017276048437,inf,inf,inf,2514.2017276048437
N21000162,N21000174,4,2498.364726025736,inf,inf,2812.478379302327,2498.364726025736
N21000162,N21000175,6,2887.8582461284946,inf,inf,4831.161854211713,2887.8582461284946
N21000162,N21000177,1,3760.702281778223,inf,inf,inf,3760.702281778223
N21000162,N21000182,2,2880.826971161411,2880.826971161411,2880.826971161411,2880.826971161411,2880.826971161411
N21000162,N21000186,2,2875.6374421364835,inf,inf,3962.4484487897826,2875.6374421364835
N21000162,N21000187,2,1465.1798921074922,2190.8780661084456,2190.8780661084456,2138.092039402577,1465.1798921074922
N21000162,N21000188,6,3653.680943900113,inf,inf,4740.491950553412,3653.680943900113
N21000162,N21000192,36,5004.091649425477,inf,inf,6090.902656078776,5004.091649425477
N21000162,N21000194,2,3355.4079433636994,inf,inf,4909.364827533592,3355.4079433636994
N21000162,N21000195,9,3921.034483411634,inf,inf,5474.991367581527,3921.034483411634
N21000162,N21000198,14,6694.490825106852,inf,inf,inf,6694.490825106852
N21000162,N21000202,4,6951.005584414246,inf,inf,inf,6951.005584414246
N21000162,N21000205,3,7240.867096662683,inf,inf,inf,7240.867096662683
N21000162,N21000208,1,7027.34374894184,inf,inf,inf,7027.34374894184
N21000162,N21000209,4,6208.311557598795,inf,inf,inf,6208.311557598795
N21000162,N21000216,2,8188.895655934639,inf,inf,inf,8188.895655934639
N21000162,N21000223,1,8567.684164672253,inf,inf,inf,8567.684164672253
N21000162,N21000237,5,8898.122963086424,inf,inf,inf,8898.122963086424
N21000162,N21000238,1,7406.791185263561,inf,inf,inf,7406.791185263561
N21000162,N21000240,3,8679.68892947362,inf,inf,inf,8679.68892947362
N21000162,N21000248,1,9128.180612332188,inf,inf,inf,9128.180612332188
N21000162,N21000249,1,8389.544861606391,inf,inf,inf,8389.544861606391
N21000162,N21000251,47,5038.880704134483,inf,inf,inf,5038.880704134483
N21000162,N21000252,13,5492.085289960716,inf,inf,inf,5492.085289960716
N21000162,N21000253,2,5533.690968565788,inf,inf,inf,5533.690968565788
N21000162,N21000254,1,6068.770755268812,inf,inf,inf,6068.770755268812
N21000162,N21000256,10,6213.638297928791,inf,inf,inf,6213.638297928791
N21000162,N21000257,1,5838.471721616197,inf,inf,inf,5838.471721616197
N21000162,N21000258,9,6086.257785355438,inf,inf,inf,6086.257785355438
N21000162,N21000259,2,6459.29037361805,inf,inf,inf,6459.29037361805
N21000162,N21000260,3,6722.335798308121,inf,inf,inf,6722.335798308121
N21000162,N21000263,2,7411.907124556423,inf,inf,inf,7411.907124556423
N21000162,N21000264,3,6928.098609643686,inf,inf,inf,6928.098609643686
N21000162,N21000265,3,7276.822139277612,inf,inf,inf,7276.822139277612
N21000162,N21000266,5,7154.911306980293,inf,inf,inf,7154.911306980293
N21000162,N21000267,1,7275.826835140404,inf,inf,inf,7275.826835140404
N21000162,N21000268,13,6784.924236762938,inf,inf,inf,6784.924236762938
N21000162,N21000270,1,7610.28835313193,inf,inf,inf,7610.28835313193
N21000162,N21000273,2,8694.792911149165,inf,inf,inf,8694.792911149165
N21000162,N21000274,3,8820.852856717327,inf,inf,inf,8820.852856717327
N21000162,N21000275,2,9036.700876195298,inf,inf,inf,9036.700876195298
N21000162,N21000276,2,9496.667776349617,inf,inf,inf,9496.667776349617
N21000162,N21000277,1,9342.59146057427,inf,inf,inf,9342.59146057427
N21000162,N21000302,1,5596.68349130828,inf,inf,6860.189461254843,5596.68349130828
N21000162,N21000305,1,6060.847052915482,inf,inf,8332.498411631324,6060.847052915482
N21000162,N21000306,1,6103.833300552404,inf,inf,8338.920977813863,6103.833300552404
N21000162,N21000309,3,6913.974491613603,inf,inf,inf,6913.974491613603
N21000162,N21000316,5,1951.748488505986,inf,inf,inf,1951.748488505986
N21000162,N21000317,2,2287.1054803369743,inf,inf,inf,2287.1054803369743
N21000162,N21000318,1,3845.1530426558415,inf,inf,inf,3845.1530426558415
N21000162,N21000319,4,2889.693504086104,inf,inf,3131.333265951502,2889.693504086104
N21000162,N21000322,2,3215.3642601626207,inf,inf,5042.7003111002405,3215.3642601626207
N21000162,N21000323,6,3374.967075808724,inf,inf,3986.9711965279166,3374.967075808724
N21000162,N21000324,2,3692.0165429916515,inf,inf,4442.874874102005,3692.0165429916515
N21000162,N21000325,13,3755.2480583587926,inf,inf,4787.347247390779,3755.2480583587926
N21000162,N21000326,5,3666.4239145199313,inf,inf,inf,3666.4239145199313
N21000162,N21000327,2,3639.489968731486,inf,inf,4040.465724442498,3639.489968731486
N21000162,N21000328,2,3945.4935352091697,inf,inf,4346.469290920182,3945.4935352091697
N21000162,N21000329,3,4594.112991412864,inf,inf,inf,4594.112991412864
N21000162,N21000331,2,4439.382007329343,inf,inf,5153.89032420355,4439.382007329343
N21000162,N21000332,2,4700.104861339923,inf,inf,5333.682296636705,4700.104861339923
N21000162,N21000335,11,4860.608682308524,inf,inf,5430.396785064777,4860.608682308524
N21000163,N21000161,15,2899.932487683348,inf,inf,inf,2899.932487683348
N21000163,N21000164,1,2044.9860640095073,inf,inf,inf,2044.9860640095073
N21000163,N21000166,14,1151.7340099680448,inf,inf,inf,1151.7340099680448
N21000163,N21000167,2,1929.885156661907,inf,inf,inf,1929.885156661907
N21000163,N21000169,2,1617.632727429945,inf,inf,inf,1617.632727429945
N21000163,N21000171,2,2236.5063442030387,inf,inf,inf,2236.5063442030387
N21000163,N21000174,3,2220.6693426239312,inf,inf,inf,2220.6693426239312
N21000163,N21000175,18,2610.162862726689,inf,inf,inf,2610.162862726689
N21000163,N21000177,8,3483.006898376417,inf,inf,inf,3483.006898376417
N21000163,N21000178,2,3426.9351459110176,inf,inf,inf,3426.9351459110176
N21000163,N21000181,2,3866.2402838122507,inf,inf,inf,3866.2402838122507
N21000163,N21000184,2,2329.4433803111483,inf,inf,inf,2329.4433803111483
N21000163,N21000185,1,927.5050507699211,inf,inf,inf,927.5050507699211
N21000163,N21000187,4,1350.2524698415218,inf,inf,inf,1350.2524698415218
N21000163,N21000188,8,3538.753521634142,inf,inf,inf,3538.753521634142
N21000163,N21000189,3,2239.769586871499,inf,inf,inf,2239.769586871499
N21000163,N21000190,3,2894.212969111982,inf,inf,inf,2894.212969111982
N21000163,N21000192,60,4889.164227159506,inf,inf,inf,4889.164227159506
N21000163,N21000193,4,2605.6724800420593,inf,inf,inf,2605.6724800420593
N21000163,N21000195,10,3643.339100009829,inf,inf,inf,3643.339100009829
N21000163,N21000196,2,3081.637052760974,inf,inf,inf,3081.637052760974
N21000163,N21000197,11,9548.679878978524,inf,inf,inf,9548.679878978524
N21000163,N21000198,26,6416.795441705046,inf,inf,inf,6416.795441705046
N21000163,N21000202,1,6673.31020101244,inf,inf,inf,6673.31020101244
N21000163,N21000203,1,7562.856795318353,inf,inf,inf,7562.856795318353
N21000163,N21000204,2,5837.302706273917,inf,inf,inf,5837.302706273917
N21000163,N21000205,3,6963.171713260877,inf,inf,inf,6963.171713260877
N21000163,N21000208,1,6749.648365540034,inf,inf,inf,6749.648365540034
N21000163,N21000211,1,7762.80703359711,inf,inf,inf,7762.80703359711
N21000163,N21000212,2,6324.445769418465,inf,inf,inf,6324.445769418465
N21000163,N21000213,2,6645.307089816213,inf,inf,inf,6645.307089816213
N21000163,N21000216,3,7911.200272532833,inf,inf,inf,7911.200272532833
N21000163,N21000224,2,9435.649256322216,inf,inf,inf,9435.649256322216
N21000163,N21000226,1,8209.22404481862,inf,inf,inf,8209.22404481862
N21000163,N21000237,4,8620.427579684618,inf,inf,inf,8620.427579684618
N21000163,N21000240,6,8401.993546071813,inf,inf,inf,8401.993546071813
N21000163,N21000243,1,8294.109468188495,inf,inf,inf,8294.109468188495
N21000163,N21000246,1,8739.304024080802,inf,inf,inf,8739.304024080802
N21000163,N21000249,2,8111.849478204584,inf,inf,inf,8111.849478204584
N21000163,N21000251,76,4761.1853207326785,inf,inf,inf,4761.1853207326785
N21000163,N21000252,13,5214.389906558911,inf,inf,inf,5214.389906558911
N21000163,N21000253,16,5255.995585163984,inf,inf,inf,5255.995585163984
N21000163,N21000254,7,5791.075371867005,inf,inf,inf,5791.075371867005
N21000163,N21000256,15,5935.942914526986,inf,inf,inf,5935.942914526986
N21000163,N21000258,2,5808.5624019536335,inf,inf,inf,5808.5624019536335
N21000163,N21000261,2,6491.987017949622,inf,inf,inf,6491.987017949622
N21000163,N21000263,1,7134.211741154616,inf,inf,inf,7134.211741154616
N21000163,N21000264,2,6650.403226241882,inf,inf,inf,6650.403226241882
N21000163,N21000265,3,7014.893432681985,inf,inf,inf,7014.893432681985
N21000163,N21000266,2,6969.5883550398885,inf,inf,inf,6969.5883550398885
N21000163,N21000268,24,6642.317087573294,inf,inf,inf,6642.317087573294
N21000163,N21000270,2,7332.592969730126,inf,inf,inf,7332.592969730126
N21000163,N21000271,1,7557.113444344905,inf,inf,inf,7557.113444344905
N21000163,N21000273,1,8518.596289414098,inf,inf,inf,8518.596289414098
N21000163,N21000274,16,8678.245707527683,inf,inf,inf,8678.245707527683
N21000163,N21000288,1,9474.437806156731,inf,inf,inf,9474.437806156731
N21000163,N21000302,1,5454.076342118636,inf,inf,inf,5454.076342118636
N21000163,N21000307,1,6684.039637511874,inf,inf,inf,6684.039637511874
N21000163,N21000309,4,6771.36734242396,inf,inf,inf,6771.36734242396
N21000163,N21000310,1,8081.648371869056,inf,inf,inf,8081.648371869056
N21000163,N21000311,3,7841.155664638055,inf,inf,inf,7841.155664638055
N21000163,N21000312,1,8391.537296101389,inf,inf,inf,8391.537296101389
N21000163,N21000313,1,9565.34018334092,inf,inf,inf,9565.34018334092
N21000163,N21000316,2,1880.9712939240887,inf,inf,inf,1880.9712939240887
N21000163,N21000317,8,2144.49833114733,inf,inf,inf,2144.49833114733
N21000163,N21000319,3,2611.9981206842986,inf,inf,inf,2611.9981206842986
N21000163,N21000321,2,2777.3372648911295,inf,inf,inf,2777.3372648911295
N21000163,N21000322,5,2937.6688767608157,inf,inf,inf,2937.6688767608157
N21000163,N21000323,4,3097.2716924069186,inf,inf,inf,3097.2716924069186
N21000163,N21000324,5,3549.409393802008,inf,inf,inf,3549.409393802008
N21000163,N21000325,13,3477.5526749569876,inf,inf,inf,3477.5526749569876
N21000163,N21000329,2,4316.417608011058,inf,inf,inf,4316.417608011058
N21000163,N21000331,2,4161.68662392754,inf,inf,inf,4161.68662392754
N21000163,N21000332,2,4557.49771215028,inf,inf,inf,4557.49771215028
N21000163,N21000335,21,4718.00153311888,inf,inf,inf,4718.00153311888
N21000164,N21000161,4,1249.2686190718673,inf,inf,inf,1249.2686190718673
N21000164,N21000162,3,1885.109130479537,inf,inf,inf,1885.109130479537
N21000164,N21000163,1,2044.9860640095071,inf,inf,inf,2044.9860640095071
N21000164,N21000165,9,2037.847291661467,inf,inf,inf,2037.847291661467
N21000164,N21000166,3,983.8588529761332,inf,inf,inf,983.8588529761332
N21000164,N21000167,3,3563.1008408191556,inf,inf,inf,3563.1008408191556
N21000164,N21000169,1,2132.9928999164463,inf,inf,inf,2132.9928999164463
N21000164,N21000170,6,1941.4711892628775,inf,inf,inf,1941.4711892628775
N21000164,N21000171,2,3811.765819483929,inf,inf,inf,3811.765819483929
N21000164,N21000173,1,2419.555293041715,inf,inf,inf,2419.555293041715
N21000164,N21000174,6,3259.782609346905,inf,inf,inf,3259.782609346905
N21000164,N21000175,22,4241.3629511840145,inf,inf,inf,4241.3629511840145
N21000164,N21000176,2,4583.805904350836,inf,inf,inf,4583.805904350836
N21000164,N21000177,6,4980.267736965854,inf,inf,inf,4980.267736965854
N21000164,N21000178,7,4326.261668473289,inf,inf,inf,4326.261668473289
N21000164,N21000181,4,5756.249001742801,inf,inf,inf,5756.249001742801
N21000164,N21000186,2,4650.718737801062,inf,inf,inf,4650.718737801062
N21000164,N21000187,3,3240.26118777207,inf,inf,inf,3240.26118777207
N21000164,N21000188,3,5387.274976909412,inf,inf,inf,5387.274976909412
N21000164,N21000189,2,4129.778304802047,inf,inf,inf,4129.778304802047
N21000164,N21000190,2,4527.428653269231,inf,inf,inf,4527.428653269231
N21000164,N21000192,40,6779.172945090056,inf,inf,inf,6779.172945090056
N21000164,N21000193,6,4238.888164199309,inf,inf,inf,4238.888164199309
N21000164,N21000195,3,5274.539188467156,inf,inf,inf,5274.539188467156
N21000164,N21000196,7,4712.837141218298,inf,inf,inf,4712.837141218298
N21000164,N21000198,9,7316.121964267315,inf,inf,inf,7316.121964267315
N21000164,N21000203,1,8462.183317880623,inf,inf,inf,8462.183317880623
N21000164,N21000204,5,6736.629228836186,inf,inf,inf,6736.629228836186
N21000164,N21000213,2,7544.633612378482,inf,inf,inf,7544.633612378482
N21000164,N21000216,1,8810.526795095102,inf,inf,inf,8810.526795095102
N21000164,N21000240,4,9301.32006863408,inf,inf,inf,9301.32006863408
N21000164,N21000241,3,8680.249869010384,inf,inf,inf,8680.249869010384
N21000164,N21000245,1,8540.769494915638,inf,inf,inf,8540.769494915638
N21000164,N21000251,67,5655.547116380152,inf,inf,inf,5655.547116380152
N21000164,N21000252,19,6113.716429121182,inf,inf,inf,6113.716429121182
N21000164,N21000253,8,6150.357380811458,inf,inf,inf,6150.357380811458
N21000164,N21000254,5,6690.401894429276,inf,inf,inf,6690.401894429276
N21000164,N21000256,16,6588.399705306245,inf,inf,inf,6588.399705306245
N21000164,N21000257,1,5921.12340388458,inf,inf,inf,5921.12340388458
N21000164,N21000258,1,6702.924197601107,inf,inf,inf,6702.924197601107
N21000164,N21000259,1,7075.956785863719,inf,inf,inf,7075.956785863719
N21000164,N21000260,1,6804.987480576504,inf,inf,inf,6804.987480576504
N21000164,N21000263,4,8033.538263716887,inf,inf,inf,8033.538263716887
N21000164,N21000264,4,7544.765021889356,inf,inf,inf,7544.765021889356
N21000164,N21000265,2,7359.473821545995,inf,inf,inf,7359.473821545995
N21000164,N21000266,2,7237.562989248676,inf,inf,inf,7237.562989248676
N21000164,N21000267,1,7897.457974300868,inf,inf,inf,7897.457974300868
N21000164,N21000268,13,6867.57591903132,inf,inf,inf,6867.57591903132
N21000164,N21000269,3,8152.659652037268,inf,inf,inf,8152.659652037268
N21000164,N21000270,5,8191.531313854325,inf,inf,inf,8191.531313854325
N21000164,N21000271,1,8451.475239992376,inf,inf,inf,8451.475239992376
N21000164,N21000272,1,9476.464583973853,inf,inf,inf,9476.464583973853
N21000164,N21000273,1,8777.44459341755,inf,inf,inf,8777.44459341755
N21000164,N21000274,12,8903.504538985706,inf,inf,inf,8903.504538985706
N21000164,N21000275,3,9119.352558463679,inf,inf,inf,9119.352558463679
N21000164,N21000286,2,8715.629549456227,inf,inf,inf,8715.629549456227
N21000164,N21000301,2,5007.738569614737,inf,inf,inf,5007.738569614737
N21000164,N21000303,4,5112.77036645073,inf,inf,inf,5112.77036645073
N21000164,N21000305,4,6143.4987351838645,inf,inf,inf,6143.4987351838645
N21000164,N21000308,1,6893.871911783004,inf,inf,inf,6893.871911783004
N21000164,N21000309,10,6996.626173881986,inf,inf,inf,6996.626173881986
N21000164,N21000310,1,8092.773601249216,inf,inf,inf,8092.773601249216
N21000164,N21000311,1,7852.280894018215,inf,inf,inf,7852.280894018215
N21000164,N21000316,2,1733.559515419275,inf,inf,inf,1733.559515419275
N21000164,N21000317,5,2369.7571626053564,inf,inf,inf,2369.7571626053564
N21000164,N21000318,2,2308.2161888523333,inf,inf,inf,2308.2161888523333
N21000164,N21000322,2,3832.0306724082916,inf,inf,inf,3832.0306724082916
N21000164,N21000325,4,4371.914470604463,inf,inf,inf,4371.914470604463
N21000164,N21000329,2,5210.779403658534,inf,inf,inf,5210.779403658534
N21000164,N21000331,3,4798.000323204883,inf,inf,inf,4798.000323204883
N21000164,N21000332,2,4670.214596231346,inf,inf,inf,4670.214596231346
N21000164,N21000334,1,5224.059257426449,inf,inf,inf,5224.059257426449
N21000164,N21000335,63,4943.260364576906,inf,inf,inf,4943.260364576906
N21000165,N21000161,3,3094.1730068162838,inf,inf,inf,3094.1730068162838
N21000165,N21000162,1,1005.6402476025689,inf,inf,1200.8001743019418,1005.6402476025689
N21000165,N21000164,2,2037.8472916614671,inf,inf,inf,2037.8472916614671
N21000165,N21000166,12,1144.5952376200048,inf,inf,inf,1144.5952376200048
N21000165,N21000167,11,1525.253549157689,inf,inf,6130.870717091839,1525.253549157689
N21000165,N21000168,3,1230.162598148573,inf,inf,1230.162598148573,1230.162598148573
N21000165,N21000169,3,936.1676983952063,936.1676983952063,936.1676983952063,936.1676983952063,936.1676983952063
N21000165,N21000170,7,1353.5847447609963,inf,inf,1353.5847447609963,1353.5847447609963
N21000165,N21000171,2,1831.8747366988205,inf,inf,inf,1831.8747366988205
N21000165,N21000172,8,1362.3108704414874,inf,inf,1675.940229732667,1362.3108704414874
N21000165,N21000173,2,1787.8655982814569,inf,inf,inf,1787.8655982814569
N21000165,N21000174,1,1579.7490664373242,inf,inf,1611.6782050003856,1579.7490664373242
N21000165,N21000175,24,2205.531255222472,inf,inf,3630.36167990977,2205.531255222472
N21000165,N21000177,3,3078.3752908721995,inf,inf,inf,3078.3752908721995
N21000165,N21000178,8,2856.604930265153,inf,inf,inf,2856.604930265153
N21000165,N21000179,2,6212.345683591583,inf,inf,6619.520609457274,6212.345683591583
N21000165,N21000180,1,4918.26373015846,inf,inf,inf,4918.26373015846
N21000165,N21000182,1,3739.2719946564857,inf,inf,4081.6271454633525,3739.2719946564857
N21000165,N21000184,3,2995.1973853615073,inf,inf,4649.062638121755,2995.1973853615073
N21000165,N21000185,1,1593.2590558202808,inf,inf,2372.1774996576355,1593.2590558202808
N21000165,N21000186,5,3335.005584329499,inf,inf,5163.248623091723,3335.005584329499
N21000165,N21000187,6,2016.0064748918815,inf,inf,3338.8922137045183,2016.0064748918815
N21000165,N21000188,3,3349.4276852479456,inf,inf,5941.292124855351,3349.4276852479456
N21000165,N21000189,10,2190.809224824198,inf,inf,4892.252147706958,2190.809224824198
N21000165,N21000190,2,2489.5813616077635,inf,inf,5756.851020046418,2489.5813616077635
N21000165,N21000192,56,4878.474513032869,inf,inf,7291.702830380716,4878.474513032869
N21000165,N21000193,5,2201.0408725378416,inf,inf,5464.806178975796,2201.0408725378416
N21000165,N21000194,2,2673.0809524576766,inf,inf,6110.165001835535,2673.0809524576766
N21000165,N21000195,10,3238.7074925056113,inf,inf,6675.79154188347,3238.7074925056113
N21000165,N21000196,8,2677.005445256756,inf,inf,inf,2677.005445256756
N21000165,N21000197,11,8978.349663332661,inf,inf,inf,8978.349663332661
N21000165,N21000198,26,5846.465226059183,inf,inf,inf,5846.465226059183
N21000165,N21000199,2,7569.449706931884,inf,inf,inf,7569.449706931884
N21000165,N21000200,1,7104.557541662976,inf,inf,inf,7104.557541662976
N21000165,N21000203,3,6992.52657967249,inf,inf,inf,6992.52657967249
N21000165,N21000204,1,5266.9724906280535,inf,inf,inf,5266.9724906280535
N21000165,N21000206,1,6993.72984949267,inf,inf,inf,6993.72984949267
N21000165,N21000208,1,6179.318149894171,inf,inf,inf,6179.318149894171
N21000165,N21000209,2,5360.285958551125,inf,inf,inf,5360.285958551125
N21000165,N21000210,3,6893.844480417318,inf,inf,inf,6893.844480417318
N21000165,N21000213,1,6074.976874170349,inf,inf,inf,6074.976874170349
N21000165,N21000215,2,6352.835400394454,inf,inf,inf,6352.835400394454
N21000165,N21000216,1,7340.870056886969,inf,inf,inf,7340.870056886969
N21000165,N21000220,1,9409.571908163596,inf,inf,inf,9409.571908163596
N21000165,N21000226,1,7638.893829172757,inf,inf,inf,7638.893829172757
N21000165,N21000232,2,8821.814341012083,inf,inf,inf,8821.814341012083
N21000165,N21000237,3,8050.097364038754,inf,inf,inf,8050.097364038754
N21000165,N21000239,1,6782.537801469832,inf,inf,inf,6782.537801469832
N21000165,N21000240,3,7831.6633304259485,inf,inf,inf,7831.6633304259485
N21000165,N21000241,2,7210.593130802247,inf,inf,inf,7210.593130802247
N21000165,N21000251,85,4185.890378172016,inf,inf,inf,4185.890378172016
N21000165,N21000252,15,4644.0596909130445,inf,inf,inf,4644.0596909130445
N21000165,N21000253,6,4680.700642603322,inf,inf,inf,4680.700642603322
N21000165,N21000254,4,5220.74515622114,inf,inf,inf,5220.74515622114
N21000165,N21000256,10,5360.647971966326,inf,inf,inf,5360.647971966326
N21000165,N21000258,1,5233.267459392971,inf,inf,inf,5233.267459392971
N21000165,N21000259,1,5606.3000476555835,inf,inf,inf,5606.3000476555835
N21000165,N21000260,1,5922.51137971719,inf,inf,inf,5922.51137971719
N21000165,N21000262,1,5843.889213857694,inf,inf,inf,5843.889213857694
N21000165,N21000263,1,6563.881525508751,inf,inf,inf,6563.881525508751
N21000165,N21000264,4,6075.10828368122,inf,inf,inf,6075.10828368122
N21000165,N21000265,1,6439.598490121323,inf,inf,inf,6439.598490121323
N21000165,N21000266,1,6355.086888389362,inf,inf,inf,6355.086888389362
N21000165,N21000267,1,6427.801236092732,inf,inf,inf,6427.801236092732
N21000165,N21000268,23,5985.099818172006,inf,inf,inf,5985.099818172006
N21000165,N21000269,1,6683.002913829132,inf,inf,inf,6683.002913829132
N21000165,N21000270,3,6757.298027169464,inf,inf,inf,6757.298027169464
N21000165,N21000271,3,6981.8185017842425,inf,inf,inf,6981.8185017842425
N21000165,N21000272,1,8006.807845765714,inf,inf,inf,8006.807845765714
N21000165,N21000274,4,8021.028438126396,inf,inf,inf,8021.028438126396
N21000165,N21000275,1,8236.87645760437,inf,inf,inf,8236.87645760437
N21000165,N21000276,2,8707.432756748965,inf,inf,inf,8707.432756748965
N21000165,N21000277,1,8542.767041983336,inf,inf,inf,8542.767041983336
N21000165,N21000278,1,8841.814789923765,inf,inf,inf,8841.814789923765
N21000165,N21000286,2,8152.525892393165,inf,inf,inf,8152.525892393165
N21000165,N21000288,3,8922.45937847383,inf,inf,inf,8922.45937847383
N21000165,N21000303,2,4240.883664581694,inf,inf,4873.830660224195,4240.883664581694
N21000165,N21000305,2,5271.612033314828,inf,inf,7131.69823732938,5271.612033314828
N21000165,N21000307,1,6037.411767100865,inf,inf,inf,6037.411767100865
N21000165,N21000308,2,6546.415169439935,inf,inf,inf,6546.415169439935
N21000165,N21000309,4,6124.73947201295,inf,inf,inf,6124.73947201295
N21000165,N21000310,1,7540.189636117749,inf,inf,inf,7540.189636117749
N21000165,N21000316,2,1826.0827755210923,inf,inf,inf,1826.0827755210923
N21000165,N21000317,1,1866.0313781605455,inf,inf,inf,1866.0313781605455
N21000165,N21000322,2,2362.373934200155,inf,inf,3841.9001367982974,2362.373934200155
N21000165,N21000323,5,2415.8066633721787,inf,inf,2786.1710222259726,2415.8066633721787
N21000165,N21000324,3,3205.4758541265455,inf,inf,3242.0746998000636,3205.4758541265455
N21000165,N21000325,8,2902.257732396327,inf,inf,3586.5470730888364,2902.257732396327
N21000165,N21000326,2,3245.3498123435024,inf,inf,inf,3245.3498123435024
N21000165,N21000327,2,2839.6655501405553,inf,inf,2839.6655501405553,2839.6655501405553
N21000165,N21000328,1,3053.1319867571424,inf,inf,3145.669116618239,3053.1319867571424
N21000165,N21000329,1,3741.1226654503976,inf,inf,inf,3741.1226654503976
N21000165,N21000331,3,3586.391681366878,inf,inf,3953.090149901608,3586.391681366878
N21000165,N21000332,3,4122.600408470351,inf,inf,4132.882122334763,4122.600408470351
N21000165,N21000333,1,3456.3313362055596,inf,inf,3757.1027982570936,3456.3313362055596
N21000165,N21000335,23,4060.7842637175922,inf,inf,4229.596610762833,4060.7842637175922
N21000166,N21000161,1,2040.1845681309496,inf,inf,inf,2040.1845681309496
N21000166,N21000163,2,1151.7340099680448,inf,inf,inf,1151.7340099680448
N21000166,N21000164,2,983.8588529761332,inf,inf,inf,983.8588529761332
N21000166,N21000165,5,1144.5952376200048,inf,inf,inf,1144.5952376200048
N21000166,N21000167,1,2669.848786777694,inf,inf,inf,2669.848786777694
N21000166,N21000169,3,1239.740845874984,inf,inf,inf,1239.740845874984
N21000166,N21000170,8,1048.2191352214152,inf,inf,inf,1048.2191352214152
N21000166,N21000174,1,2549.3023986356975,inf,inf,inf,2549.3023986356975
N21000166,N21000175,12,3348.1108971425515,inf,inf,inf,3348.1108971425515
N21000166,N21000177,1,4220.9549327922805,inf,inf,inf,4220.9549327922805
N21000166,N21000178,4,3643.2003640565963,inf,inf,inf,3643.2003640565963
N21000166,N21000181,1,4862.9969477013365,inf,inf,inf,4862.9969477013365
N21000166,N21000182,3,3872.684047599485,inf,inf,inf,3872.684047599485
N21000166,N21000183,1,4446.2424582539015,inf,inf,inf,4446.2424582539015
N21000166,N21000184,1,3326.2000442002345,inf,inf,inf,3326.2000442002345
N21000166,N21000186,1,3757.466683759599,inf,inf,inf,3757.466683759599
N21000166,N21000187,3,2347.009133730608,inf,inf,inf,2347.009133730608
N21000166,N21000188,3,4494.022922867951,inf,inf,inf,4494.022922867951
N21000166,N21000189,1,3236.5262507605853,inf,inf,inf,3236.5262507605853
N21000166,N21000190,2,3634.1765992277697,inf,inf,inf,3634.1765992277697
N21000166,N21000192,26,5885.920891048593,inf,inf,inf,5885.920891048593
N21000166,N21000193,1,3345.636110157847,inf,inf,inf,3345.636110157847
N21000166,N21000195,4,4381.287134425691,inf,inf,inf,4381.287134425691
N21000166,N21000196,1,3819.5850871768357,inf,inf,inf,3819.5850871768357
N21000166,N21000198,10,6633.060659850624,inf,inf,inf,6633.060659850624
N21000166,N21000202,2,6889.575419158018,inf,inf,inf,6889.575419158018
N21000166,N21000204,2,6053.567924419494,inf,inf,inf,6053.567924419494
N21000166,N21000205,1,7179.436931406455,inf,inf,inf,7179.436931406455
N21000166,N21000213,1,6861.572307961791,inf,inf,inf,6861.572307961791
N21000166,N21000224,1,9651.914474467794,inf,inf,inf,9651.914474467794
N21000166,N21000226,2,8425.489262964198,inf,inf,inf,8425.489262964198
N21000166,N21000232,1,9608.409774803527,inf,inf,inf,9608.409774803527
N21000166,N21000237,3,8836.692797830196,inf,inf,inf,8836.692797830196
N21000166,N21000240,2,8618.258764217391,inf,inf,inf,8618.258764217391
N21000166,N21000241,1,7997.188564593692,inf,inf,inf,7997.188564593692
N21000166,N21000251,28,4972.485811963459,inf,inf,inf,4972.485811963459
N21000166,N21000252,13,5430.65512470449,inf,inf,inf,5430.65512470449
N21000166,N21000253,5,5467.296076394765,inf,inf,inf,5467.296076394765
N21000166,N21000254,5,6007.3405900125845,inf,inf,inf,6007.3405900125845
N21000166,N21000256,13,5905.338400889552,inf,inf,inf,5905.338400889552
N21000166,N21000258,5,6019.862893184414,inf,inf,inf,6019.862893184414
N21000166,N21000259,1,6392.895481447026,inf,inf,inf,6392.895481447026
N21000166,N21000262,1,6630.484647649138,inf,inf,inf,6630.484647649138
N21000166,N21000264,3,6861.703717472663,inf,inf,inf,6861.703717472663
N21000166,N21000268,10,6184.514614614627,inf,inf,inf,6184.514614614627
N21000166,N21000269,1,7469.5983476205765,inf,inf,inf,7469.5983476205765
N21000166,N21000272,4,8793.40327955716,inf,inf,inf,8793.40327955716
N21000166,N21000273,2,8094.383289000854,inf,inf,inf,8094.383289000854
N21000166,N21000274,6,8220.443234569018,inf,inf,inf,8220.443234569018
N21000166,N21000276,1,8849.014899561798,inf,inf,inf,8849.014899561798
N21000166,N21000278,1,9628.410223715211,inf,inf,inf,9628.410223715211
N21000166,N21000279,1,9238.52046024794,inf,inf,inf,9238.52046024794
N21000166,N21000309,2,6313.564869465293,inf,inf,inf,6313.564869465293
N21000166,N21000316,1,1050.4982110025826,inf,inf,inf,1050.4982110025826
N21000166,N21000317,5,1686.6958581886636,inf,inf,inf,1686.6958581886636
N21000166,N21000319,1,2394.072453922504,inf,inf,inf,2394.072453922504
N21000166,N21000322,1,3148.969367991598,inf,inf,inf,3148.969367991598
N21000166,N21000323,10,2879.346025645124,inf,inf,inf,2879.346025645124
N21000166,N21000324,4,3091.6069208433414,inf,inf,inf,3091.6069208433414
N21000166,N21000325,11,3688.85316618777,inf,inf,inf,3688.85316618777
N21000166,N21000326,1,2851.8806902937545,inf,inf,inf,2851.8806902937545
N21000166,N21000327,1,3039.080346583176,inf,inf,inf,3039.080346583176
N21000166,N21000329,3,4527.718099241841,inf,inf,inf,4527.718099241841
N21000166,N21000331,1,4114.93901878819,inf,inf,inf,4114.93901878819
N21000166,N21000332,2,3987.1532918146545,inf,inf,inf,3987.1532918146545
N21000166,N21000334,2,4540.997953009757,inf,inf,inf,4540.997953009757
N21000166,N21000335,11,4260.199060160213,inf,inf,inf,4260.199060160213
N21000167,N21000164,1,3563.1008408191556,inf,inf,inf,3563.1008408191556
N21000167,N21000165,1,1525.253549157689,inf,inf,6130.870717091839,1525.253549157689
N21000167,N21000166,1,2669.848786777694,inf,inf,inf,2669.848786777694
N21000167,N21000169,1,1615.9034713309006,inf,inf,6938.906662582519,1615.9034713309006
N21000167,N21000170,5,2033.3205176966908,inf,inf,7356.323708948308,2033.3205176966908
N21000167,N21000171,3,982.1959381398925,inf,inf,inf,982.1959381398925
N21000167,N21000172,5,916.0550814627195,inf,inf,7806.810946824507,916.0550814627195
N21000167,N21000173,1,1897.868604754796,inf,inf,inf,1897.868604754796
N21000167,N21000174,1,1202.791879460188,inf,inf,7742.548922092226,1202.791879460188
N21000167,N21000175,19,1355.8524566635438,inf,inf,9761.232397001606,1355.8524566635438
N21000167,N21000176,5,1839.8014379692092,inf,inf,10213.998983032803,1839.8014379692092
N21000167,N21000177,14,2228.6964923132728,inf,inf,inf,2228.6964923132728
N21000167,N21000178,11,2172.6247398478727,inf,inf,inf,2172.6247398478727
N21000167,N21000179,2,5896.6400109452425,inf,inf,6337.235144652947,5896.6400109452425
N21000167,N21000181,3,3792.928160565475,inf,inf,inf,3792.928160565475
N21000167,N21000184,8,2256.131257064373,inf,inf,2942.99205818065,2256.131257064373
N21000167,N21000186,2,2587.522121388597,inf,inf,2902.5929329650858,2587.522121388597
N21000167,N21000187,1,1682.238416916407,inf,inf,5404.570315682068,1682.238416916407
N21000167,N21000188,5,2601.9442223070437,inf,inf,2917.0150338835324,2601.9442223070437
N21000167,N21000189,1,1443.325761883296,inf,inf,1609.116246254073,1443.325761883296
N21000167,N21000190,3,1742.0978986668624,inf,inf,1891.1591325410982,1742.0978986668624
N21000167,N21000192,36,4130.991050091968,inf,inf,5031.04714025408,4130.991050091968
N21000167,N21000193,5,1313.261695609402,inf,inf,1474.3657437438562,1313.261695609402
N21000167,N21000194,4,1381.9212065431977,inf,inf,2119.7245666035933,1381.9212065431977
N21000167,N21000195,6,1947.5477465911324,inf,inf,2685.351106651528,1947.5477465911324
N21000167,N21000196,13,1414.2839753376823,inf,inf,inf,1414.2839753376823
N21000167,N21000197,3,8294.369472915381,inf,inf,inf,8294.369472915381
N21000167,N21000198,11,5162.485035641902,inf,inf,inf,5162.485035641902
N21000167,N21000199,1,6885.469516514604,inf,inf,inf,6885.469516514604
N21000167,N21000201,1,5778.424794184106,inf,inf,inf,5778.424794184106
N21000167,N21000203,2,6308.54638925521,inf,inf,inf,6308.54638925521
N21000167,N21000205,1,5708.861307197734,inf,inf,inf,5708.861307197734
N21000167,N21000208,2,5495.337959476891,inf,inf,inf,5495.337959476891
N21000167,N21000209,1,4676.305768133843,inf,inf,inf,4676.305768133843
N21000167,N21000211,2,6508.496627533967,inf,inf,inf,6508.496627533967
N21000167,N21000219,1,8796.090057172147,inf,inf,inf,8796.090057172147
N21000167,N21000222,1,7603.334181935432,inf,inf,inf,7603.334181935432
N21000167,N21000223,2,7035.678375207304,inf,inf,inf,7035.678375207304
N21000167,N21000224,3,8181.338850259079,inf,inf,inf,8181.338850259079
N21000167,N21000230,1,8528.01526840181,inf,inf,inf,8528.01526840181
N21000167,N21000237,2,7366.117173621474,inf,inf,inf,7366.117173621474
N21000167,N21000240,5,7147.683140008667,inf,inf,inf,7147.683140008667
N21000167,N21000241,1,6526.612940384968,inf,inf,inf,6526.612940384968
N21000167,N21000242,2,8130.90970348804,inf,inf,inf,8130.90970348804
N21000167,N21000245,2,6387.1325662902245,inf,inf,inf,6387.1325662902245
N21000167,N21000251,90,3520.587238435233,inf,inf,inf,3520.587238435233
N21000167,N21000252,21,3960.0795004957636,inf,inf,inf,3960.0795004957636
N21000167,N21000253,15,4015.397502866539,inf,inf,inf,4015.397502866539
N21000167,N21000254,7,4536.764965803861,inf,inf,inf,4536.764965803861
N21000167,N21000256,12,4832.3467602325945,inf,inf,inf,4832.3467602325945
N21000167,N21000258,9,4567.9643196561865,inf,inf,inf,4567.9643196561865
N21000167,N21000263,2,5879.901335091472,inf,inf,inf,5879.901335091472
N21000167,N21000264,3,5409.805143944435,inf,inf,inf,5409.805143944435
N21000167,N21000265,1,5774.295350384538,inf,inf,inf,5774.295350384538
N21000167,N21000268,9,5700.39033841823,inf,inf,inf,5700.39033841823
N21000167,N21000269,1,5999.022723411853,inf,inf,inf,5999.022723411853
N21000167,N21000270,1,6091.994887432679,inf,inf,inf,6091.994887432679
N21000167,N21000271,2,6316.5153620474575,inf,inf,inf,6316.5153620474575
N21000167,N21000273,4,7277.998207116648,inf,inf,inf,7277.998207116648
N21000167,N21000274,4,7736.318958372621,inf,inf,inf,7736.318958372621
N21000167,N21000275,1,7952.166977850595,inf,inf,inf,7952.166977850595
N21000167,N21000277,1,7920.92385079479,inf,inf,inf,7920.92385079479
N21000167,N21000286,2,8018.576235927385,inf,inf,inf,8018.576235927385
N21000167,N21000301,1,4673.007721984323,inf,inf,14556.219594529552,4673.007721984323
N21000167,N21000302,1,4820.174366420282,inf,inf,11790.260004044727,4820.174366420282
N21000167,N21000303,5,4088.304859972877,inf,inf,11004.701377316029,4088.304859972877
N21000167,N21000305,2,5137.662376849048,inf,inf,13262.568954421213,5137.662376849048
N21000167,N21000308,6,6559.141064152591,inf,inf,inf,6559.141064152591
N21000167,N21000309,11,5990.789815547169,inf,inf,inf,5990.789815547169
N21000167,N21000310,3,7406.2399796519685,inf,inf,inf,7406.2399796519685
N21000167,N21000315,1,7141.665105369977,inf,inf,inf,7141.665105369977
N21000167,N21000317,5,2050.574594749937,inf,inf,inf,2050.574594749937
N21000167,N21000323,1,2192.0896043912608,inf,inf,8917.041739317812,2192.0896043912608
N21000167,N21000324,2,3218.201748839201,inf,inf,9372.9454168919,3218.201748839201
N21000167,N21000325,1,2456.0019434175597,inf,inf,9717.417790180676,2456.0019434175597
N21000167,N21000326,1,3429.893028932894,inf,inf,inf,3429.893028932894
N21000167,N21000327,2,2852.391444853211,inf,inf,8970.536267232392,2852.391444853211
N21000167,N21000329,2,3085.472970518301,inf,inf,inf,3085.472970518301
N21000167,N21000331,7,3140.13589238811,inf,inf,10083.960866993446,3140.13589238811
N21000167,N21000333,2,3469.0572309182153,inf,inf,9887.97351534893,3469.0572309182153
N21000167,N21000334,1,3366.1571951324427,inf,inf,10909.601439506736,3366.1571951324427
N21000167,N21000335,31,3776.0747839638166,inf,inf,10360.46732785467,3776.0747839638166
N21000168,N21000163,1,1911.627627183312,inf,inf,inf,1911.627627183312
N21000168,N21000165,7,1230.162598148573,inf,inf,1230.162598148573,1230.162598148573
N21000168,N21000166,2,2167.7867917838857,inf,inf,inf,2167.7867917838857
N21000168,N21000167,6,1468.82844947434,inf,inf,7361.033315240413,1468.82844947434
N21000168,N21000169,1,1200.9479463821904,inf,inf,1200.9479463821904,1200.9479463821904
N21000168,N21000170,5,1362.8519612756356,inf,inf,1362.8519612756356,1362.8519612756356
N21000168,N21000171,4,1364.3693199689815,inf,inf,inf,1364.3693199689815
N21000168,N21000172,3,838.1442469984096,inf,874.3823351066609,874.3823351066609,838.1442469984096
N21000168,N21000173,1,1126.053939323621,inf,inf,inf,1126.053939323621
N21000168,N21000174,10,810.1203103743793,inf,810.1203103743793,810.1203103743793,810.1203103743793
N21000168,N21000175,11,1941.2194326875706,inf,inf,2947.789343046461,1941.2194326875706
N21000168,N21000177,8,2814.0634683372987,inf,inf,inf,2814.0634683372987
N21000168,N21000178,7,2332.4383068220754,inf,inf,inf,2332.4383068220754
N21000168,N21000181,1,4710.7521550099345,inf,inf,inf,4710.7521550099345
N21000168,N21000184,2,3173.955251508832,inf,inf,5879.225236270329,3173.955251508832
N21000168,N21000187,2,2600.0624113608665,inf,inf,4569.0548118530905,2600.0624113608665
N21000168,N21000188,1,3519.7682167515036,inf,inf,7171.454723003925,3519.7682167515036
N21000168,N21000189,4,2361.1497563277558,inf,inf,6122.414745855532,2361.1497563277558
N21000168,N21000190,3,2659.9218931113214,inf,inf,6987.013618194992,2659.9218931113214
N21000168,N21000192,23,5048.815044536427,inf,inf,8521.86542852929,5048.815044536427
N21000168,N21000193,5,2340.10961898898,inf,inf,6694.96877712437,2340.10961898898
N21000168,N21000194,3,2408.7691299227754,inf,inf,7340.327599984109,2408.7691299227754
N21000168,N21000195,6,2974.39566997071,inf,inf,7905.954140032044,2974.39566997071
N21000168,N21000196,5,2412.6936227218553,inf,inf,inf,2412.6936227218553
N21000168,N21000197,5,8454.183039889584,inf,inf,inf,8454.183039889584
N21000168,N21000198,8,5322.298602616104,inf,inf,inf,5322.298602616104
N21000168,N21000199,1,7045.283083488808,inf,inf,inf,7045.283083488808
N21000168,N21000209,1,4836.1193351080465,inf,inf,inf,4836.1193351080465
N21000168,N21000216,1,6816.70343344389,inf,inf,inf,6816.70343344389
N21000168,N21000224,1,8341.152417233283,inf,inf,inf,8341.152417233283
N21000168,N21000226,1,7114.727205729681,inf,inf,inf,7114.727205729681
N21000168,N21000237,1,7525.930740595678,inf,inf,inf,7525.930740595678
N21000168,N21000238,1,6034.598962772812,inf,inf,inf,6034.598962772812
N21000168,N21000240,1,7307.496706982871,inf,inf,inf,7307.496706982871
N21000168,N21000248,1,7755.988389841437,inf,inf,inf,7755.988389841437
N21000168,N21000251,33,3661.723754728939,inf,inf,inf,3661.723754728939
N21000168,N21000252,3,4119.893067469966,inf,inf,inf,4119.893067469966
N21000168,N21000253,1,4156.5340191602445,inf,inf,inf,4156.5340191602445
N21000168,N21000254,5,4696.578532778063,inf,inf,inf,4696.578532778063
N21000168,N21000256,4,4836.481348523247,inf,inf,inf,4836.481348523247
N21000168,N21000258,4,4709.100835949894,inf,inf,inf,4709.100835949894
N21000168,N21000259,1,5082.133424212506,inf,inf,inf,5082.133424212506
N21000168,N21000262,1,5319.722590414617,inf,inf,inf,5319.722590414617
N21000168,N21000264,2,5550.9416602381425,inf,inf,inf,5550.9416602381425
N21000168,N21000265,1,5794.425383823371,inf,inf,inf,5794.425383823371
N21000168,N21000268,9,5302.527481308696,inf,inf,inf,5302.527481308696
N21000168,N21000270,2,6233.131403726386,inf,inf,inf,6233.131403726386
N21000168,N21000274,2,7338.456101263087,inf,inf,inf,7338.456101263087
N21000168,N21000302,1,4124.876134844313,inf,inf,4976.816950089587,4124.876134844313
N21000168,N21000303,1,3558.3113277183825,inf,inf,4191.258323360883,3558.3113277183825
N21000168,N21000306,2,4942.322301536543,inf,inf,6455.548466648607,4942.322301536543
N21000168,N21000308,5,5863.842832576627,inf,inf,inf,5863.842832576627
N21000168,N21000309,7,5442.16713514964,inf,inf,inf,5442.16713514964
N21000168,N21000315,3,6593.042424972447,inf,inf,inf,6593.042424972447
N21000168,N21000316,3,2635.2713589252353,inf,inf,inf,2635.2713589252353
N21000168,N21000317,2,1204.2197192027097,inf,inf,inf,1204.2197192027097
N21000168,N21000318,1,3655.961662332999,inf,inf,inf,3655.961662332999
N21000168,N21000322,5,1838.2073107570773,inf,inf,3159.3277999349893,1838.2073107570773
N21000168,N21000323,1,1733.2343265088698,inf,inf,2103.5986853626637,1733.2343265088698
N21000168,N21000326,1,2583.538153385667,inf,inf,inf,2583.538153385667
N21000168,N21000329,1,3216.9560420073203,inf,inf,inf,3216.9560420073203
N21000168,N21000331,1,3062.2250579238,inf,inf,3270.517813038298,3062.2250579238
N21000168,N21000332,1,3440.0280716070415,inf,inf,3450.309785471453,3440.0280716070415
N21000168,N21000335,14,3378.211926854282,inf,inf,3547.0242738995216,3378.211926854282
N21000169,N21000161,4,3189.3186150712622,inf,inf,inf,3189.3186150712622
N21000169,N21000164,2,2132.992899916446,inf,inf,inf,2132.992899916446
N21000169,N21000165,5,936.1676983952062,936.1676983952062,936.1676983952062,936.1676983952062,936.1676983952062
N21000169,N21000166,1,1239.7408458749833,inf,inf,inf,1239.7408458749833
N21000169,N21000167,9,1615.9034713309004,inf,inf,6938.906662582521,1615.9034713309004
N21000169,N21000168,2,1200.9479463821901,inf,inf,1200.9479463821901,1200.9479463821901
N21000169,N21000171,2,1859.3212916456764,inf,inf,inf,1859.3212916456764
N21000169,N21000172,4,1333.0962186751046,inf,inf,1646.7255779662842,1333.0962186751046
N21000169,N21000173,6,1035.7982230839314,inf,inf,inf,1035.7982230839314
N21000169,N21000174,7,1550.5344146709415,inf,inf,1582.4635532340028,1550.5344146709415
N21000169,N21000175,12,2288.918423345761,inf,inf,3601.147028143387,2288.918423345761
N21000169,N21000177,6,3161.762458995489,inf,inf,inf,3161.762458995489
N21000169,N21000178,3,2827.3902784987704,inf,inf,inf,2827.3902784987704
N21000169,N21000184,3,3094.2646421784857,inf,inf,5457.098583612437,3094.2646421784857
N21000169,N21000187,3,2520.37180203052,inf,inf,4146.9281591951985,2520.37180203052
N21000169,N21000188,2,3440.0776074211567,inf,inf,6749.328070346033,3440.0776074211567
N21000169,N21000189,1,2281.4591469974093,inf,inf,5700.28809319764,2281.4591469974093
N21000169,N21000190,4,2580.231283780975,inf,inf,6564.886965537099,2580.231283780975
N21000169,N21000192,35,4969.124435206079,inf,inf,8099.7387758713985,4969.124435206079
N21000169,N21000193,2,2291.690794711053,inf,inf,6272.842124466478,2291.690794711053
N21000169,N21000194,1,2756.468120580965,inf,inf,6918.200947326217,2756.468120580965
N21000169,N21000195,2,3322.0946606289,inf,inf,7483.827487374152,3322.0946606289
N21000169,N21000196,4,2760.3926133800446,inf,inf,inf,2760.3926133800446
N21000169,N21000197,4,8949.135011566279,inf,inf,inf,8949.135011566279
N21000169,N21000198,8,5817.2505742928,inf,inf,inf,5817.2505742928
N21000169,N21000207,1,5730.9845106160265,inf,inf,inf,5730.9845106160265
N21000169,N21000211,1,7163.2621661848625,inf,inf,inf,7163.2621661848625
N21000169,N21000236,1,6975.309934346803,inf,inf,inf,6975.309934346803
N21000169,N21000237,2,8020.88271227237,inf,inf,inf,8020.88271227237
N21000169,N21000238,1,6529.550934449508,inf,inf,inf,6529.550934449508
N21000169,N21000240,1,7802.448678659566,inf,inf,inf,7802.448678659566
N21000169,N21000241,1,7181.378479035866,inf,inf,inf,7181.378479035866
N21000169,N21000243,1,7694.564600776248,inf,inf,inf,7694.564600776248
N21000169,N21000251,36,4156.675726405634,inf,inf,inf,4156.675726405634
N21000169,N21000252,5,4614.845039146662,inf,inf,inf,4614.845039146662
N21000169,N21000253,6,4651.48599083694,inf,inf,inf,4651.48599083694
N21000169,N21000254,1,5191.530504454759,inf,inf,inf,5191.530504454759
N21000169,N21000256,5,5204.64263534846,inf,inf,inf,5204.64263534846
N21000169,N21000258,2,5204.052807626589,inf,inf,inf,5204.052807626589
N21000169,N21000259,1,5577.085395889201,inf,inf,inf,5577.085395889201
N21000169,N21000264,1,6045.893631914838,inf,inf,inf,6045.893631914838
N21000169,N21000265,2,5975.71675158821,inf,inf,inf,5975.71675158821
N21000169,N21000266,1,5853.805919290891,inf,inf,inf,5853.805919290891
N21000169,N21000268,9,5483.818849073536,inf,inf,inf,5483.818849073536
N21000169,N21000270,2,6728.083375403082,inf,inf,inf,6728.083375403082
N21000169,N21000273,2,7393.687523459763,inf,inf,inf,7393.687523459763
N21000169,N21000274,5,7519.747469027926,inf,inf,inf,7519.747469027926
N21000169,N21000275,1,7735.5954885059,inf,inf,inf,7735.5954885059
N21000169,N21000278,2,8812.600138157382,inf,inf,inf,8812.600138157382
N21000169,N21000286,1,7546.006081576309,inf,inf,inf,7546.006081576309
N21000169,N21000304,1,9650.261688057233,inf,inf,inf,9650.261688057233
N21000169,N21000305,1,4759.741665226079,inf,inf,7102.483585562997,4759.741665226079
N21000169,N21000308,1,5724.248443903089,inf,inf,inf,5724.248443903089
N21000169,N21000309,2,5612.869103924201,inf,inf,inf,5612.869103924201
N21000169,N21000316,4,1836.5019830296799,inf,inf,inf,1836.5019830296799
N21000169,N21000317,7,986.0000926475726,inf,inf,inf,986.0000926475726
N21000169,N21000322,1,2333.159282433772,inf,inf,3812.685485031915,2333.159282433772
N21000169,N21000323,1,2178.650260104033,inf,inf,2756.9563704595903,2178.650260104033
N21000169,N21000324,2,2390.9111553022503,inf,inf,3212.860048033681,2390.9111553022503
N21000169,N21000325,5,2873.043080629944,inf,inf,3557.332421322454,2873.043080629944
N21000169,N21000326,1,2365.31852683053,inf,inf,inf,2365.31852683053
N21000169,N21000329,2,3711.908013684015,inf,inf,inf,3711.908013684015
N21000169,N21000331,1,3414.2432532470993,inf,inf,3923.875498135225,3414.2432532470993
N21000169,N21000334,1,3783.1983323448276,inf,inf,4749.516070648518,3783.1983323448276
N21000169,N21000335,9,3559.503294619122,inf,inf,4200.38195899645,3559.503294619122
N21000170,N21000161,7,2997.796904417694,inf,inf,inf,2997.796904417694
N21000170,N21000163,1,1444.6240947632164,inf,inf,inf,1444.6240947632164
N21000170,N21000165,5,1353.584744760996,inf,inf,1353.584744760996,1353.584744760996
N21000170,N21000166,9,1048.219135221415,inf,inf,inf,1048.219135221415
N21000170,N21000167,1,2033.3205176966906,inf,inf,7356.323708948311,2033.3205176966906
N21000170,N21000171,2,2276.7383380114666,inf,inf,inf,2276.7383380114666
N21000170,N21000172,3,1750.5132650408948,inf,inf,1808.6295928597292,1750.5132650408948
N21000170,N21000174,8,1744.3675681274478,inf,inf,1744.3675681274478,1744.3675681274478
N21000170,N21000175,19,2706.33546971155,inf,inf,3732.567959148098,2706.33546971155
N21000170,N21000176,1,3093.985820525469,inf,inf,4185.3345451792975,3093.985820525469
N21000170,N21000177,9,3490.4476531404866,inf,inf,inf,3490.4476531404866
N21000170,N21000178,6,2836.4415846479237,inf,inf,inf,2836.4415846479237
N21000170,N21000184,1,3511.681688544276,inf,inf,5874.5156299782275,3511.681688544276
N21000170,N21000186,1,3843.072552868501,inf,inf,6388.701614948195,3843.072552868501
N21000170,N21000188,2,3857.4946537869478,inf,inf,7166.745116711823,3857.4946537869478
N21000170,N21000189,1,2698.8761933631995,inf,inf,6117.70513956343,2698.8761933631995
N21000170,N21000190,2,2997.6483301467656,inf,inf,6982.304011902889,2997.6483301467656
N21000170,N21000192,21,5386.541481571871,inf,inf,8517.15582223719,5386.541481571871
N21000170,N21000193,4,2709.1078410768428,inf,inf,6690.259170832268,2709.1078410768428
N21000170,N21000195,1,3739.51170699469,inf,inf,7901.244533739942,3739.51170699469
N21000170,N21000196,2,3177.809659745835,inf,inf,inf,3177.809659745835
N21000170,N21000197,3,8958.186317715434,inf,inf,inf,8958.186317715434
N21000170,N21000198,13,5826.3018804419535,inf,inf,inf,5826.3018804419535
N21000170,N21000202,1,6082.816639749348,inf,inf,inf,6082.816639749348
N21000170,N21000203,1,6972.36323405526,inf,inf,inf,6972.36323405526
N21000170,N21000204,1,5246.809145010824,inf,inf,inf,5246.809145010824
N21000170,N21000205,2,6372.678151997785,inf,inf,inf,6372.678151997785
N21000170,N21000207,1,5740.035816765179,inf,inf,inf,5740.035816765179
N21000170,N21000215,2,6332.672054777224,inf,inf,inf,6332.672054777224
N21000170,N21000226,2,7618.730483555528,inf,inf,inf,7618.730483555528
N21000170,N21000230,1,9191.832113201861,inf,inf,inf,9191.832113201861
N21000170,N21000237,2,8029.934018421524,inf,inf,inf,8029.934018421524
N21000170,N21000239,2,6762.374455852602,inf,inf,inf,6762.374455852602
N21000170,N21000240,5,7811.499984808719,inf,inf,inf,7811.499984808719
N21000170,N21000248,2,8259.991667667286,inf,inf,inf,8259.991667667286
N21000170,N21000251,72,4165.727032554787,inf,inf,inf,4165.727032554787
N21000170,N21000252,14,4623.896345295815,inf,inf,inf,4623.896345295815
N21000170,N21000253,4,4660.537296986093,inf,inf,inf,4660.537296986093
N21000170,N21000254,3,5200.581810603911,inf,inf,inf,5200.581810603911
N21000170,N21000256,8,5098.57962148088,inf,inf,inf,5098.57962148088
N21000170,N21000257,1,4431.3033200592145,inf,inf,inf,4431.3033200592145
N21000170,N21000258,1,5213.104113775742,inf,inf,inf,5213.104113775742
N21000170,N21000259,2,5586.136702038354,inf,inf,inf,5586.136702038354
N21000170,N21000260,1,5315.167396751139,inf,inf,inf,5315.167396751139
N21000170,N21000261,1,5784.075692735098,inf,inf,inf,5784.075692735098
N21000170,N21000263,1,6543.718179891523,inf,inf,inf,6543.718179891523
N21000170,N21000264,1,6054.944938063991,inf,inf,inf,6054.944938063991
N21000170,N21000265,3,5869.65373772063,inf,inf,inf,5869.65373772063
N21000170,N21000266,2,5747.742905423311,inf,inf,inf,5747.742905423311
N21000170,N21000268,12,5377.755835205955,inf,inf,inf,5377.755835205955
N21000170,N21000271,2,6961.655156167013,inf,inf,inf,6961.655156167013
N21000170,N21000274,2,7413.684455160345,inf,inf,inf,7413.684455160345
N21000170,N21000277,2,7935.423059017283,inf,inf,inf,7935.423059017283
N21000170,N21000278,1,8821.651444306535,inf,inf,inf,8821.651444306535
N21000170,N21000280,1,8573.5784075455,inf,inf,inf,8573.5784075455
N21000170,N21000289,1,7956.086114844592,inf,inf,inf,7956.086114844592
N21000170,N21000301,1,3732.0520878672387,inf,inf,8527.555156676044,3732.0520878672387
N21000170,N21000303,4,3622.950282625363,inf,inf,4976.036939462521,3622.950282625363
N21000170,N21000304,1,9544.198674189653,inf,inf,inf,9544.198674189653
N21000170,N21000307,2,5419.4783851445345,inf,inf,inf,5419.4783851445345
N21000170,N21000308,1,5618.185430035508,inf,inf,inf,5618.185430035508
N21000170,N21000309,5,5506.806090056619,inf,inf,inf,5506.806090056619
N21000170,N21000310,1,6817.08711950172,inf,inf,inf,6817.08711950172
N21000170,N21000315,2,6657.6813798794265,inf,inf,inf,6657.6813798794265
N21000170,N21000316,4,1542.9366237007102,inf,inf,inf,1542.9366237007102
N21000170,N21000317,5,879.9370787799913,inf,inf,inf,879.9370787799913
N21000170,N21000319,2,1587.3136745138322,inf,inf,2032.7393708878865,1587.3136745138322
N21000170,N21000321,2,1512.7760125237903,inf,inf,2509.549457200886,1512.7760125237903
N21000170,N21000322,7,2342.2105885829255,inf,inf,3944.106416036626,2342.2105885829255
N21000170,N21000323,3,2072.587246236452,inf,inf,2888.377301464301,2072.587246236452
N21000170,N21000324,3,2284.8481414346693,inf,inf,3344.280979038391,2284.8481414346693
N21000170,N21000325,8,2882.0943867790975,inf,inf,3688.753352327165,2882.0943867790975
N21000170,N21000327,3,2232.321567174504,inf,inf,2941.8718293788825,2232.321567174504
N21000170,N21000328,2,2538.3251336521876,inf,inf,3247.8753958565662,2538.3251336521876
N21000170,N21000329,1,3720.959319833168,inf,inf,inf,3720.959319833168
N21000170,N21000331,4,3308.180239379518,inf,inf,4055.296429139935,3308.180239379518
N21000170,N21000332,3,3292.9364597829417,inf,inf,4235.08840157309,3292.9364597829417
N21000170,N21000334,2,3734.2391736010845,inf,inf,4880.937001653227,3734.2391736010845
N21000170,N21000335,18,3453.440280751541,inf,inf,4331.8028900011595,3453.440280751541
N21000171,N21000161,1,4868.091534638747,inf,inf,inf,4868.091534638747
N21000171,N21000163,1,2236.5063442030396,inf,inf,inf,2236.5063442030396
N21000171,N21000165,3,1831.8747366988212,inf,inf,inf,1831.8747366988212
N21000171,N21000166,1,2918.513765442468,inf,inf,inf,2918.513765442468
N21000171,N21000167,9,982.1959381398926,inf,inf,inf,982.1959381398926
N21000171,N21000168,2,1364.3693199689815,inf,inf,inf,1364.3693199689815
N21000171,N21000169,1,1859.3212916456769,inf,inf,inf,1859.3212916456769
N21000171,N21000170,2,2276.7383380114666,inf,inf,inf,2276.7383380114666
N21000171,N21000173,1,1723.5426145228123,inf,inf,inf,1723.5426145228123
N21000171,N21000174,5,971.7334351265298,inf,inf,inf,971.7334351265298
N21000171,N21000175,25,850.0553018227641,inf,inf,inf,850.0553018227641
N21000171,N21000176,2,1334.0042831284293,inf,inf,inf,1334.0042831284293
N21000171,N21000177,14,1722.8993374724923,inf,inf,inf,1722.8993374724923
N21000171,N21000178,13,1666.827585007093,inf,inf,inf,1666.827585007093
N21000171,N21000182,1,5164.4637759575635,inf,inf,inf,5164.4637759575635
N21000171,N21000184,2,2899.8378672461663,inf,inf,inf,2899.8378672461663
N21000171,N21000186,4,3069.9182980461596,inf,inf,inf,3069.9182980461596
N21000171,N21000188,1,3084.3403989646063,inf,inf,inf,3084.3403989646063
N21000171,N21000189,7,2217.028419462072,inf,inf,inf,2217.028419462072
N21000171,N21000190,2,2130.064623037898,inf,inf,inf,2130.064623037898
N21000171,N21000192,37,4613.387226749529,inf,inf,inf,4613.387226749529
N21000171,N21000193,5,1462.2528608901907,inf,inf,inf,1462.2528608901907
N21000171,N21000194,5,1511.057580168818,inf,inf,inf,1511.057580168818
N21000171,N21000195,6,2019.11054350406,inf,inf,inf,2019.11054350406
N21000171,N21000196,7,1347.1509549970995,inf,inf,inf,1347.1509549970995
N21000171,N21000197,7,7788.572318074599,inf,inf,inf,7788.572318074599
N21000171,N21000198,4,4656.6878808011215,inf,inf,inf,4656.6878808011215
N21000171,N21000202,3,4913.202640108517,inf,inf,inf,4913.202640108517
N21000171,N21000205,3,5203.064152356952,inf,inf,inf,5203.064152356952
N21000171,N21000216,1,6151.092711628907,inf,inf,inf,6151.092711628907
N21000171,N21000219,1,8290.292902331366,inf,inf,inf,8290.292902331366
N21000171,N21000220,1,8219.794562905538,inf,inf,inf,8219.794562905538
N21000171,N21000221,4,9605.80216164152,inf,inf,inf,9605.80216164152
N21000171,N21000224,1,7675.5416954182965,inf,inf,inf,7675.5416954182965
N21000171,N21000230,1,8022.218113561027,inf,inf,inf,8022.218113561027
N21000171,N21000232,2,7632.0369957540215,inf,inf,inf,7632.0369957540215
N21000171,N21000235,1,8416.20235043579,inf,inf,inf,8416.20235043579
N21000171,N21000237,1,6860.3200187806915,inf,inf,inf,6860.3200187806915
N21000171,N21000240,1,6641.885985167886,inf,inf,inf,6641.885985167886
N21000171,N21000241,2,6020.815785544188,inf,inf,inf,6020.815785544188
N21000171,N21000247,1,8729.341875364,inf,inf,inf,8729.341875364
N21000171,N21000249,1,6351.741917300659,inf,inf,inf,6351.741917300659
N21000171,N21000251,59,3014.790083594453,inf,inf,inf,3014.790083594453
N21000171,N21000252,9,3454.282345654983,inf,inf,inf,3454.282345654983
N21000171,N21000253,6,3509.600348025759,inf,inf,inf,3509.600348025759
N21000171,N21000254,4,4030.9678109630804,inf,inf,inf,4030.9678109630804
N21000171,N21000255,1,4316.531761002776,inf,inf,inf,4316.531761002776
N21000171,N21000256,10,4242.821908950418,inf,inf,inf,4242.821908950418
N21000171,N21000258,1,4062.1671648154056,inf,inf,inf,4062.1671648154056
N21000171,N21000259,3,4435.199753078018,inf,inf,inf,4435.199753078018
N21000171,N21000260,1,4966.231625926276,inf,inf,inf,4966.231625926276
N21000171,N21000264,1,4904.007989103656,inf,inf,inf,4904.007989103656
N21000171,N21000265,2,5268.498195543759,inf,inf,inf,5268.498195543759
N21000171,N21000266,4,5246.750855916851,inf,inf,inf,5246.750855916851
N21000171,N21000268,6,5028.820064381092,inf,inf,inf,5028.820064381092
N21000171,N21000269,1,5493.2255685710725,inf,inf,inf,5493.2255685710725
N21000171,N21000270,1,5586.1977325919,inf,inf,inf,5586.1977325919
N21000171,N21000274,9,7064.748684335483,inf,inf,inf,7064.748684335483
N21000171,N21000275,1,7280.596703813457,inf,inf,inf,7280.596703813457
N21000171,N21000276,1,7901.912826246051,inf,inf,inf,7901.912826246051
N21000171,N21000277,2,7415.126695954011,inf,inf,inf,7415.126695954011
N21000171,N21000295,2,9652.893864080115,inf,inf,inf,9652.893864080115
N21000171,N21000301,1,4172.797750583027,inf,inf,inf,4172.797750583027
N21000171,N21000302,1,4168.6829931367,inf,inf,inf,4168.6829931367
N21000171,N21000303,2,3416.734585935738,inf,inf,inf,3416.734585935738
N21000171,N21000306,1,5041.407242413198,inf,inf,inf,5041.407242413198
N21000171,N21000308,4,5920.303204884273,inf,inf,inf,5920.303204884273
N21000171,N21000309,6,5319.219541510033,inf,inf,inf,5319.219541510033
N21000171,N21000310,1,6734.669705614831,inf,inf,inf,6734.669705614831
N21000171,N21000312,2,7044.558629847166,inf,inf,inf,7044.558629847166
N21000171,N21000315,2,6470.094831332841,inf,inf,inf,6470.094831332841
N21000171,N21000316,1,3502.868517787696,inf,inf,inf,3502.868517787696
N21000171,N21000317,2,1876.2486045179535,inf,inf,inf,1876.2486045179535
N21000171,N21000319,2,1251.5808987525763,inf,inf,inf,1251.5808987525763
N21000171,N21000322,5,1244.5478711842484,inf,inf,inf,1244.5478711842484
N21000171,N21000324,1,2717.9917774379046,inf,inf,inf,2717.9917774379046
N21000171,N21000325,2,1784.431669380421,inf,inf,inf,1784.431669380421
N21000171,N21000327,2,2352.181473451913,inf,inf,inf,2352.181473451913
N21000171,N21000332,4,3512.162200912465,inf,inf,inf,3512.162200912465
N21000171,N21000334,1,2694.586921095303,inf,inf,inf,2694.586921095303
N21000171,N21000335,17,3104.5045099266777,inf,inf,inf,3104.5045099266777
N21000172,N21000161,1,4341.866461668174,inf,inf,inf,4341.866461668174
N21000172,N21000163,1,1937.6058130021495,inf,inf,inf,1937.6058130021495
N21000172,N21000164,1,3285.540746513357,inf,inf,inf,3285.540746513357
N21000172,N21000165,9,1362.3108704414874,inf,inf,1675.940229732667,1362.3108704414874
N21000172,N21000166,3,2392.2886924718955,inf,inf,inf,2392.2886924718955
N21000172,N21000167,7,916.0550814627195,inf,inf,7806.810946824507,916.0550814627195
N21000172,N21000168,2,838.1442469984094,inf,874.3823351066608,874.3823351066608,838.1442469984094
N21000172,N21000169,1,1333.0962186751049,inf,inf,1646.7255779662842,1333.0962186751049
N21000172,N21000170,9,1750.513265040895,inf,inf,1808.6295928597294,1750.513265040895
N21000172,N21000173,3,1124.393965730016,inf,inf,inf,1124.393965730016
N21000172,N21000175,18,1301.046868310199,inf,inf,2869.6129355976454,1301.046868310199
N21000172,N21000176,2,1783.2438804301182,inf,inf,3322.379521628845,1783.2438804301182
N21000172,N21000177,15,2173.8909039599275,inf,inf,inf,2173.8909039599275
N21000172,N21000178,6,1656.9299087948682,inf,inf,inf,1656.9299087948682
N21000172,N21000179,1,6812.695092407961,inf,inf,8295.46083918994,6812.695092407961
N21000172,N21000181,1,4708.983242028194,inf,inf,inf,4708.983242028194
N21000172,N21000182,2,4865.563244756673,inf,inf,5757.56737519602,4865.563244756673
N21000172,N21000183,1,4201.842271837482,inf,inf,inf,4201.842271837482
N21000172,N21000184,3,3172.1863385270917,inf,inf,6325.002867854423,3172.1863385270917
N21000172,N21000186,6,3395.001688133328,inf,inf,6839.188852824391,3395.001688133328
N21000172,N21000188,3,3409.4237890517747,inf,inf,7617.232354588019,3409.4237890517747
N21000172,N21000189,5,2359.3808433460154,inf,inf,6568.1923774396255,2359.3808433460154
N21000172,N21000190,2,2455.1480131250664,inf,inf,7432.791249779085,2455.1480131250664
N21000172,N21000192,36,4938.470616836698,inf,inf,8967.643060113387,4938.470616836698
N21000172,N21000194,3,1855.9957619111551,inf,inf,7786.105231568203,1855.9957619111551
N21000172,N21000195,2,2421.62230195909,inf,inf,8351.73177161614,2421.62230195909
N21000172,N21000196,6,1807.479840449197,inf,inf,inf,1807.479840449197
N21000172,N21000197,4,7778.674641862374,inf,inf,inf,7778.674641862374
N21000172,N21000198,13,4646.790204588897,inf,inf,inf,4646.790204588897
N21000172,N21000199,1,6369.7746854616,inf,inf,inf,6369.7746854616
N21000172,N21000202,1,4903.304963896292,inf,inf,inf,4903.304963896292
N21000172,N21000205,3,5193.166476144728,inf,inf,inf,5193.166476144728
N21000172,N21000208,1,4979.643128423885,inf,inf,inf,4979.643128423885
N21000172,N21000211,2,5992.801796480961,inf,inf,inf,5992.801796480961
N21000172,N21000221,2,9595.904485429297,inf,inf,inf,9595.904485429297
N21000172,N21000224,1,7665.644019206073,inf,inf,inf,7665.644019206073
N21000172,N21000225,1,7009.401218184204,inf,inf,inf,7009.401218184204
N21000172,N21000230,1,8012.320437348803,inf,inf,inf,8012.320437348803
N21000172,N21000231,1,8881.2151318605,inf,inf,inf,8881.2151318605
N21000172,N21000237,1,6850.422342568468,inf,inf,inf,6850.422342568468
N21000172,N21000240,2,6631.988308955662,inf,inf,inf,6631.988308955662
N21000172,N21000241,2,6010.918109331963,inf,inf,inf,6010.918109331963
N21000172,N21000245,1,5871.437735237219,inf,inf,inf,5871.437735237219
N21000172,N21000247,1,8719.444199151776,inf,inf,inf,8719.444199151776
N21000172,N21000251,64,2986.2153567017326,inf,inf,inf,2986.2153567017326
N21000172,N21000252,12,3444.3846694427584,inf,inf,inf,3444.3846694427584
N21000172,N21000253,6,3481.025621133039,inf,inf,inf,3481.025621133039
N21000172,N21000254,7,4021.0701347508557,inf,inf,inf,4021.0701347508557
N21000172,N21000256,8,4160.9729504960405,inf,inf,inf,4160.9729504960405
N21000172,N21000258,6,4033.5924379226853,inf,inf,inf,4033.5924379226853
N21000172,N21000261,1,4717.017053918676,inf,inf,inf,4717.017053918676
N21000172,N21000263,4,5364.206504038467,inf,inf,inf,5364.206504038467
N21000172,N21000264,3,4875.433262210935,inf,inf,inf,4875.433262210935
N21000172,N21000268,4,4946.971105926713,inf,inf,inf,4946.971105926713
N21000172,N21000270,1,5557.623005699179,inf,inf,inf,5557.623005699179
N21000172,N21000274,4,6982.899725881102,inf,inf,inf,6982.899725881102
N21000172,N21000275,1,7198.747745359077,inf,inf,inf,7198.747745359077
N21000172,N21000280,1,8142.7936782662555,inf,inf,inf,8142.7936782662555
N21000172,N21000288,1,8035.090489516536,inf,inf,inf,8035.090489516536
N21000172,N21000289,1,7781.300050571733,inf,inf,inf,7781.300050571733
N21000172,N21000294,2,9297.292687271143,inf,inf,inf,9297.292687271143
N21000172,N21000295,1,9571.044905625737,inf,inf,inf,9571.044905625737
N21000172,N21000302,1,4046.6997273954976,inf,inf,4898.640542640772,4046.6997273954976
N21000172,N21000303,1,3334.88562748136,inf,inf,4113.081915912067,3334.88562748136
N21000172,N21000305,3,4384.243144357532,inf,inf,6370.949493017253,4384.243144357532
N21000172,N21000306,2,4864.145894087727,inf,inf,6377.372059199793,4864.145894087727
N21000172,N21000307,1,5150.04287814357,inf,inf,inf,5150.04287814357
N21000172,N21000308,3,5785.6664251278125,inf,inf,inf,5785.6664251278125
N21000172,N21000309,14,5237.370583055655,inf,inf,inf,5237.370583055655
N21000172,N21000311,1,6412.328039929453,inf,inf,inf,6412.328039929453
N21000172,N21000313,1,8136.512558632318,inf,inf,inf,8136.512558632318
N21000172,N21000314,1,7698.595829178891,inf,inf,inf,7698.595829178891
N21000172,N21000316,1,2903.719868994899,inf,inf,inf,2903.719868994899
N21000172,N21000319,1,1169.7319402981984,inf,inf,1169.7843473374346,1169.7319402981984
N21000172,N21000322,2,1162.6989127298702,inf,inf,3081.151392486174,1162.6989127298702
N21000172,N21000323,1,1438.670371899744,inf,inf,2025.4222779138483,1438.670371899744
N21000172,N21000325,3,1702.5827109260429,inf,inf,2825.798328776713,1702.5827109260429
N21000172,N21000326,1,2656.4183899081145,inf,inf,inf,2656.4183899081145
N21000172,N21000329,3,2541.4476439801138,inf,inf,inf,2541.4476439801138
N21000172,N21000331,2,2386.7166598965932,inf,inf,3192.3414055894823,2386.7166598965932
N21000172,N21000333,3,2695.582591893434,inf,inf,2996.3540539449673,2695.582591893434
N21000172,N21000334,3,2612.7379626409247,inf,inf,4017.9819781027745,2612.7379626409247
N21000172,N21000335,15,3022.6555514723,inf,inf,3468.847866450706,3022.6555514723
N21000173,N21000163,2,2194.296461583689,inf,inf,inf,2194.296461583689
N21000173,N21000164,7,2419.5552930417152,inf,inf,inf,2419.5552930417152
N21000173,N21000165,4,1787.865598281457,inf,inf,inf,1787.865598281457
N21000173,N21000167,4,1897.8686047547963,inf,inf,inf,1897.8686047547963
N21000173,N21000169,1,1035.7982230839311,inf,inf,inf,1035.7982230839311
N21000173,N21000170,12,929.7352092163499,inf,inf,inf,929.7352092163499
N21000173,N21000171,1,1723.5426145228123,inf,inf,inf,1723.5426145228123
N21000173,N21000172,10,1124.3939657300161,inf,inf,inf,1124.3939657300161
N21000173,N21000174,10,1060.1319409977343,inf,inf,inf,1060.1319409977343
N21000173,N21000175,11,2076.1702507970667,inf,inf,inf,2076.1702507970667
N21000173,N21000177,5,2764.841083401508,inf,inf,inf,2764.841083401508
N21000173,N21000178,8,2110.8350149089447,inf,inf,inf,2110.8350149089447
N21000173,N21000183,1,4895.924308132053,inf,inf,inf,4895.924308132053
N21000173,N21000186,1,4107.272758402611,inf,inf,inf,4107.272758402611
N21000173,N21000187,1,3201.9890539304197,inf,inf,inf,3201.9890539304197
N21000173,N21000188,3,4121.694859321056,inf,inf,inf,4121.694859321056
N21000173,N21000190,2,3261.848535680875,inf,inf,inf,3261.848535680875
N21000173,N21000192,24,5650.74168710598,inf,inf,inf,5650.74168710598
N21000173,N21000193,5,2769.149774269436,inf,inf,inf,2769.149774269436
N21000173,N21000195,4,3403.435825251166,inf,inf,inf,3403.435825251166
N21000173,N21000196,3,2825.7136725319037,inf,inf,inf,2825.7136725319037
N21000173,N21000197,6,8232.579747976451,inf,inf,inf,8232.579747976451
N21000173,N21000198,7,5100.695310702973,inf,inf,inf,5100.695310702973
N21000173,N21000209,1,4614.516043194915,inf,inf,inf,4614.516043194915
N21000173,N21000215,1,5607.065485038244,inf,inf,inf,5607.065485038244
N21000173,N21000220,2,8663.80199280739,inf,inf,inf,8663.80199280739
N21000173,N21000237,1,7304.327448682546,inf,inf,inf,7304.327448682546
N21000173,N21000238,1,5812.99567085968,inf,inf,inf,5812.99567085968
N21000173,N21000240,1,7085.893415069739,inf,inf,inf,7085.893415069739
N21000173,N21000241,1,6464.823215446039,inf,inf,inf,6464.823215446039
N21000173,N21000251,39,3440.120462815808,inf,inf,inf,3440.120462815808
N21000173,N21000252,8,3898.2897755568356,inf,inf,inf,3898.2897755568356
N21000173,N21000253,3,3934.930727247114,inf,inf,inf,3934.930727247114
N21000173,N21000254,2,4474.975240864932,inf,inf,inf,4474.975240864932
N21000173,N21000256,6,4568.058403206616,inf,inf,inf,4568.058403206616
N21000173,N21000258,1,4487.497544036762,inf,inf,inf,4487.497544036762
N21000173,N21000259,1,4860.530132299373,inf,inf,inf,4860.530132299373
N21000173,N21000262,1,5098.119298501486,inf,inf,inf,5098.119298501486
N21000173,N21000264,1,5329.33836832501,inf,inf,inf,5329.33836832501
N21000173,N21000268,5,4847.2346169316925,inf,inf,inf,4847.2346169316925
N21000173,N21000269,1,5937.232998472924,inf,inf,inf,5937.232998472924
N21000173,N21000270,1,6011.528111813254,inf,inf,inf,6011.528111813254
N21000173,N21000274,4,6883.163236886082,inf,inf,inf,6883.163236886082
N21000173,N21000278,1,8096.044874567556,inf,inf,inf,8096.044874567556
N21000173,N21000280,1,8043.057189271235,inf,inf,inf,8043.057189271235
N21000173,N21000286,1,6917.023876147018,inf,inf,inf,6917.023876147018
N21000173,N21000295,1,9222.911778336884,inf,inf,inf,9222.911778336884
N21000173,N21000301,1,3209.1328963055294,inf,inf,inf,3209.1328963055294
N21000173,N21000303,1,3092.4290643511013,inf,inf,inf,3092.4290643511013
N21000173,N21000304,2,9021.279482627944,inf,inf,inf,9021.279482627944
N21000173,N21000305,1,4123.157433084237,inf,inf,inf,4123.157433084237
N21000173,N21000306,2,4173.745707433715,inf,inf,inf,4173.745707433715
N21000173,N21000309,3,4976.284871782359,inf,inf,inf,4976.284871782359
N21000173,N21000311,1,6053.6752207090085,inf,inf,inf,6053.6752207090085
N21000173,N21000316,2,1999.2305279574293,inf,inf,inf,1999.2305279574293
N21000173,N21000319,1,861.7071047748522,inf,inf,inf,861.7071047748522
N21000173,N21000324,1,1754.326923160408,inf,inf,inf,1754.326923160408
N21000173,N21000325,6,2156.4878170401184,inf,inf,inf,2156.4878170401184
N21000173,N21000328,2,1984.3059998824363,inf,inf,inf,1984.3059998824363
N21000173,N21000331,1,2738.329097392742,inf,inf,inf,2738.329097392742
N21000173,N21000334,1,3066.6430687550005,inf,inf,inf,3066.6430687550005
N21000173,N21000335,26,2922.919062477279,inf,inf,inf,2922.919062477279
N21000174,N21000165,2,1579.749066437324,inf,inf,1611.6782050003853,1579.749066437324
N21000174,N21000166,3,2549.302398635698,inf,inf,inf,2549.302398635698
N21000174,N21000167,4,1202.7918794601883,inf,inf,7742.548922092225,1202.7918794601883
N21000174,N21000168,1,810.1203103743793,inf,810.1203103743793,810.1203103743793,810.1203103743793
N21000174,N21000169,2,1550.5344146709413,inf,inf,1582.4635532340028,1550.5344146709413
N21000174,N21000170,8,1744.367568127448,inf,inf,1744.367568127448,1744.367568127448
N21000174,N21000171,5,971.7334351265299,inf,inf,inf,971.7334351265299
N21000174,N21000173,6,1060.1319409977343,inf,inf,inf,1060.1319409977343
N21000174,N21000175,15,1567.4715209966248,inf,inf,2805.3509108653643,1567.4715209966248
N21000174,N21000177,9,2440.3155566463543,inf,inf,inf,2440.3155566463543
N21000174,N21000178,6,1923.3545614812938,inf,inf,inf,1923.3545614812938
N21000174,N21000181,2,4995.720040025662,inf,inf,inf,4995.720040025662
N21000174,N21000184,2,3458.9231365245605,inf,inf,6260.740843122142,3458.9231365245605
N21000174,N21000186,2,3681.738486130797,inf,inf,6774.92682809211,3681.738486130797
N21000174,N21000187,2,2885.030296376595,inf,inf,4950.570418704903,2885.030296376595
N21000174,N21000188,4,3696.1605870492435,inf,inf,7552.970329855738,3696.1605870492435
N21000174,N21000189,6,2646.117641343484,inf,inf,6503.930352707344,2646.117641343484
N21000174,N21000190,2,2741.8848111225343,inf,inf,7368.529225046804,2741.8848111225343
N21000174,N21000192,27,5225.207414834166,inf,inf,8903.381035381106,5225.207414834166
N21000174,N21000193,1,2074.073048974828,inf,inf,7076.4843839761825,2074.073048974828
N21000174,N21000194,1,2142.732559908624,inf,inf,7721.843206835922,2142.732559908624
N21000174,N21000195,4,2708.3590999565586,inf,inf,8287.469746883857,2708.3590999565586
N21000174,N21000197,1,8045.099294548801,inf,inf,inf,8045.099294548801
N21000174,N21000198,6,4913.214857275321,inf,inf,inf,4913.214857275321
N21000174,N21000203,1,6059.27621088863,inf,inf,inf,6059.27621088863
N21000174,N21000208,3,5246.067781110311,inf,inf,inf,5246.067781110311
N21000174,N21000210,1,5960.594111633458,inf,inf,inf,5960.594111633458
N21000174,N21000213,1,5141.7265053864885,inf,inf,inf,5141.7265053864885
N21000174,N21000220,1,8476.321539379738,inf,inf,inf,8476.321539379738
N21000174,N21000225,1,7275.82587087063,inf,inf,inf,7275.82587087063
N21000174,N21000240,1,6898.412961642089,inf,inf,inf,6898.412961642089
N21000174,N21000242,1,7881.639525121462,inf,inf,inf,7881.639525121462
N21000174,N21000249,1,6608.26889377486,inf,inf,inf,6608.26889377486
N21000174,N21000251,50,3252.640009388157,inf,inf,inf,3252.640009388157
N21000174,N21000252,10,3710.8093221291842,inf,inf,inf,3710.8093221291842
N21000174,N21000253,9,3747.4502738194633,inf,inf,inf,3747.4502738194633
N21000174,N21000254,2,4287.494787437281,inf,inf,inf,4287.494787437281
N21000174,N21000256,5,4427.397603182464,inf,inf,inf,4427.397603182464
N21000174,N21000258,2,4300.017090609111,inf,inf,inf,4300.017090609111
N21000174,N21000259,4,4673.049678871723,inf,inf,inf,4673.049678871723
N21000174,N21000261,1,4983.4417066051,inf,inf,inf,4983.4417066051
N21000174,N21000263,2,5630.631156724892,inf,inf,inf,5630.631156724892
N21000174,N21000264,2,5141.8579148973595,inf,inf,inf,5141.8579148973595
N21000174,N21000265,2,5506.3481213374625,inf,inf,inf,5506.3481213374625
N21000174,N21000266,2,5461.043043695367,inf,inf,inf,5461.043043695367
N21000174,N21000268,8,5160.0890491276,inf,inf,inf,5160.0890491276
N21000174,N21000269,1,5749.752545045273,inf,inf,inf,5749.752545045273
N21000174,N21000270,2,5824.047658385603,inf,inf,inf,5824.047658385603
N21000174,N21000274,2,7196.017669081991,inf,inf,inf,7196.017669081991
N21000174,N21000280,2,8355.911621467141,inf,inf,inf,8355.911621467141
N21000174,N21000286,1,7327.515123348758,inf,inf,inf,7327.515123348758
N21000174,N21000294,1,9510.410630472028,inf,inf,inf,9510.410630472028
N21000174,N21000301,1,3835.271058227262,inf,inf,7600.338108393309,3835.271058227262
N21000174,N21000304,1,9647.417644549676,inf,inf,inf,9647.417644549676
N21000174,N21000307,1,5212.400998056458,inf,inf,inf,5212.400998056458
N21000174,N21000308,3,5721.404400395531,inf,inf,inf,5721.404400395531
N21000174,N21000309,5,5299.728702968542,inf,inf,inf,5299.728702968542
N21000174,N21000311,1,6474.68615984234,inf,inf,inf,6474.68615984234
N21000174,N21000315,1,6450.60399279135,inf,inf,inf,6450.60399279135
N21000174,N21000316,3,2839.457844262618,inf,inf,inf,2839.457844262618
N21000174,N21000317,8,1212.837930992876,inf,inf,inf,1212.837930992876
N21000174,N21000318,1,3664.579874123165,inf,inf,inf,3664.579874123165
N21000174,N21000319,2,1105.5223226051532,inf,inf,1105.5223226051532,1105.5223226051532
N21000174,N21000322,2,1429.1235654162954,inf,inf,3016.889367753892,1429.1235654162954
N21000174,N21000323,2,1590.7958943277733,inf,inf,1961.1602531815672,1590.7958943277733
N21000174,N21000324,1,2380.46508508214,inf,inf,2417.063930755657,2380.46508508214
N21000174,N21000325,3,1969.0073636124682,inf,inf,2761.5363040444313,1969.0073636124682
N21000174,N21000327,1,2014.6547810961483,inf,inf,2014.6547810961483,2014.6547810961483
N21000174,N21000329,2,2807.872296666538,inf,inf,inf,2807.872296666538
N21000174,N21000331,3,2653.141312583018,inf,inf,3128.079380857201,2653.141312583018
N21000174,N21000332,1,3297.589639425945,inf,inf,3307.871353290356,3297.589639425945
N21000174,N21000335,13,3235.7734946731853,inf,inf,3404.585841718425,3235.7734946731853
N21000175,N21000165,3,2205.531255222472,inf,inf,3630.3616799097704,2205.531255222472
N21000175,N21000166,3,3348.1108971425524,inf,inf,inf,3348.1108971425524
N21000175,N21000167,6,1355.8524566635438,inf,inf,9761.23239700161,1355.8524566635438
N21000175,N21000168,1,1941.2194326875701,inf,inf,2947.7893430464605,1941.2194326875701
N21000175,N21000169,1,2288.918423345761,inf,inf,3601.1470281433876,2288.918423345761
N21000175,N21000170,2,2706.335469711551,inf,inf,3732.5679591480985,2706.335469711551
N21000175,N21000171,4,850.0553018227641,inf,inf,inf,850.0553018227641
N21000175,N21000172,3,1301.0468683101988,inf,inf,2869.612935597646,1301.0468683101988
N21000175,N21000174,2,1567.4715209966241,inf,inf,2805.3509108653643,1567.4715209966241
N21000175,N21000177,18,1042.9302290558574,inf,inf,inf,1042.9302290558574
N21000175,N21000178,21,936.9542922893252,inf,inf,inf,936.9542922893252
N21000175,N21000179,1,6890.458922769884,inf,inf,10249.882289367042,6890.458922769884
N21000175,N21000181,2,4452.218999058447,inf,inf,inf,4452.218999058447
N21000175,N21000182,1,5473.030941997881,inf,inf,7711.988825373123,5473.030941997881
N21000175,N21000184,4,2915.422095557345,inf,inf,8279.424318031526,2915.422095557345
N21000175,N21000186,1,3085.5025263573375,inf,inf,8793.610303001497,3085.5025263573375
N21000175,N21000187,1,2680.997664083194,inf,inf,6969.253893614289,2680.997664083194
N21000175,N21000188,3,2803.4557651526657,inf,inf,9571.653804765125,2803.4557651526657
N21000175,N21000190,3,2145.6488513490763,inf,inf,9387.21269995619,2145.6488513490763
N21000175,N21000192,44,4414.862922864144,inf,inf,10922.064510290493,4414.862922864144
N21000175,N21000193,5,1477.837089201369,inf,inf,9095.167858885567,1477.837089201369
N21000175,N21000194,1,1526.6418084799964,inf,inf,9740.526681745301,1526.6418084799964
N21000175,N21000195,2,1612.63072766538,inf,inf,10306.153221793236,1612.63072766538
N21000175,N21000196,8,991.8182070069226,inf,inf,inf,991.8182070069226
N21000175,N21000197,6,7058.699025356833,inf,inf,inf,7058.699025356833
N21000175,N21000198,6,3926.8145880833517,inf,inf,inf,3926.8145880833517
N21000175,N21000203,1,5072.875941696663,inf,inf,inf,5072.875941696663
N21000175,N21000208,1,4259.667511918342,inf,inf,inf,4259.667511918342
N21000175,N21000209,2,3440.635320575294,inf,inf,inf,3440.635320575294
N21000175,N21000211,2,5272.82617997542,inf,inf,inf,5272.82617997542
N21000175,N21000215,1,4433.184762418622,inf,inf,inf,4433.184762418622
N21000175,N21000216,1,5421.219418911137,inf,inf,inf,5421.219418911137
N21000175,N21000222,2,6367.663734376885,inf,inf,inf,6367.663734376885
N21000175,N21000225,1,6289.425601678663,inf,inf,inf,6289.425601678663
N21000175,N21000237,3,6130.446726062927,inf,inf,inf,6130.446726062927
N21000175,N21000240,1,5912.01269245012,inf,inf,inf,5912.01269245012
N21000175,N21000251,52,2284.916790876685,inf,inf,inf,2284.916790876685
N21000175,N21000252,10,2724.409052937216,inf,inf,inf,2724.409052937216
N21000175,N21000253,6,2779.727055307991,inf,inf,inf,2779.727055307991
N21000175,N21000254,13,3301.0945182453115,inf,inf,inf,3301.0945182453115
N21000175,N21000256,7,3596.6763126740475,inf,inf,inf,3596.6763126740475
N21000175,N21000258,4,3332.2938720976376,inf,inf,inf,3332.2938720976376
N21000175,N21000259,2,3705.32646036025,inf,inf,inf,3705.32646036025
N21000175,N21000264,5,4174.134696385885,inf,inf,inf,4174.134696385885
N21000175,N21000265,2,4538.624902825987,inf,inf,inf,4538.624902825987
N21000175,N21000266,3,4516.877563199084,inf,inf,inf,4516.877563199084
N21000175,N21000267,1,4508.150598116904,inf,inf,inf,4508.150598116904
N21000175,N21000268,8,4860.76288473106,inf,inf,inf,4860.76288473106
N21000175,N21000272,3,6105.834258470378,inf,inf,inf,6105.834258470378
N21000175,N21000273,2,6042.327759558098,inf,inf,inf,6042.327759558098
N21000175,N21000274,6,6896.691504685449,inf,inf,inf,6896.691504685449
N21000175,N21000277,3,6685.253403236239,inf,inf,inf,6685.253403236239
N21000175,N21000279,1,7818.028770382578,inf,inf,inf,7818.028770382578
N21000175,N21000280,1,7959.845497088804,inf,inf,inf,7959.845497088804
N21000175,N21000290,1,9514.853866630063,inf,inf,inf,9514.853866630063
N21000175,N21000293,1,9558.265171318777,inf,inf,inf,9558.265171318777
N21000175,N21000294,2,9114.34450609369,inf,inf,inf,9114.34450609369
N21000175,N21000295,2,9484.836684430084,inf,inf,inf,9484.836684430084
N21000175,N21000307,2,5063.834656947917,inf,inf,inf,5063.834656947917
N21000175,N21000309,6,5151.1623618600015,inf,inf,inf,5151.1623618600015
N21000175,N21000317,1,2244.652226007381,inf,inf,inf,2244.652226007381
N21000175,N21000322,3,1073.2048015673129,inf,inf,2578.6949832754394,1073.2048015673129
N21000175,N21000323,1,1635.3089288549786,inf,inf,1712.6371953983796,1635.3089288549786
N21000175,N21000324,2,2995.1093385560935,inf,inf,3092.1607630456783,2995.1093385560935
N21000175,N21000325,2,1481.2952709133904,inf,inf,2323.3419195659785,1481.2952709133904
N21000175,N21000327,1,2629.299034570102,inf,inf,2689.75161338617,2629.299034570102
N21000175,N21000329,2,1849.8025229597536,inf,inf,inf,1849.8025229597536
N21000175,N21000331,3,2300.5084387009406,inf,inf,3618.6902492741096,2300.5084387009406
N21000175,N21000332,2,3680.1620406504576,inf,inf,3798.4822217072647,3680.1620406504576
N21000175,N21000333,1,3013.8929683856654,inf,inf,3422.7028976295946,3013.8929683856654
N21000175,N21000335,10,2936.447330276647,inf,inf,3895.1967101353334,2936.447330276647
N21000176,N21000165,3,2689.4802365281375,inf,inf,4083.1282659409694,2689.4802365281375
N21000176,N21000166,1,3832.0598784482177,inf,inf,inf,3832.0598784482177
N21000176,N21000167,2,1839.8014379692095,inf,inf,10213.998983032807,1839.8014379692095
N21000176,N21000170,2,3093.9858205254686,inf,inf,4185.3345451792975,3093.9858205254686
N21000176,N21000171,2,1334.0042831284297,inf,inf,inf,1334.0042831284297
N21000176,N21000172,1,1783.243880430118,inf,inf,3322.379521628845,1783.243880430118
N21000176,N21000174,1,2049.6685331165436,inf,inf,3258.1174968965634,2049.6685331165436
N21000176,N21000181,1,4608.294386569606,inf,inf,inf,4608.294386569606
N21000176,N21000182,1,5629.106329509041,inf,inf,8164.755411404322,5629.106329509041
N21000176,N21000184,2,3071.497483068505,inf,inf,8732.190904062723,3071.497483068505
N21000176,N21000186,1,3241.577913868498,inf,inf,9246.376889032694,3241.577913868498
N21000176,N21000188,2,2606.9150767040687,inf,inf,10024.420390796322,2606.9150767040687
N21000176,N21000189,3,2388.688035284411,inf,inf,8975.380413647923,2388.688035284411
N21000176,N21000192,29,4032.4452853216017,inf,inf,11374.83109632169,4032.4452853216017
N21000176,N21000195,4,1416.0900392167825,inf,inf,10758.919807824434,1416.0900392167825
N21000176,N21000196,5,830.2691705514163,inf,inf,inf,830.2691705514163
N21000176,N21000197,2,6777.8435214900355,inf,inf,inf,6777.8435214900355
N21000176,N21000198,8,3645.9590842165553,inf,inf,inf,3645.9590842165553
N21000176,N21000202,1,3902.4738435239524,inf,inf,inf,3902.4738435239524
N21000176,N21000204,2,3066.4663487854327,inf,inf,inf,3066.4663487854327
N21000176,N21000212,1,3553.609411929975,inf,inf,inf,3553.609411929975
N21000176,N21000223,2,5519.15242378196,inf,inf,inf,5519.15242378196
N21000176,N21000224,1,6664.812898833735,inf,inf,inf,6664.812898833735
N21000176,N21000237,1,5849.591222196131,inf,inf,inf,5849.591222196131
N21000176,N21000240,5,5631.1571885833255,inf,inf,inf,5631.1571885833255
N21000176,N21000251,41,2004.0612870098885,inf,inf,inf,2004.0612870098885
N21000176,N21000252,8,2443.5535490704196,inf,inf,inf,2443.5535490704196
N21000176,N21000253,4,2498.8715514411947,inf,inf,inf,2498.8715514411947
N21000176,N21000254,1,3020.239014378515,inf,inf,inf,3020.239014378515
N21000176,N21000256,9,3315.820808807251,inf,inf,inf,3315.820808807251
N21000176,N21000261,1,3758.4207222420196,inf,inf,inf,3758.4207222420196
N21000176,N21000264,2,3893.279192519089,inf,inf,inf,3893.279192519089
N21000176,N21000265,2,4257.769398959191,inf,inf,inf,4257.769398959191
N21000176,N21000266,2,4236.022059332286,inf,inf,inf,4236.022059332286
N21000176,N21000267,3,4227.295094250108,inf,inf,inf,4227.295094250108
N21000176,N21000268,3,4859.540863327771,inf,inf,inf,4859.540863327771
N21000176,N21000274,8,6819.003974348615,inf,inf,inf,6819.003974348615
N21000176,N21000276,1,7732.633625192731,inf,inf,inf,7732.633625192731
N21000176,N21000279,1,7537.17326651578,inf,inf,inf,7537.17326651578
N21000176,N21000283,1,8398.969272933855,inf,inf,inf,8398.969272933855
N21000176,N21000303,1,3247.4553848824185,inf,inf,4992.197345627895,3247.4553848824185
N21000176,N21000309,2,5149.940340456714,inf,inf,inf,5149.940340456714
N21000176,N21000319,3,1889.3138557615353,inf,inf,2726.7050002496503,1889.3138557615353
N21000176,N21000322,9,1093.8438941881304,inf,inf,3031.4615693066385,1093.8438941881304
N21000176,N21000323,2,1881.3752298668292,inf,inf,2165.4037814295784,1881.3752298668292
N21000176,N21000325,2,1200.4397670465933,inf,inf,2776.1085055971776,1200.4397670465933
N21000176,N21000329,4,1568.947019092957,inf,inf,inf,1568.947019092957
N21000176,N21000331,3,2299.2864172976515,inf,inf,4071.4568353053087,2299.2864172976515
N21000176,N21000332,3,3804.875374910664,inf,inf,4251.248807738463,3804.875374910664
N21000176,N21000334,2,2443.38734158812,inf,inf,4897.097407818601,2443.38734158812
N21000176,N21000335,11,2935.2253088733582,inf,inf,4347.963296166533,2935.2253088733582
N21000177,N21000166,1,4220.95493279228,inf,inf,inf,4220.95493279228
N21000177,N21000167,1,2228.6964923132723,inf,inf,inf,2228.6964923132723
N21000177,N21000168,1,2814.0634683372987,inf,inf,inf,2814.0634683372987
N21000177,N21000172,2,2173.890903959928,inf,inf,inf,2173.890903959928
N21000177,N21000173,1,2764.841083401507,inf,inf,inf,2764.841083401507
N21000177,N21000174,1,2440.315556646353,inf,inf,inf,2440.315556646353
N21000177,N21000175,19,1042.9302290558571,inf,inf,inf,1042.9302290558571
N21000177,N21000181,4,4645.466010527519,inf,inf,inf,4645.466010527519
N21000177,N21000184,3,3460.3925374125683,inf,inf,inf,3460.3925374125683
N21000177,N21000186,4,3148.561625832496,inf,inf,inf,3148.561625832496
N21000177,N21000187,2,3225.9681059384175,inf,inf,inf,3225.9681059384175
N21000177,N21000188,1,2407.9169245421076,inf,inf,inf,2407.9169245421076
N21000177,N21000189,4,2777.583089628474,inf,inf,inf,2777.583089628474
N21000177,N21000190,1,2513.77579317794,inf,inf,inf,2513.77579317794
N21000177,N21000192,35,3790.2495574217046,inf,inf,inf,3790.2495574217046
N21000177,N21000193,3,2022.8075310565919,inf,inf,inf,2022.8075310565919
N21000177,N21000195,2,1217.091887054821,inf,inf,inf,1217.091887054821
N21000177,N21000196,7,1157.3569558841716,inf,inf,inf,1157.3569558841716
N21000177,N21000197,5,6346.995960440349,inf,inf,inf,6346.995960440349
N21000177,N21000198,5,3215.111523166869,inf,inf,inf,3215.111523166869
N21000177,N21000205,1,3761.4877947227046,inf,inf,inf,3761.4877947227046
N21000177,N21000216,1,4723.745217889992,inf,inf,inf,4723.745217889992
N21000177,N21000222,1,5655.960669460404,inf,inf,inf,5655.960669460404
N21000177,N21000240,2,5214.538491428977,inf,inf,inf,5214.538491428977
N21000177,N21000245,2,4566.016808946278,inf,inf,inf,4566.016808946278
N21000177,N21000251,47,1720.860872988042,inf,inf,inf,1720.860872988042
N21000177,N21000252,5,2068.330115113398,inf,inf,inf,2068.330115113398
N21000177,N21000253,6,2215.6711374193483,inf,inf,inf,2215.6711374193483
N21000177,N21000254,3,2715.6492084599145,inf,inf,inf,2715.6492084599145
N21000177,N21000256,1,3032.620394785405,inf,inf,inf,3032.620394785405
N21000177,N21000258,1,2768.237954208995,inf,inf,inf,2768.237954208995
N21000177,N21000261,2,3475.2203082201736,inf,inf,inf,3475.2203082201736
N21000177,N21000265,1,3974.5689849373434,inf,inf,inf,3974.5689849373434
N21000177,N21000266,1,3952.821645310441,inf,inf,inf,3952.821645310441
N21000177,N21000268,3,4870.871692851174,inf,inf,inf,4870.871692851174
N21000177,N21000270,3,4292.268521985485,inf,inf,inf,4292.268521985485
N21000177,N21000272,1,5541.778340581734,inf,inf,inf,5541.778340581734
N21000177,N21000273,1,5478.271841669454,inf,inf,inf,5478.271841669454
N21000177,N21000274,7,6535.80356032677,inf,inf,inf,6535.80356032677
N21000177,N21000293,1,9040.543755827104,inf,inf,inf,9040.543755827104
N21000177,N21000302,1,4034.196586358131,inf,inf,inf,4034.196586358131
N21000177,N21000303,3,3282.2481791571686,inf,inf,inf,3282.2481791571686
N21000177,N21000305,1,4331.605696033341,inf,inf,inf,4331.605696033341
N21000177,N21000307,1,5097.405429819379,inf,inf,inf,5097.405429819379
N21000177,N21000309,5,5184.733134731464,inf,inf,inf,5184.733134731464
N21000177,N21000318,1,5271.778212198902,inf,inf,inf,5271.778212198902
N21000177,N21000321,1,2747.9529719170437,inf,inf,inf,2747.9529719170437
N21000177,N21000322,4,1461.555834612943,inf,inf,inf,1461.555834612943
N21000177,N21000325,3,1486.2023116577834,inf,inf,inf,1486.2023116577834
N21000177,N21000326,1,4199.35470325157,inf,inf,inf,4199.35470325157
N21000177,N21000331,2,2334.079211572402,inf,inf,inf,2334.079211572402
N21000177,N21000332,3,4003.6265710345665,inf,inf,inf,4003.6265710345665
N21000177,N21000333,1,3050.457106370766,inf,inf,inf,3050.457106370766
N21000177,N21000335,10,2970.0181031481084,inf,inf,inf,2970.0181031481084
N21000178,N21000167,1,2172.6247398478727,inf,inf,inf,2172.6247398478727
N21000178,N21000170,2,2836.4415846479233,inf,inf,inf,2836.4415846479233
N21000178,N21000173,1,2110.8350149089433,inf,inf,inf,2110.8350149089433
N21000178,N21000174,1,1923.3545614812936,inf,inf,inf,1923.3545614812936
N21000178,N21000175,26,936.9542922893253,inf,inf,inf,936.9542922893253
N21000178,N21000181,1,4941.117688448271,inf,inf,inf,4941.117688448271
N21000178,N21000182,1,5961.929631387705,inf,inf,inf,5961.929631387705
N21000178,N21000184,2,3404.320784947169,inf,inf,inf,3404.320784947169
N21000178,N21000186,3,3574.401215747161,inf,inf,inf,3574.401215747161
N21000178,N21000188,3,2888.7775474383575,inf,inf,inf,2888.7775474383575
N21000178,N21000189,1,2721.511337163075,inf,inf,inf,2721.511337163075
N21000178,N21000190,3,2634.547540738899,inf,inf,inf,2634.547540738899
N21000178,N21000192,23,4202.208020482648,inf,inf,inf,4202.208020482648
N21000178,N21000194,1,2015.5404978698195,inf,inf,inf,2015.5404978698195
N21000178,N21000195,4,1697.9525099510715,inf,inf,inf,1697.9525099510715
N21000178,N21000196,5,1351.9676184196753,inf,inf,inf,1351.9676184196753
N21000178,N21000197,2,6121.9312471703315,inf,inf,inf,6121.9312471703315
N21000178,N21000198,9,2990.0468098968513,inf,inf,inf,2990.0468098968513
N21000178,N21000199,3,4713.031290769555,inf,inf,inf,4713.031290769555
N21000178,N21000205,1,3536.4230814526873,inf,inf,inf,3536.4230814526873
N21000178,N21000207,1,2903.78074622008,inf,inf,inf,2903.78074622008
N21000178,N21000208,2,3322.8997337318406,inf,inf,inf,3322.8997337318406
N21000178,N21000209,2,2503.8675423887944,inf,inf,inf,2503.8675423887944
N21000178,N21000213,1,3218.5584580080185,inf,inf,inf,3218.5584580080185
N21000178,N21000215,1,3496.4169842321207,inf,inf,inf,3496.4169842321207
N21000178,N21000221,1,7939.161090737257,inf,inf,inf,7939.161090737257
N21000178,N21000225,1,5352.657823492163,inf,inf,inf,5352.657823492163
N21000178,N21000237,2,5193.678947876425,inf,inf,inf,5193.678947876425
N21000178,N21000240,3,4975.2449142636215,inf,inf,inf,4975.2449142636215
N21000178,N21000243,2,4867.360836380304,inf,inf,inf,4867.360836380304
N21000178,N21000245,1,4214.694340545176,inf,inf,inf,4214.694340545176
N21000178,N21000251,68,1348.1490126901851,inf,inf,inf,1348.1490126901851
N21000178,N21000252,7,1787.6412747507159,inf,inf,inf,1787.6412747507159
N21000178,N21000253,3,1842.9592771214907,inf,inf,inf,1842.9592771214907
N21000178,N21000254,4,2364.326740058812,inf,inf,inf,2364.326740058812
N21000178,N21000255,1,3201.391805547075,inf,inf,inf,3201.391805547075
N21000178,N21000256,10,2659.908534487548,inf,inf,inf,2659.908534487548
N21000178,N21000258,5,2395.526093911138,inf,inf,inf,2395.526093911138
N21000178,N21000262,2,2987.4707976953637,inf,inf,inf,2987.4707976953637
N21000178,N21000263,3,3707.4631093464236,inf,inf,inf,3707.4631093464236
N21000178,N21000265,1,3601.857124639487,inf,inf,inf,3601.857124639487
N21000178,N21000266,1,3580.109785012584,inf,inf,inf,3580.109785012584
N21000178,N21000268,6,4498.159832553317,inf,inf,inf,4498.159832553317
N21000178,N21000269,1,3826.584497666804,inf,inf,inf,3826.584497666804
N21000178,N21000273,1,5105.559981371599,inf,inf,inf,5105.559981371599
N21000178,N21000274,2,6163.091700028914,inf,inf,inf,6163.091700028914
N21000178,N21000275,2,6079.0317859951265,inf,inf,inf,6079.0317859951265
N21000178,N21000278,1,6004.073424441932,inf,inf,inf,6004.073424441932
N21000178,N21000283,1,7743.056998614154,inf,inf,inf,7743.056998614154
N21000178,N21000288,2,7609.741180894486,inf,inf,inf,7609.741180894486
N21000178,N21000289,1,7355.950741949683,inf,inf,inf,7355.950741949683
N21000178,N21000295,1,9145.695597003685,inf,inf,inf,9145.695597003685
N21000178,N21000302,1,3661.4847260602733,inf,inf,inf,3661.4847260602733
N21000178,N21000307,3,4724.693569521521,inf,inf,inf,4724.693569521521
N21000178,N21000308,1,5413.104937807846,inf,inf,inf,5413.104937807846
N21000178,N21000309,3,4812.021274433605,inf,inf,inf,4812.021274433605
N21000178,N21000312,1,6537.360362770739,inf,inf,inf,6537.360362770739
N21000178,N21000319,1,1631.7696198839903,inf,inf,inf,1631.7696198839903
N21000178,N21000322,4,807.5497661203804,inf,inf,inf,807.5497661203804
N21000178,N21000326,1,3545.3486347590074,inf,inf,inf,3545.3486347590074
N21000178,N21000327,1,2432.340156703918,inf,inf,inf,2432.340156703918
N21000178,N21000329,2,913.0347447732529,inf,inf,inf,913.0347447732529
N21000178,N21000331,2,1961.3673512745445,inf,inf,inf,1961.3673512745445
N21000178,N21000332,1,3467.668031379816,inf,inf,inf,3467.668031379816
N21000178,N21000334,2,1837.360365006283,inf,inf,inf,1837.360365006283
N21000178,N21000335,11,2597.306242850251,inf,inf,inf,2597.306242850251
N21000179,N21000166,2,6410.577511593404,inf,inf,inf,6410.577511593404
N21000179,N21000167,4,5896.64001094524,inf,inf,6337.235144652945,5896.64001094524
N21000179,N21000168,1,6814.4640053897,inf,inf,7849.683207605845,6814.4640053897
N21000179,N21000172,1,6812.6950924079565,inf,inf,8295.46083918994,6812.6950924079565
N21000179,N21000173,1,7416.390647959253,inf,inf,inf,7416.390647959253
N21000179,N21000175,18,6890.458922769885,inf,inf,10249.882289367037,6890.458922769885
N21000179,N21000177,8,7435.429364625108,inf,inf,inf,7435.429364625108
N21000179,N21000178,4,7379.35761215971,inf,inf,inf,7379.35761215971
N21000179,N21000180,2,2775.093501264042,inf,inf,inf,2775.093501264042
N21000179,N21000181,8,3262.1428047170093,inf,inf,inf,3262.1428047170093
N21000179,N21000182,4,2557.63690127661,inf,2557.63690127661,2557.63690127661,2557.63690127661
N21000179,N21000184,3,3975.0368272125397,inf,inf,4153.365601316535,3975.0368272125397
N21000179,N21000186,4,4645.5736273878,inf,inf,4667.551586286503,4645.5736273878
N21000179,N21000187,3,4622.246580905764,inf,5946.006234753371,5893.220208047503,4622.246580905764
N21000179,N21000188,5,5423.617129151428,inf,inf,5445.595088050131,5423.617129151428
N21000179,N21000189,4,4984.6405999309745,inf,5098.616575268064,5098.616575268064,4984.6405999309745
N21000179,N21000190,3,5239.176024342495,inf,inf,5261.153983241197,5239.176024342495
N21000179,N21000191,2,5930.164358839328,inf,inf,6311.830106441253,5930.164358839328
N21000179,N21000192,49,6343.236713765985,inf,inf,6796.005793575497,6343.236713765985
N21000179,N21000193,2,5412.621833568516,inf,inf,5671.170606536902,5412.621833568516
N21000179,N21000194,1,6057.980656428255,inf,inf,6316.529429396641,6057.980656428255
N21000179,N21000195,4,6616.693207910653,inf,inf,6882.155969444576,6616.693207910653
N21000179,N21000196,5,6509.217557392756,inf,inf,inf,6509.217557392756
N21000179,N21000251,47,8727.32011074707,inf,inf,inf,8727.32011074707
N21000179,N21000252,10,9166.8123728076,inf,inf,inf,9166.8123728076
N21000179,N21000253,3,9222.130375178378,inf,inf,inf,9222.130375178378
N21000179,N21000316,1,7272.585626386353,inf,inf,inf,7272.585626386353
N21000179,N21000317,4,7494.55642783834,inf,inf,inf,7494.55642783834
N21000179,N21000321,1,7898.173704560851,inf,inf,9026.863787419825,7898.173704560851
N21000179,N21000322,1,7562.986857847138,inf,inf,10461.420746255566,7562.986857847138
N21000179,N21000323,2,8044.3317130499745,inf,inf,9405.691631683243,8044.3317130499745
N21000179,N21000324,1,8834.00090380434,inf,inf,9861.595309257329,8834.00090380434
N21000179,N21000325,5,7923.698590783773,inf,inf,10206.067682546107,7923.698590783773
N21000179,N21000328,1,8540.540324521588,inf,inf,9765.189726075507,8540.540324521588
N21000179,N21000329,3,8292.205842830137,inf,inf,inf,8292.205842830137
N21000179,N21000331,1,8790.290494980767,inf,inf,10572.610759358875,8790.290494980767
N21000179,N21000333,1,9084.856385883355,inf,inf,10376.623407714358,9084.856385883355
N21000179,N21000334,4,9013.025907758189,inf,inf,11398.251331872165,9013.025907758189
N21000179,N21000335,11,9426.229386556473,inf,inf,10849.1172202201,9426.229386556473
N21000180,N21000161,2,6189.196835355259,inf,inf,inf,6189.196835355259
N21000180,N21000163,1,4252.509725108101,inf,inf,inf,4252.509725108101
N21000180,N21000164,1,6142.51844303865,inf,inf,inf,6142.51844303865
N21000180,N21000165,2,4918.263730158461,inf,inf,inf,4918.263730158461
N21000180,N21000166,1,5249.266388997186,inf,inf,inf,5249.266388997186
N21000180,N21000167,3,4179.197601861326,inf,inf,inf,4179.197601861326
N21000180,N21000170,1,5434.7480333412295,inf,inf,inf,5434.7480333412295
N21000180,N21000171,1,4822.90421204312,inf,inf,inf,4822.90421204312
N21000180,N21000175,8,4838.488440354298,inf,inf,inf,4838.488440354298
N21000180,N21000177,4,5383.458882209521,inf,inf,inf,5383.458882209521
N21000180,N21000178,7,5327.387129744123,inf,inf,inf,5327.387129744123
N21000180,N21000179,3,2775.093501264043,inf,inf,inf,2775.093501264043
N21000180,N21000181,12,1210.1723223014221,inf,inf,inf,1210.1723223014221
N21000180,N21000182,3,2681.2153644649648,inf,inf,inf,2681.2153644649648
N21000180,N21000184,3,1923.0663447969525,inf,inf,inf,1923.0663447969525
N21000180,N21000186,5,2593.6031449722127,inf,inf,inf,2593.6031449722127
N21000180,N21000188,3,3147.660646812839,inf,inf,inf,3147.660646812839
N21000180,N21000189,2,2932.6701175153876,inf,inf,inf,2932.6701175153876
N21000180,N21000190,6,3187.205541926908,inf,inf,inf,3187.205541926908
N21000180,N21000192,50,3987.4341319109253,inf,inf,inf,3987.4341319109253
N21000180,N21000193,4,3360.6513511529292,inf,inf,inf,3360.6513511529292
N21000180,N21000194,3,4006.0101740126656,inf,inf,inf,4006.0101740126656
N21000180,N21000195,3,4327.038910437081,inf,inf,inf,4327.038910437081
N21000180,N21000196,8,4457.247074977169,inf,inf,inf,4457.247074977169
N21000180,N21000198,17,8087.059851867372,inf,inf,inf,8087.059851867372
N21000180,N21000203,1,9233.121205480684,inf,inf,inf,9233.121205480684
N21000180,N21000204,1,7507.567116436243,inf,inf,inf,7507.567116436243
N21000180,N21000209,1,7620.872193470211,inf,inf,inf,7620.872193470211
N21000180,N21000213,2,8335.563109089439,inf,inf,inf,8335.563109089439
N21000180,N21000216,2,9601.456291806055,inf,inf,inf,9601.456291806055
N21000180,N21000245,1,9541.894956186474,inf,inf,inf,9541.894956186474
N21000180,N21000251,44,6675.349628331482,inf,inf,inf,6675.349628331482
N21000180,N21000252,18,6965.66648604652,inf,inf,inf,6965.66648604652
N21000180,N21000253,6,7170.159892762787,inf,inf,inf,7170.159892762787
N21000180,N21000254,5,7691.527355700109,inf,inf,inf,7691.527355700109
N21000180,N21000256,7,7987.109150128844,inf,inf,inf,7987.109150128844
N21000180,N21000259,2,8095.759297815049,inf,inf,inf,8095.759297815049
N21000180,N21000261,1,8429.709063563614,inf,inf,inf,8429.709063563614
N21000180,N21000263,2,8868.682382308049,inf,inf,inf,8868.682382308049
N21000180,N21000264,2,8564.567533840685,inf,inf,inf,8564.567533840685
N21000180,N21000265,1,8929.057740280788,inf,inf,inf,8929.057740280788
N21000180,N21000267,2,8898.583435571703,inf,inf,inf,8898.583435571703
N21000180,N21000268,14,9298.574458595294,inf,inf,inf,9298.574458595294
N21000180,N21000270,4,9246.757277328928,inf,inf,inf,9246.757277328928
N21000180,N21000303,1,7686.488980149947,inf,inf,inf,7686.488980149947
N21000180,N21000307,3,9501.646230812152,inf,inf,inf,9501.646230812152
N21000180,N21000309,2,9588.973935724234,inf,inf,inf,9588.973935724234
N21000180,N21000317,1,5777.114018754426,inf,inf,inf,5777.114018754426
N21000180,N21000318,1,8102.562355214955,inf,inf,inf,8102.562355214955
N21000180,N21000322,2,5511.016375431551,inf,inf,inf,5511.016375431551
N21000180,N21000323,1,6073.120502719217,inf,inf,inf,6073.120502719217
N21000180,N21000324,2,7116.558494720427,inf,inf,inf,7116.558494720427
N21000180,N21000325,5,5871.728108368186,inf,inf,inf,5871.728108368186
N21000180,N21000327,1,6750.748190734435,inf,inf,inf,6750.748190734435
N21000180,N21000329,3,6240.235360414551,inf,inf,inf,6240.235360414551
N21000180,N21000331,3,6738.32001256518,inf,inf,inf,6738.32001256518
N21000180,N21000332,2,8033.68304906423,inf,inf,inf,8033.68304906423
N21000180,N21000335,21,7374.258904140886,inf,inf,inf,7374.258904140886
N21000181,N21000161,1,5802.927394059408,inf,inf,inf,5802.927394059408
N21000181,N21000164,1,5756.249001742801,inf,inf,inf,5756.249001742801
N21000181,N21000165,2,4531.994288862611,inf,inf,inf,4531.994288862611
N21000181,N21000167,1,3792.928160565475,inf,inf,inf,3792.928160565475
N21000181,N21000170,1,5048.478592045378,inf,inf,inf,5048.478592045378
N21000181,N21000172,1,4708.983242028193,inf,inf,inf,4708.983242028193
N21000181,N21000174,3,4995.7200400256625,inf,inf,inf,4995.7200400256625
N21000181,N21000175,6,4452.218999058447,inf,inf,inf,4452.218999058447
N21000181,N21000176,4,4608.294386569607,inf,inf,inf,4608.294386569607
N21000181,N21000177,7,4645.466010527518,inf,inf,inf,4645.466010527518
N21000181,N21000178,5,4941.117688448271,inf,inf,inf,4941.117688448271
N21000181,N21000179,5,3262.142804717009,inf,inf,inf,3262.142804717009
N21000181,N21000180,1,1210.1723223014221,inf,inf,inf,1210.1723223014221
N21000181,N21000182,3,2294.9459231691135,inf,inf,inf,2294.9459231691135
N21000181,N21000183,1,1508.589378290384,inf,inf,inf,1508.589378290384
N21000181,N21000184,3,1536.7969035011015,inf,inf,inf,1536.7969035011015
N21000181,N21000186,6,2207.3337036763614,inf,inf,inf,2207.3337036763614
N21000181,N21000187,1,2925.671210772444,inf,inf,inf,2925.671210772444
N21000181,N21000188,6,2401.7243357851694,inf,inf,inf,2401.7243357851694
N21000181,N21000189,5,2546.4006762195363,inf,inf,inf,2546.4006762195363
N21000181,N21000192,22,3241.4978208832563,inf,inf,inf,3241.4978208832563
N21000181,N21000194,1,3619.7407327168144,inf,inf,inf,3619.7407327168144
N21000181,N21000195,4,3581.102599409411,inf,inf,inf,3581.102599409411
N21000181,N21000196,2,4070.9776336813197,inf,inf,inf,4070.9776336813197
N21000181,N21000198,11,7341.123540839706,inf,inf,inf,7341.123540839706
N21000181,N21000204,1,6761.630805408577,inf,inf,inf,6761.630805408577
N21000181,N21000206,1,8488.388164273196,inf,inf,inf,8488.388164273196
N21000181,N21000215,1,7867.4853242858735,inf,inf,inf,7867.4853242858735
N21000181,N21000216,1,8855.519980778387,inf,inf,inf,8855.519980778387
N21000181,N21000223,1,9214.316880405111,inf,inf,inf,9214.316880405111
N21000181,N21000226,3,9133.552143953282,inf,inf,inf,9133.552143953282
N21000181,N21000240,1,9346.313254317367,inf,inf,inf,9346.313254317367
N21000181,N21000251,51,6149.051115683475,inf,inf,inf,6149.051115683475
N21000181,N21000252,7,6219.7301750188535,inf,inf,inf,6219.7301750188535
N21000181,N21000253,5,6643.86138011478,inf,inf,inf,6643.86138011478
N21000181,N21000254,1,6977.654189437702,inf,inf,inf,6977.654189437702
N21000181,N21000256,8,7460.810637480837,inf,inf,inf,7460.810637480837
N21000181,N21000258,4,7196.42819690443,inf,inf,inf,7196.42819690443
N21000181,N21000259,3,7536.314431216917,inf,inf,inf,7536.314431216917
N21000181,N21000264,2,8038.269021192678,inf,inf,inf,8038.269021192678
N21000181,N21000266,2,8381.011888005876,inf,inf,inf,8381.011888005876
N21000181,N21000267,2,8184.710269309295,inf,inf,inf,8184.710269309295
N21000181,N21000268,15,8912.305017299444,inf,inf,inf,8912.305017299444
N21000181,N21000270,1,8720.458764680921,inf,inf,inf,8720.458764680921
N21000181,N21000271,1,8944.979239295702,inf,inf,inf,8944.979239295702
N21000181,N21000303,1,7300.219538854095,inf,inf,inf,7300.219538854095
N21000181,N21000307,1,9115.3767895163,inf,inf,inf,9115.3767895163
N21000181,N21000309,3,9202.704494428383,inf,inf,inf,9202.704494428383
N21000181,N21000321,1,5794.461854181085,inf,inf,inf,5794.461854181085
N21000181,N21000322,2,5124.746934135699,inf,inf,inf,5124.746934135699
N21000181,N21000325,4,5485.458667072335,inf,inf,inf,5485.458667072335
N21000181,N21000327,2,6364.478749438584,inf,inf,inf,6364.478749438584
N21000181,N21000329,4,5713.936847766543,inf,inf,inf,5713.936847766543
N21000181,N21000331,1,6352.050571269328,inf,inf,inf,6352.050571269328
N21000181,N21000332,3,7647.413607768378,inf,inf,inf,7647.413607768378
N21000181,N21000335,12,6987.989462845035,inf,inf,inf,6987.989462845035
N21000182,N21000161,2,4478.151634605714,inf,inf,inf,4478.151634605714
N21000182,N21000164,3,4765.936101640948,inf,inf,inf,4765.936101640948
N21000182,N21000165,3,3739.2719946564866,inf,inf,4081.627145463353,3739.2719946564866
N21000182,N21000166,1,3872.6840475994863,inf,inf,inf,3872.6840475994863
N21000182,N21000167,2,4474.271694831094,inf,inf,4951.029737033349,4474.271694831094
N21000182,N21000173,2,5102.188912641924,inf,inf,inf,5102.188912641924
N21000182,N21000175,20,5473.030941997879,inf,inf,7711.988825373122,5473.030941997879
N21000182,N21000176,1,5629.10632950904,inf,inf,8164.755411404322,5629.10632950904
N21000182,N21000178,12,5961.929631387704,inf,inf,inf,5961.929631387704
N21000182,N21000180,1,2681.2153644649648,inf,inf,inf,2681.2153644649648
N21000182,N21000181,1,2294.9459231691135,inf,inf,inf,2294.9459231691135
N21000182,N21000184,6,2601.546774509161,inf,inf,2767.160193696942,2601.546774509161
N21000182,N21000186,6,3272.083574684421,inf,inf,3281.3461786669104,3272.083574684421
N21000182,N21000187,3,3084.383147994933,3408.1127707594515,3408.1127707594515,3355.3267440535833,3084.383147994933
N21000182,N21000188,3,4050.1270764480505,inf,inf,4059.38968043054,4050.1270764480505
N21000182,N21000189,5,3611.150547227596,inf,3712.4111676484695,3712.4111676484695,3611.150547227596
N21000182,N21000192,28,5400.537781973414,inf,inf,5409.800385955904,5400.537781973414
N21000182,N21000193,1,4039.1317808651374,inf,inf,4284.965198917308,4039.1317808651374
N21000182,N21000194,2,4684.490603724876,inf,inf,4930.324021777047,4684.490603724876
N21000182,N21000195,11,5243.203155207272,inf,inf,5495.950561824982,5243.203155207272
N21000182,N21000196,5,5091.78957662075,inf,inf,inf,5091.78957662075
N21000182,N21000198,14,8951.789927181726,inf,inf,inf,8951.789927181726
N21000182,N21000202,2,9208.304686489124,inf,inf,inf,9208.304686489124
N21000182,N21000205,1,9498.166198737565,inf,inf,inf,9498.166198737565
N21000182,N21000208,1,9284.642851016713,inf,inf,inf,9284.642851016713
N21000182,N21000215,2,9458.160101516996,inf,inf,inf,9458.160101516996
N21000182,N21000251,44,7309.892129975064,inf,inf,inf,7309.892129975064
N21000182,N21000252,19,7749.384392035597,inf,inf,inf,7749.384392035597
N21000182,N21000253,9,7804.702394406369,inf,inf,inf,7804.702394406369
N21000182,N21000254,1,8326.069857343691,inf,inf,inf,8326.069857343691
N21000182,N21000256,9,8621.651651772427,inf,inf,inf,8621.651651772427
N21000182,N21000258,2,8357.269211196019,inf,inf,inf,8357.269211196019
N21000182,N21000259,2,8730.30179945863,inf,inf,inf,8730.30179945863
N21000182,N21000261,1,9064.251565207198,inf,inf,inf,9064.251565207198
N21000182,N21000264,1,9199.110035484267,inf,inf,inf,9199.110035484267
N21000182,N21000265,4,9563.600241924369,inf,inf,inf,9563.600241924369
N21000182,N21000301,1,7904.505791292813,inf,inf,12506.976022901064,7904.505791292813
N21000182,N21000303,1,7795.403986050942,inf,inf,8955.457805687542,7795.403986050942
N21000182,N21000305,2,8826.132354784075,inf,inf,11213.325382792727,8826.132354784075
N21000182,N21000307,1,9591.932088570109,inf,inf,inf,9591.932088570109
N21000182,N21000316,2,4788.863744982324,inf,inf,inf,4788.863744982324
N21000182,N21000317,1,5052.390782205564,inf,inf,inf,5052.390782205564
N21000182,N21000319,1,5539.955552438822,inf,inf,6012.160237112911,5539.955552438822
N21000182,N21000325,3,6405.510106711512,inf,inf,7668.174218552187,6405.510106711512
N21000182,N21000329,3,6874.777862058132,inf,inf,inf,6874.777862058132
N21000182,N21000331,2,7089.644055682066,inf,inf,8034.717295364958,7089.644055682066
N21000182,N21000335,27,7625.893984177116,inf,inf,8311.223756226183,7625.893984177116
N21000183,N21000161,1,5503.055537084708,inf,inf,inf,5503.055537084708
N21000183,N21000165,1,4115.239799415175,inf,inf,inf,4115.239799415175
N21000183,N21000166,2,4446.242458253902,inf,inf,inf,4446.242458253902
N21000183,N21000172,1,4201.842271837478,inf,inf,inf,4201.842271837478
N21000183,N21000175,5,3892.3431100614885,inf,inf,inf,3892.3431100614885
N21000183,N21000177,5,3603.284295675388,inf,inf,inf,3603.284295675388
N21000183,N21000178,1,4084.144918571639,inf,inf,inf,4084.144918571639
N21000183,N21000180,1,2254.5256893180535,inf,inf,inf,2254.5256893180535
N21000183,N21000181,4,1508.589378290384,inf,inf,inf,1508.589378290384
N21000183,N21000182,3,3395.9510186527386,inf,inf,inf,3395.9510186527386
N21000183,N21000186,18,1241.1193431529996,inf,inf,inf,1241.1193431529996
N21000183,N21000187,1,2508.916721325008,inf,inf,inf,2508.916721325008
N21000183,N21000188,10,1359.5426209330392,inf,inf,inf,1359.5426209330392
N21000183,N21000190,4,2030.580655618543,inf,inf,inf,2030.580655618543
N21000183,N21000191,2,1813.688701879622,inf,inf,inf,1813.688701879622
N21000183,N21000192,55,2199.3161060311254,inf,inf,inf,2199.3161060311254
N21000183,N21000193,3,2414.50602086012,inf,inf,inf,2414.50602086012
N21000183,N21000194,1,2865.3954762771245,inf,inf,inf,2865.3954762771245
N21000183,N21000195,10,2538.920884557281,inf,inf,inf,2538.920884557281
N21000183,N21000196,5,3261.6445209261074,inf,inf,inf,3261.6445209261074
N21000183,N21000197,4,9430.826263261053,inf,inf,inf,9430.826263261053
N21000183,N21000198,9,6298.941825987576,inf,inf,inf,6298.941825987576
N21000183,N21000203,3,7445.003179600882,inf,inf,inf,7445.003179600882
N21000183,N21000205,1,6845.318097543406,inf,inf,inf,6845.318097543406
N21000183,N21000208,1,6631.794749822563,inf,inf,inf,6631.794749822563
N21000183,N21000209,2,5832.754167590414,inf,inf,inf,5832.754167590414
N21000183,N21000213,1,6547.445083209638,inf,inf,inf,6547.445083209638
N21000183,N21000223,2,8172.135165552976,inf,inf,inf,8172.135165552976
N21000183,N21000225,2,8661.55283958288,inf,inf,inf,8661.55283958288
N21000183,N21000236,1,7476.992795152474,inf,inf,inf,7476.992795152474
N21000183,N21000237,1,8502.573963967146,inf,inf,inf,8502.573963967146
N21000183,N21000240,6,8304.131539465237,inf,inf,inf,8304.131539465237
N21000183,N21000251,41,5106.869400831347,inf,inf,inf,5106.869400831347
N21000183,N21000252,12,5177.548460166723,inf,inf,inf,5177.548460166723
N21000183,N21000253,7,5601.679665262653,inf,inf,inf,5601.679665262653
N21000183,N21000254,3,5935.472474585574,inf,inf,inf,5935.472474585574
N21000183,N21000256,6,6418.628922628709,inf,inf,inf,6418.628922628709
N21000183,N21000257,1,7243.456782499258,inf,inf,inf,7243.456782499258
N21000183,N21000258,3,6154.246482052302,inf,inf,inf,6154.246482052302
N21000183,N21000260,1,7196.665181962813,inf,inf,inf,7196.665181962813
N21000183,N21000261,2,6861.22883606348,inf,inf,inf,6861.22883606348
N21000183,N21000264,8,6996.087306340551,inf,inf,inf,6996.087306340551
N21000183,N21000265,1,7360.577512780654,inf,inf,inf,7360.577512780654
N21000183,N21000266,1,7338.830173153747,inf,inf,inf,7338.830173153747
N21000183,N21000268,7,8256.880220694475,inf,inf,inf,8256.880220694475
N21000183,N21000270,2,7678.277049828795,inf,inf,inf,7678.277049828795
N21000183,N21000271,1,7902.797524443573,inf,inf,inf,7902.797524443573
N21000183,N21000302,1,7420.205114201437,inf,inf,inf,7420.205114201437
N21000183,N21000303,2,6668.2567070004725,inf,inf,inf,6668.2567070004725
N21000183,N21000316,1,5175.4797422099455,inf,inf,inf,5175.4797422099455
N21000183,N21000317,1,4974.090088011139,inf,inf,inf,4974.090088011139
N21000183,N21000318,1,7299.538424471671,inf,inf,inf,7299.538424471671
N21000183,N21000319,1,4883.35988351488,inf,inf,inf,4883.35988351488
N21000183,N21000322,1,4564.871045138741,inf,inf,inf,4564.871045138741
N21000183,N21000323,4,5126.975172426407,inf,inf,inf,5126.975172426407
N21000183,N21000325,2,4854.896476339376,inf,inf,inf,4854.896476339376
N21000183,N21000327,1,5947.724259991148,inf,inf,inf,5947.724259991148
N21000183,N21000329,3,4671.755132914415,inf,inf,inf,4671.755132914415
N21000183,N21000332,2,7143.941185674767,inf,inf,inf,7143.941185674767
N21000183,N21000335,11,6356.026630991412,inf,inf,inf,6356.026630991412
N21000184,N21000163,1,2329.4433803111488,inf,inf,inf,2329.4433803111488
N21000184,N21000165,3,2995.197385361508,inf,inf,4649.062638121756,2995.197385361508
N21000184,N21000170,1,3511.681688544276,inf,inf,5874.515629978226,3511.681688544276
N21000184,N21000171,1,2899.8378672461668,inf,inf,inf,2899.8378672461668
N21000184,N21000174,1,3458.9231365245614,inf,inf,6260.740843122144,3458.9231365245614
N21000184,N21000175,15,2915.4220955573446,inf,inf,8279.424318031526,2915.4220955573446
N21000184,N21000177,3,3460.392537412568,inf,inf,inf,3460.392537412568
N21000184,N21000178,5,3404.3207849471687,inf,inf,inf,3404.3207849471687
N21000184,N21000179,1,3975.0368272125397,inf,inf,4153.365601316535,3975.0368272125397
N21000184,N21000181,6,1536.7969035011017,inf,inf,inf,1536.7969035011017
N21000184,N21000182,7,2601.5467745091614,inf,inf,2767.1601936969414,2601.5467745091614
N21000184,N21000187,3,1388.8743072713416,inf,inf,3922.762236711986,1388.8743072713416
N21000184,N21000188,1,1448.5803019388895,inf,inf,1448.5803019388895,1448.5803019388895
N21000184,N21000189,4,1009.6037727184353,inf,inf,2411.678022574822,1009.6037727184353
N21000184,N21000190,4,1264.1391971299545,1270.682232606805,1270.682232606805,1264.1391971299545,1264.1391971299545
N21000184,N21000192,24,2798.9910074642544,inf,inf,2798.9910074642544,2798.9910074642544
N21000184,N21000193,3,1437.5850063559762,inf,inf,1764.2388415772123,1437.5850063559762
N21000184,N21000194,1,2082.9438292157133,inf,inf,2409.597664436949,2082.9438292157133
N21000184,N21000195,7,2641.6563806981103,inf,inf,2975.2242044848836,2641.6563806981103
N21000184,N21000196,4,2534.180730180218,inf,inf,inf,2534.180730180218
N21000184,N21000197,2,9526.065518014675,inf,inf,inf,9526.065518014675
N21000184,N21000198,8,6394.181080741197,inf,inf,inf,6394.181080741197
N21000184,N21000204,1,5814.688345310067,inf,inf,inf,5814.688345310067
N21000184,N21000209,1,5908.00181323314,inf,inf,inf,5908.00181323314
N21000184,N21000211,1,7740.19267263326,inf,inf,inf,7740.19267263326
N21000184,N21000213,1,6622.692728852364,inf,inf,inf,6622.692728852364
N21000184,N21000225,1,8756.792094336502,inf,inf,inf,8756.792094336502
N21000184,N21000240,2,8379.379185107964,inf,inf,inf,8379.379185107964
N21000184,N21000241,1,7758.308985484264,inf,inf,inf,7758.308985484264
N21000184,N21000248,2,8827.87086796653,inf,inf,inf,8827.87086796653
N21000184,N21000251,44,4752.283283534527,inf,inf,inf,4752.283283534527
N21000184,N21000252,18,5191.775545595063,inf,inf,inf,5191.775545595063
N21000184,N21000253,10,5247.093547965833,inf,inf,inf,5247.093547965833
N21000184,N21000254,3,5768.461010903156,inf,inf,inf,5768.461010903156
N21000184,N21000256,10,6064.042805331889,inf,inf,inf,6064.042805331889
N21000184,N21000258,1,5799.660364755482,inf,inf,inf,5799.660364755482
N21000184,N21000259,1,6172.692953018094,inf,inf,inf,6172.692953018094
N21000184,N21000260,1,6842.079064665993,inf,inf,inf,6842.079064665993
N21000184,N21000264,6,6641.501189043731,inf,inf,inf,6641.501189043731
N21000184,N21000265,3,7005.991395483834,inf,inf,inf,7005.991395483834
N21000184,N21000266,1,6984.244055856927,inf,inf,inf,6984.244055856927
N21000184,N21000268,6,7375.508113798345,inf,inf,inf,7375.508113798345
N21000184,N21000270,2,7323.690932531975,inf,inf,inf,7323.690932531975
N21000184,N21000271,2,7548.211407146753,inf,inf,inf,7548.211407146753
N21000184,N21000274,5,9411.436733752731,inf,inf,inf,9411.436733752731
N21000184,N21000277,1,9152.61989589409,inf,inf,inf,9152.61989589409
N21000184,N21000301,1,6648.2981230686,inf,inf,13074.411515559468,6648.2981230686
N21000184,N21000303,3,5763.422635352992,inf,inf,9522.893298345945,5763.422635352992
N21000184,N21000307,1,7578.579886015201,inf,inf,inf,7578.579886015201
N21000184,N21000308,3,8266.991254301527,inf,inf,inf,8266.991254301527
N21000184,N21000309,2,7665.907590927286,inf,inf,inf,7665.907590927286
N21000184,N21000315,1,8816.782880750094,inf,inf,inf,8816.782880750094
N21000184,N21000317,1,3854.0476739574738,inf,inf,inf,3854.0476739574738
N21000184,N21000319,1,3906.438869010736,inf,inf,6579.595729771315,3906.438869010736
N21000184,N21000323,1,4150.054157922263,inf,inf,7435.233660347727,4150.054157922263
N21000184,N21000324,1,5193.492149923474,inf,inf,7891.137337921818,5193.492149923474
N21000184,N21000325,3,3948.6617635712337,inf,inf,8235.60971121059,3948.6617635712337
N21000184,N21000329,1,4317.169015617597,inf,inf,inf,4317.169015617597
N21000184,N21000331,1,4815.253667768226,inf,inf,8602.152788023363,4815.253667768226
N21000184,N21000332,2,6110.616704267279,inf,inf,8781.944760456516,6110.616704267279
N21000184,N21000335,20,5451.192559343932,inf,inf,8878.659248884587,5451.192559343932
N21000185,N21000161,8,2843.906532781703,inf,inf,inf,2843.906532781703
N21000185,N21000162,2,1042.4324730358921,1171.377325355694,1171.377325355694,1171.377325355694,1042.4324730358921
N21000185,N21000163,3,927.5050507699214,inf,inf,inf,927.5050507699214
N21000185,N21000164,1,2817.51376870047,inf,inf,inf,2817.51376870047
N21000185,N21000165,14,1593.2590558202812,inf,inf,2372.1774996576355,1593.2590558202812
N21000185,N21000166,4,1924.2617146590078,inf,inf,inf,1924.2617146590078
N21000185,N21000167,2,2344.0137687201413,inf,inf,4471.851367819683,2344.0137687201413
N21000185,N21000168,2,2693.572120101631,inf,inf,3602.340097806208,2693.572120101631
N21000185,N21000169,1,2399.577220348264,inf,inf,3180.213445148317,2399.577220348264
N21000185,N21000170,3,2217.15179945418,inf,inf,3597.6304915141072,2217.15179945418
N21000185,N21000171,6,3018.4508371213587,inf,inf,inf,3018.4508371213587
N21000185,N21000172,1,2719.550305920469,inf,inf,4048.117729390302,2719.550305920469
N21000185,N21000174,4,3002.613835542251,inf,inf,3983.8557046580204,3002.613835542251
N21000185,N21000175,21,3342.773015886927,inf,inf,6002.539179567407,3342.773015886927
N21000185,N21000177,5,3887.7434577421504,inf,inf,inf,3887.7434577421504
N21000185,N21000178,6,3831.6717052767513,inf,inf,inf,3831.6717052767513
N21000185,N21000179,1,4619.0866277713,inf,4960.501260185121,4960.501260185121,4619.0866277713
N21000185,N21000181,3,2959.0208612777033,inf,inf,inf,2959.0208612777033
N21000185,N21000182,1,2422.607796191199,2422.607796191199,2422.607796191199,2422.607796191199,2422.607796191199
N21000185,N21000184,3,1604.795142723674,inf,inf,2990.0432888496016,1604.795142723674
N21000185,N21000186,5,2036.0617822830384,inf,inf,3504.22927381957,2036.0617822830384
N21000185,N21000188,2,2814.1052840466677,inf,inf,4282.2727755832,2814.1052840466677
N21000185,N21000189,11,1551.2924688337118,inf,3233.2327984348017,3233.2327984348017,1551.2924688337118
N21000185,N21000190,8,2261.931834830203,inf,inf,4097.831670774266,2261.931834830203
N21000185,N21000192,65,4164.515989572033,inf,inf,5632.683481108564,4164.515989572033
N21000185,N21000193,5,2064.9749208894896,inf,inf,3805.7868297036403,2064.9749208894896
N21000185,N21000194,2,2664.814122700552,inf,inf,4451.1456525633785,2664.814122700552
N21000185,N21000195,12,3230.440662748487,inf,inf,5016.772192611314,3230.440662748487
N21000185,N21000196,5,2961.5316505098003,inf,inf,inf,2961.5316505098003
N21000185,N21000198,18,6821.532001070778,inf,inf,inf,6821.532001070778
N21000185,N21000200,1,8079.624316674572,inf,inf,inf,8079.624316674572
N21000185,N21000201,1,7437.471759612981,inf,inf,inf,7437.471759612981
N21000185,N21000202,1,7078.046760378173,inf,inf,inf,7078.046760378173
N21000185,N21000203,1,7967.593354684085,inf,inf,inf,7967.593354684085
N21000185,N21000206,1,7968.796624504265,inf,inf,inf,7968.796624504265
N21000185,N21000207,1,6735.265937394006,inf,inf,inf,6735.265937394006
N21000185,N21000208,1,7154.384924905767,inf,inf,inf,7154.384924905767
N21000185,N21000209,1,6335.352733562721,inf,inf,inf,6335.352733562721
N21000185,N21000210,1,7868.911255428913,inf,inf,inf,7868.911255428913
N21000185,N21000217,1,7040.836387172104,inf,inf,inf,7040.836387172104
N21000185,N21000225,1,9184.143014666088,inf,inf,inf,9184.143014666088
N21000185,N21000237,2,9025.16413905035,inf,inf,inf,9025.16413905035
N21000185,N21000239,2,7757.604576481429,inf,inf,inf,7757.604576481429
N21000185,N21000240,8,8806.730105437544,inf,inf,inf,8806.730105437544
N21000185,N21000241,1,8185.659905813846,inf,inf,inf,8185.659905813846
N21000185,N21000249,1,8516.586037570318,inf,inf,inf,8516.586037570318
N21000185,N21000251,70,5179.6342038641105,inf,inf,inf,5179.6342038641105
N21000185,N21000252,24,5619.126465924644,inf,inf,inf,5619.126465924644
N21000185,N21000253,10,5674.444468295416,inf,inf,inf,5674.444468295416
N21000185,N21000254,4,6195.811931232739,inf,inf,inf,6195.811931232739
N21000185,N21000256,22,6491.393725661473,inf,inf,inf,6491.393725661473
N21000185,N21000258,8,6227.0112850850655,inf,inf,inf,6227.0112850850655
N21000185,N21000259,1,6600.043873347678,inf,inf,inf,6600.043873347678
N21000185,N21000261,2,6933.993639096244,inf,inf,inf,6933.993639096244
N21000185,N21000264,10,7068.852109373314,inf,inf,inf,7068.852109373314
N21000185,N21000265,5,7433.342315813417,inf,inf,inf,7433.342315813417
N21000185,N21000268,17,7414.844792264257,inf,inf,inf,7414.844792264257
N21000185,N21000270,2,7751.041852861558,inf,inf,inf,7751.041852861558
N21000185,N21000271,1,7975.562327476337,inf,inf,inf,7975.562327476337
N21000185,N21000273,2,8937.045172545528,inf,inf,inf,8937.045172545528
N21000185,N21000274,6,9450.773412218643,inf,inf,inf,9450.773412218643
N21000185,N21000303,1,5660.03923968367,inf,inf,7246.008159881831,5660.03923968367
N21000185,N21000308,2,7655.274387093808,inf,inf,inf,7655.274387093808
N21000185,N21000309,3,7543.8950471149265,inf,inf,inf,7543.8950471149265
N21000185,N21000310,1,8854.176076560023,inf,inf,inf,8854.176076560023
N21000185,N21000317,2,2917.0260358382943,inf,inf,inf,2917.0260358382943
N21000185,N21000318,1,4777.5576808767755,inf,inf,inf,4777.5576808767755
N21000185,N21000319,1,3393.942613602618,inf,inf,4302.7105913071955,3393.942613602618
N21000185,N21000321,2,3549.864969582093,inf,inf,4779.520677620196,3549.864969582093
N21000185,N21000322,5,3719.6133696791353,inf,inf,6214.077636455932,3719.6133696791353
N21000185,N21000323,3,3879.2161853252383,inf,inf,5158.348521883608,3879.2161853252383
N21000185,N21000324,7,4321.937098492971,inf,inf,5614.252199457699,4321.937098492971
N21000185,N21000325,13,4259.497167875306,inf,inf,5958.724572746471,4259.497167875306
N21000185,N21000327,2,4269.410524232806,inf,inf,5211.843049798192,4269.410524232806
N21000185,N21000328,1,4477.30195179959,inf,inf,5517.846616275874,4477.30195179959
N21000185,N21000329,9,4744.51993594718,inf,inf,inf,4744.51993594718
N21000185,N21000331,4,4943.63111684586,inf,inf,6325.267649559243,4943.63111684586
N21000185,N21000332,8,5330.025416841243,inf,inf,6505.059621992397,5330.025416841243
N21000185,N21000335,32,5490.529237809843,inf,inf,6601.774110420469,5490.529237809843
N21000186,N21000161,2,4855.7418896534855,inf,inf,inf,4855.7418896534855
N21000186,N21000165,1,3335.0055843294995,inf,inf,5163.248623091726,3335.0055843294995
N21000186,N21000166,1,3757.466683759601,inf,inf,inf,3757.466683759601
N21000186,N21000167,1,2587.522121388598,inf,inf,2902.592932965087,2587.522121388598
N21000186,N21000169,2,3425.6555065027105,inf,inf,5971.284568582406,3425.6555065027105
N21000186,N21000171,2,3069.918298046159,inf,inf,inf,3069.918298046159
N21000186,N21000173,2,4107.272758402611,inf,inf,inf,4107.272758402611
N21000186,N21000175,9,3085.5025263573375,inf,inf,8793.610303001495,3085.5025263573375
N21000186,N21000177,9,3148.561625832495,inf,inf,inf,3148.561625832495
N21000186,N21000178,8,3574.4012157471616,inf,inf,inf,3574.4012157471616
N21000186,N21000179,1,4645.5736273878,inf,inf,4667.551586286505,4645.5736273878
N21000186,N21000181,5,2207.3337036763614,inf,inf,inf,2207.3337036763614
N21000186,N21000182,2,3272.083574684422,inf,inf,3281.3461786669104,3272.083574684422
N21000186,N21000183,1,1241.1193431529994,inf,inf,inf,1241.1193431529994
N21000186,N21000187,4,1820.1409468307063,inf,inf,4436.948221681955,1820.1409468307063
N21000186,N21000188,18,852.4188023488289,inf,inf,852.4188023488289,852.4188023488289
N21000186,N21000189,10,1426.7781737053024,inf,inf,2371.27889735926,1426.7781737053024
N21000186,N21000190,11,1223.7400719143925,1275.5900749476923,1270.4124919794754,1223.7400719143925,1223.7400719143925
N21000186,N21000191,4,1358.9660320367284,inf,inf,1736.416047842501,1358.9660320367284
N21000186,N21000192,70,2128.454207288994,inf,inf,2128.454207288994,2128.454207288994
N21000186,N21000193,4,1607.6654371559691,inf,inf,1723.8397163616503,1607.6654371559691
N21000186,N21000194,2,1985.6743016250334,inf,inf,2369.198539221387,1985.6743016250334
N21000186,N21000195,12,2084.1982147143876,inf,inf,2934.8250792693216,2084.1982147143876
N21000186,N21000196,6,2704.26116098021,inf,inf,inf,2704.26116098021
N21000186,N21000197,12,8976.10359341816,inf,inf,inf,8976.10359341816
N21000186,N21000198,16,5844.2191561446825,inf,inf,inf,5844.2191561446825
N21000186,N21000200,1,7102.311471748477,inf,inf,inf,7102.311471748477
N21000186,N21000201,1,6460.158914686886,inf,inf,inf,6460.158914686886
N21000186,N21000204,3,5264.726420713553,inf,inf,inf,5264.726420713553
N21000186,N21000205,3,6390.595427700513,inf,inf,inf,6390.595427700513
N21000186,N21000208,2,6177.07207997967,inf,inf,inf,6177.07207997967
N21000186,N21000209,3,5378.031497747521,inf,inf,inf,5378.031497747521
N21000186,N21000216,2,7358.615596083365,inf,inf,inf,7358.615596083365
N21000186,N21000219,3,9477.824177674924,inf,inf,inf,9477.824177674924
N21000186,N21000220,2,9407.325838249095,inf,inf,inf,9407.325838249095
N21000186,N21000222,1,8285.06830243821,inf,inf,inf,8285.06830243821
N21000186,N21000224,2,8863.072970761856,inf,inf,inf,8863.072970761856
N21000186,N21000225,1,8206.830169739987,inf,inf,inf,8206.830169739987
N21000186,N21000226,2,7636.647759258256,inf,inf,inf,7636.647759258256
N21000186,N21000233,1,8925.646488988357,inf,inf,inf,8925.646488988357
N21000186,N21000237,1,8047.8512941242525,inf,inf,inf,8047.8512941242525
N21000186,N21000240,3,7849.408869622344,inf,inf,inf,7849.408869622344
N21000186,N21000241,4,7448.605892601272,inf,inf,inf,7448.605892601272
N21000186,N21000248,1,8540.159661806056,inf,inf,inf,8540.159661806056
N21000186,N21000251,61,4652.146730988452,inf,inf,inf,4652.146730988452
N21000186,N21000252,17,4722.82579032383,inf,inf,inf,4722.82579032383
N21000186,N21000253,10,5146.956995419758,inf,inf,inf,5146.956995419758
N21000186,N21000254,6,5480.749804742681,inf,inf,inf,5480.749804742681
N21000186,N21000256,11,5963.906252785814,inf,inf,inf,5963.906252785814
N21000186,N21000258,6,5699.523812209407,inf,inf,inf,5699.523812209407
N21000186,N21000264,3,6541.364636497656,inf,inf,inf,6541.364636497656
N21000186,N21000265,6,6905.854842937759,inf,inf,inf,6905.854842937759
N21000186,N21000267,1,6687.805884614273,inf,inf,inf,6687.805884614273
N21000186,N21000268,10,7545.588544598339,inf,inf,inf,7545.588544598339
N21000186,N21000270,2,7223.5543799859,inf,inf,inf,7223.5543799859
N21000186,N21000272,3,8473.064198582151,inf,inf,inf,8473.064198582151
N21000186,N21000273,1,8409.55769966987,inf,inf,inf,8409.55769966987
N21000186,N21000274,6,9467.089418327181,inf,inf,inf,9467.089418327181
N21000186,N21000275,1,9383.02950429339,inf,inf,inf,9383.02950429339
N21000186,N21000277,2,9052.483343348014,inf,inf,inf,9052.483343348014
N21000186,N21000278,1,9308.071142740202,inf,inf,inf,9308.071142740202
N21000186,N21000303,1,5933.503066152985,inf,inf,10037.079283315916,5933.503066152985
N21000186,N21000306,1,7558.1757226304435,inf,inf,12301.36942660364,7558.1757226304435
N21000186,N21000308,3,8437.07168510152,inf,inf,inf,8437.07168510152
N21000186,N21000309,3,7835.988021727279,inf,inf,inf,7835.988021727279
N21000186,N21000311,3,9010.945478601076,inf,inf,inf,9010.945478601076
N21000186,N21000316,1,4486.7039677156445,inf,inf,inf,4486.7039677156445
N21000186,N21000319,2,4076.5192998107286,inf,inf,7093.781714741284,4076.5192998107286
N21000186,N21000322,3,3758.030461434591,inf,inf,9005.148759890018,3758.030461434591
N21000186,N21000323,1,4320.134588722255,inf,inf,7949.419645317696,4320.134588722255
N21000186,N21000324,1,5524.883014247699,inf,inf,8405.323322891789,5524.883014247699
N21000186,N21000325,9,4118.742194371227,inf,inf,8749.79569618056,4118.742194371227
N21000186,N21000326,4,5564.7569724646555,inf,inf,inf,5564.7569724646555
N21000186,N21000327,1,5159.072710261709,inf,inf,8002.9141732322805,5159.072710261709
N21000186,N21000329,5,4217.032463071522,inf,inf,inf,4217.032463071522
N21000186,N21000332,2,6337.100601970617,inf,inf,9296.13074542649,6337.100601970617
N21000186,N21000333,1,5670.831529705826,inf,inf,8920.351421348816,5670.831529705826
N21000186,N21000334,3,5141.358083304553,inf,inf,9941.979345506623,5141.358083304553
N21000186,N21000335,28,5621.272990143925,inf,inf,9392.845233854558,5621.272990143925
N21000187,N21000161,1,3481.4554591741803,inf,inf,inf,3481.4554591741803
N21000187,N21000164,1,3240.26118777207,inf,inf,inf,3240.26118777207
N21000187,N21000165,1,2016.0064748918815,inf,inf,3338.892213704519,2016.0064748918815
N21000187,N21000167,3,1682.2384169164068,inf,inf,5404.570315682067,1682.2384169164068
N21000187,N21000168,3,2600.062411360866,inf,inf,4569.054811853092,2600.062411360866
N21000187,N21000169,2,2520.37180203052,inf,inf,4146.9281591952,2520.37180203052
N21000187,N21000170,3,2639.8992185257807,inf,inf,4564.3452055609905,2639.8992185257807
N21000187,N21000171,4,2664.4343550563,inf,inf,inf,2664.4343550563
N21000187,N21000172,1,2598.2934983791265,inf,inf,5014.832443437187,2598.2934983791265
N21000187,N21000173,2,3201.9890539304192,inf,inf,inf,3201.9890539304192
N21000187,N21000174,2,2885.030296376595,inf,inf,4950.570418704907,2885.030296376595
N21000187,N21000175,28,2680.9976640831937,inf,inf,6969.253893614289,2680.9976640831937
N21000187,N21000177,4,3225.968105938417,inf,inf,inf,3225.968105938417
N21000187,N21000178,9,3169.8963534730174,inf,inf,inf,3169.8963534730174
N21000187,N21000179,2,4622.246580905764,inf,5946.006234753374,5893.220208047505,4622.246580905764
N21000187,N21000181,10,2925.6712107724434,inf,inf,inf,2925.6712107724434
N21000187,N21000182,5,3084.383147994933,3408.1127707594515,3408.1127707594515,3355.326744053583,3084.383147994933
N21000187,N21000184,5,1388.874307271342,inf,inf,3922.7622367119857,1388.874307271342
N21000187,N21000186,3,1820.1409468307063,inf,inf,4436.948221681955,1820.1409468307063
N21000187,N21000188,5,2332.278094518797,inf,inf,5214.991723445583,2332.278094518797
N21000187,N21000189,16,889.5171170299775,inf,4218.737773003055,4165.951746297186,889.5171170299775
N21000187,N21000190,1,1600.1564830264692,inf,inf,5030.550618636648,1600.1564830264692
N21000187,N21000192,48,3861.324922303721,inf,inf,6565.402428970948,3861.324922303721
N21000187,N21000193,15,1403.1995690857552,inf,inf,4738.505777566024,1403.1995690857552
N21000187,N21000194,5,2003.0387708968192,inf,inf,5383.8646004257635,2003.0387708968192
N21000187,N21000195,4,2568.665310944754,inf,inf,5949.491140473699,2568.665310944754
N21000187,N21000196,11,2299.756298706066,inf,inf,inf,2299.756298706066
N21000187,N21000197,5,9291.641086540527,inf,inf,inf,9291.641086540527
N21000187,N21000198,14,6159.756649267047,inf,inf,inf,6159.756649267047
N21000187,N21000203,2,7305.818002880354,inf,inf,inf,7305.818002880354
N21000187,N21000204,1,5580.263913835917,inf,inf,inf,5580.263913835917
N21000187,N21000205,2,6706.132920822878,inf,inf,inf,6706.132920822878
N21000187,N21000206,1,7307.021272700534,inf,inf,inf,7307.021272700534
N21000187,N21000207,1,6073.490585590273,inf,inf,inf,6073.490585590273
N21000187,N21000208,1,6492.609573102035,inf,inf,inf,6492.609573102035
N21000187,N21000224,3,9178.610463884217,inf,inf,inf,9178.610463884217
N21000187,N21000226,1,7952.185252380621,inf,inf,inf,7952.185252380621
N21000187,N21000232,1,9135.105764219948,inf,inf,inf,9135.105764219948
N21000187,N21000237,5,8363.388787246617,inf,inf,inf,8363.388787246617
N21000187,N21000238,1,6872.057009423754,inf,inf,inf,6872.057009423754
N21000187,N21000240,3,8144.954753633812,inf,inf,inf,8144.954753633812
N21000187,N21000245,1,7384.404179915368,inf,inf,inf,7384.404179915368
N21000187,N21000249,1,7854.810685766583,inf,inf,inf,7854.810685766583
N21000187,N21000251,83,4517.858852060377,inf,inf,inf,4517.858852060377
N21000187,N21000252,19,4957.351114120909,inf,inf,inf,4957.351114120909
N21000187,N21000253,12,5012.669116491683,inf,inf,inf,5012.669116491683
N21000187,N21000254,4,5534.036579429005,inf,inf,inf,5534.036579429005
N21000187,N21000256,18,5829.618373857739,inf,inf,inf,5829.618373857739
N21000187,N21000258,6,5565.235933281332,inf,inf,inf,5565.235933281332
N21000187,N21000261,2,6272.2182872925105,inf,inf,inf,6272.2182872925105
N21000187,N21000262,1,6157.180637065559,inf,inf,inf,6157.180637065559
N21000187,N21000263,2,6877.172948716616,inf,inf,inf,6877.172948716616
N21000187,N21000264,6,6407.076757569581,inf,inf,inf,6407.076757569581
N21000187,N21000265,3,6771.566964009684,inf,inf,inf,6771.566964009684
N21000187,N21000267,2,6741.092659300597,inf,inf,inf,6741.092659300597
N21000187,N21000268,8,7141.083682324195,inf,inf,inf,7141.083682324195
N21000187,N21000270,2,7089.266501057825,inf,inf,inf,7089.266501057825
N21000187,N21000274,12,9177.01230227858,inf,inf,inf,9177.01230227858
N21000187,N21000275,3,9248.741625365314,inf,inf,inf,9248.741625365314
N21000187,N21000277,2,8918.195464419938,inf,inf,inf,8918.195464419938
N21000187,N21000278,1,9173.783263812127,inf,inf,inf,9173.783263812127
N21000187,N21000302,1,6221.571927356589,inf,inf,8998.281500657411,6221.571927356589
N21000187,N21000303,4,5528.998203878841,inf,inf,8212.722873928713,5528.998203878841
N21000187,N21000305,2,6578.355720755013,inf,inf,10470.590451033897,6578.355720755013
N21000187,N21000306,1,7039.018094048814,inf,inf,10477.013017216437,7039.018094048814
N21000187,N21000308,2,7960.5386250889,inf,inf,inf,7960.5386250889
N21000187,N21000309,7,7431.483159453134,inf,inf,inf,7431.483159453134
N21000187,N21000310,2,8846.933323557936,inf,inf,inf,8846.933323557936
N21000187,N21000311,3,8606.440616326934,inf,inf,inf,8606.440616326934
N21000187,N21000315,2,8582.35844927594,inf,inf,inf,8582.35844927594
N21000187,N21000317,2,3280.1548338095076,inf,inf,inf,3280.1548338095076
N21000187,N21000322,1,3353.5255991604467,inf,inf,7180.792350502815,3353.5255991604467
N21000187,N21000323,1,3829.930119021142,inf,inf,6125.06323593049,3829.930119021142
N21000187,N21000324,1,4619.599309775506,inf,inf,6580.9669135045815,4619.599309775506
N21000187,N21000325,5,3714.237332097083,inf,inf,6925.439286793353,3714.237332097083
N21000187,N21000327,2,4253.789005789518,inf,inf,6178.557763845074,4253.789005789518
N21000187,N21000329,9,4082.7445841434455,inf,inf,inf,4082.7445841434455
N21000187,N21000331,2,4580.829236294075,inf,inf,7291.982363606126,4580.829236294075
N21000187,N21000332,3,5536.723864119313,inf,inf,7471.77433603928,5536.723864119313
N21000187,N21000334,3,4803.564649071502,inf,inf,8117.622936119417,4803.564649071502
N21000187,N21000335,31,5216.768127869781,inf,inf,7568.488824467351,5216.768127869781
N21000188,N21000161,1,5633.785391417115,inf,inf,inf,5633.785391417115
N21000188,N21000162,1,3653.6809439001136,inf,inf,4740.491950553412,3653.6809439001136
N21000188,N21000164,1,5387.274976909413,inf,inf,inf,5387.274976909413
N21000188,N21000165,1,3349.427685247945,inf,inf,5941.292124855355,3349.427685247945
N21000188,N21000167,1,2601.9442223070437,inf,inf,2917.0150338835338,2601.9442223070437
N21000188,N21000169,1,3440.0776074211567,inf,inf,6749.328070346035,3440.0776074211567
N21000188,N21000174,1,3696.160587049243,inf,inf,7552.970329855742,3696.160587049243
N21000188,N21000175,11,2803.4557651526657,inf,inf,9571.653804765121,2803.4557651526657
N21000188,N21000177,8,2407.9169245421062,inf,inf,inf,2407.9169245421062
N21000188,N21000178,1,2888.777547438357,inf,inf,inf,2888.777547438357
N21000188,N21000179,1,5423.617129151428,inf,inf,5445.595088050135,5423.617129151428
N21000188,N21000180,1,3147.6606468128393,inf,inf,inf,3147.6606468128393
N21000188,N21000181,5,2401.72433578517,inf,inf,inf,2401.72433578517
N21000188,N21000182,2,4050.1270764480514,inf,inf,4059.3896804305396,4050.1270764480514
N21000188,N21000184,2,1448.5803019388895,inf,inf,1448.5803019388895,1448.5803019388895
N21000188,N21000186,6,852.4188023488288,inf,inf,852.4188023488288,852.4188023488288
N21000188,N21000187,2,2332.278094518797,inf,inf,5214.991723445583,2332.278094518797
N21000188,N21000189,5,1591.052206704897,inf,inf,2385.7009982777063,1591.052206704897
N21000188,N21000190,8,1238.1621728328387,inf,inf,1238.1621728328387,1238.1621728328387
N21000188,N21000192,55,1853.9371486727769,inf,inf,2980.873009637823,1853.9371486727769
N21000188,N21000193,2,1622.0875380744153,inf,inf,1738.2618172800965,1622.0875380744153
N21000188,N21000194,1,1670.0281051438424,inf,inf,2383.620640139833,1670.0281051438424
N21000188,N21000195,14,1343.553513423999,inf,inf,2949.2471801877678,1343.553513423999
N21000188,N21000196,3,2066.277149792825,inf,inf,inf,2066.277149792825
N21000188,N21000197,4,8235.458892127772,inf,inf,inf,8235.458892127772
N21000188,N21000198,18,5103.5744548542925,inf,inf,inf,5103.5744548542925
N21000188,N21000199,1,6826.558935726996,inf,inf,inf,6826.558935726996
N21000188,N21000202,2,5360.089214161689,inf,inf,inf,5360.089214161689
N21000188,N21000203,1,6249.6358084676,inf,inf,inf,6249.6358084676
N21000188,N21000205,1,5649.950726410125,inf,inf,inf,5649.950726410125
N21000188,N21000208,3,5436.427378689282,inf,inf,inf,5436.427378689282
N21000188,N21000209,1,4637.386796457133,inf,inf,inf,4637.386796457133
N21000188,N21000216,1,6617.970894792977,inf,inf,inf,6617.970894792977
N21000188,N21000219,1,8737.179476384537,inf,inf,inf,8737.179476384537
N21000188,N21000220,1,8666.681136958709,inf,inf,inf,8666.681136958709
N21000188,N21000223,1,6976.767794419695,inf,inf,inf,6976.767794419695
N21000188,N21000231,1,9337.999382125894,inf,inf,inf,9337.999382125894
N21000188,N21000237,2,7307.206592833864,inf,inf,inf,7307.206592833864
N21000188,N21000240,1,7108.764168331956,inf,inf,inf,7108.764168331956
N21000188,N21000241,1,6707.961191310884,inf,inf,inf,6707.961191310884
N21000188,N21000244,1,7791.346915725651,inf,inf,inf,7791.346915725651
N21000188,N21000249,1,7060.879209789871,inf,inf,inf,7060.879209789871
N21000188,N21000251,62,3911.5020296980647,inf,inf,inf,3911.5020296980647
N21000188,N21000252,13,3982.181089033439,inf,inf,inf,3982.181089033439
N21000188,N21000253,6,4406.312294129371,inf,inf,inf,4406.312294129371
N21000188,N21000254,3,4740.1051034522925,inf,inf,inf,4740.1051034522925
N21000188,N21000256,8,5223.261551495428,inf,inf,inf,5223.261551495428
N21000188,N21000258,6,4958.879110919021,inf,inf,inf,4958.879110919021
N21000188,N21000260,1,6001.297810829532,inf,inf,inf,6001.297810829532
N21000188,N21000261,1,5665.861464930199,inf,inf,inf,5665.861464930199
N21000188,N21000263,2,5885.196985294971,inf,inf,inf,5885.196985294971
N21000188,N21000264,4,5800.719935207269,inf,inf,inf,5800.719935207269
N21000188,N21000265,2,6165.210141647372,inf,inf,inf,6165.210141647372
N21000188,N21000266,3,6143.4628020204655,inf,inf,inf,6143.4628020204655
N21000188,N21000268,9,7061.512849561193,inf,inf,inf,7061.512849561193
N21000188,N21000270,1,6482.909678695513,inf,inf,inf,6482.909678695513
N21000188,N21000271,2,6707.430153310292,inf,inf,inf,6707.430153310292
N21000188,N21000273,1,7668.912998379482,inf,inf,inf,7668.912998379482
N21000188,N21000274,3,8726.444717036793,inf,inf,inf,8726.444717036793
N21000188,N21000277,2,8311.838642057626,inf,inf,inf,8311.838642057626
N21000188,N21000279,1,9444.614009203959,inf,inf,inf,9444.614009203959
N21000188,N21000303,3,5472.889335867191,inf,inf,10815.122785079542,5472.889335867191
N21000188,N21000305,1,6522.246852743363,inf,inf,13072.990362184728,6522.246852743363
N21000188,N21000308,2,7976.457954815725,inf,inf,inf,7976.457954815725
N21000188,N21000309,6,7375.374291441484,inf,inf,inf,7375.374291441484
N21000188,N21000310,1,8790.824455546286,inf,inf,inf,8790.824455546286
N21000188,N21000315,1,8526.24958126429,inf,inf,inf,8526.24958126429
N21000188,N21000318,3,6651.6025823304335,inf,inf,inf,6651.6025823304335
N21000188,N21000319,1,4090.9414007291753,inf,inf,7871.825216504913,4090.9414007291753
N21000188,N21000322,1,3601.350282331022,inf,inf,9783.19226165365,3601.350282331022
N21000188,N21000323,4,4334.556689640701,inf,inf,8727.463147081327,4334.556689640701
N21000188,N21000324,2,5539.305115166145,inf,inf,9183.366824655413,5539.305115166145
N21000188,N21000325,6,3659.5291052060957,inf,inf,9527.839197944191,3659.5291052060957
N21000188,N21000326,3,5579.179073383101,inf,inf,inf,5579.179073383101
N21000188,N21000327,2,5158.93985306869,inf,inf,8780.957674995905,5158.93985306869
N21000188,N21000331,1,4524.720368282425,inf,inf,9894.38227475696,4524.720368282425
N21000188,N21000332,2,6194.267727744586,inf,inf,10074.174247190116,6194.267727744586
N21000188,N21000335,16,5160.659259858131,inf,inf,10170.888735618184,5160.659259858131
N21000189,N21000161,2,4370.972576204158,inf,inf,inf,4370.972576204158
N21000189,N21000164,1,4129.778304802048,inf,inf,inf,4129.778304802048
N21000189,N21000165,2,2190.809224824198,inf,inf,4892.252147706958,2190.809224824198
N21000189,N21000166,3,3236.5262507605867,inf,inf,inf,3236.5262507605867
N21000189,N21000167,5,1443.3257618832956,inf,inf,1609.1162462540726,1443.3257618832956
N21000189,N21000168,2,2361.1497563277553,inf,inf,6122.414745855531,2361.1497563277553
N21000189,N21000170,1,2698.8761933631995,inf,inf,6117.705139563427,2698.8761933631995
N21000189,N21000171,2,2217.028419462072,inf,inf,inf,2217.028419462072
N21000189,N21000172,1,2359.3808433460154,inf,inf,6568.1923774396255,2359.3808433460154
N21000189,N21000175,12,2232.6126477732505,inf,inf,8522.613827616728,2232.6126477732505
N21000189,N21000177,6,2777.5830896284738,inf,inf,inf,2777.5830896284738
N21000189,N21000178,6,2721.511337163074,inf,inf,inf,2721.511337163074
N21000189,N21000179,1,4984.6405999309745,inf,5098.616575268065,5098.616575268065,4984.6405999309745
N21000189,N21000181,3,2546.400676219536,inf,inf,inf,2546.400676219536
N21000189,N21000182,2,3611.150547227597,inf,3712.41116764847,3712.41116764847,3611.150547227597
N21000189,N21000184,9,1009.6037727184352,inf,inf,2411.678022574822,1009.6037727184352
N21000189,N21000186,2,1426.7781737053022,inf,inf,2371.27889735926,1426.7781737053022
N21000189,N21000187,2,889.5171170299775,inf,4218.737773003057,4165.951746297187,889.5171170299775
N21000189,N21000188,4,1591.052206704897,inf,inf,2385.7009982777063,1591.052206704897
N21000189,N21000190,4,858.9305952125688,inf,inf,1359.845096935272,858.9305952125688
N21000189,N21000192,30,3120.099034489821,inf,inf,4499.733104648253,3120.099034489821
N21000189,N21000194,1,1400.1343814316187,inf,inf,1588.4105309977672,1400.1343814316187
N21000189,N21000195,7,1965.7609214795536,inf,inf,2154.0370710457023,1965.7609214795536
N21000189,N21000196,1,1851.371282396123,inf,inf,inf,1851.371282396123
N21000189,N21000197,6,8843.256070230584,inf,inf,inf,8843.256070230584
N21000189,N21000198,15,5711.371632957103,inf,inf,inf,5711.371632957103
N21000189,N21000202,1,5967.886392264498,inf,inf,inf,5967.886392264498
N21000189,N21000203,2,6857.43298657041,inf,inf,inf,6857.43298657041
N21000189,N21000205,3,6257.747904512935,inf,inf,inf,6257.747904512935
N21000189,N21000209,2,5225.192365449045,inf,inf,inf,5225.192365449045
N21000189,N21000219,1,9344.976654487346,inf,inf,inf,9344.976654487346
N21000189,N21000237,4,7915.003770936674,inf,inf,inf,7915.003770936674
N21000189,N21000240,2,7696.569737323869,inf,inf,inf,7696.569737323869
N21000189,N21000245,1,6936.019163605426,inf,inf,inf,6936.019163605426
N21000189,N21000248,1,8145.061420182436,inf,inf,inf,8145.061420182436
N21000189,N21000249,2,7406.425669456641,inf,inf,inf,7406.425669456641
N21000189,N21000251,65,4069.4738357504343,inf,inf,inf,4069.4738357504343
N21000189,N21000252,18,4508.966097810965,inf,inf,inf,4508.966097810965
N21000189,N21000253,4,4564.28410018174,inf,inf,inf,4564.28410018174
N21000189,N21000254,4,5085.651563119062,inf,inf,inf,5085.651563119062
N21000189,N21000256,8,5381.233357547796,inf,inf,inf,5381.233357547796
N21000189,N21000258,6,5116.850916971389,inf,inf,inf,5116.850916971389
N21000189,N21000259,2,5489.883505234001,inf,inf,inf,5489.883505234001
N21000189,N21000261,1,5823.833270982567,inf,inf,inf,5823.833270982567
N21000189,N21000262,1,5708.795620755616,inf,inf,inf,5708.795620755616
N21000189,N21000263,1,6428.7879324066735,inf,inf,inf,6428.7879324066735
N21000189,N21000264,9,5958.691741259638,inf,inf,inf,5958.691741259638
N21000189,N21000265,2,6323.181947699741,inf,inf,inf,6323.181947699741
N21000189,N21000268,6,6692.698666014254,inf,inf,inf,6692.698666014254
N21000189,N21000270,2,6640.881484747882,inf,inf,inf,6640.881484747882
N21000189,N21000273,1,7826.88480443185,inf,inf,inf,7826.88480443185
N21000189,N21000274,2,8728.627285968643,inf,inf,inf,8728.627285968643
N21000189,N21000275,2,8800.356609055374,inf,inf,inf,8800.356609055374
N21000189,N21000279,2,9602.585815256325,inf,inf,inf,9602.585815256325
N21000189,N21000301,3,5835.492627887521,inf,inf,13317.601025144668,5835.492627887521
N21000189,N21000303,1,5080.6131875689,inf,inf,9766.082807931145,5080.6131875689
N21000189,N21000308,2,7584.181806517434,inf,inf,inf,7584.181806517434
N21000189,N21000309,4,6983.098143143193,inf,inf,inf,6983.098143143193
N21000189,N21000310,1,8398.548307247991,inf,inf,inf,8398.548307247991
N21000189,N21000314,1,9444.32338926643,inf,inf,inf,9444.32338926643
N21000189,N21000316,1,3965.7635347166292,inf,inf,inf,3965.7635347166292
N21000189,N21000317,1,3041.2421787763965,inf,inf,inf,3041.2421787763965
N21000189,N21000319,3,3105.743892265411,inf,inf,6822.785239356516,3105.743892265411
N21000189,N21000325,2,3265.8523157871396,inf,inf,8478.79922079579,3265.8523157871396
N21000189,N21000326,3,4420.5606129593525,inf,inf,inf,4420.5606129593525
N21000189,N21000327,1,4014.8763507564067,inf,inf,7731.917697847512,4014.8763507564067
N21000189,N21000329,6,3634.3595678335023,inf,inf,inf,3634.3595678335023
N21000189,N21000331,4,4132.444219984133,inf,inf,8845.342297608564,4132.444219984133
N21000189,N21000333,1,4631.542136821412,inf,inf,8649.354945964045,4631.542136821412
N21000189,N21000335,15,4768.38311155984,inf,inf,9121.848758469787,4768.38311155984
N21000190,N21000167,3,1742.0978986668622,inf,inf,1891.1591325410984,1742.0978986668622
N21000190,N21000168,1,2659.9218931113214,inf,inf,6987.013618194992,2659.9218931113214
N21000190,N21000169,1,2580.2312837809754,inf,inf,6564.886965537099,2580.2312837809754
N21000190,N21000170,2,2997.648330146765,inf,inf,6982.304011902888,2997.648330146765
N21000190,N21000172,1,2455.148013125066,inf,inf,7432.791249779087,2455.148013125066
N21000190,N21000175,9,2145.648851349076,inf,inf,9387.212699956186,2145.648851349076
N21000190,N21000176,1,2301.7242388602367,inf,inf,9839.979285987383,2301.7242388602367
N21000190,N21000177,4,2513.7757931779397,inf,inf,inf,2513.7757931779397
N21000190,N21000178,2,2634.547540738899,inf,inf,inf,2634.547540738899
N21000190,N21000181,2,2800.9361006310555,inf,inf,inf,2800.9361006310555
N21000190,N21000184,1,1264.1391971299543,1270.682232606805,1270.682232606805,1264.1391971299543,1264.1391971299543
N21000190,N21000186,4,1223.740071914392,1275.590074947692,1270.4124919794751,1223.740071914392,1223.740071914392
N21000190,N21000188,6,1238.162172832838,inf,inf,1238.162172832838,1238.162172832838
N21000190,N21000189,4,858.9305952125687,inf,inf,1359.8450969352723,858.9305952125687
N21000190,N21000191,1,1002.5359516197939,inf,inf,1117.394331839358,1002.5359516197939
N21000190,N21000192,18,2767.2090006177623,inf,inf,3352.194279203387,2767.2090006177623
N21000190,N21000195,5,1377.5171835681565,inf,inf,1878.7971250553785,1377.5171835681565
N21000190,N21000196,2,1764.4074859719478,inf,inf,inf,1764.4074859719478
N21000190,N21000197,4,8401.284290116915,inf,inf,inf,8401.284290116915
N21000190,N21000198,4,5269.399852843435,inf,inf,inf,5269.399852843435
N21000190,N21000208,1,5602.252776678425,inf,inf,inf,5602.252776678425
N21000190,N21000210,1,6316.779107201572,inf,inf,inf,6316.779107201572
N21000190,N21000215,1,5795.761636289603,inf,inf,inf,5795.761636289603
N21000190,N21000216,1,6783.796292782118,inf,inf,inf,6783.796292782118
N21000190,N21000231,2,9503.82478011504,inf,inf,inf,9503.82478011504
N21000190,N21000240,1,7274.589566321098,inf,inf,inf,7274.589566321098
N21000190,N21000245,2,6756.298101927799,inf,inf,inf,6756.298101927799
N21000190,N21000251,32,3982.510039326259,inf,inf,inf,3982.510039326259
N21000190,N21000252,11,4148.0064870225815,inf,inf,inf,4148.0064870225815
N21000190,N21000253,10,4477.320303757566,inf,inf,inf,4477.320303757566
N21000190,N21000254,2,4905.930501441435,inf,inf,inf,4905.930501441435
N21000190,N21000256,7,5294.269561123622,inf,inf,inf,5294.269561123622
N21000190,N21000258,4,5029.887120547215,inf,inf,inf,5029.887120547215
N21000190,N21000259,2,5402.919708809827,inf,inf,inf,5402.919708809827
N21000190,N21000261,1,5736.869474558393,inf,inf,inf,5736.869474558393
N21000190,N21000264,1,5871.727944835464,inf,inf,inf,5871.727944835464
N21000190,N21000265,1,6236.218151275567,inf,inf,inf,6236.218151275567
N21000190,N21000268,4,6605.734869590078,inf,inf,inf,6605.734869590078
N21000190,N21000272,1,7803.4275069199575,inf,inf,inf,7803.4275069199575
N21000190,N21000274,1,8641.663489544468,inf,inf,inf,8641.663489544468
N21000190,N21000278,1,8638.434451078008,inf,inf,inf,8638.434451078008
N21000190,N21000286,2,8923.920767099242,inf,inf,inf,8923.920767099242
N21000190,N21000289,1,9440.063814235102,inf,inf,inf,9440.063814235102
N21000190,N21000303,2,4993.649391144725,inf,inf,10630.681680270609,4993.649391144725
N21000190,N21000308,2,7497.218010093259,inf,inf,inf,7497.218010093259
N21000190,N21000309,2,6896.134346719019,inf,inf,inf,6896.134346719019
N21000190,N21000310,1,8311.584510823817,inf,inf,inf,8311.584510823817
N21000190,N21000315,1,8047.009636541827,inf,inf,inf,8047.009636541827
N21000190,N21000316,1,4292.136671531214,inf,inf,inf,4292.136671531214
N21000190,N21000317,1,3340.014315559963,inf,inf,inf,3340.014315559963
N21000190,N21000323,4,3380.280913713994,inf,inf,8543.02204227239,3380.280913713994
N21000190,N21000325,1,3178.888519362964,inf,inf,9343.398093135254,3178.888519362964
N21000190,N21000329,1,3547.395771409327,inf,inf,inf,3547.395771409327
N21000190,N21000332,1,5397.246926962354,inf,inf,9889.733142381183,5397.246926962354
N21000190,N21000334,1,4268.215836337385,inf,inf,10535.581742461316,4268.215836337385
N21000190,N21000335,11,4681.419315135665,inf,inf,9986.44763080925,4681.419315135665
N21000191,N21000161,1,5820.459917675026,inf,inf,inf,5820.459917675026
N21000191,N21000163,2,3615.2489989275555,inf,inf,inf,3615.2489989275555
N21000191,N21000165,2,3210.6173914233377,inf,inf,6702.302845070618,3210.6173914233377
N21000191,N21000166,2,4355.2126290433425,inf,inf,inf,4355.2126290433425
N21000191,N21000170,1,3718.684359962339,inf,inf,7927.755836927087,3718.684359962339
N21000191,N21000174,1,3194.674700471125,inf,inf,8313.981050071005,3194.674700471125
N21000191,N21000175,1,2344.5608317098568,inf,inf,10332.664524980384,2344.5608317098568
N21000191,N21000177,8,1949.021991099297,inf,inf,inf,1949.021991099297
N21000191,N21000178,3,2429.882613995548,inf,inf,inf,2429.882613995548
N21000191,N21000181,4,2855.8704167317537,inf,inf,inf,2855.8704167317537
N21000191,N21000184,1,1955.1275316267893,inf,inf,2314.815320330009,1955.1275316267893
N21000191,N21000185,1,3000.77981030458,inf,inf,5043.283495798464,3000.77981030458
N21000191,N21000186,1,1358.9660320367286,inf,inf,1736.4160478425008,1358.9660320367286
N21000191,N21000189,2,1597.7785706869458,inf,inf,2180.548374232854,1597.7785706869458
N21000191,N21000190,7,1002.5359516197943,inf,inf,1117.3943318393578,1002.5359516197943
N21000191,N21000192,56,2308.0832296193603,inf,inf,3864.8702551314955,2308.0832296193603
N21000191,N21000193,1,1120.6016514962976,inf,inf,1478.124727463625,1120.6016514962976
N21000191,N21000194,2,1064.3936770846112,inf,inf,2123.483550323362,1064.3936770846112
N21000191,N21000195,14,884.6585799811899,inf,inf,2689.110090371297,884.6585799811899
N21000191,N21000196,2,1607.3822163500165,inf,inf,inf,1607.3822163500165
N21000191,N21000197,6,7776.563958684962,inf,inf,inf,7776.563958684962
N21000191,N21000198,16,4644.6795214114845,inf,inf,inf,4644.6795214114845
N21000191,N21000200,1,5902.77183701528,inf,inf,inf,5902.77183701528
N21000191,N21000203,1,5790.740875024791,inf,inf,inf,5790.740875024791
N21000191,N21000204,1,4065.18678598036,inf,inf,inf,4065.18678598036
N21000191,N21000205,1,5191.055792967316,inf,inf,inf,5191.055792967316
N21000191,N21000208,2,4977.532445246473,inf,inf,inf,4977.532445246473
N21000191,N21000209,2,4178.491863014322,inf,inf,inf,4178.491863014322
N21000191,N21000216,1,6159.075961350167,inf,inf,inf,6159.075961350167
N21000191,N21000224,1,7663.53333602866,inf,inf,inf,7663.53333602866
N21000191,N21000236,2,5822.730490576384,inf,inf,inf,5822.730490576384
N21000191,N21000237,1,6848.311659391055,inf,inf,inf,6848.311659391055
N21000191,N21000239,1,5600.743705933029,inf,inf,inf,5600.743705933029
N21000191,N21000240,2,6649.869234889147,inf,inf,inf,6649.869234889147
N21000191,N21000245,1,6131.5777704958455,inf,inf,inf,6131.5777704958455
N21000191,N21000248,1,7340.620027072856,inf,inf,inf,7340.620027072856
N21000191,N21000251,41,3452.607096255256,inf,inf,inf,3452.607096255256
N21000191,N21000252,10,3523.28615559063,inf,inf,inf,3523.28615559063
N21000191,N21000253,4,3947.417360686562,inf,inf,inf,3947.417360686562
N21000191,N21000254,2,4281.210170009482,inf,inf,inf,4281.210170009482
N21000191,N21000256,7,4764.366618052617,inf,inf,inf,4764.366618052617
N21000191,N21000257,1,5589.194477923166,inf,inf,inf,5589.194477923166
N21000191,N21000258,4,4499.984177476209,inf,inf,inf,4499.984177476209
N21000191,N21000259,1,4839.870411788696,inf,inf,inf,4839.870411788696
N21000191,N21000260,1,5542.402877386721,inf,inf,inf,5542.402877386721
N21000191,N21000261,1,5206.966531487388,inf,inf,inf,5206.966531487388
N21000191,N21000263,2,5426.30205185216,inf,inf,inf,5426.30205185216
N21000191,N21000265,3,5706.315208204561,inf,inf,inf,5706.315208204561
N21000191,N21000268,8,6602.6179161183845,inf,inf,inf,6602.6179161183845
N21000191,N21000270,1,6024.014745252702,inf,inf,inf,6024.014745252702
N21000191,N21000271,2,6248.53521986748,inf,inf,inf,6248.53521986748
N21000191,N21000273,2,7210.018064936671,inf,inf,inf,7210.018064936671
N21000191,N21000274,3,8267.549783593984,inf,inf,inf,8267.549783593984
N21000191,N21000281,1,9473.11247571407,inf,inf,inf,9473.11247571407
N21000191,N21000303,1,5013.994402424382,inf,inf,11576.133505294805,5013.994402424382
N21000191,N21000309,3,6916.479357998675,inf,inf,inf,6916.479357998675
N21000191,N21000317,1,4042.457415760874,inf,inf,inf,4042.457415760874
N21000191,N21000323,4,3825.6675479295254,inf,inf,9488.47386729659,3825.6675479295254
N21000191,N21000324,1,5048.463137703325,inf,inf,9944.377544870677,5048.463137703325
N21000191,N21000325,2,3200.6341717632868,inf,inf,10288.849918159454,3200.6341717632868
N21000191,N21000328,2,4105.969021893083,inf,inf,9847.971961688854,4105.969021893083
N21000191,N21000331,3,4065.825434839616,inf,inf,10655.392994972222,4065.825434839616
N21000191,N21000332,3,5735.372794301778,inf,inf,10835.18496740538,5735.372794301778
N21000191,N21000335,14,4701.764326415322,inf,inf,10931.899455833447,4701.764326415322
N21000192,N21000174,1,5225.207414834164,inf,inf,8903.381035381106,5225.207414834164
N21000192,N21000175,9,4414.862922864143,inf,inf,10922.064510290484,4414.862922864143
N21000192,N21000178,8,4202.208020482647,inf,inf,inf,4202.208020482647
N21000192,N21000181,1,3241.4978208832567,inf,inf,inf,3241.4978208832567
N21000192,N21000184,1,2798.9910074642535,inf,inf,2798.9910074642535,2798.9910074642535
N21000192,N21000186,1,2128.4542072889935,inf,inf,2128.4542072889935,2128.4542072889935
N21000192,N21000188,1,1853.937148672777,inf,inf,2980.873009637822,1853.937148672777
N21000192,N21000196,1,3756.039048665845,inf,inf,inf,3756.039048665845
N21000192,N21000197,8,8964.368431563358,inf,inf,inf,8964.368431563358
N21000192,N21000198,24,5832.48399428988,inf,inf,inf,5832.48399428988
N21000192,N21000207,1,5766.209539724003,inf,inf,inf,5766.209539724003
N21000192,N21000209,2,5366.296335892718,inf,inf,inf,5366.296335892718
N21000192,N21000216,2,7346.880434228562,inf,inf,inf,7346.880434228562
N21000192,N21000225,1,8195.095007885186,inf,inf,inf,8195.095007885186
N21000192,N21000237,1,8036.116132269451,inf,inf,inf,8036.116132269451
N21000192,N21000251,67,4955.893923115746,inf,inf,inf,4955.893923115746
N21000192,N21000252,22,4711.090628469027,inf,inf,inf,4711.090628469027
N21000192,N21000253,4,5415.375914644765,inf,inf,inf,5415.375914644765
N21000192,N21000254,6,5483.940285416633,inf,inf,inf,5483.940285416633
N21000192,N21000256,9,6343.126362235067,inf,inf,inf,6343.126362235067
N21000192,N21000258,3,6072.596307024827,inf,inf,inf,6072.596307024827
N21000192,N21000259,2,6042.6005271958475,inf,inf,inf,6042.6005271958475
N21000192,N21000263,2,6614.106524730557,inf,inf,inf,6614.106524730557
N21000192,N21000264,4,6914.437131313076,inf,inf,inf,6914.437131313076
N21000192,N21000265,1,7278.927337753179,inf,inf,inf,7278.927337753179
N21000192,N21000266,1,7257.179998126272,inf,inf,inf,7257.179998126272
N21000192,N21000268,2,8269.266027054791,inf,inf,inf,8269.266027054791
N21000192,N21000270,3,7596.62687480132,inf,inf,inf,7596.62687480132
N21000192,N21000273,1,8782.63019448529,inf,inf,inf,8782.63019448529
N21000192,N21000277,1,9425.555838163433,inf,inf,inf,9425.555838163433
N21000192,N21000278,2,9606.48693076252,inf,inf,inf,9606.48693076252
N21000192,N21000301,1,8281.118147963783,inf,inf,15717.051707818428,8281.118147963783
N21000192,N21000308,3,9213.711145010688,inf,inf,inf,9213.711145010688
N21000192,N21000309,2,8612.627481636444,inf,inf,inf,8612.627481636444
N21000192,N21000322,1,4986.179080690327,inf,inf,11133.602967179013,4986.179080690327
N21000192,N21000323,2,5773.710416369026,inf,inf,10077.87385260669,5773.710416369026
N21000192,N21000325,2,4985.957112394441,inf,inf,10878.249903469554,4985.957112394441
N21000192,N21000331,1,5761.973558477386,inf,inf,11244.792980282322,5761.973558477386
N21000192,N21000335,27,6397.9124500530925,inf,inf,11521.299441143547,6397.9124500530925
N21000193,N21000161,2,4884.655028259936,inf,inf,inf,4884.655028259936
N21000193,N21000163,1,2605.6724800420598,inf,inf,inf,2605.6724800420598
N21000193,N21000164,1,4238.888164199308,inf,inf,inf,4238.888164199308
N21000193,N21000165,1,2201.0408725378416,inf,inf,5464.806178975797,2201.0408725378416
N21000193,N21000167,2,1313.261695609402,inf,inf,1474.3657437438567,1313.261695609402
N21000193,N21000169,2,2291.6907947110535,inf,inf,6272.842124466477,2291.6907947110535
N21000193,N21000170,4,2709.107841076843,inf,inf,6690.259170832266,2709.107841076843
N21000193,N21000171,2,1462.252860890191,inf,inf,inf,1462.252860890191
N21000193,N21000173,1,2769.1497742694364,inf,inf,inf,2769.1497742694364
N21000193,N21000174,1,2074.0730489748285,inf,inf,7076.484383976184,2074.0730489748285
N21000193,N21000175,26,1477.8370892013693,inf,inf,9095.167858885565,1477.8370892013693
N21000193,N21000176,1,1633.912476712529,inf,inf,9547.934444916762,1633.912476712529
N21000193,N21000177,5,2022.8075310565919,inf,inf,inf,2022.8075310565919
N21000193,N21000178,12,1966.7357785911927,inf,inf,inf,1966.7357785911927
N21000193,N21000179,1,5412.621833568515,inf,inf,5671.170606536904,5412.621833568515
N21000193,N21000181,4,2974.3819098570775,inf,inf,inf,2974.3819098570775
N21000193,N21000182,5,4039.1317808651384,inf,inf,4284.965198917309,4039.1317808651384
N21000193,N21000184,4,1437.5850063559762,inf,inf,1764.238841577212,1437.5850063559762
N21000193,N21000186,3,1607.6654371559696,inf,inf,1723.8397163616503,1607.6654371559696
N21000193,N21000187,6,1403.1995690857552,inf,inf,4738.505777566026,1403.1995690857552
N21000193,N21000188,4,1622.0875380744155,inf,inf,1738.2618172800962,1622.0875380744155
N21000193,N21000192,42,3151.1343658593396,inf,inf,3852.2939236506445,3151.1343658593396
N21000193,N21000195,9,1210.9853629076717,inf,inf,1210.9853629076717,1210.9853629076717
N21000193,N21000196,8,1096.595723824241,inf,inf,inf,1096.595723824241
N21000193,N21000197,10,8088.4805116587,inf,inf,inf,8088.4805116587
N21000193,N21000198,16,4956.596074385221,inf,inf,inf,4956.596074385221
N21000193,N21000202,2,5213.110833692617,inf,inf,inf,5213.110833692617
N21000193,N21000205,1,5502.972345941054,inf,inf,inf,5502.972345941054
N21000193,N21000208,2,5289.448998220211,inf,inf,inf,5289.448998220211
N21000193,N21000209,1,4470.416806877163,inf,inf,inf,4470.416806877163
N21000193,N21000216,1,6451.000905213007,inf,inf,inf,6451.000905213007
N21000193,N21000220,1,8519.702756489638,inf,inf,inf,8519.702756489638
N21000193,N21000226,1,6749.024677498797,inf,inf,inf,6749.024677498797
N21000193,N21000230,2,8322.126307145129,inf,inf,inf,8322.126307145129
N21000193,N21000232,1,7931.945189338124,inf,inf,inf,7931.945189338124
N21000193,N21000237,2,7160.228212364794,inf,inf,inf,7160.228212364794
N21000193,N21000240,1,6941.794178751987,inf,inf,inf,6941.794178751987
N21000193,N21000241,1,6320.723979128288,inf,inf,inf,6320.723979128288
N21000193,N21000245,1,6181.243605033545,inf,inf,inf,6181.243605033545
N21000193,N21000248,1,7390.285861610555,inf,inf,inf,7390.285861610555
N21000193,N21000249,1,6651.65011088476,inf,inf,inf,6651.65011088476
N21000193,N21000250,1,8270.632071118322,inf,inf,inf,8270.632071118322
N21000193,N21000251,80,3314.698277178553,inf,inf,inf,3314.698277178553
N21000193,N21000252,19,3754.1905392390836,inf,inf,inf,3754.1905392390836
N21000193,N21000253,10,3809.508541609859,inf,inf,inf,3809.508541609859
N21000193,N21000254,7,4330.876004547181,inf,inf,inf,4330.876004547181
N21000193,N21000256,6,4626.457798975914,inf,inf,inf,4626.457798975914
N21000193,N21000258,6,4362.075358399506,inf,inf,inf,4362.075358399506
N21000193,N21000259,2,4735.107946662119,inf,inf,inf,4735.107946662119
N21000193,N21000260,1,5404.494058310018,inf,inf,inf,5404.494058310018
N21000193,N21000261,1,5069.057712410685,inf,inf,inf,5069.057712410685
N21000193,N21000263,1,5674.012373834792,inf,inf,inf,5674.012373834792
N21000193,N21000264,7,5203.916182687754,inf,inf,inf,5203.916182687754
N21000193,N21000265,4,5568.406389127857,inf,inf,inf,5568.406389127857
N21000193,N21000267,1,5537.932084418773,inf,inf,inf,5537.932084418773
N21000193,N21000268,15,5937.923107442373,inf,inf,inf,5937.923107442373
N21000193,N21000270,4,5886.105926175998,inf,inf,inf,5886.105926175998
N21000193,N21000271,1,6110.626400790777,inf,inf,inf,6110.626400790777
N21000193,N21000273,1,7072.109245859968,inf,inf,inf,7072.109245859968
N21000193,N21000274,4,7973.851727396764,inf,inf,inf,7973.851727396764
N21000193,N21000277,2,7715.034889538109,inf,inf,inf,7715.034889538109
N21000193,N21000278,2,7970.622688930301,inf,inf,inf,7970.622688930301
N21000193,N21000286,1,8256.109004951528,inf,inf,inf,8256.109004951528
N21000193,N21000288,1,9026.042491032194,inf,inf,inf,9026.042491032194
N21000193,N21000302,1,5077.786036197985,inf,inf,11124.195465928684,5077.786036197985
N21000193,N21000303,3,4325.837628997019,inf,inf,10338.636839199986,4325.837628997019
N21000193,N21000306,1,5950.510285474477,inf,inf,12602.92698248771,5950.510285474477
N21000193,N21000307,1,6140.994879659228,inf,inf,inf,6140.994879659228
N21000193,N21000308,1,6829.406247945553,inf,inf,inf,6829.406247945553
N21000193,N21000309,5,6228.322584571312,inf,inf,inf,6228.322584571312
N21000193,N21000310,1,7643.772748676111,inf,inf,inf,7643.772748676111
N21000193,N21000311,2,7403.28004144511,inf,inf,inf,7403.28004144511
N21000193,N21000315,2,7379.19787439412,inf,inf,inf,7379.19787439412
N21000193,N21000316,1,4003.5961824612914,inf,inf,inf,4003.5961824612914
N21000193,N21000317,1,2921.855764264577,inf,inf,inf,2921.855764264577
N21000193,N21000319,1,2468.853862654761,inf,inf,7395.339270625355,2468.853862654761
N21000193,N21000323,2,2712.469151566288,inf,inf,8250.977201201767,2712.469151566288
N21000193,N21000325,2,2511.076757215257,inf,inf,9051.353252064631,2511.076757215257
N21000193,N21000326,1,4301.174198447533,inf,inf,inf,4301.174198447533
N21000193,N21000329,4,2879.584009261621,inf,inf,inf,2879.584009261621
N21000193,N21000331,3,3377.6686614122523,inf,inf,9417.896328877403,3377.6686614122523
N21000193,N21000332,7,4729.435164814648,inf,inf,9597.68830131056,4729.435164814648
N21000193,N21000334,2,3600.4040741896783,inf,inf,10243.536901390693,3600.4040741896783
N21000193,N21000335,13,4013.6075529879586,inf,inf,9694.402789738628,4013.6075529879586
N21000194,N21000165,3,2673.080952457677,inf,inf,6110.165001835533,2673.080952457677
N21000194,N21000166,2,3815.660594377757,inf,inf,inf,3815.660594377757
N21000194,N21000167,5,1381.921206543198,inf,inf,2119.7245666035933,1381.921206543198
N21000194,N21000170,1,3173.885166946756,inf,inf,7335.6179936920025,3173.885166946756
N21000194,N21000172,1,1855.9957619111551,inf,inf,7786.105231568201,1855.9957619111551
N21000194,N21000174,2,2142.732559908624,inf,inf,7721.843206835921,2142.732559908624
N21000194,N21000175,19,1526.6418084799964,inf,inf,9740.5266817453,1526.6418084799964
N21000194,N21000177,11,1701.885149657718,inf,inf,inf,1701.885149657718
N21000194,N21000178,6,2015.5404978698198,inf,inf,inf,2015.5404978698198
N21000194,N21000181,2,3619.7407327168157,inf,inf,inf,3619.7407327168157
N21000194,N21000182,1,4684.490603724875,inf,inf,4930.324021777046,4684.490603724875
N21000194,N21000184,1,2082.9438292157133,inf,inf,2409.5976644369493,2082.9438292157133
N21000194,N21000186,4,1985.6743016250332,inf,inf,2369.1985392213874,1985.6743016250332
N21000194,N21000187,2,2003.0387708968199,inf,inf,5383.8646004257635,2003.0387708968199
N21000194,N21000188,11,1670.0281051438421,inf,inf,2383.6206401398335,1670.0281051438421
N21000194,N21000189,3,1400.1343814316187,inf,inf,1588.4105309977674,1400.1343814316187
N21000194,N21000190,2,961.0993884118265,inf,inf,1313.1705850074438,961.0993884118265
N21000194,N21000192,47,3359.7900040168624,inf,inf,4497.65274651038,3359.7900040168624
N21000194,N21000196,4,1145.4004431028686,inf,inf,inf,1145.4004431028686
N21000194,N21000197,7,7589.393646596692,inf,inf,inf,7589.393646596692
N21000194,N21000198,8,4457.5092093232115,inf,inf,inf,4457.5092093232115
N21000194,N21000202,3,4714.0239686306095,inf,inf,inf,4714.0239686306095
N21000194,N21000208,1,4790.362133158203,inf,inf,inf,4790.362133158203
N21000194,N21000209,1,3991.3215509260513,inf,inf,inf,3991.3215509260513
N21000194,N21000215,1,4983.870992769383,inf,inf,inf,4983.870992769383
N21000194,N21000219,1,8091.114230853459,inf,inf,inf,8091.114230853459
N21000194,N21000221,2,9406.623490163614,inf,inf,inf,9406.623490163614
N21000194,N21000223,1,6330.702548888616,inf,inf,inf,6330.702548888616
N21000194,N21000224,2,7476.36302394039,inf,inf,inf,7476.36302394039
N21000194,N21000230,2,7823.039442083121,inf,inf,inf,7823.039442083121
N21000194,N21000234,1,9174.138361095473,inf,inf,inf,9174.138361095473
N21000194,N21000237,1,6661.141347302785,inf,inf,inf,6661.141347302785
N21000194,N21000239,1,5413.573393844758,inf,inf,inf,5413.573393844758
N21000194,N21000240,4,6462.698922800877,inf,inf,inf,6462.698922800877
N21000194,N21000241,2,6061.895945779803,inf,inf,inf,6061.895945779803
N21000194,N21000249,1,6414.813964258789,inf,inf,inf,6414.813964258789
N21000194,N21000251,52,3205.4702548136765,inf,inf,inf,3205.4702548136765
N21000194,N21000252,10,3336.1158435023594,inf,inf,inf,3336.1158435023594
N21000194,N21000253,11,3700.2805192449828,inf,inf,inf,3700.2805192449828
N21000194,N21000254,3,4094.0398579212106,inf,inf,inf,4094.0398579212106
N21000194,N21000256,10,4517.229776611038,inf,inf,inf,4517.229776611038
N21000194,N21000258,1,4252.84733603463,inf,inf,inf,4252.84733603463
N21000194,N21000259,1,4625.879924297242,inf,inf,inf,4625.879924297242
N21000194,N21000263,2,5239.1317397638895,inf,inf,inf,5239.1317397638895
N21000194,N21000264,5,5094.6881603228785,inf,inf,inf,5094.6881603228785
N21000194,N21000265,2,5459.178366762982,inf,inf,inf,5459.178366762982
N21000194,N21000266,3,5437.4310271360755,inf,inf,inf,5437.4310271360755
N21000194,N21000268,4,5986.727826721,inf,inf,inf,5986.727826721
N21000194,N21000273,3,6962.881223495092,inf,inf,inf,6962.881223495092
N21000194,N21000274,6,8020.412942152405,inf,inf,inf,8020.412942152405
N21000194,N21000277,3,7605.8068671732335,inf,inf,inf,7605.8068671732335
N21000194,N21000280,1,8880.398961025798,inf,inf,inf,8880.398961025798
N21000194,N21000303,2,4374.642348275646,inf,inf,10983.995662059722,4374.642348275646
N21000194,N21000306,2,5999.315004753104,inf,inf,13248.285805347447,5999.315004753104
N21000194,N21000308,2,6878.21096722418,inf,inf,inf,6878.21096722418
N21000194,N21000309,5,6277.127303849939,inf,inf,inf,6277.127303849939
N21000194,N21000310,2,7692.5774679547385,inf,inf,inf,7692.5774679547385
N21000194,N21000319,1,2517.658581933388,inf,inf,8040.698093485092,2517.658581933388
N21000194,N21000325,5,2559.8814764938843,inf,inf,9696.71207492437,2559.8814764938843
N21000194,N21000329,3,2770.3559868967445,inf,inf,inf,2770.3559868967445
N21000194,N21000331,1,3426.4733806908794,inf,inf,10063.25515173714,3426.4733806908794
N21000194,N21000334,1,3649.2087934683054,inf,inf,10888.89572425043,3649.2087934683054
N21000194,N21000335,18,4062.4122722665857,inf,inf,10339.761612598364,4062.4122722665857
N21000195,N21000161,2,6050.120770118935,inf,inf,inf,6050.120770118935
N21000195,N21000164,2,5274.539188467155,inf,inf,inf,5274.539188467155
N21000195,N21000165,1,3238.707492505612,inf,inf,6675.791541883466,3238.707492505612
N21000195,N21000167,1,1947.5477465911326,inf,inf,2685.3511066515284,1947.5477465911326
N21000195,N21000171,2,2019.11054350406,inf,inf,inf,2019.11054350406
N21000195,N21000172,1,2421.62230195909,inf,inf,8351.731771616136,2421.62230195909
N21000195,N21000174,1,2708.359099956558,inf,inf,8287.469746883853,2708.359099956558
N21000195,N21000175,7,1612.6307276653808,inf,inf,10306.153221793233,1612.6307276653808
N21000195,N21000177,18,1217.091887054821,inf,inf,inf,1217.091887054821
N21000195,N21000178,1,1697.9525099510715,inf,inf,inf,1697.9525099510715
N21000195,N21000179,1,6616.69320791065,inf,inf,6882.155969444573,6616.69320791065
N21000195,N21000181,1,3581.102599409413,inf,inf,inf,3581.102599409413
N21000195,N21000182,2,5243.203155207273,inf,inf,5495.950561824979,5243.203155207273
N21000195,N21000184,1,2641.6563806981117,inf,inf,2975.2242044848854,2641.6563806981117
N21000195,N21000186,4,2084.1982147143876,inf,inf,2934.825079269321,2084.1982147143876
N21000195,N21000187,3,2568.665310944754,inf,inf,5949.491140473697,2568.665310944754
N21000195,N21000188,24,1343.5535134239992,inf,inf,2949.2471801877678,1343.5535134239992
N21000195,N21000189,2,1965.760921479553,inf,inf,2154.0370710457014,1965.760921479553
N21000195,N21000190,13,1377.5171835681563,inf,inf,1878.7971250553785,1377.5171835681563
N21000195,N21000191,2,884.6585799811899,inf,inf,2689.110090371297,884.6585799811899
N21000195,N21000192,62,3033.31541229702,inf,inf,5063.279286558315,3033.31541229702
N21000195,N21000193,2,1210.9853629076715,inf,inf,1210.9853629076715,1210.9853629076715
N21000195,N21000196,10,875.4521123055403,inf,inf,inf,875.4521123055403
N21000195,N21000197,5,7100.295044806961,inf,inf,inf,7100.295044806961
N21000195,N21000198,12,3968.410607533481,inf,inf,inf,3968.410607533481
N21000195,N21000199,1,5691.395088406185,inf,inf,inf,5691.395088406185
N21000195,N21000200,2,5226.502923137277,inf,inf,inf,5226.502923137277
N21000195,N21000203,2,5114.471961146791,inf,inf,inf,5114.471961146791
N21000195,N21000205,1,4514.786879089315,inf,inf,inf,4514.786879089315
N21000195,N21000208,1,4301.263531368471,inf,inf,inf,4301.263531368471
N21000195,N21000209,1,3502.2229491363205,inf,inf,inf,3502.2229491363205
N21000195,N21000210,1,5015.789861891619,inf,inf,inf,5015.789861891619
N21000195,N21000214,1,4346.157570691099,inf,inf,inf,4346.157570691099
N21000195,N21000219,2,7602.015629063728,inf,inf,inf,7602.015629063728
N21000195,N21000220,3,7531.517289637899,inf,inf,inf,7531.517289637899
N21000195,N21000221,1,8917.524888373884,inf,inf,inf,8917.524888373884
N21000195,N21000222,1,6409.259753827013,inf,inf,inf,6409.259753827013
N21000195,N21000224,1,6987.26442215066,inf,inf,inf,6987.26442215066
N21000195,N21000226,4,5760.839210647058,inf,inf,inf,5760.839210647058
N21000195,N21000230,1,7333.9408402933905,inf,inf,inf,7333.9408402933905
N21000195,N21000236,1,5146.461576698383,inf,inf,inf,5146.461576698383
N21000195,N21000239,1,4924.47479205503,inf,inf,inf,4924.47479205503
N21000195,N21000240,3,5973.600321011147,inf,inf,inf,5973.600321011147
N21000195,N21000241,1,5572.797343990074,inf,inf,inf,5572.797343990074
N21000195,N21000251,37,2720.6769922107796,inf,inf,inf,2720.6769922107796
N21000195,N21000252,8,2847.0172417126287,inf,inf,inf,2847.0172417126287
N21000195,N21000253,5,3215.487256642086,inf,inf,inf,3215.487256642086
N21000195,N21000254,2,3604.94125613148,inf,inf,inf,3604.94125613148
N21000195,N21000256,10,4032.4365140081422,inf,inf,inf,4032.4365140081422
N21000195,N21000258,6,3768.0540734317324,inf,inf,inf,3768.0540734317324
N21000195,N21000259,1,4141.086661694345,inf,inf,inf,4141.086661694345
N21000195,N21000261,2,4475.036427442912,inf,inf,inf,4475.036427442912
N21000195,N21000264,1,4609.89489771998,inf,inf,inf,4609.89489771998
N21000195,N21000267,1,4811.997336003071,inf,inf,inf,4811.997336003071
N21000195,N21000268,9,5870.687812073909,inf,inf,inf,5870.687812073909
N21000195,N21000269,1,5067.1990137394705,inf,inf,inf,5067.1990137394705
N21000195,N21000270,3,5292.084641208224,inf,inf,inf,5292.084641208224
N21000195,N21000272,1,6541.594459804473,inf,inf,inf,6541.594459804473
N21000195,N21000274,4,7535.619679549508,inf,inf,inf,7535.619679549508
N21000195,N21000276,1,8712.198210822264,inf,inf,inf,8712.198210822264
N21000195,N21000283,1,9115.584978134748,inf,inf,inf,9115.584978134748
N21000195,N21000302,3,5034.0127055808725,inf,inf,12335.180828836352,5034.0127055808725
N21000195,N21000307,1,6097.221549042116,inf,inf,inf,6097.221549042116
N21000195,N21000308,1,6785.632917328441,inf,inf,inf,6785.632917328441
N21000195,N21000309,4,6184.5492539542,inf,inf,inf,6184.5492539542
N21000195,N21000311,1,7359.506710827998,inf,inf,inf,7359.506710827998
N21000195,N21000315,1,7335.424543777008,inf,inf,inf,7335.424543777008
N21000195,N21000317,1,3556.1418152463075,inf,inf,inf,3556.1418152463075
N21000195,N21000318,4,6007.883758376596,inf,inf,inf,6007.883758376596
N21000195,N21000322,3,2410.525244843737,inf,inf,10517.691678681762,2410.525244843737
N21000195,N21000325,4,2468.7040677188106,inf,inf,10262.338614972303,2468.7040677188106
N21000195,N21000332,2,5003.442690257303,inf,inf,10808.673664218228,5003.442690257303
N21000195,N21000334,1,3209.888344526878,inf,inf,11454.52226429836,3209.888344526878
N21000195,N21000335,12,3969.8342223708464,inf,inf,10905.388152646296,3969.8342223708464
N21000196,N21000164,1,4712.837141218299,inf,inf,inf,4712.837141218299
N21000196,N21000165,4,2677.0054452567565,inf,inf,inf,2677.0054452567565
N21000196,N21000167,3,1414.283975337682,inf,inf,inf,1414.283975337682
N21000196,N21000168,1,2412.6936227218553,inf,inf,inf,2412.6936227218553
N21000196,N21000170,2,3177.8096597458352,inf,inf,inf,3177.8096597458352
N21000196,N21000171,1,1347.150954997099,inf,inf,inf,1347.150954997099
N21000196,N21000172,2,1807.4798404491967,inf,inf,inf,1807.4798404491967
N21000196,N21000174,1,2073.9044931356225,inf,inf,inf,2073.9044931356225
N21000196,N21000175,21,991.8182070069228,inf,inf,inf,991.8182070069228
N21000196,N21000177,20,1157.3569558841712,inf,inf,inf,1157.3569558841712
N21000196,N21000178,12,1351.9676184196753,inf,inf,inf,1351.9676184196753
N21000196,N21000179,1,6509.217557392755,inf,inf,inf,6509.217557392755
N21000196,N21000181,2,4070.9776336813193,inf,inf,inf,4070.9776336813193
N21000196,N21000182,2,5091.789576620752,inf,inf,inf,5091.789576620752
N21000196,N21000184,5,2534.180730180217,inf,inf,inf,2534.180730180217
N21000196,N21000186,8,2704.2611609802098,inf,inf,inf,2704.2611609802098
N21000196,N21000187,1,2299.756298706066,inf,inf,inf,2299.756298706066
N21000196,N21000188,4,2066.2771497928256,inf,inf,inf,2066.2771497928256
N21000196,N21000189,5,1851.3712823961223,inf,inf,inf,1851.3712823961223
N21000196,N21000190,11,1764.4074859719478,inf,inf,inf,1764.4074859719478
N21000196,N21000192,40,3756.039048665846,inf,inf,inf,3756.039048665846
N21000196,N21000193,9,1096.595723824241,inf,inf,inf,1096.595723824241
N21000196,N21000194,5,1145.4004431028682,inf,inf,inf,1145.4004431028682
N21000196,N21000195,21,875.4521123055399,inf,inf,inf,875.4521123055399
N21000196,N21000197,6,7134.4843334843135,inf,inf,inf,7134.4843334843135
N21000196,N21000198,23,4002.5998962108333,inf,inf,inf,4002.5998962108333
N21000196,N21000199,1,5725.584377083538,inf,inf,inf,5725.584377083538
N21000196,N21000201,1,4618.53965475304,inf,inf,inf,4618.53965475304
N21000196,N21000202,1,4259.11465551823,inf,inf,inf,4259.11465551823
N21000196,N21000204,1,3423.1071607797107,inf,inf,inf,3423.1071607797107
N21000196,N21000208,1,4335.4528200458235,inf,inf,inf,4335.4528200458235
N21000196,N21000209,3,3536.4122378136726,inf,inf,inf,3536.4122378136726
N21000196,N21000216,1,5516.9963361495165,inf,inf,inf,5516.9963361495165
N21000196,N21000218,1,4555.011540538095,inf,inf,inf,4555.011540538095
N21000196,N21000220,2,7565.706578315251,inf,inf,inf,7565.706578315251
N21000196,N21000221,2,8951.714177051237,inf,inf,inf,8951.714177051237
N21000196,N21000222,1,6443.449042504366,inf,inf,inf,6443.449042504366
N21000196,N21000224,2,7021.453710828013,inf,inf,inf,7021.453710828013
N21000196,N21000225,1,6365.210909806144,inf,inf,inf,6365.210909806144
N21000196,N21000226,1,5795.028499324411,inf,inf,inf,5795.028499324411
N21000196,N21000230,2,7368.1301289707435,inf,inf,inf,7368.1301289707435
N21000196,N21000234,1,8719.229047983095,inf,inf,inf,8719.229047983095
N21000196,N21000237,1,6206.232034190408,inf,inf,inf,6206.232034190408
N21000196,N21000240,4,6007.789609688498,inf,inf,inf,6007.789609688498
N21000196,N21000241,1,5579.392941995689,inf,inf,inf,5579.392941995689
N21000196,N21000249,1,5910.319073752161,inf,inf,inf,5910.319073752161
N21000196,N21000251,51,2660.94206104013,inf,inf,inf,2660.94206104013
N21000196,N21000252,8,2881.206530389981,inf,inf,inf,2881.206530389981
N21000196,N21000253,10,3155.752325471436,inf,inf,inf,3155.752325471436
N21000196,N21000254,5,3589.5449674145834,inf,inf,inf,3589.5449674145834
N21000196,N21000255,1,4514.18485389702,inf,inf,inf,4514.18485389702
N21000196,N21000256,8,3972.7015828374924,inf,inf,inf,3972.7015828374924
N21000196,N21000258,2,3708.3191422610826,inf,inf,inf,3708.3191422610826
N21000196,N21000259,1,4081.351730523695,inf,inf,inf,4081.351730523695
N21000196,N21000263,3,4784.222426651511,inf,inf,inf,4784.222426651511
N21000196,N21000264,3,4550.15996654933,inf,inf,inf,4550.15996654933
N21000196,N21000265,4,4914.650172989433,inf,inf,inf,4914.650172989433
N21000196,N21000268,8,5555.409693324918,inf,inf,inf,5555.409693324918
N21000196,N21000269,2,5051.802725022574,inf,inf,inf,5051.802725022574
N21000196,N21000270,1,5232.3497100375735,inf,inf,inf,5232.3497100375735
N21000196,N21000271,1,5456.870184652353,inf,inf,inf,5456.870184652353
N21000196,N21000274,5,7475.884748378858,inf,inf,inf,7475.884748378858
N21000196,N21000277,1,7061.2786733996845,inf,inf,inf,7061.2786733996845
N21000196,N21000279,1,8194.054040546023,inf,inf,inf,8194.054040546023
N21000196,N21000283,1,9055.850046964099,inf,inf,inf,9055.850046964099
N21000196,N21000286,1,7873.595590834075,inf,inf,inf,7873.595590834075
N21000196,N21000291,1,8905.749529492949,inf,inf,inf,8905.749529492949
N21000196,N21000302,2,4695.272622080531,inf,inf,inf,4695.272622080531
N21000196,N21000303,3,3943.3242148795657,inf,inf,inf,3943.3242148795657
N21000196,N21000306,1,5567.996871357024,inf,inf,inf,5567.996871357024
N21000196,N21000307,1,5758.481465541775,inf,inf,inf,5758.481465541775
N21000196,N21000309,8,5845.809170453859,inf,inf,inf,5845.809170453859
N21000196,N21000310,1,7261.259334558658,inf,inf,inf,7261.259334558658
N21000196,N21000312,1,7571.148258790993,inf,inf,inf,7571.148258790993
N21000196,N21000316,1,4472.298001130284,inf,inf,inf,4472.298001130284
N21000196,N21000319,1,2353.751956761669,inf,inf,inf,2353.751956761669
N21000196,N21000321,1,2884.335636203506,inf,inf,inf,2884.335636203506
N21000196,N21000322,4,1789.712724185277,inf,inf,inf,1789.712724185277
N21000196,N21000325,5,1896.3085970437403,inf,inf,inf,1896.3085970437403
N21000196,N21000326,1,4323.439322174264,inf,inf,inf,4323.439322174264
N21000196,N21000327,3,3454.3525314610065,inf,inf,inf,3454.3525314610065
N21000196,N21000328,1,2871.3404324991147,inf,inf,inf,2871.3404324991147
N21000196,N21000329,1,2225.8277931231983,inf,inf,inf,2225.8277931231983
N21000196,N21000332,2,4500.74420490781,inf,inf,inf,4500.74420490781
N21000196,N21000335,16,3631.0941388705055,inf,inf,inf,3631.0941388705055
N21000197,N21000170,1,8958.186317715425,inf,inf,inf,8958.186317715425
N21000197,N21000175,4,7058.699025356833,inf,inf,inf,7058.699025356833
N21000197,N21000177,2,6346.995960440348,inf,inf,inf,6346.995960440348
N21000197,N21000188,1,8235.45889212777,inf,inf,inf,8235.45889212777
N21000197,N21000190,1,8401.284290116912,inf,inf,inf,8401.284290116912
N21000197,N21000192,19,8964.368431563355,inf,inf,inf,8964.368431563355
N21000197,N21000195,1,7100.295044806959,inf,inf,inf,7100.295044806959
N21000197,N21000196,1,7134.484333484311,inf,inf,inf,7134.484333484311
N21000197,N21000198,20,4897.4958021490675,inf,inf,4897.4958021490675,4897.4958021490675
N21000197,N21000199,5,4316.067320679155,inf,inf,4316.067320679155,4316.067320679155
N21000197,N21000200,7,4209.859457395773,inf,inf,4209.859457395773,4209.859457395773
N21000197,N21000201,4,3832.5185957496806,inf,inf,3832.5185957496806,3832.5185957496806
N21000197,N21000202,3,3964.0019129924,inf,inf,4838.055712821804,3964.0019129924
N21000197,N21000203,3,4504.570815340585,inf,inf,inf,4504.570815340585
N21000197,N21000204,1,4681.037554627813,inf,inf,inf,4681.037554627813
N21000197,N21000205,8,4524.823114734212,inf,inf,inf,4524.823114734212
N21000197,N21000207,1,4487.672702122964,inf,inf,inf,4487.672702122964
N21000197,N21000208,5,4479.155188959356,inf,inf,inf,4479.155188959356
N21000197,N21000210,1,5002.528238170355,inf,inf,inf,5002.528238170355
N21000197,N21000211,1,5151.600458588305,inf,inf,inf,5151.600458588305
N21000197,N21000214,1,5352.494553506035,inf,inf,inf,5352.494553506035
N21000197,N21000215,1,5226.471496798553,inf,inf,inf,5226.471496798553
N21000197,N21000216,1,6205.4749636036495,inf,inf,inf,6205.4749636036495
N21000197,N21000219,9,6169.956763460796,inf,inf,inf,6169.956763460796
N21000197,N21000220,7,6099.458424034967,inf,inf,inf,6099.458424034967
N21000197,N21000221,7,8459.879079060522,inf,inf,inf,8459.879079060522
N21000197,N21000222,3,5424.8024733803995,inf,inf,inf,5424.8024733803995
N21000197,N21000223,4,5003.483622241872,inf,inf,inf,5003.483622241872
N21000197,N21000224,2,6149.144097293646,inf,inf,inf,6149.144097293646
N21000197,N21000225,5,5873.375811815427,inf,inf,inf,5873.375811815427
N21000197,N21000226,2,5458.020414300199,inf,inf,inf,5458.020414300199
N21000197,N21000230,3,6963.606723167578,inf,inf,inf,6963.606723167578
N21000197,N21000237,4,6143.936415704815,inf,inf,inf,6143.936415704815
N21000197,N21000238,1,6278.098852110061,inf,inf,inf,6278.098852110061
N21000197,N21000239,1,5963.72083577063,inf,inf,inf,5963.72083577063
N21000197,N21000240,6,6927.43200858461,inf,inf,inf,6927.43200858461
N21000197,N21000243,1,6819.547930701291,inf,inf,inf,6819.547930701291
N21000197,N21000244,1,7610.0147559783045,inf,inf,inf,7610.0147559783045
N21000197,N21000249,1,7942.509647211967,inf,inf,inf,7942.509647211967
N21000197,N21000251,31,6040.99110258817,inf,inf,inf,6040.99110258817
N21000197,N21000252,19,5347.491729642594,inf,inf,inf,5347.491729642594
N21000197,N21000253,9,6368.021956806601,inf,inf,inf,6368.021956806601
N21000197,N21000254,2,6213.227517772923,inf,inf,inf,6213.227517772923
N21000197,N21000256,3,7295.772404396904,inf,inf,inf,7295.772404396904
N21000197,N21000260,1,8067.661049097176,inf,inf,inf,8067.661049097176
N21000197,N21000261,1,7732.224703197843,inf,inf,inf,7732.224703197843
N21000197,N21000264,1,7651.622832589746,inf,inf,inf,7651.622832589746
N21000197,N21000265,1,8231.573379915017,inf,inf,inf,8231.573379915017
N21000197,N21000267,1,7146.5154239110625,inf,inf,inf,7146.5154239110625
N21000197,N21000268,5,9364.42948381212,inf,inf,inf,9364.42948381212
N21000197,N21000269,2,7383.049784756975,inf,inf,inf,7383.049784756975
N21000197,N21000270,1,8549.272916963155,inf,inf,inf,8549.272916963155
N21000197,N21000272,1,9409.228783778426,inf,inf,inf,9409.228783778426
N21000197,N21000317,1,8401.06172318676,inf,inf,inf,8401.06172318676
N21000197,N21000324,1,8570.334761314913,inf,inf,inf,8570.334761314913
N21000197,N21000325,1,6593.549108877596,inf,inf,inf,6593.549108877596
N21000197,N21000326,2,9342.221709088766,inf,inf,inf,9342.221709088766
N21000197,N21000328,2,7409.961365062069,inf,inf,inf,7409.961365062069
N21000197,N21000331,1,7051.218168958609,inf,inf,inf,7051.218168958609
N21000197,N21000332,1,8822.136134301638,inf,inf,inf,8822.136134301638
N21000197,N21000335,6,7590.507932104438,inf,inf,inf,7590.507932104438
N21000198,N21000175,5,3926.8145880833517,inf,inf,inf,3926.8145880833517
N21000198,N21000177,3,3215.111523166868,inf,inf,inf,3215.111523166868
N21000198,N21000178,3,2990.046809896852,inf,inf,inf,2990.046809896852
N21000198,N21000187,1,6159.756649267046,inf,inf,inf,6159.756649267046
N21000198,N21000189,1,5711.3716329571025,inf,inf,inf,5711.3716329571025
N21000198,N21000192,35,5832.483994289877,inf,inf,inf,5832.483994289877
N21000198,N21000195,2,3968.4106075334807,inf,inf,inf,3968.4106075334807
N21000198,N21000196,1,4002.599896210833,inf,inf,inf,4002.599896210833
N21000198,N21000197,12,4897.495802149067,inf,inf,4897.495802149067,4897.495802149067
N21000198,N21000201,1,2511.115545821626,inf,inf,3339.9440039559313,2511.115545821626
N21000198,N21000202,3,2400.9270165138714,inf,inf,4345.481121028055,2400.9270165138714
N21000198,N21000203,3,3194.7774426083924,inf,inf,inf,3194.7774426083924
N21000198,N21000204,1,2009.4132219717915,inf,inf,inf,2009.4132219717915
N21000198,N21000205,7,2961.7482182556846,inf,inf,inf,2961.7482182556846
N21000198,N21000207,2,2442.175666120433,inf,inf,inf,2442.175666120433
N21000198,N21000208,4,2777.6833742354493,inf,inf,inf,2777.6833742354493
N21000198,N21000209,3,2302.9700193964745,inf,inf,inf,2302.9700193964745
N21000198,N21000211,1,3588.5255621097754,inf,inf,inf,3588.5255621097754
N21000198,N21000212,1,2658.1817376387035,inf,inf,inf,2658.1817376387035
N21000198,N21000216,3,4118.119984439315,inf,inf,inf,4118.119984439315
N21000198,N21000219,3,5498.370277435322,inf,inf,inf,5498.370277435322
N21000198,N21000220,2,5427.8719380094935,inf,inf,inf,5427.8719380094935
N21000198,N21000221,2,7191.628251058114,inf,inf,inf,7191.628251058114
N21000198,N21000223,3,3789.8280152986054,inf,inf,inf,3789.8280152986054
N21000198,N21000224,1,4935.488490350378,inf,inf,inf,4935.488490350378
N21000198,N21000225,1,4605.12498381302,inf,inf,inf,4605.12498381302
N21000198,N21000226,3,4034.9425733312873,inf,inf,inf,4034.9425733312873
N21000198,N21000230,2,5608.044202977618,inf,inf,inf,5608.044202977618
N21000198,N21000236,1,3825.595382529176,inf,inf,inf,3825.595382529176
N21000198,N21000237,4,4580.861519226284,inf,inf,inf,4580.861519226284
N21000198,N21000240,5,4735.729514292053,inf,inf,inf,4735.729514292053
N21000198,N21000241,1,4373.5444142502265,inf,inf,inf,4373.5444142502265
N21000198,N21000249,1,5165.860442163149,inf,inf,inf,5165.860442163149
N21000198,N21000251,62,2999.0216353133383,inf,inf,inf,2999.0216353133383
N21000198,N21000252,32,2409.1140720350522,inf,inf,inf,2409.1140720350522
N21000198,N21000253,9,3326.0524895317667,inf,inf,inf,3326.0524895317667
N21000198,N21000254,11,3339.5836773238293,inf,inf,inf,3339.5836773238293
N21000198,N21000256,9,4253.802937122067,inf,inf,inf,4253.802937122067
N21000198,N21000258,2,3983.2728819118292,inf,inf,inf,3983.2728819118292
N21000198,N21000259,1,3898.243919103044,inf,inf,inf,3898.243919103044
N21000198,N21000263,3,3550.7802082343137,inf,inf,inf,3550.7802082343137
N21000198,N21000264,6,4791.478366213274,inf,inf,inf,4791.478366213274
N21000198,N21000265,1,5189.603912640182,inf,inf,inf,5189.603912640182
N21000198,N21000266,3,5167.856573013275,inf,inf,inf,5167.856573013275
N21000198,N21000267,1,4369.866218862243,inf,inf,inf,4369.866218862243
N21000198,N21000268,11,6318.557423607077,inf,inf,inf,6318.557423607077
N21000198,N21000270,1,5507.303449688323,inf,inf,inf,5507.303449688323
N21000198,N21000273,1,6693.306769372292,inf,inf,inf,6693.306769372292
N21000198,N21000274,1,7750.838488029604,inf,inf,inf,7750.838488029604
N21000198,N21000275,1,7666.778573995817,inf,inf,inf,7666.778573995817
N21000198,N21000283,1,9330.803786614848,inf,inf,inf,9330.803786614848
N21000198,N21000303,1,4867.502699269896,inf,inf,inf,4867.502699269896
N21000198,N21000309,4,6769.987654844189,inf,inf,inf,6769.987654844189
N21000198,N21000315,1,7920.862944666997,inf,inf,inf,7920.862944666997
N21000198,N21000317,1,5269.177285913288,inf,inf,inf,5269.177285913288
N21000198,N21000319,2,4621.62991567802,inf,inf,inf,4621.62991567802
N21000198,N21000322,1,3797.4100619144087,inf,inf,inf,3797.4100619144087
N21000198,N21000323,2,4388.9112162811325,inf,inf,inf,4388.9112162811325
N21000198,N21000325,1,3461.6646716041146,inf,inf,inf,3461.6646716041146
N21000198,N21000329,3,3157.0070651905107,inf,inf,inf,3157.0070651905107
N21000198,N21000331,1,3919.3337316851284,inf,inf,inf,3919.3337316851284
N21000198,N21000332,1,5690.251697028157,inf,inf,inf,5690.251697028157
N21000198,N21000335,23,4544.635871899392,inf,inf,inf,4544.635871899392
N21000199,N21000165,1,7569.449706931882,inf,inf,inf,7569.449706931882
N21000199,N21000167,1,6885.469516514602,inf,inf,inf,6885.469516514602
N21000199,N21000170,1,7549.286361314649,inf,inf,inf,7549.286361314649
N21000199,N21000177,1,4938.096004039572,inf,inf,inf,4938.096004039572
N21000199,N21000178,3,4713.031290769554,inf,inf,inf,4713.031290769554
N21000199,N21000188,1,6826.558935726995,inf,inf,inf,6826.558935726995
N21000199,N21000190,2,6992.384333716137,inf,inf,inf,6992.384333716137
N21000199,N21000192,26,7555.468475162582,inf,inf,inf,7555.468475162582
N21000199,N21000194,1,6180.493690195915,inf,inf,inf,6180.493690195915
N21000199,N21000195,1,5691.395088406183,inf,inf,inf,5691.395088406183
N21000199,N21000197,36,4316.067320679154,inf,inf,4316.067320679154,4316.067320679154
N21000199,N21000198,34,3618.1602681521235,inf,inf,3823.492728885405,3618.1602681521235
N21000199,N21000200,12,939.6238553108255,inf,inf,939.6238553108255,939.6238553108255
N21000199,N21000201,3,1272.928829310564,inf,inf,1272.928829310564,1272.928829310564
N21000199,N21000202,2,2112.5818394026223,inf,inf,2112.5818394026223,2112.5818394026223
N21000199,N21000203,7,1234.137827678675,inf,inf,inf,1234.137827678675
N21000199,N21000204,2,2873.766460364962,inf,inf,inf,2873.766460364962
N21000199,N21000205,17,1627.1972173675313,inf,inf,inf,1627.1972173675313
N21000199,N21000206,1,1631.4998867771076,inf,inf,inf,1631.4998867771076
N21000199,N21000207,3,2289.385355171707,inf,inf,inf,2289.385355171707
N21000199,N21000208,7,2241.4510289980553,inf,inf,inf,2241.4510289980553
N21000199,N21000209,4,3155.473492904835,inf,inf,inf,3155.473492904835
N21000199,N21000211,4,2129.219112542458,inf,inf,inf,2129.219112542458
N21000199,N21000212,1,2954.844746349917,inf,inf,inf,2954.844746349917
N21000199,N21000213,2,2758.363887069053,inf,inf,inf,2758.363887069053
N21000199,N21000215,1,2843.2038544603047,inf,inf,inf,2843.2038544603047
N21000199,N21000216,6,3496.3492671358586,inf,inf,inf,3496.3492671358586
N21000199,N21000217,1,3529.2934660955802,inf,inf,inf,3529.2934660955802
N21000199,N21000219,15,2718.159923103651,inf,inf,inf,2718.159923103651
N21000199,N21000220,15,2429.653559100058,inf,inf,inf,2429.653559100058
N21000199,N21000221,13,4846.887878122947,inf,inf,inf,4846.887878122947
N21000199,N21000222,7,1537.5518359251548,inf,inf,inf,1537.5518359251548
N21000199,N21000223,6,1515.527717346009,inf,inf,inf,1515.527717346009
N21000199,N21000224,6,2466.484425583899,inf,inf,inf,2466.484425583899
N21000199,N21000225,3,2300.808936010928,inf,inf,inf,2300.808936010928
N21000199,N21000226,12,2164.609914594511,inf,inf,inf,2164.609914594511
N21000199,N21000228,1,2797.006473911109,inf,inf,inf,2797.006473911109
N21000199,N21000229,1,4932.757921769766,inf,inf,inf,4932.757921769766
N21000199,N21000231,1,4259.9345418747735,inf,inf,inf,4259.9345418747735
N21000199,N21000237,4,3210.1534303093886,inf,inf,inf,3210.1534303093886
N21000199,N21000239,1,3669.393188690796,inf,inf,inf,3669.393188690796
N21000199,N21000240,10,4206.386035443329,inf,inf,inf,4206.386035443329
N21000199,N21000241,2,4690.990429014724,inf,inf,inf,4690.990429014724
N21000199,N21000242,1,4775.477527781494,inf,inf,inf,4775.477527781494
N21000199,N21000243,2,4415.972274842999,inf,inf,inf,4415.972274842999
N21000199,N21000244,1,4909.881285677664,inf,inf,inf,4909.881285677664
N21000199,N21000249,1,5818.296390054672,inf,inf,inf,5818.296390054672
N21000199,N21000251,45,4462.908865333548,inf,inf,inf,4462.908865333548
N21000199,N21000252,13,3509.946815481268,inf,inf,inf,3509.946815481268
N21000199,N21000253,10,4607.490630572919,inf,inf,inf,4607.490630572919
N21000199,N21000254,6,4375.682603611598,inf,inf,inf,4375.682603611598
N21000199,N21000256,8,5535.241078163222,inf,inf,inf,5535.241078163222
N21000199,N21000258,7,5222.383827953968,inf,inf,inf,5222.383827953968
N21000199,N21000259,3,4984.146391028328,inf,inf,inf,4984.146391028328
N21000199,N21000261,2,5971.693376964161,inf,inf,inf,5971.693376964161
N21000199,N21000262,1,4985.327287175527,inf,inf,inf,4985.327287175527
N21000199,N21000263,4,4302.791018776156,inf,inf,inf,4302.791018776156
N21000199,N21000264,4,5814.07791842842,inf,inf,inf,5814.07791842842
N21000199,N21000265,3,6471.0420536813335,inf,inf,inf,6471.0420536813335
N21000199,N21000266,2,6449.2947140544275,inf,inf,inf,6449.2947140544275
N21000199,N21000268,12,7613.991846771383,inf,inf,inf,7613.991846771383
N21000199,N21000270,4,6788.741590729474,inf,inf,inf,6788.741590729474
N21000199,N21000271,1,6359.601045289973,inf,inf,inf,6359.601045289973
N21000199,N21000273,1,7974.744910413444,inf,inf,inf,7974.744910413444
N21000199,N21000274,4,9032.276629070755,inf,inf,inf,9032.276629070755
N21000199,N21000275,1,8948.216715036968,inf,inf,inf,8948.216715036968
N21000199,N21000278,2,8219.597333429496,inf,inf,inf,8219.597333429496
N21000199,N21000303,1,6504.132655900169,inf,inf,inf,6504.132655900169
N21000199,N21000309,6,8406.61761147446,inf,inf,inf,8406.61761147446
N21000199,N21000317,1,6992.1617667859855,inf,inf,inf,6992.1617667859855
N21000199,N21000319,2,6344.614396550717,inf,inf,inf,6344.614396550717
N21000199,N21000323,1,6111.895697153835,inf,inf,inf,6111.895697153835
N21000199,N21000325,3,5184.649152476819,inf,inf,inf,5184.649152476819
N21000199,N21000329,1,4879.991546063213,inf,inf,inf,4879.991546063213
N21000199,N21000332,3,7383.933411281445,inf,inf,inf,7383.933411281445
N21000199,N21000335,16,6012.425694849817,inf,inf,inf,6012.425694849817
N21000200,N21000174,2,6171.307172879114,inf,inf,inf,6171.307172879114
N21000200,N21000175,1,5184.9069036871515,inf,inf,inf,5184.9069036871515
N21000200,N21000177,3,4473.203838770665,inf,inf,inf,4473.203838770665
N21000200,N21000178,3,4248.139125500648,inf,inf,inf,4248.139125500648
N21000200,N21000188,3,6361.666770458087,inf,inf,inf,6361.666770458087
N21000200,N21000190,2,6527.492168447229,inf,inf,inf,6527.492168447229
N21000200,N21000192,33,7090.576309893674,inf,inf,inf,7090.576309893674
N21000200,N21000193,1,6214.688389989017,inf,inf,inf,6214.688389989017
N21000200,N21000195,2,5226.5029231372755,inf,inf,inf,5226.5029231372755
N21000200,N21000197,33,4209.859457395772,inf,inf,4209.859457395772,4209.859457395772
N21000200,N21000198,23,3153.268102883215,inf,inf,3717.2848656020215,3153.268102883215
N21000200,N21000199,5,939.6238553108258,inf,inf,939.6238553108258,939.6238553108258
N21000200,N21000201,1,808.0366640416561,inf,inf,808.0366640416561,808.0366640416561
N21000200,N21000202,4,1647.6896741337143,inf,inf,1647.6896741337143,1647.6896741337143
N21000200,N21000205,12,1162.3050520986235,inf,inf,inf,1162.3050520986235
N21000200,N21000206,1,973.7354060365897,inf,inf,inf,973.7354060365897
N21000200,N21000207,4,1824.4931899027995,inf,inf,inf,1824.4931899027995
N21000200,N21000208,8,1776.5588637291473,inf,inf,inf,1776.5588637291473
N21000200,N21000209,5,2690.581327635927,inf,inf,inf,2690.581327635927
N21000200,N21000210,3,1609.2566259994658,inf,inf,inf,1609.2566259994658
N21000200,N21000211,3,1664.3269472735496,inf,inf,inf,1664.3269472735496
N21000200,N21000213,2,2293.4717218001456,inf,inf,inf,2293.4717218001456
N21000200,N21000215,1,2378.311689191398,inf,inf,inf,2378.311689191398
N21000200,N21000216,5,3031.457101866951,inf,inf,inf,3031.457101866951
N21000200,N21000219,16,2910.4031420484603,inf,inf,inf,2910.4031420484603
N21000200,N21000220,15,2621.8967780448675,inf,inf,inf,2621.8967780448675
N21000200,N21000221,6,4522.557187135262,inf,inf,inf,4522.557187135262
N21000200,N21000222,2,1487.4805814551423,inf,inf,inf,1487.4805814551423
N21000200,N21000223,7,1066.1617303166154,inf,inf,inf,1066.1617303166154
N21000200,N21000224,6,2211.8222053683885,inf,inf,inf,2211.8222053683885
N21000200,N21000225,7,1936.0539198901693,inf,inf,inf,1936.0539198901693
N21000200,N21000226,2,1578.905225634624,inf,inf,inf,1578.905225634624
N21000200,N21000229,1,4568.002905649008,inf,inf,inf,4568.002905649008
N21000200,N21000230,7,3026.2848312423207,inf,inf,inf,3026.2848312423207
N21000200,N21000231,4,3895.1795257540157,inf,inf,inf,3895.1795257540157
N21000200,N21000233,2,2897.992932263245,inf,inf,inf,2897.992932263245
N21000200,N21000236,1,2882.3905347695604,inf,inf,inf,2882.3905347695604
N21000200,N21000237,10,2644.3800671508657,inf,inf,inf,2644.3800671508657
N21000200,N21000239,1,3204.501023421889,inf,inf,inf,3204.501023421889
N21000200,N21000240,15,3721.2350016482947,inf,inf,inf,3721.2350016482947
N21000200,N21000247,3,5190.53387049895,inf,inf,inf,5190.53387049895
N21000200,N21000251,67,3998.0167000646416,inf,inf,inf,3998.0167000646416
N21000200,N21000252,17,3045.0546502123602,inf,inf,inf,3045.0546502123602
N21000200,N21000253,11,4142.5984653040105,inf,inf,inf,4142.5984653040105
N21000200,N21000254,9,3910.7904383426917,inf,inf,inf,3910.7904383426917
N21000200,N21000256,10,5070.348912894313,inf,inf,inf,5070.348912894313
N21000200,N21000258,4,4757.49166268506,inf,inf,inf,4757.49166268506
N21000200,N21000259,2,4519.2542257594205,inf,inf,inf,4519.2542257594205
N21000200,N21000261,3,5506.801211695251,inf,inf,inf,5506.801211695251
N21000200,N21000263,3,3837.8988535072494,inf,inf,inf,3837.8988535072494
N21000200,N21000264,7,5349.185753159512,inf,inf,inf,5349.185753159512
N21000200,N21000265,2,6006.149888412425,inf,inf,inf,6006.149888412425
N21000200,N21000266,1,5984.402548785518,inf,inf,inf,5984.402548785518
N21000200,N21000267,2,4656.984864135178,inf,inf,inf,4656.984864135178
N21000200,N21000268,16,7149.099681502474,inf,inf,inf,7149.099681502474
N21000200,N21000269,2,4893.519224981091,inf,inf,inf,4893.519224981091
N21000200,N21000270,4,6323.849425460566,inf,inf,inf,6323.849425460566
N21000200,N21000271,2,5894.708880021066,inf,inf,inf,5894.708880021066
N21000200,N21000273,2,7509.852745144534,inf,inf,inf,7509.852745144534
N21000200,N21000274,1,8567.384463801847,inf,inf,inf,8567.384463801847
N21000200,N21000278,2,7754.705168160589,inf,inf,inf,7754.705168160589
N21000200,N21000279,1,9285.55375596901,inf,inf,inf,9285.55375596901
N21000200,N21000280,1,9427.37048267524,inf,inf,inf,9427.37048267524
N21000200,N21000308,1,8542.809109579795,inf,inf,inf,8542.809109579795
N21000200,N21000309,1,7941.725446205554,inf,inf,inf,7941.725446205554
N21000200,N21000311,1,9116.682903079352,inf,inf,inf,9116.682903079352
N21000200,N21000319,2,5879.722231281811,inf,inf,inf,5879.722231281811
N21000200,N21000322,1,5055.502377518202,inf,inf,inf,5055.502377518202
N21000200,N21000325,1,4719.756987207911,inf,inf,inf,4719.756987207911
N21000200,N21000326,1,7468.429587419077,inf,inf,inf,7468.429587419077
N21000200,N21000329,4,4415.099380794306,inf,inf,inf,4415.099380794306
N21000200,N21000331,2,5177.426047288922,inf,inf,inf,5177.426047288922
N21000200,N21000332,2,6919.041246012537,inf,inf,inf,6919.041246012537
N21000200,N21000335,18,5547.533529580909,inf,inf,inf,5547.533529580909
N21000201,N21000170,1,6442.241638984153,inf,inf,inf,6442.241638984153
N21000201,N21000175,2,4542.754346625559,inf,inf,inf,4542.754346625559
N21000201,N21000177,2,3831.051281709073,inf,inf,inf,3831.051281709073
N21000201,N21000178,2,3605.986568439057,inf,inf,inf,3605.986568439057
N21000201,N21000189,1,6327.311391499307,inf,inf,inf,6327.311391499307
N21000201,N21000190,1,5885.339611385639,inf,inf,inf,5885.339611385639
N21000201,N21000192,20,6448.423752832082,inf,inf,inf,6448.423752832082
N21000201,N21000193,1,5572.535832927425,inf,inf,inf,5572.535832927425
N21000201,N21000195,2,4584.350366075684,inf,inf,inf,4584.350366075684
N21000201,N21000197,25,3832.51859574968,inf,inf,3832.51859574968,3832.51859574968
N21000201,N21000198,18,2511.115545821625,inf,inf,3339.9440039559295,2511.115545821625
N21000201,N21000199,3,1272.9288293105642,inf,inf,1272.9288293105642,1272.9288293105642
N21000201,N21000200,7,808.0366640416561,inf,inf,808.0366640416561,808.0366640416561
N21000201,N21000202,6,1005.5371170721228,inf,inf,1005.5371170721228,1005.5371170721228
N21000201,N21000203,7,849.5460037668316,inf,inf,inf,849.5460037668316
N21000201,N21000204,2,1809.9054513353685,inf,inf,inf,1809.9054513353685
N21000201,N21000205,10,850.4918201973809,inf,inf,inf,850.4918201973809
N21000201,N21000206,4,1186.2657086956012,inf,inf,inf,1186.2657086956012
N21000201,N21000207,1,1275.2247465772564,inf,inf,inf,1275.2247465772564
N21000201,N21000208,14,1227.2904204036042,inf,inf,inf,1227.2904204036042
N21000201,N21000209,2,2141.312884310384,inf,inf,inf,2141.312884310384
N21000201,N21000210,2,1321.6099652975422,inf,inf,inf,1321.6099652975422
N21000201,N21000211,2,1470.6821857154916,inf,inf,inf,1470.6821857154916
N21000201,N21000213,1,1744.203278474603,inf,inf,inf,1744.203278474603
N21000201,N21000214,1,2140.0465979603264,inf,inf,inf,2140.0465979603264
N21000201,N21000215,1,1854.5926614884936,inf,inf,inf,1854.5926614884936
N21000201,N21000216,8,2651.1961089767956,inf,inf,inf,2651.1961089767956
N21000201,N21000219,9,3435.174943778487,inf,inf,inf,3435.174943778487
N21000201,N21000220,7,3146.668579774894,inf,inf,inf,3146.668579774894
N21000201,N21000221,9,4900.99203327569,inf,inf,inf,4900.99203327569
N21000201,N21000222,2,2012.252383185169,inf,inf,inf,2012.252383185169
N21000201,N21000223,7,1444.5965764570442,inf,inf,inf,1444.5965764570442
N21000201,N21000224,1,2590.257051508816,inf,inf,inf,2590.257051508816
N21000201,N21000225,5,2314.488766030597,inf,inf,inf,2314.488766030597
N21000201,N21000226,5,1795.4952147442075,inf,inf,inf,1795.4952147442075
N21000201,N21000230,2,3388.3688927908975,inf,inf,inf,3388.3688927908975
N21000201,N21000231,1,4257.263587302592,inf,inf,inf,4257.263587302592
N21000201,N21000236,3,2358.671507066656,inf,inf,inf,2358.671507066656
N21000201,N21000237,1,2463.018142832002,inf,inf,inf,2463.018142832002
N21000201,N21000240,12,3385.3537198246227,inf,inf,inf,3385.3537198246227
N21000201,N21000242,1,4022.9387018106618,inf,inf,inf,4022.9387018106618
N21000201,N21000247,5,5127.1680285274015,inf,inf,inf,5127.1680285274015
N21000201,N21000248,1,4375.738481849506,inf,inf,inf,4375.738481849506
N21000201,N21000251,49,3448.748256739097,inf,inf,inf,3448.748256739097
N21000201,N21000252,11,2495.786206886816,inf,inf,inf,2495.786206886816
N21000201,N21000253,4,3593.330021978466,inf,inf,inf,3593.330021978466
N21000201,N21000254,4,3361.521995017148,inf,inf,inf,3361.521995017148
N21000201,N21000256,6,4521.080469568767,inf,inf,inf,4521.080469568767
N21000201,N21000258,1,4208.223219359518,inf,inf,inf,4208.223219359518
N21000201,N21000259,2,3969.985782433878,inf,inf,inf,3969.985782433878
N21000201,N21000261,2,4957.532768369708,inf,inf,inf,4957.532768369708
N21000201,N21000263,1,3288.630410181705,inf,inf,inf,3288.630410181705
N21000201,N21000264,5,4799.917309833968,inf,inf,inf,4799.917309833968
N21000201,N21000265,1,5456.881445086881,inf,inf,inf,5456.881445086881
N21000201,N21000268,6,6599.831238176928,inf,inf,inf,6599.831238176928
N21000201,N21000270,2,5774.580982135022,inf,inf,inf,5774.580982135022
N21000201,N21000272,1,6370.429780676995,inf,inf,inf,6370.429780676995
N21000201,N21000274,7,8018.116020476304,inf,inf,inf,8018.116020476304
N21000201,N21000276,2,9194.694551749059,inf,inf,inf,9194.694551749059
N21000201,N21000277,1,7510.329452677924,inf,inf,inf,7510.329452677924
N21000201,N21000278,4,7205.436724835047,inf,inf,inf,7205.436724835047
N21000201,N21000286,1,9413.713833766613,inf,inf,inf,9413.713833766613
N21000201,N21000307,2,7298.5997084743085,inf,inf,inf,7298.5997084743085
N21000201,N21000309,6,7385.927413386394,inf,inf,inf,7385.927413386394
N21000201,N21000310,1,8801.377577491194,inf,inf,inf,8801.377577491194
N21000201,N21000311,1,8560.884870260194,inf,inf,inf,8560.884870260194
N21000201,N21000316,1,7511.736957725232,inf,inf,inf,7511.736957725232
N21000201,N21000325,1,4077.6044301463194,inf,inf,inf,4077.6044301463194
N21000201,N21000329,1,3772.9468237327155,inf,inf,inf,3772.9468237327155
N21000201,N21000331,1,4535.273490227333,inf,inf,inf,4535.273490227333
N21000201,N21000335,8,4998.2650862553655,inf,inf,inf,4998.2650862553655
N21000202,N21000161,1,8628.962438729532,inf,inf,inf,8628.962438729532
N21000202,N21000170,2,6082.816639749348,inf,inf,inf,6082.816639749348
N21000202,N21000172,1,4903.304963896292,inf,inf,inf,4903.304963896292
N21000202,N21000177,1,3471.6262824742644,inf,inf,inf,3471.6262824742644
N21000202,N21000178,1,3246.5615692042484,inf,inf,inf,3246.5615692042484
N21000202,N21000186,1,6100.733915452075,inf,inf,inf,6100.733915452075
N21000202,N21000192,22,6088.998753597273,inf,inf,inf,6088.998753597273
N21000202,N21000195,2,4224.925366840876,inf,inf,inf,4224.925366840876
N21000202,N21000197,15,3964.0019129924,inf,inf,4838.055712821803,3964.0019129924
N21000202,N21000198,26,2400.9270165138705,inf,inf,4345.481121028054,2400.9270165138705
N21000202,N21000199,1,2112.5818394026223,inf,inf,2112.5818394026223,2112.5818394026223
N21000202,N21000200,6,1647.6896741337143,inf,inf,1647.6896741337143,1647.6896741337143
N21000202,N21000201,2,1005.537117072123,inf,inf,1005.537117072123,1005.537117072123
N21000202,N21000203,5,1483.3600295565195,inf,inf,inf,1483.3600295565195
N21000202,N21000204,2,1441.758106038831,inf,inf,inf,1441.758106038831
N21000202,N21000205,13,883.6749474990438,inf,inf,inf,883.6749474990438
N21000202,N21000206,2,1484.563299376699,inf,inf,inf,1484.563299376699
N21000202,N21000207,3,1135.0257890944285,inf,inf,inf,1135.0257890944285
N21000202,N21000208,11,1114.0332913788518,inf,inf,inf,1114.0332913788518
N21000202,N21000209,2,2001.113926827556,inf,inf,inf,2001.113926827556
N21000202,N21000210,1,1384.6779303013475,inf,inf,inf,1384.6779303013475
N21000202,N21000211,3,1683.3102678352745,inf,inf,inf,1683.3102678352745
N21000202,N21000212,2,1800.485180272638,inf,inf,inf,1800.485180272638
N21000202,N21000213,5,1604.0043209917749,inf,inf,inf,1604.0043209917749
N21000202,N21000215,1,1771.4828249896666,inf,inf,inf,1771.4828249896666
N21000202,N21000216,13,2568.0862724779686,inf,inf,inf,2568.0862724779686
N21000202,N21000220,9,3912.564018826465,inf,inf,inf,3912.564018826465
N21000202,N21000221,6,5286.412956783611,inf,inf,inf,5286.412956783611
N21000202,N21000222,1,2778.14782223674,inf,inf,inf,2778.14782223674
N21000202,N21000223,5,2210.4920155086156,inf,inf,inf,2210.4920155086156
N21000202,N21000224,7,3356.1524905603874,inf,inf,inf,3356.1524905603874
N21000202,N21000225,2,2699.909689538518,inf,inf,inf,2699.909689538518
N21000202,N21000226,5,2129.7272790567868,inf,inf,inf,2129.7272790567868
N21000202,N21000230,5,3702.828908703117,inf,inf,inf,3702.828908703117
N21000202,N21000231,1,4571.723603214813,inf,inf,inf,4571.723603214813
N21000202,N21000236,1,2275.561670567829,inf,inf,inf,2275.561670567829
N21000202,N21000237,3,2540.930813922783,inf,inf,inf,2540.930813922783
N21000202,N21000239,1,2597.6721592201566,inf,inf,inf,2597.6721592201566
N21000202,N21000240,20,3302.243883325795,inf,inf,inf,3302.243883325795
N21000202,N21000241,1,3619.269399544085,inf,inf,inf,3619.269399544085
N21000202,N21000249,1,4663.936823977395,inf,inf,inf,4663.936823977395
N21000202,N21000251,33,3132.878529013946,inf,inf,inf,3132.878529013946
N21000202,N21000252,8,2355.5872494039886,inf,inf,inf,2355.5872494039886
N21000202,N21000253,6,3453.1310644956384,inf,inf,inf,3453.1310644956384
N21000202,N21000254,4,3221.3230375343205,inf,inf,inf,3221.3230375343205
N21000202,N21000256,8,4380.881512085939,inf,inf,inf,4380.881512085939
N21000202,N21000258,5,4068.0242618766906,inf,inf,inf,4068.0242618766906
N21000202,N21000263,3,3148.4314526988774,inf,inf,inf,3148.4314526988774
N21000202,N21000264,1,4659.71835235114,inf,inf,inf,4659.71835235114
N21000202,N21000265,7,5316.682487604054,inf,inf,inf,5316.682487604054
N21000202,N21000267,3,3967.517463326808,inf,inf,inf,3967.517463326808
N21000202,N21000268,5,6456.3169102379,inf,inf,inf,6456.3169102379
N21000202,N21000270,2,5634.382024652195,inf,inf,inf,5634.382024652195
N21000202,N21000271,1,5205.241479212696,inf,inf,inf,5205.241479212696
N21000202,N21000273,1,6820.385344336163,inf,inf,inf,6820.385344336163
N21000202,N21000274,4,7877.917062993476,inf,inf,inf,7877.917062993476
N21000202,N21000278,3,7065.23776735222,inf,inf,inf,7065.23776735222
N21000202,N21000280,1,8737.903081866869,inf,inf,inf,8737.903081866869
N21000202,N21000308,1,7627.586077525825,inf,inf,inf,7627.586077525825
N21000202,N21000309,3,7026.502414151585,inf,inf,inf,7026.502414151585
N21000202,N21000321,1,4993.669467696114,inf,inf,inf,4993.669467696114
N21000202,N21000324,1,5694.965083348828,inf,inf,inf,5694.965083348828
N21000202,N21000325,4,3718.1794309115107,inf,inf,inf,3718.1794309115107
N21000202,N21000329,1,3413.521824497907,inf,inf,inf,3413.521824497907
N21000202,N21000332,2,5946.766456335553,inf,inf,inf,5946.766456335553
N21000202,N21000335,6,4682.395358530214,inf,inf,inf,4682.395358530214
N21000203,N21000175,3,5072.875941696668,inf,inf,inf,5072.875941696668
N21000203,N21000178,1,4136.108163510165,inf,inf,inf,4136.108163510165
N21000203,N21000188,1,6249.635808467603,inf,inf,inf,6249.635808467603
N21000203,N21000192,16,6978.54534790319,inf,inf,inf,6978.54534790319
N21000203,N21000193,1,6102.657427998533,inf,inf,inf,6102.657427998533
N21000203,N21000195,3,5114.471961146791,inf,inf,inf,5114.471961146791
N21000203,N21000197,18,4504.570815340585,inf,inf,inf,4504.570815340585
N21000203,N21000198,15,3194.7774426083915,inf,inf,inf,3194.7774426083915
N21000203,N21000199,3,1234.1378276786752,inf,inf,inf,1234.1378276786752
N21000203,N21000202,1,1483.3600295565195,inf,inf,inf,1483.3600295565195
N21000203,N21000205,6,912.394868818264,inf,inf,inf,912.394868818264
N21000203,N21000207,3,1574.5830066224398,inf,inf,inf,1574.5830066224398
N21000203,N21000208,5,1526.6486804487877,inf,inf,inf,1526.6486804487877
N21000203,N21000209,1,2440.6711443555673,inf,inf,inf,2440.6711443555673
N21000203,N21000210,2,1227.2053235129804,inf,inf,inf,1227.2053235129804
N21000203,N21000211,1,1160.0103760161387,inf,inf,inf,1160.0103760161387
N21000203,N21000213,1,2043.5615385197862,inf,inf,inf,2043.5615385197862
N21000203,N21000215,2,1997.4608810339946,inf,inf,inf,1997.4608810339946
N21000203,N21000216,3,2503.9569261192464,inf,inf,inf,2503.9569261192464
N21000203,N21000219,4,2829.2391359274907,inf,inf,inf,2829.2391359274907
N21000203,N21000220,4,2540.732771923898,inf,inf,inf,2540.732771923898
N21000203,N21000221,6,4163.27724287386,inf,inf,inf,4163.27724287386
N21000203,N21000224,5,1947.9072169603032,inf,inf,inf,1947.9072169603032
N21000203,N21000225,2,1576.77397562877,inf,inf,1884.7592119943986,1576.77397562877
N21000203,N21000226,5,1006.5915651470388,inf,inf,inf,1006.5915651470388
N21000203,N21000230,2,2599.465243193729,inf,inf,inf,2599.465243193729
N21000203,N21000236,1,2501.539726612157,inf,inf,inf,2501.539726612157
N21000203,N21000237,6,2072.0664066632794,inf,inf,inf,2072.0664066632794
N21000203,N21000240,7,3148.9213411607093,inf,inf,inf,3148.9213411607093
N21000203,N21000243,1,3358.5075805603783,inf,inf,inf,3358.5075805603783
N21000203,N21000245,1,4783.59440459873,inf,inf,inf,4783.59440459873
N21000203,N21000248,1,4197.6369717602365,inf,inf,inf,4197.6369717602365
N21000203,N21000249,2,4982.668556553567,inf,inf,inf,4982.668556553567
N21000203,N21000251,29,3748.1065167842817,inf,inf,inf,3748.1065167842817
N21000203,N21000252,18,2795.1444669320003,inf,inf,inf,2795.1444669320003
N21000203,N21000253,7,3892.68828202365,inf,inf,inf,3892.68828202365
N21000203,N21000254,3,3660.880255062332,inf,inf,inf,3660.880255062332
N21000203,N21000256,6,4820.438729613952,inf,inf,inf,4820.438729613952
N21000203,N21000257,1,5645.2665894845,inf,inf,inf,5645.2665894845
N21000203,N21000258,4,4507.5814794047,inf,inf,inf,4507.5814794047
N21000203,N21000259,2,4269.3440424790615,inf,inf,inf,4269.3440424790615
N21000203,N21000263,1,3587.9886702268886,inf,inf,inf,3587.9886702268886
N21000203,N21000264,1,5099.275569879153,inf,inf,inf,5099.275569879153
N21000203,N21000265,2,5756.239705132065,inf,inf,inf,5756.239705132065
N21000203,N21000266,1,5734.492365505159,inf,inf,inf,5734.492365505159
N21000203,N21000268,7,6899.189498222113,inf,inf,inf,6899.189498222113
N21000203,N21000270,3,6073.939242180206,inf,inf,inf,6073.939242180206
N21000203,N21000271,1,5644.798696740706,inf,inf,inf,5644.798696740706
N21000203,N21000273,2,7259.942561864175,inf,inf,inf,7259.942561864175
N21000203,N21000274,3,8317.474280521488,inf,inf,inf,8317.474280521488
N21000203,N21000278,1,7504.79498488023,inf,inf,inf,7504.79498488023
N21000203,N21000282,1,8926.17691690402,inf,inf,inf,8926.17691690402
N21000203,N21000303,1,5789.330307350902,inf,inf,inf,5789.330307350902
N21000203,N21000309,2,7691.815262925195,inf,inf,inf,7691.815262925195
N21000203,N21000323,2,5479.590138277553,inf,inf,inf,5479.590138277553
N21000203,N21000325,1,4552.343593600537,inf,inf,inf,4552.343593600537
N21000203,N21000329,2,4247.685987186933,inf,inf,inf,4247.685987186933
N21000203,N21000331,1,5001.707292374512,inf,inf,inf,5001.707292374512
N21000203,N21000335,10,5297.62334630055,inf,inf,inf,5297.62334630055
N21000204,N21000170,2,5246.809145010828,inf,inf,inf,5246.809145010828
N21000204,N21000172,1,4067.297469157772,inf,inf,inf,4067.297469157772
N21000204,N21000175,5,3347.3218526522287,inf,inf,inf,3347.3218526522287
N21000204,N21000177,3,2635.618787735745,inf,inf,inf,2635.618787735745
N21000204,N21000178,3,2410.554074465729,inf,inf,inf,2410.554074465729
N21000204,N21000189,1,5131.8788975259795,inf,inf,inf,5131.8788975259795
N21000204,N21000190,2,4689.90711741231,inf,inf,inf,4689.90711741231
N21000204,N21000192,41,5252.991258858755,inf,inf,inf,5252.991258858755
N21000204,N21000193,1,4377.103338954097,inf,inf,inf,4377.103338954097
N21000204,N21000195,9,3388.917872102358,inf,inf,inf,3388.917872102358
N21000204,N21000197,6,4681.037554627813,inf,inf,inf,4681.037554627813
N21000204,N21000198,20,2009.4132219717917,inf,inf,inf,2009.4132219717917
N21000204,N21000200,1,2408.8742950960545,inf,inf,inf,2408.8742950960545
N21000204,N21000202,1,1441.7581060388309,inf,inf,inf,1441.7581060388309
N21000204,N21000203,3,2158.9641118156947,inf,inf,inf,2158.9641118156947
N21000204,N21000205,13,1559.2790297582194,inf,inf,inf,1559.2790297582194
N21000204,N21000208,9,1108.462032021767,inf,inf,inf,1108.462032021767
N21000204,N21000210,1,1853.4056060487294,inf,inf,inf,1853.4056060487294
N21000204,N21000213,5,984.5932907853353,inf,inf,inf,984.5932907853353
N21000204,N21000216,4,2250.4864735019523,inf,inf,inf,2250.4864735019523
N21000204,N21000219,2,4876.6744650892315,inf,inf,inf,4876.6744650892315
N21000204,N21000220,1,4588.16810108564,inf,inf,inf,4588.16810108564
N21000204,N21000221,1,5962.017039042787,inf,inf,inf,5962.017039042787
N21000204,N21000222,1,3453.7519044959154,inf,inf,inf,3453.7519044959154
N21000204,N21000223,1,2886.0960977677914,inf,inf,inf,2886.0960977677914
N21000204,N21000225,1,3375.5137717976936,inf,inf,inf,3375.5137717976936
N21000204,N21000226,8,2805.3313613159626,inf,inf,inf,2805.3313613159626
N21000204,N21000230,3,4378.432990962293,inf,inf,inf,4378.432990962293
N21000204,N21000233,1,4094.3300910460594,inf,inf,inf,4094.3300910460594
N21000204,N21000237,4,2996.063288589822,inf,inf,inf,2996.063288589822
N21000204,N21000240,9,2874.83378259688,inf,inf,inf,2874.83378259688
N21000204,N21000241,26,2750.733256475976,inf,inf,inf,2750.733256475976
N21000204,N21000246,1,3316.5330137120754,inf,inf,inf,3316.5330137120754
N21000204,N21000248,1,3606.0790959134224,inf,inf,inf,3606.0790959134224
N21000204,N21000251,81,1937.912474232036,inf,inf,inf,1937.912474232036
N21000204,N21000252,24,984.9504243797539,inf,inf,inf,984.9504243797539
N21000204,N21000253,4,2082.4942394714044,inf,inf,inf,2082.4942394714044
N21000204,N21000254,10,1850.686212510084,inf,inf,inf,1850.686212510084
N21000204,N21000256,5,3010.244687061706,inf,inf,inf,3010.244687061706
N21000204,N21000258,5,2697.3874368524566,inf,inf,inf,2697.3874368524566
N21000204,N21000259,2,2459.1499999268144,inf,inf,inf,2459.1499999268144
N21000204,N21000262,2,2460.330896074011,inf,inf,inf,2460.330896074011
N21000204,N21000263,2,1927.9690504600624,inf,inf,inf,1927.9690504600624
N21000204,N21000264,6,3289.081527326904,inf,inf,inf,3289.081527326904
N21000204,N21000265,4,3946.0456625798156,inf,inf,inf,3946.0456625798156
N21000204,N21000267,3,2747.0550610879927,inf,inf,inf,2747.0550610879927
N21000204,N21000268,11,5088.995455669867,inf,inf,inf,5088.995455669867
N21000204,N21000270,1,4263.745199627957,inf,inf,inf,4263.745199627957
N21000204,N21000271,1,3984.7790769738804,inf,inf,inf,3984.7790769738804
N21000204,N21000272,1,5009.768420955352,inf,inf,inf,5009.768420955352
N21000204,N21000273,3,5449.7485193119255,inf,inf,inf,5449.7485193119255
N21000204,N21000274,2,6507.280237969242,inf,inf,inf,6507.280237969242
N21000204,N21000275,4,6423.220323935455,inf,inf,inf,6423.220323935455
N21000204,N21000277,4,6092.674162990068,inf,inf,inf,6092.674162990068
N21000204,N21000278,1,5844.7753651134035,inf,inf,inf,5844.7753651134035
N21000204,N21000280,2,7367.266256842633,inf,inf,inf,7367.266256842633
N21000204,N21000283,1,8087.245536554481,inf,inf,inf,8087.245536554481
N21000204,N21000289,1,8425.550687889026,inf,inf,inf,8425.550687889026
N21000204,N21000294,1,8521.765265847518,inf,inf,inf,8521.765265847518
N21000204,N21000302,2,4731.084671999621,inf,inf,inf,4731.084671999621
N21000204,N21000303,4,3979.1362647986557,inf,inf,inf,3979.1362647986557
N21000204,N21000305,5,5028.493781674828,inf,inf,inf,5028.493781674828
N21000204,N21000308,1,6482.70488374719,inf,inf,inf,6482.70488374719
N21000204,N21000309,5,5881.621220372949,inf,inf,inf,5881.621220372949
N21000204,N21000310,1,7297.071384477748,inf,inf,inf,7297.071384477748
N21000204,N21000311,2,7056.578677246747,inf,inf,inf,7056.578677246747
N21000204,N21000312,1,7606.960308710083,inf,inf,inf,7606.960308710083
N21000204,N21000315,2,7032.496510195757,inf,inf,inf,7032.496510195757
N21000204,N21000319,1,4042.1371802468957,inf,inf,inf,4042.1371802468957
N21000204,N21000322,1,3217.9173264832857,inf,inf,inf,3217.9173264832857
N21000204,N21000328,2,3599.2718878711107,inf,inf,inf,3599.2718878711107
N21000204,N21000331,1,3240.5286917676513,inf,inf,inf,3240.5286917676513
N21000204,N21000332,1,4858.937020179932,inf,inf,inf,4858.937020179932
N21000204,N21000335,12,3487.4293037483067,inf,inf,inf,3487.4293037483067
N21000205,N21000175,4,4473.190859639189,inf,inf,inf,4473.190859639189
N21000205,N21000177,2,3761.487794722704,inf,inf,inf,3761.487794722704
N21000205,N21000178,2,3536.423081452688,inf,inf,inf,3536.423081452688
N21000205,N21000188,1,5649.950726410127,inf,inf,inf,5649.950726410127
N21000205,N21000189,5,6257.747904512938,inf,inf,inf,6257.747904512938
N21000205,N21000190,1,5815.776124399269,inf,inf,inf,5815.776124399269
N21000205,N21000192,51,6378.860265845714,inf,inf,inf,6378.860265845714
N21000205,N21000195,4,4514.786879089315,inf,inf,inf,4514.786879089315
N21000205,N21000196,3,4548.9761677666675,inf,inf,inf,4548.9761677666675
N21000205,N21000197,25,4524.823114734214,inf,inf,inf,4524.823114734214
N21000205,N21000198,22,2961.7482182556832,inf,inf,inf,2961.7482182556832
N21000205,N21000200,5,1162.305052098623,inf,inf,inf,1162.305052098623
N21000205,N21000201,4,850.4918201973809,inf,inf,inf,850.4918201973809
N21000205,N21000202,3,883.6749474990438,inf,inf,inf,883.6749474990438
N21000205,N21000203,6,912.3948688182638,inf,inf,inf,912.3948688182638
N21000205,N21000204,1,1559.2790297582196,inf,inf,inf,1559.2790297582196
N21000205,N21000206,3,892.95829699052,inf,inf,inf,892.95829699052
N21000205,N21000207,5,928.7574524008602,inf,inf,inf,928.7574524008602
N21000205,N21000208,13,880.8231262272083,inf,inf,inf,880.8231262272083
N21000205,N21000209,3,1794.8455901339876,inf,inf,inf,1794.8455901339876
N21000205,N21000211,2,936.4506180770238,inf,inf,inf,936.4506180770238
N21000205,N21000212,2,1594.2168435790695,inf,inf,inf,1594.2168435790695
N21000205,N21000213,1,1397.7359842982064,inf,inf,inf,1397.7359842982064
N21000205,N21000214,2,1793.57930378393,inf,inf,inf,1793.57930378393
N21000205,N21000215,1,1351.0816594120947,inf,inf,inf,1351.0816594120947
N21000205,N21000216,4,2019.0717781746243,inf,inf,inf,2019.0717781746243
N21000205,N21000219,2,3630.1052220918023,inf,inf,inf,3630.1052220918023
N21000205,N21000220,12,3341.5988580882095,inf,inf,inf,3341.5988580882095
N21000205,N21000221,7,4694.807954397433,inf,inf,inf,4694.807954397433
N21000205,N21000222,4,2207.182661498485,inf,inf,inf,2207.182661498485
N21000205,N21000223,4,1639.5268547703595,inf,inf,inf,1639.5268547703595
N21000205,N21000224,5,2785.1873298221317,inf,inf,inf,2785.1873298221317
N21000205,N21000225,8,2108.3046871523397,inf,inf,inf,2108.3046871523397
N21000205,N21000226,11,1538.1222766706082,inf,inf,inf,1538.1222766706082
N21000205,N21000230,8,3014.6822219850196,inf,inf,inf,3014.6822219850196
N21000205,N21000231,2,3883.5769164967146,inf,inf,inf,3883.5769164967146
N21000205,N21000232,1,2509.996456814927,inf,inf,inf,2509.996456814927
N21000205,N21000236,1,1855.160504990258,inf,inf,inf,1855.160504990258
N21000205,N21000237,6,1738.2794798415975,inf,inf,inf,1738.2794798415975
N21000205,N21000239,1,2177.270993642585,inf,inf,inf,2177.270993642585
N21000205,N21000240,13,2729.108546482094,inf,inf,inf,2729.108546482094
N21000205,N21000243,1,2938.694785881763,inf,inf,inf,2938.694785881763
N21000205,N21000245,1,4137.76885037715,inf,inf,inf,4137.76885037715
N21000205,N21000249,2,4457.668487283827,inf,inf,inf,4457.668487283827
N21000205,N21000251,61,3102.2809625627015,inf,inf,inf,3102.2809625627015
N21000205,N21000252,22,2149.31891271042,inf,inf,inf,2149.31891271042
N21000205,N21000253,13,3246.86272780207,inf,inf,inf,3246.86272780207
N21000205,N21000254,10,3015.0547008407516,inf,inf,inf,3015.0547008407516
N21000205,N21000256,9,4174.613175392372,inf,inf,inf,4174.613175392372
N21000205,N21000258,4,3861.7559251831217,inf,inf,inf,3861.7559251831217
N21000205,N21000261,1,4611.065474193312,inf,inf,inf,4611.065474193312
N21000205,N21000263,3,2942.1631160053093,inf,inf,inf,2942.1631160053093
N21000205,N21000264,6,4453.450015657571,inf,inf,inf,4453.450015657571
N21000205,N21000265,2,5110.414150910485,inf,inf,inf,5110.414150910485
N21000205,N21000266,1,5088.666811283579,inf,inf,inf,5088.666811283579
N21000205,N21000267,1,3761.24912663324,inf,inf,inf,3761.24912663324
N21000205,N21000268,8,6253.363944000534,inf,inf,inf,6253.363944000534
N21000205,N21000270,4,5428.113687958626,inf,inf,inf,5428.113687958626
N21000205,N21000271,1,4998.973142519128,inf,inf,inf,4998.973142519128
N21000205,N21000274,2,7671.648726299908,inf,inf,inf,7671.648726299908
N21000205,N21000275,1,7587.588812266121,inf,inf,inf,7587.588812266121
N21000205,N21000277,3,7163.862158501528,inf,inf,inf,7163.862158501528
N21000205,N21000278,1,6858.969430658651,inf,inf,inf,6858.969430658651
N21000205,N21000283,1,9158.433532065941,inf,inf,inf,9158.433532065941
N21000205,N21000303,1,5143.504753129322,inf,inf,inf,5143.504753129322
N21000205,N21000305,1,6192.862270005494,inf,inf,inf,6192.862270005494
N21000205,N21000308,2,7647.073372077856,inf,inf,inf,7647.073372077856
N21000205,N21000309,8,7045.989708703616,inf,inf,inf,7045.989708703616
N21000205,N21000315,1,8196.864998526424,inf,inf,inf,8196.864998526424
N21000205,N21000325,1,3952.6585115430616,inf,inf,inf,3952.6585115430616
N21000205,N21000326,1,6701.331111754227,inf,inf,inf,6701.331111754227
N21000205,N21000328,3,4760.765406420499,inf,inf,inf,4760.765406420499
N21000205,N21000331,2,4402.022210317038,inf,inf,inf,4402.022210317038
N21000205,N21000332,1,6023.305508510598,inf,inf,inf,6023.305508510598
N21000205,N21000334,1,3937.1480228395008,inf,inf,inf,3937.1480228395008
N21000205,N21000335,13,4651.79779207897,inf,inf,inf,4651.79779207897
N21000206,N21000161,2,9519.712302855625,inf,inf,inf,9519.712302855625
N21000206,N21000175,4,5074.079211516847,inf,inf,inf,5074.079211516847
N21000206,N21000188,1,6250.839078287781,inf,inf,inf,6250.839078287781
N21000206,N21000192,21,6979.748617723369,inf,inf,inf,6979.748617723369
N21000206,N21000193,1,6103.860697818713,inf,inf,inf,6103.860697818713
N21000206,N21000195,3,5115.67523096697,inf,inf,inf,5115.67523096697
N21000206,N21000197,7,4848.790908251595,inf,inf,inf,4848.790908251595
N21000206,N21000198,6,3389.778593651198,inf,inf,inf,3389.778593651198
N21000206,N21000199,2,1631.499886777108,inf,inf,inf,1631.499886777108
N21000206,N21000200,2,973.7354060365898,inf,inf,inf,973.7354060365898
N21000206,N21000201,1,1186.2657086956012,inf,inf,inf,1186.2657086956012
N21000206,N21000202,6,1484.5632993766992,inf,inf,inf,1484.5632993766992
N21000206,N21000204,3,2160.1673816358743,inf,inf,inf,2160.1673816358743
N21000206,N21000205,9,892.95829699052,inf,inf,inf,892.95829699052
N21000206,N21000207,4,1575.7862764426195,inf,inf,inf,1575.7862764426195
N21000206,N21000208,3,1527.8519502689674,inf,inf,inf,1527.8519502689674
N21000206,N21000209,5,2441.874414175747,inf,inf,inf,2441.874414175747
N21000206,N21000213,1,1709.2644764448744,inf,inf,inf,1709.2644764448744
N21000206,N21000216,2,2146.636604804068,inf,inf,inf,2146.636604804068
N21000206,N21000217,1,2515.000786148604,inf,inf,inf,2515.000786148604
N21000206,N21000219,6,3226.601195025924,inf,inf,inf,3226.601195025924
N21000206,N21000220,3,2938.094831022331,inf,inf,inf,2938.094831022331
N21000206,N21000221,16,3877.142385206152,inf,inf,inf,3877.142385206152
N21000206,N21000222,4,1638.756577215419,inf,inf,3754.8550340263528,1638.756577215419
N21000206,N21000223,2,1045.5612538794503,inf,inf,inf,1045.5612538794503
N21000206,N21000224,7,2191.2217289312234,inf,inf,inf,2191.2217289312234
N21000206,N21000225,4,1290.63911796106,inf,inf,2083.482825797506,1290.63911796106
N21000206,N21000231,2,3182.2250800377133,inf,inf,inf,3182.2250800377133
N21000206,N21000232,1,2282.4427505076765,inf,inf,inf,2282.4427505076765
N21000206,N21000233,2,2130.0906550506616,inf,inf,inf,2130.0906550506616
N21000206,N21000234,1,3664.42930453837,inf,inf,inf,3664.42930453837
N21000206,N21000236,1,2104.177667513725,inf,inf,inf,2104.177667513725
N21000206,N21000237,4,1785.9315489955693,inf,inf,inf,1785.9315489955693
N21000206,N21000239,3,2426.288156166052,inf,inf,inf,2426.288156166052
N21000206,N21000240,5,2856.6733731115382,inf,inf,inf,2856.6733731115382
N21000206,N21000241,2,3346.8152965440577,inf,inf,inf,3346.8152965440577
N21000206,N21000244,1,3560.168623345874,inf,inf,inf,3560.168623345874
N21000206,N21000245,1,4484.10407320102,inf,inf,inf,4484.10407320102
N21000206,N21000248,1,3905.3890037110664,inf,inf,inf,3905.3890037110664
N21000206,N21000249,1,4690.420588504396,inf,inf,inf,4690.420588504396
N21000206,N21000251,46,3749.309786604461,inf,inf,inf,3749.309786604461
N21000206,N21000252,14,2796.34773675218,inf,inf,inf,2796.34773675218
N21000206,N21000253,10,3893.89155184383,inf,inf,inf,3893.89155184383
N21000206,N21000254,4,3662.083524882512,inf,inf,inf,3662.083524882512
N21000206,N21000256,4,4821.641999434131,inf,inf,inf,4821.641999434131
N21000206,N21000258,4,4508.78474922488,inf,inf,inf,4508.78474922488
N21000206,N21000259,2,4270.547312299242,inf,inf,inf,4270.547312299242
N21000206,N21000263,1,3355.3608687408387,inf,inf,inf,3355.3608687408387
N21000206,N21000264,2,5100.478839699334,inf,inf,inf,5100.478839699334
N21000206,N21000268,6,6900.392768042293,inf,inf,inf,6900.392768042293
N21000206,N21000270,1,6075.142512000384,inf,inf,inf,6075.142512000384
N21000206,N21000271,1,5412.170895254656,inf,inf,inf,5412.170895254656
N21000206,N21000273,2,7104.353665831663,inf,inf,inf,7104.353665831663
N21000206,N21000274,2,8318.677550341667,inf,inf,inf,8318.677550341667
N21000206,N21000278,1,7272.167183394179,inf,inf,inf,7272.167183394179
N21000206,N21000279,3,9036.846842508829,inf,inf,inf,9036.846842508829
N21000206,N21000301,2,7710.78605945559,inf,inf,inf,7710.78605945559
N21000206,N21000307,1,7605.69082783329,inf,inf,inf,7605.69082783329
N21000206,N21000309,1,7693.0185327453755,inf,inf,inf,7693.0185327453755
N21000206,N21000310,1,9108.468696850177,inf,inf,inf,9108.468696850177
N21000206,N21000324,2,6530.332515858033,inf,inf,inf,6530.332515858033
N21000206,N21000325,1,4553.546863420717,inf,inf,inf,4553.546863420717
N21000206,N21000329,1,4248.889257007113,inf,inf,inf,4248.889257007113
N21000206,N21000330,1,7203.870799662937,inf,inf,inf,7203.870799662937
N21000206,N21000332,1,6670.334332552357,inf,inf,inf,6670.334332552357
N21000206,N21000333,2,5585.536314607041,inf,inf,inf,5585.536314607041
N21000206,N21000335,20,5298.826616120729,inf,inf,inf,5298.826616120729
N21000207,N21000166,1,6546.794596173851,inf,inf,inf,6546.794596173851
N21000207,N21000167,1,5076.218971965127,inf,inf,inf,5076.218971965127
N21000207,N21000175,3,3840.5485244065794,inf,inf,inf,3840.5485244065794
N21000207,N21000186,1,5777.944701578804,inf,inf,inf,5777.944701578804
N21000207,N21000192,23,5766.209539724002,inf,inf,inf,5766.209539724002
N21000207,N21000194,1,4391.234754757336,inf,inf,inf,4391.234754757336
N21000207,N21000197,15,4487.6727021229635,inf,inf,inf,4487.6727021229635
N21000207,N21000198,16,2442.175666120433,inf,inf,inf,2442.175666120433
N21000207,N21000199,1,2289.385355171706,inf,inf,inf,2289.385355171706
N21000207,N21000201,2,1275.2247465772562,inf,inf,inf,1275.2247465772562
N21000207,N21000202,4,1135.0257890944283,inf,inf,inf,1135.0257890944283
N21000207,N21000203,2,1574.5830066224396,inf,inf,inf,1574.5830066224396
N21000207,N21000205,10,928.75745240086,inf,inf,inf,928.75745240086
N21000207,N21000209,2,866.0881377331274,inf,inf,inf,866.0881377331274
N21000207,N21000210,3,1337.7908471607404,inf,inf,inf,1337.7908471607404
N21000207,N21000214,1,864.8218513830702,inf,inf,inf,864.8218513830702
N21000207,N21000216,9,1734.8717146139638,inf,inf,inf,1734.8717146139638
N21000207,N21000219,1,4292.293359895978,inf,inf,inf,4292.293359895978
N21000207,N21000220,10,4003.7869958923848,inf,inf,inf,4003.7869958923848
N21000207,N21000221,5,5377.6359338495295,inf,inf,inf,5377.6359338495295
N21000207,N21000222,1,2869.37079930266,inf,inf,inf,2869.37079930266
N21000207,N21000223,1,2301.714992574536,inf,inf,inf,2301.714992574536
N21000207,N21000224,2,3447.375467626308,inf,inf,inf,3447.375467626308
N21000207,N21000225,5,2791.1326666044374,inf,inf,inf,2791.1326666044374
N21000207,N21000226,5,2220.9502561227064,inf,inf,inf,2220.9502561227064
N21000207,N21000230,2,3794.051885769037,inf,inf,inf,3794.051885769037
N21000207,N21000236,1,1442.347112703824,inf,inf,inf,1442.347112703824
N21000207,N21000237,3,2480.4485297018327,inf,inf,inf,2480.4485297018327
N21000207,N21000239,2,1476.0481336476641,inf,inf,inf,1476.0481336476641
N21000207,N21000240,9,2439.759306461643,inf,inf,inf,2439.759306461643
N21000207,N21000242,2,3208.8915516323113,inf,inf,inf,3208.8915516323113
N21000207,N21000248,1,3171.0046197781853,inf,inf,inf,3171.0046197781853
N21000207,N21000249,1,3528.911034882965,inf,inf,inf,3528.911034882965
N21000207,N21000251,64,2173.5235101618428,inf,inf,inf,2173.5235101618428
N21000207,N21000252,15,1220.5614603095605,inf,inf,inf,1220.5614603095605
N21000207,N21000253,10,2318.1052754012107,inf,inf,inf,2318.1052754012107
N21000207,N21000254,4,2086.2972484398906,inf,inf,inf,2086.2972484398906
N21000207,N21000256,8,3245.8557229915123,inf,inf,inf,3245.8557229915123
N21000207,N21000258,9,2932.998472782263,inf,inf,inf,2932.998472782263
N21000207,N21000259,3,2694.7610358566208,inf,inf,inf,2694.7610358566208
N21000207,N21000260,1,4017.7443676917846,inf,inf,inf,4017.7443676917846
N21000207,N21000263,2,2013.405663604449,inf,inf,inf,2013.405663604449
N21000207,N21000264,4,3524.692563256711,inf,inf,inf,3524.692563256711
N21000207,N21000265,2,4181.656698509622,inf,inf,inf,4181.656698509622
N21000207,N21000266,4,4159.909358882719,inf,inf,inf,4159.909358882719
N21000207,N21000268,11,5324.606491599672,inf,inf,inf,5324.606491599672
N21000207,N21000270,4,4499.356235557762,inf,inf,inf,4499.356235557762
N21000207,N21000274,6,6742.8912738990475,inf,inf,inf,6742.8912738990475
N21000207,N21000277,3,6235.1047061006675,inf,inf,inf,6235.1047061006675
N21000207,N21000278,2,5930.211978257791,inf,inf,inf,5930.211978257791
N21000207,N21000280,1,7602.8772927724385,inf,inf,inf,7602.8772927724385
N21000207,N21000285,3,8596.535681297059,inf,inf,inf,8596.535681297059
N21000207,N21000293,1,9247.631469399383,inf,inf,inf,9247.631469399383
N21000207,N21000302,1,4966.695707929428,inf,inf,inf,4966.695707929428
N21000207,N21000305,3,5264.104817604633,inf,inf,inf,5264.104817604633
N21000207,N21000307,1,6029.90455139067,inf,inf,inf,6029.90455139067
N21000207,N21000309,8,6117.232256302755,inf,inf,inf,6117.232256302755
N21000207,N21000311,2,7292.189713176553,inf,inf,inf,7292.189713176553
N21000207,N21000319,1,4535.363852001247,inf,inf,inf,4535.363852001247
N21000207,N21000322,1,3711.1439982376364,inf,inf,inf,3711.1439982376364
N21000207,N21000325,1,3282.0250486995774,inf,inf,inf,3282.0250486995774
N21000207,N21000329,2,2977.3674422859735,inf,inf,inf,2977.3674422859735
N21000207,N21000331,3,3731.388747473554,inf,inf,inf,3731.388747473554
N21000207,N21000332,2,5094.548056109737,inf,inf,inf,5094.548056109737
N21000207,N21000334,1,3008.390570438642,inf,inf,inf,3008.390570438642
N21000207,N21000335,10,3723.040339678113,inf,inf,inf,3723.040339678113
N21000208,N21000163,1,6749.648365540032,inf,inf,inf,6749.648365540032
N21000208,N21000172,1,4979.643128423884,inf,inf,inf,4979.643128423884
N21000208,N21000174,1,5246.06778111031,inf,inf,inf,5246.06778111031
N21000208,N21000175,1,4259.667511918341,inf,inf,inf,4259.667511918341
N21000208,N21000178,2,3322.899733731841,inf,inf,inf,3322.899733731841
N21000208,N21000187,1,6492.609573102034,inf,inf,inf,6492.609573102034
N21000208,N21000192,20,6165.336918124866,inf,inf,inf,6165.336918124866
N21000208,N21000195,2,4301.26353136847,inf,inf,inf,4301.26353136847
N21000208,N21000197,14,4479.155188959354,inf,inf,inf,4479.155188959354
N21000208,N21000198,22,2777.683374235448,inf,inf,inf,2777.683374235448
N21000208,N21000199,2,2241.4510289980544,inf,inf,inf,2241.4510289980544
N21000208,N21000200,1,1776.5588637291464,inf,inf,inf,1776.5588637291464
N21000208,N21000202,5,1114.0332913788518,inf,inf,inf,1114.0332913788518
N21000208,N21000203,2,1526.6486804487877,inf,inf,inf,1526.6486804487877
N21000208,N21000204,4,1108.4620320217668,inf,inf,inf,1108.4620320217668
N21000208,N21000205,14,880.823126227208,inf,inf,inf,880.823126227208
N21000208,N21000206,2,1527.851950268967,inf,inf,inf,1527.851950268967
N21000208,N21000209,1,1306.4752042384844,inf,inf,inf,1306.4752042384844
N21000208,N21000210,2,1358.4685336062319,inf,inf,inf,1358.4685336062319
N21000208,N21000211,1,1726.5989187275427,inf,inf,inf,1726.5989187275427
N21000208,N21000212,2,989.6435023441348,inf,inf,inf,989.6435023441348
N21000208,N21000214,3,1182.2265497226867,inf,inf,inf,1182.2265497226867
N21000208,N21000215,7,993.2980797707036,inf,inf,inf,993.2980797707036
N21000208,N21000216,10,1970.5719095817162,inf,inf,inf,1970.5719095817162
N21000208,N21000218,2,1457.7588268721788,inf,inf,inf,1457.7588268721788
N21000208,N21000219,1,4244.359033722326,inf,inf,inf,4244.359033722326
N21000208,N21000220,6,3955.8526697187326,inf,inf,inf,3955.8526697187326
N21000208,N21000221,3,5329.701607675878,inf,inf,inf,5329.701607675878
N21000208,N21000222,2,2821.4364731290084,inf,inf,inf,2821.4364731290084
N21000208,N21000223,3,2253.780666400884,inf,inf,inf,2253.780666400884
N21000208,N21000224,3,3399.4411414526558,inf,inf,inf,3399.4411414526558
N21000208,N21000225,4,2743.198340430786,inf,inf,inf,2743.198340430786
N21000208,N21000226,7,2173.0159299490547,inf,inf,inf,2173.0159299490547
N21000208,N21000230,4,3746.1175595953855,inf,inf,inf,3746.1175595953855
N21000208,N21000231,1,4615.0122541070805,inf,inf,inf,4615.0122541070805
N21000208,N21000233,1,3462.014659679152,inf,inf,inf,3462.014659679152
N21000208,N21000237,5,2536.55565218186,inf,inf,inf,2536.55565218186
N21000208,N21000239,4,1793.452831987281,inf,inf,inf,1793.452831987281
N21000208,N21000240,15,2704.729520429543,inf,inf,inf,2704.729520429543
N21000208,N21000242,2,3444.591746600064,inf,inf,inf,3444.591746600064
N21000208,N21000244,1,3408.2247706638786,inf,inf,inf,3408.2247706638786
N21000208,N21000245,1,3533.1955091422137,inf,inf,inf,3533.1955091422137
N21000208,N21000247,2,4548.821073316803,inf,inf,inf,4548.821073316803
N21000208,N21000248,1,3488.4093181178027,inf,inf,inf,3488.4093181178027
N21000208,N21000250,1,4086.0018971675945,inf,inf,inf,4086.0018971675945
N21000208,N21000251,25,2613.9105766672,inf,inf,inf,2613.9105766672
N21000208,N21000252,9,1660.9485268149176,inf,inf,inf,1660.9485268149176
N21000208,N21000253,8,2758.492341906568,inf,inf,inf,2758.492341906568
N21000208,N21000254,2,2526.684314945249,inf,inf,inf,2526.684314945249
N21000208,N21000256,3,3686.2427894968696,inf,inf,inf,3686.2427894968696
N21000208,N21000258,4,3373.3855392876194,inf,inf,inf,3373.3855392876194
N21000208,N21000260,1,4458.131434197142,inf,inf,inf,4458.131434197142
N21000208,N21000261,1,4122.69508829781,inf,inf,inf,4122.69508829781
N21000208,N21000263,1,2337.589774770375,inf,inf,inf,2337.589774770375
N21000208,N21000264,2,3965.079629762068,inf,inf,inf,3965.079629762068
N21000208,N21000266,2,4600.296425388076,inf,inf,inf,4600.296425388076
N21000208,N21000267,3,3156.6757853983054,inf,inf,inf,3156.6757853983054
N21000208,N21000268,7,5764.993558105032,inf,inf,inf,5764.993558105032
N21000208,N21000272,1,5419.389145265664,inf,inf,inf,5419.389145265664
N21000208,N21000273,2,6086.5825718612,inf,inf,inf,6086.5825718612
N21000208,N21000274,4,7183.278340404406,inf,inf,inf,7183.278340404406
N21000208,N21000275,1,7099.2184263706185,inf,inf,inf,7099.2184263706185
N21000208,N21000283,1,8553.860190831005,inf,inf,inf,8553.860190831005
N21000208,N21000325,1,3722.412115204935,inf,inf,inf,3722.412115204935
N21000208,N21000329,1,3417.7545087913313,inf,inf,inf,3417.7545087913313
N21000208,N21000335,9,4163.42740618347,inf,inf,inf,4163.42740618347
N21000209,N21000177,1,2743.16111955415,inf,inf,inf,2743.16111955415
N21000209,N21000181,1,6874.935882442543,inf,inf,inf,6874.935882442543
N21000209,N21000184,1,5908.001813233139,inf,inf,inf,5908.001813233139
N21000209,N21000188,3,4637.386796457132,inf,inf,inf,4637.386796457132
N21000209,N21000192,19,5366.296335892718,inf,inf,inf,5366.296335892718
N21000209,N21000195,5,3502.2229491363205,inf,inf,inf,3502.2229491363205
N21000209,N21000197,4,5079.619224445298,inf,inf,inf,5079.619224445298
N21000209,N21000198,15,2302.970019396473,inf,inf,inf,2302.970019396473
N21000209,N21000202,2,2001.1139268275556,inf,inf,inf,2001.1139268275556
N21000209,N21000205,7,1794.8455901339873,inf,inf,inf,1794.8455901339873
N21000209,N21000206,1,2441.874414175747,inf,inf,inf,2441.874414175747
N21000209,N21000208,6,1306.4752042384844,inf,inf,inf,1306.4752042384844
N21000209,N21000210,3,1956.0777487754403,inf,inf,inf,1956.0777487754403
N21000209,N21000212,7,828.6846081128447,inf,inf,inf,828.6846081128447
N21000209,N21000213,6,877.7508704244677,inf,inf,inf,877.7508704244677
N21000209,N21000215,1,1242.3908771003291,inf,inf,inf,1242.3908771003291
N21000209,N21000216,6,2230.4255335928433,inf,inf,inf,2230.4255335928433
N21000209,N21000218,1,1018.599302724422,inf,inf,inf,1018.599302724422
N21000209,N21000219,1,5158.381497629104,inf,inf,inf,5158.381497629104
N21000209,N21000220,2,4869.875133625513,inf,inf,inf,4869.875133625513
N21000209,N21000222,1,3735.458937035789,inf,inf,inf,3735.458937035789
N21000209,N21000223,2,3167.803130307664,inf,inf,inf,3167.803130307664
N21000209,N21000225,4,3657.2208043375663,inf,inf,inf,3657.2208043375663
N21000209,N21000226,3,3087.0383938558352,inf,inf,inf,3087.0383938558352
N21000209,N21000230,2,4614.607964485786,inf,inf,inf,4614.607964485786
N21000209,N21000231,1,5483.502658997483,inf,inf,inf,5483.502658997483
N21000209,N21000236,2,1764.49004560406,inf,inf,inf,1764.49004560406
N21000209,N21000239,3,1422.251842918707,inf,inf,inf,1422.251842918707
N21000209,N21000240,3,2591.628789916823,inf,inf,inf,2591.628789916823
N21000209,N21000241,7,2070.574394853752,inf,inf,inf,2070.574394853752
N21000209,N21000242,1,3704.445370611192,inf,inf,inf,3704.445370611192
N21000209,N21000243,1,2483.7447120335064,inf,inf,inf,2483.7447120335064
N21000209,N21000244,1,3274.2115373105194,inf,inf,inf,3274.2115373105194
N21000209,N21000246,1,3033.328021032018,inf,inf,inf,3033.328021032018
N21000209,N21000248,2,3322.874103233365,inf,inf,inf,3322.874103233365
N21000209,N21000250,1,3920.4666822831573,inf,inf,inf,3920.4666822831573
N21000209,N21000251,52,1773.6103063305577,inf,inf,inf,1773.6103063305577
N21000209,N21000252,15,820.6482564782757,inf,inf,inf,820.6482564782757
N21000209,N21000253,10,1918.1920715699257,inf,inf,inf,1918.1920715699257
N21000209,N21000254,7,1686.3840446086058,inf,inf,inf,1686.3840446086058
N21000209,N21000256,8,2845.9425191602277,inf,inf,inf,2845.9425191602277
N21000209,N21000258,12,2533.0852689509775,inf,inf,inf,2533.0852689509775
N21000209,N21000259,1,2294.8478320253366,inf,inf,inf,2294.8478320253366
N21000209,N21000261,1,3282.3948179611675,inf,inf,inf,3282.3948179611675
N21000209,N21000263,3,1247.8101888378385,inf,inf,inf,1247.8101888378385
N21000209,N21000264,8,3009.841494205589,inf,inf,inf,3009.841494205589
N21000209,N21000267,1,2066.8961994657675,inf,inf,inf,2066.8961994657675
N21000209,N21000268,9,4924.693287768388,inf,inf,inf,4924.693287768388
N21000209,N21000269,3,2303.430560311679,inf,inf,inf,2303.430560311679
N21000209,N21000270,2,4058.7772435270613,inf,inf,inf,4058.7772435270613
N21000209,N21000272,1,4329.609559333127,inf,inf,inf,4329.609559333127
N21000209,N21000274,4,6342.978070067763,inf,inf,inf,6342.978070067763
N21000209,N21000278,1,5164.61650349118,inf,inf,inf,5164.61650349118
N21000209,N21000283,3,7464.080604898468,inf,inf,inf,7464.080604898468
N21000209,N21000291,2,8777.259411510564,inf,inf,inf,8777.259411510564
N21000209,N21000293,1,8847.718265568097,inf,inf,inf,8847.718265568097
N21000209,N21000294,1,8357.463097946038,inf,inf,inf,8357.463097946038
N21000209,N21000300,1,9183.674155505874,inf,inf,inf,9183.674155505874
N21000209,N21000303,1,3814.8340968971775,inf,inf,inf,3814.8340968971775
N21000209,N21000307,3,5629.991347559388,inf,inf,inf,5629.991347559388
N21000209,N21000308,1,6318.402715845713,inf,inf,inf,6318.402715845713
N21000209,N21000309,2,5717.319052471473,inf,inf,inf,5717.319052471473
N21000209,N21000310,1,7132.769216576271,inf,inf,inf,7132.769216576271
N21000209,N21000319,1,4135.450648169962,inf,inf,inf,4135.450648169962
N21000209,N21000321,1,4157.601881652897,inf,inf,inf,4157.601881652897
N21000209,N21000327,1,4345.543597283181,inf,inf,inf,4345.543597283181
N21000209,N21000329,1,2577.4542384546885,inf,inf,inf,2577.4542384546885
N21000209,N21000331,1,3331.4755436422683,inf,inf,inf,3331.4755436422683
N21000209,N21000332,2,4694.634852278454,inf,inf,inf,4694.634852278454
N21000209,N21000334,1,2608.4773666073575,inf,inf,inf,2608.4773666073575
N21000209,N21000335,10,3323.1271358468284,inf,inf,inf,3323.1271358468284
N21000210,N21000167,1,6209.8642900000405,inf,inf,inf,6209.8642900000405
N21000210,N21000170,2,6873.681134800088,inf,inf,inf,6873.681134800088
N21000210,N21000171,1,5704.067135159262,inf,inf,inf,5704.067135159262
N21000210,N21000175,5,4974.193842441496,inf,inf,inf,4974.193842441496
N21000210,N21000177,3,4262.4907775250085,inf,inf,inf,4262.4907775250085
N21000210,N21000181,1,8388.50279519784,inf,inf,inf,8388.50279519784
N21000210,N21000187,1,7207.135903625187,inf,inf,inf,7207.135903625187
N21000210,N21000190,1,6316.7791072015725,inf,inf,inf,6316.7791072015725
N21000210,N21000192,41,6879.863248648017,inf,inf,inf,6879.863248648017
N21000210,N21000195,2,5015.789861891619,inf,inf,inf,5015.789861891619
N21000210,N21000196,3,5049.979150568972,inf,inf,inf,5049.979150568972
N21000210,N21000197,15,5002.528238170355,inf,inf,inf,5002.528238170355
N21000210,N21000198,24,3439.453341691824,inf,inf,inf,3439.453341691824
N21000210,N21000200,1,1609.2566259994649,inf,inf,inf,1609.2566259994649
N21000210,N21000202,5,1384.6779303013475,inf,inf,inf,1384.6779303013475
N21000210,N21000203,3,1227.2053235129804,inf,inf,inf,1227.2053235129804
N21000210,N21000204,2,1853.4056060487292,inf,inf,inf,1853.4056060487292
N21000210,N21000206,3,829.8432644145478,inf,inf,inf,829.8432644145478
N21000210,N21000207,2,1337.7908471607402,inf,inf,inf,1337.7908471607402
N21000210,N21000208,13,1358.4685336062316,inf,inf,inf,1358.4685336062316
N21000210,N21000209,2,1956.07774877544,inf,inf,inf,1956.07774877544
N21000210,N21000212,1,1486.7602123072782,inf,inf,2836.4054779484354,1486.7602123072782
N21000210,N21000213,5,1078.3268783509723,inf,inf,2297.0256594231746,1078.3268783509723
N21000210,N21000214,2,1448.1058640239155,inf,inf,2409.2654320054767,1448.1058640239155
N21000210,N21000215,8,969.16122384166,inf,inf,1903.8365839865985,969.16122384166
N21000210,N21000216,11,1458.7130108585825,inf,1458.9822945228034,1458.7130108585825,1458.7130108585825
N21000210,N21000219,11,4056.44445944047,inf,inf,inf,4056.44445944047
N21000210,N21000220,5,3767.938095436877,inf,inf,inf,3767.938095436877
N21000210,N21000221,11,4631.69292182146,inf,inf,inf,4631.69292182146
N21000210,N21000223,4,1850.0849828740193,inf,inf,inf,1850.0849828740193
N21000210,N21000224,7,2995.745457925791,inf,inf,inf,2995.745457925791
N21000210,N21000225,5,2045.1896545763673,inf,inf,inf,2045.1896545763673
N21000210,N21000226,9,1378.8220478358437,inf,inf,1624.702213042198,1378.8220478358437
N21000210,N21000228,1,1224.8134554309286,inf,1415.9599563304403,1410.6496063070329,1224.8134554309286
N21000210,N21000230,3,2714.9805214291387,inf,inf,inf,2714.9805214291387
N21000210,N21000231,3,3583.8752159408336,inf,inf,inf,3583.8752159408336
N21000210,N21000233,1,2384.7498483393156,inf,inf,inf,2384.7498483393156
N21000210,N21000236,2,1473.240069419823,inf,inf,1678.2947839652415,1473.240069419823
N21000210,N21000237,9,1301.7057913864169,inf,1588.2177812761881,1471.3691461930698,1301.7057913864169
N21000210,N21000239,1,1795.35055807215,inf,inf,2126.396989669079,1795.35055807215
N21000210,N21000240,6,2168.749779166053,inf,inf,2843.8373596927586,2168.749779166053
N21000210,N21000242,1,2737.841271504217,inf,inf,inf,2737.841271504217
N21000210,N21000243,4,2378.3360185657216,inf,inf,2961.8432588653,2378.3360185657216
N21000210,N21000244,1,2872.245029400389,inf,inf,3547.3326099270944,2872.245029400389
N21000210,N21000245,2,3853.166475107117,inf,inf,4943.990856919647,3853.166475107117
N21000210,N21000247,3,3842.0705982209556,inf,inf,inf,3842.0705982209556
N21000210,N21000249,2,4002.496994558909,inf,inf,inf,4002.496994558909
N21000210,N21000251,67,3357.113537213175,inf,inf,inf,3357.113537213175
N21000210,N21000252,25,2404.1514873608935,inf,inf,inf,2404.1514873608935
N21000210,N21000253,16,3501.6953024525433,inf,inf,inf,3501.6953024525433
N21000210,N21000254,11,3269.887275491225,inf,inf,inf,3269.887275491225
N21000210,N21000255,1,4970.929021102372,inf,inf,inf,4970.929021102372
N21000210,N21000256,8,4429.445750042844,inf,inf,inf,4429.445750042844
N21000210,N21000258,7,4116.588499833595,inf,inf,6784.171489089537,4116.588499833595
N21000210,N21000261,1,4865.898048843786,inf,inf,inf,4865.898048843786
N21000210,N21000263,3,2724.423270646937,inf,inf,4396.7317893095305,2724.423270646937
N21000210,N21000264,13,4486.4545760146875,inf,inf,5770.958298056289,4486.4545760146875
N21000210,N21000265,6,5365.246725560958,inf,inf,inf,5365.246725560958
N21000210,N21000266,4,5343.499385934052,inf,inf,inf,5343.499385934052
N21000210,N21000267,1,3543.5092812748676,inf,inf,4815.606588112152,3543.5092812748676
N21000210,N21000268,16,6508.196518651006,inf,inf,inf,6508.196518651006
N21000210,N21000270,3,5535.39032533616,inf,inf,inf,5535.39032533616
N21000210,N21000271,1,4781.233297160756,inf,inf,5853.156149065159,4781.233297160756
N21000210,N21000272,2,5806.222641142227,inf,inf,6878.145493046631,5806.222641142227
N21000210,N21000273,1,6473.416067737763,inf,inf,inf,6473.416067737763
N21000210,N21000274,6,7926.481300950381,inf,inf,inf,7926.481300950381
N21000210,N21000283,1,8940.69368670757,inf,inf,11271.351405978101,8940.69368670757
N21000210,N21000286,1,9328.608703734311,inf,inf,inf,9328.608703734311
N21000210,N21000308,1,7901.90594672833,inf,inf,inf,7901.90594672833
N21000210,N21000309,7,7300.8222833540885,inf,inf,inf,7300.8222833540885
N21000210,N21000316,1,7943.176453541168,inf,inf,inf,7943.176453541168
N21000210,N21000324,2,6314.678827391403,inf,inf,inf,6314.678827391403
N21000210,N21000325,1,4453.661494345364,inf,inf,inf,4453.661494345364
N21000210,N21000328,1,5261.7683892228,inf,inf,inf,5261.7683892228
N21000210,N21000329,1,4149.003887931762,inf,inf,inf,4149.003887931762
N21000210,N21000331,1,4903.02519311934,inf,inf,inf,4903.02519311934
N21000210,N21000335,9,4906.630366729443,inf,inf,inf,4906.630366729443
N21000211,N21000165,1,7192.476817951247,inf,inf,inf,7192.476817951247
N21000211,N21000170,1,7172.313472334014,inf,inf,inf,7172.313472334014
N21000211,N21000172,1,5992.801796480959,inf,inf,inf,5992.801796480959
N21000211,N21000175,4,5272.826179975422,inf,inf,inf,5272.826179975422
N21000211,N21000177,2,4561.1231150589365,inf,inf,inf,4561.1231150589365
N21000211,N21000178,1,4336.058401788919,inf,inf,inf,4336.058401788919
N21000211,N21000188,1,6449.586046746359,inf,inf,inf,6449.586046746359
N21000211,N21000189,2,7057.38322484917,inf,inf,inf,7057.38322484917
N21000211,N21000192,40,7178.495586181944,inf,inf,inf,7178.495586181944
N21000211,N21000195,2,5314.422199425547,inf,inf,inf,5314.422199425547
N21000211,N21000197,11,5151.600458588304,inf,inf,inf,5151.600458588304
N21000211,N21000198,31,3588.525562109774,inf,inf,inf,3588.525562109774
N21000211,N21000200,1,1664.3269472735494,inf,inf,inf,1664.3269472735494
N21000211,N21000201,1,1470.6821857154916,inf,inf,inf,1470.6821857154916
N21000211,N21000202,4,1683.3102678352748,inf,inf,inf,1683.3102678352748
N21000211,N21000203,3,1160.0103760161385,inf,inf,inf,1160.0103760161385
N21000211,N21000205,10,936.4506180770236,inf,inf,inf,936.4506180770236
N21000211,N21000207,1,1774.533244901195,inf,inf,inf,1774.533244901195
N21000211,N21000208,4,1726.598918727543,inf,inf,inf,1726.598918727543
N21000211,N21000209,3,2466.866509826872,inf,inf,inf,2466.866509826872
N21000211,N21000213,3,1589.1156394024042,inf,inf,2340.877585532939,1589.1156394024042
N21000211,N21000214,1,1958.8946250753474,inf,inf,2453.117358115241,1958.8946250753474
N21000211,N21000215,2,1479.9499848930916,inf,inf,1947.6885100963632,1479.9499848930916
N21000211,N21000216,7,1567.6372902343546,inf,inf,1567.6372902343546,1567.6372902343546
N21000211,N21000218,1,2064.2043067341806,inf,inf,2394.9531199676358,2064.2043067341806
N21000211,N21000219,4,3989.2495119436285,inf,inf,inf,3989.2495119436285
N21000211,N21000220,4,3700.7431479400357,inf,inf,inf,3700.7431479400357
N21000211,N21000221,14,4200.336381954194,inf,inf,inf,4200.336381954194
N21000211,N21000222,2,2048.9499330332856,inf,inf,inf,2048.9499330332856
N21000211,N21000223,2,1455.7546096973174,inf,inf,inf,1455.7546096973174
N21000211,N21000224,4,2601.415084749089,inf,inf,inf,2601.415084749089
N21000211,N21000225,7,1613.833114709103,inf,inf,inf,1613.833114709103
N21000211,N21000226,11,885.0737451303364,inf,inf,885.0737451303364,885.0737451303364
N21000211,N21000230,2,2221.232218723632,inf,inf,inf,2221.232218723632
N21000211,N21000231,1,3090.126913235327,inf,inf,inf,3090.126913235327
N21000211,N21000232,2,1811.3569799566071,inf,inf,1892.437846031333,1811.3569799566071
N21000211,N21000235,1,3526.8254886682903,inf,inf,inf,3526.8254886682903
N21000211,N21000236,3,1720.738925072146,inf,inf,1722.1467100750062,1720.738925072146
N21000211,N21000237,9,1135.7467707783874,inf,inf,1135.7467707783874,1135.7467707783874
N21000211,N21000239,1,2168.8411307759834,inf,inf,2170.2489157788436,2168.8411307759834
N21000211,N21000240,5,2212.601705275818,inf,inf,2841.731775068304,2212.601705275818
N21000211,N21000241,2,2702.7436287083374,inf,inf,3179.0741160355365,2702.7436287083374
N21000211,N21000242,2,2735.7356868797624,inf,inf,inf,2735.7356868797624
N21000211,N21000243,1,2422.187944675487,inf,inf,3005.695184975065,2422.187944675487
N21000211,N21000245,1,4084.8013378197334,inf,inf,4987.842783029412,4084.8013378197334
N21000211,N21000247,3,3839.965013596501,inf,inf,inf,3839.965013596501
N21000211,N21000248,2,3261.317335875346,inf,inf,3844.8245761749235,3261.317335875346
N21000211,N21000249,1,4046.3489206686745,inf,inf,inf,4046.3489206686745
N21000211,N21000251,34,3867.9022982646075,inf,inf,inf,3867.9022982646075
N21000211,N21000252,20,2914.940248412326,inf,inf,inf,2914.940248412326
N21000211,N21000253,15,4012.484063503976,inf,inf,inf,4012.484063503976
N21000211,N21000254,2,3780.6760365426576,inf,inf,inf,3780.6760365426576
N21000211,N21000256,12,4940.234511094279,inf,inf,inf,4940.234511094279
N21000211,N21000258,7,4627.377260885027,inf,inf,6828.023415199302,4627.377260885027
N21000211,N21000259,3,4389.139823959386,inf,inf,6227.080630123354,4389.139823959386
N21000211,N21000261,4,5376.686809895217,inf,inf,inf,5376.686809895217
N21000211,N21000264,12,4997.24333706612,inf,inf,5814.810224166054,4997.24333706612
N21000211,N21000265,4,5876.035486612391,inf,inf,inf,5876.035486612391
N21000211,N21000266,1,5854.288146985484,inf,inf,inf,5854.288146985484
N21000211,N21000267,1,4054.2980423262993,inf,inf,4859.4585142219175,4054.2980423262993
N21000211,N21000268,6,7018.98527970244,inf,inf,inf,7018.98527970244
N21000211,N21000270,4,6046.179086387591,inf,inf,inf,6046.179086387591
N21000211,N21000273,2,6984.204828789195,inf,inf,inf,6984.204828789195
N21000211,N21000274,4,8437.270062001813,inf,inf,inf,8437.270062001813
N21000211,N21000275,2,8353.210147968026,inf,inf,inf,8353.210147968026
N21000211,N21000283,1,9451.482447759006,inf,inf,11315.203332087865,9451.482447759006
N21000211,N21000302,1,6661.074496032193,inf,inf,inf,6661.074496032193
N21000211,N21000309,3,7811.611044405522,inf,inf,inf,7811.611044405522
N21000211,N21000311,1,8986.568501279318,inf,inf,inf,8986.568501279318
N21000211,N21000319,1,5967.641507570082,inf,inf,inf,5967.641507570082
N21000211,N21000325,3,4752.293831879291,inf,inf,inf,4752.293831879291
N21000211,N21000326,1,7500.966432090458,inf,inf,inf,7500.966432090458
N21000211,N21000329,2,4447.636225465687,inf,inf,inf,4447.636225465687
N21000211,N21000331,1,5201.657530653266,inf,inf,inf,5201.657530653266
N21000211,N21000332,3,6788.926844212504,inf,inf,inf,6788.926844212504
N21000211,N21000335,30,5417.419127780876,inf,inf,inf,5417.419127780876
N21000212,N21000175,2,3834.4649157967715,inf,inf,inf,3834.4649157967715
N21000212,N21000186,2,5771.861092968996,inf,inf,inf,5771.861092968996
N21000212,N21000188,2,5031.2163916786085,inf,inf,inf,5031.2163916786085
N21000212,N21000190,1,5197.041789667749,inf,inf,inf,5197.041789667749
N21000212,N21000192,22,5760.125931114194,inf,inf,inf,5760.125931114194
N21000212,N21000193,1,4864.24640209864,inf,inf,inf,4864.24640209864
N21000212,N21000195,1,3896.0525443577967,inf,inf,inf,3896.0525443577967
N21000212,N21000197,8,5153.132093301173,inf,inf,inf,5153.132093301173
N21000212,N21000198,13,2658.1817376387025,inf,inf,inf,2658.1817376387025
N21000212,N21000199,2,2954.8447463499174,inf,inf,inf,2954.8447463499174
N21000212,N21000202,1,1800.485180272638,inf,inf,inf,1800.485180272638
N21000212,N21000203,1,2240.0423978006493,inf,inf,inf,2240.0423978006493
N21000212,N21000205,11,1594.2168435790695,inf,inf,inf,1594.2168435790695
N21000212,N21000206,2,2117.69781040118,inf,inf,inf,2117.69781040118
N21000212,N21000208,7,989.6435023441347,inf,inf,inf,989.6435023441347
N21000212,N21000209,4,828.6846081128447,inf,inf,inf,828.6846081128447
N21000212,N21000210,2,1486.7602123072782,inf,inf,2836.4054779484354,1486.7602123072782
N21000212,N21000215,2,895.8064232679867,inf,inf,932.5688939618368,895.8064232679867
N21000212,N21000216,5,1883.8410797605015,inf,inf,1920.6035504543515,1883.8410797605015
N21000212,N21000218,1,900.664807314133,inf,1025.0565017595356,900.664807314133,900.664807314133
N21000212,N21000220,3,4669.246387070595,inf,inf,inf,4669.246387070595
N21000212,N21000221,3,5919.547467808092,inf,inf,inf,5919.547467808092
N21000212,N21000223,1,2967.1743837527465,inf,inf,inf,2967.1743837527465
N21000212,N21000225,2,3333.044200562999,inf,inf,inf,3333.044200562999
N21000212,N21000226,2,2762.861790081268,inf,inf,3459.180735460271,2762.861790081268
N21000212,N21000230,4,4145.2904280176235,inf,inf,inf,4145.2904280176235
N21000212,N21000231,2,5014.18512252932,inf,inf,inf,5014.18512252932
N21000212,N21000234,1,5496.389347029978,inf,inf,inf,5496.389347029978
N21000212,N21000236,3,1426.1189937048534,inf,1740.9169130591454,1426.1189937048534,1426.1189937048534
N21000212,N21000237,9,2629.4178948483705,inf,inf,2667.5881505450807,2629.4178948483705
N21000212,N21000240,10,2253.257738017616,inf,inf,2253.257738017616,2253.257738017616
N21000212,N21000241,3,2311.1438055275657,inf,2633.550510549063,2311.1438055275657,2311.1438055275657
N21000212,N21000243,2,2145.3736601342994,inf,inf,2145.3736601342994,2145.3736601342994
N21000212,N21000247,1,4462.090243495589,inf,inf,inf,4462.090243495589
N21000212,N21000248,3,2984.5030513341585,inf,inf,2984.5030513341585,2984.5030513341585
N21000212,N21000249,4,3145.3920346146624,inf,inf,inf,3145.3920346146624
N21000212,N21000251,50,2167.4399015520344,inf,inf,inf,2167.4399015520344
N21000212,N21000252,18,1214.4778516997521,inf,inf,inf,1214.4778516997521
N21000212,N21000253,12,2312.0216667914024,inf,inf,inf,2312.0216667914024
N21000212,N21000254,9,2080.2136398300822,inf,inf,inf,2080.2136398300822
N21000212,N21000255,1,3781.2553854412317,inf,inf,inf,3781.2553854412317
N21000212,N21000256,5,3239.7721143817043,inf,inf,inf,3239.7721143817043
N21000212,N21000258,5,2926.914864172454,inf,inf,5960.093104691331,2926.914864172454
N21000212,N21000259,1,2688.677427246813,inf,inf,5359.1503196153835,2688.677427246813
N21000212,N21000261,2,3676.224413182644,inf,inf,inf,3676.224413182644
N21000212,N21000263,7,1629.886663336146,inf,3895.0601099328223,3572.653404911325,1629.886663336146
N21000212,N21000264,3,3391.917968703897,inf,inf,4946.879913658083,3391.917968703897
N21000212,N21000265,1,4175.5730898998145,inf,inf,inf,4175.5730898998145
N21000212,N21000266,7,4153.825750272911,inf,inf,inf,4153.825750272911
N21000212,N21000267,2,2448.9726739640755,inf,inf,3991.5282037139473,2448.9726739640755
N21000212,N21000268,8,5318.522882989864,inf,inf,inf,5318.522882989864
N21000212,N21000272,1,4711.6860338314345,inf,inf,6054.067108648424,4711.6860338314345
N21000212,N21000274,3,6736.80766528924,inf,inf,inf,6736.80766528924
N21000212,N21000278,1,5546.692977989486,inf,inf,6889.074052806477,5546.692977989486
N21000212,N21000283,2,7846.157079396776,inf,inf,10447.273021579897,7846.157079396776
N21000212,N21000294,2,8751.292693167516,inf,inf,inf,8751.292693167516
N21000212,N21000303,1,4208.663692118654,inf,inf,inf,4208.663692118654
N21000212,N21000308,1,6712.232311067188,inf,inf,inf,6712.232311067188
N21000212,N21000309,5,6111.148647692947,inf,inf,inf,6111.148647692947
N21000212,N21000317,1,5176.827613626708,inf,inf,inf,5176.827613626708
N21000212,N21000318,1,7097.037549248271,inf,inf,inf,7097.037549248271
N21000212,N21000322,1,3705.0603896278285,inf,inf,inf,3705.0603896278285
N21000212,N21000323,2,4203.187984766787,inf,inf,inf,4203.187984766787
N21000212,N21000324,1,5125.00519173026,inf,inf,inf,5125.00519173026
N21000212,N21000325,2,3275.941440089769,inf,inf,inf,3275.941440089769
N21000212,N21000329,2,2971.283833676165,inf,inf,inf,2971.283833676165
N21000212,N21000332,1,5088.4644474999295,inf,inf,inf,5088.4644474999295
N21000212,N21000335,3,3716.956731068305,inf,inf,inf,3716.956731068305
N21000213,N21000163,1,6645.307089816211,inf,inf,inf,6645.307089816211
N21000213,N21000165,1,6074.976874170351,inf,inf,inf,6074.976874170351
N21000213,N21000177,1,3457.852035173374,inf,inf,inf,3457.852035173374
N21000213,N21000178,2,3218.558458008019,inf,inf,inf,3218.558458008019
N21000213,N21000183,1,6547.445083209639,inf,inf,inf,6547.445083209639
N21000213,N21000192,32,6080.98725151194,inf,inf,inf,6080.98725151194
N21000213,N21000197,15,4956.65123402031,inf,inf,inf,4956.65123402031
N21000213,N21000198,20,2852.226801722698,inf,inf,inf,2852.226801722698
N21000213,N21000199,1,2758.3638870690534,inf,inf,inf,2758.3638870690534
N21000213,N21000200,1,2293.4717218001456,inf,inf,inf,2293.4717218001456
N21000213,N21000201,1,1744.2032784746032,inf,inf,inf,1744.2032784746032
N21000213,N21000202,4,1604.0043209917746,inf,inf,inf,1604.0043209917746
N21000213,N21000203,3,2043.5615385197866,inf,inf,inf,2043.5615385197866
N21000213,N21000204,4,984.593290785335,inf,inf,inf,984.593290785335
N21000213,N21000205,15,1397.7359842982064,inf,inf,inf,1397.7359842982064
N21000213,N21000206,3,1709.264476444874,inf,inf,inf,1709.264476444874
N21000213,N21000209,2,877.7508704244677,inf,inf,inf,877.7508704244677
N21000213,N21000210,4,1078.3268783509725,inf,inf,2297.025659423175,1078.3268783509725
N21000213,N21000211,2,1589.115639402404,inf,inf,2340.877585532939,1589.115639402404
N21000213,N21000216,16,1352.6746631683761,inf,inf,1381.2237319290907,1352.6746631683761
N21000213,N21000219,4,4761.271891793324,inf,inf,inf,4761.271891793324
N21000213,N21000220,8,4472.765527789733,inf,inf,inf,4472.765527789733
N21000213,N21000221,2,5511.114133851785,inf,inf,inf,5511.114133851785
N21000213,N21000223,8,2729.5061949043466,inf,inf,inf,2729.5061949043466
N21000213,N21000225,4,2924.6108666066925,inf,inf,inf,2924.6108666066925
N21000213,N21000226,7,2354.4284561249615,inf,inf,2919.8009169350103,2354.4284561249615
N21000213,N21000230,1,3736.8570940613176,inf,inf,inf,3736.8570940613176
N21000213,N21000232,1,3028.1309738999294,inf,inf,3419.4689143711225,3028.1309738999294
N21000213,N21000234,1,5087.956013073671,inf,inf,inf,5087.956013073671
N21000213,N21000236,2,1060.1500612582365,inf,1143.6420302515344,1088.699130018951,1060.1500612582365
N21000213,N21000237,6,2098.2514782562453,inf,inf,2128.20833201982,2098.2514782562453
N21000213,N21000238,1,1430.3284385609177,inf,inf,inf,1430.3284385609177
N21000213,N21000239,2,1007.069601750318,inf,1007.069601750318,1007.069601750318,1007.069601750318
N21000213,N21000240,15,1970.7807745642976,inf,inf,1970.7807745642976,1970.7807745642976
N21000213,N21000241,2,2028.6668420742467,inf,2036.2756277414517,2028.6668420742467,2028.6668420742467
N21000213,N21000242,1,2826.6945001867243,inf,inf,inf,2826.6945001867243
N21000213,N21000243,2,1862.89669668098,inf,inf,1862.89669668098,1862.89669668098
N21000213,N21000247,1,3930.923826903463,inf,inf,inf,3930.923826903463
N21000213,N21000249,1,3094.7392336628222,inf,inf,inf,3094.7392336628222
N21000213,N21000251,62,2488.3012219497823,inf,inf,inf,2488.3012219497823
N21000213,N21000252,10,1535.3391720974998,inf,inf,inf,1535.3391720974998
N21000213,N21000253,8,2632.8829871891503,inf,inf,inf,2632.8829871891503
N21000213,N21000254,7,2401.0749602278306,inf,inf,inf,2401.0749602278306
N21000213,N21000256,3,3560.633434779452,inf,inf,inf,3560.633434779452
N21000213,N21000258,5,3247.7761845702025,inf,inf,5677.616141238012,3247.7761845702025
N21000213,N21000259,2,2980.4147817839143,inf,inf,5076.673356162064,2980.4147817839143
N21000213,N21000263,4,1646.0963922959643,inf,3297.7852271252104,3290.1764414580057,1646.0963922959643
N21000213,N21000264,5,3408.1276976637146,inf,inf,4664.402950204763,3408.1276976637146
N21000213,N21000265,2,4340.292472440393,inf,inf,inf,4340.292472440393
N21000213,N21000266,1,4474.6870706706595,inf,inf,inf,4474.6870706706595
N21000213,N21000268,11,5639.3842033876135,inf,inf,inf,5639.3842033876135
N21000213,N21000269,1,2701.716763769805,inf,inf,3542.7242519588044,2701.716763769805
N21000213,N21000272,2,4727.895762791253,inf,inf,5771.590145195106,4727.895762791253
N21000213,N21000273,1,5395.089189386789,inf,inf,inf,5395.089189386789
N21000213,N21000274,2,7057.668985686989,inf,inf,inf,7057.668985686989
N21000213,N21000275,1,6973.609071653202,inf,inf,inf,6973.609071653202
N21000213,N21000278,1,5562.902706949305,inf,inf,6606.5970893531585,5562.902706949305
N21000213,N21000279,1,7775.838277854154,inf,inf,inf,7775.838277854154
N21000213,N21000282,1,6984.284638973095,inf,inf,8027.9790213769475,6984.284638973095
N21000213,N21000283,1,7862.366808356594,inf,inf,10164.79605812658,7862.366808356594
N21000213,N21000294,1,9072.154013565265,inf,inf,inf,9072.154013565265
N21000213,N21000301,1,6449.777494800909,inf,inf,inf,6449.777494800909
N21000213,N21000309,4,6432.009968090696,inf,inf,inf,6432.009968090696
N21000213,N21000317,1,5497.688934024455,inf,inf,inf,5497.688934024455
N21000213,N21000319,1,4850.141563789186,inf,inf,inf,4850.141563789186
N21000213,N21000323,1,4524.049305164534,inf,inf,inf,4524.049305164534
N21000213,N21000325,2,3596.8027604875174,inf,inf,inf,3596.8027604875174
N21000213,N21000329,3,3292.1451540739135,inf,inf,inf,3292.1451540739135
N21000213,N21000331,1,4046.1664592614943,inf,inf,inf,4046.1664592614943
N21000213,N21000332,1,5409.325767897677,inf,inf,inf,5409.325767897677
N21000213,N21000334,1,3323.1682822265816,inf,inf,inf,3323.1682822265816
N21000213,N21000335,11,4037.8180514660526,inf,inf,inf,4037.8180514660526
N21000214,N21000167,2,5520.240389688619,inf,inf,inf,5520.240389688619
N21000214,N21000174,1,5270.970211322041,inf,inf,inf,5270.970211322041
N21000214,N21000175,3,4284.569942130073,inf,inf,inf,4284.569942130073
N21000214,N21000177,2,3587.0957411089285,inf,inf,inf,3587.0957411089285
N21000214,N21000178,1,3347.802163943573,inf,inf,inf,3347.802163943573
N21000214,N21000184,1,6751.936434787916,inf,inf,inf,6751.936434787916
N21000214,N21000188,1,5481.3214180119085,inf,inf,inf,5481.3214180119085
N21000214,N21000192,28,6210.230957447494,inf,inf,inf,6210.230957447494
N21000214,N21000195,1,4346.157570691097,inf,inf,inf,4346.157570691097
N21000214,N21000196,3,4380.346859368449,inf,inf,inf,4380.346859368449
N21000214,N21000197,6,5352.494553506033,inf,inf,inf,5352.494553506033
N21000214,N21000198,9,3108.2867639720034,inf,inf,inf,3108.2867639720034
N21000214,N21000200,1,2689.315041285871,inf,inf,inf,2689.315041285871
N21000214,N21000202,4,1999.8476404774983,inf,inf,inf,1999.8476404774983
N21000214,N21000203,1,2439.4048580055105,inf,inf,inf,2439.4048580055105
N21000214,N21000204,3,1247.3910322768343,inf,inf,inf,1247.3910322768343
N21000214,N21000205,3,1793.57930378393,inf,inf,inf,1793.57930378393
N21000214,N21000207,3,864.8218513830702,inf,inf,inf,864.8218513830702
N21000214,N21000208,5,1182.2265497226867,inf,inf,inf,1182.2265497226867
N21000214,N21000209,2,964.1860395967765,inf,inf,inf,964.1860395967765
N21000214,N21000211,1,1958.8946250753474,inf,inf,2453.117358115241,1958.8946250753474
N21000214,N21000216,5,1493.4635045113928,inf,inf,1493.4635045113928,1493.4635045113928
N21000214,N21000219,2,5157.115211279047,inf,inf,inf,5157.115211279047
N21000214,N21000220,3,4868.608847275455,inf,inf,inf,4868.608847275455
N21000214,N21000221,2,5880.89311952473,inf,inf,inf,5880.89311952473
N21000214,N21000224,2,4244.945655629062,inf,inf,inf,4244.945655629062
N21000214,N21000225,1,3294.3898522796367,inf,inf,inf,3294.3898522796367
N21000214,N21000226,5,2724.2074417979056,inf,inf,3032.0406895173123,2724.2074417979056
N21000214,N21000227,1,4949.485993861004,inf,inf,inf,4949.485993861004
N21000214,N21000230,1,4106.636079734261,inf,inf,inf,4106.636079734261
N21000214,N21000236,3,874.4472009298423,inf,874.4472009298423,874.4472009298423,874.4472009298423
N21000214,N21000237,3,2239.040319599262,inf,inf,2240.4481046021224,2239.040319599262
N21000214,N21000240,11,1701.5859452426052,inf,inf,1701.5859452426052,1701.5859452426052
N21000214,N21000241,2,1759.4720127525543,inf,1767.080798419759,1759.4720127525543,1759.4720127525543
N21000214,N21000243,1,1593.7018673592872,inf,inf,1593.7018673592872,1593.7018673592872
N21000214,N21000245,1,2772.6129289499736,inf,inf,3568.2406797464287,2772.6129289499736
N21000214,N21000247,3,4071.7126682464796,inf,inf,inf,4071.7126682464796
N21000214,N21000248,1,2432.831258559146,inf,inf,2432.831258559146,2432.831258559146
N21000214,N21000249,1,3092.5125658566503,inf,inf,inf,3092.5125658566503
N21000214,N21000251,61,2617.5449278853357,inf,inf,inf,2617.5449278853357
N21000214,N21000252,8,1664.5828780330537,inf,inf,inf,1664.5828780330537
N21000214,N21000253,13,2762.126693124704,inf,inf,inf,2762.126693124704
N21000214,N21000254,5,2530.3186661633845,inf,inf,inf,2530.3186661633845
N21000214,N21000256,3,3689.877140715006,inf,inf,inf,3689.877140715006
N21000214,N21000258,6,3377.019890505756,inf,inf,5408.42131191632,3377.019890505756
N21000214,N21000260,1,4461.7657854152785,inf,inf,inf,4461.7657854152785
N21000214,N21000261,1,4126.329439515946,inf,inf,inf,4126.329439515946
N21000214,N21000263,4,1685.4768002363196,inf,3028.5903978035185,3020.9816121363137,1685.4768002363196
N21000214,N21000264,6,3447.50810560407,inf,inf,4395.208120883071,3447.50810560407
N21000214,N21000265,2,4379.672880380748,inf,inf,inf,4379.672880380748
N21000214,N21000266,1,4603.930776606213,inf,inf,inf,4603.930776606213
N21000214,N21000268,9,5768.627909323168,inf,inf,inf,5768.627909323168
N21000214,N21000270,3,4496.443854925542,inf,inf,inf,4496.443854925542
N21000214,N21000271,2,3742.2868267501367,inf,inf,4477.405971891943,3742.2868267501367
N21000214,N21000272,1,4767.2761707316085,inf,inf,5502.395315873415,4767.2761707316085
N21000214,N21000273,2,5434.469597327144,inf,inf,inf,5434.469597327144
N21000214,N21000274,1,7186.912691622542,inf,inf,inf,7186.912691622542
N21000214,N21000283,1,7901.74721629695,inf,inf,9895.601228804891,7901.74721629695
N21000214,N21000284,1,8842.912047036156,inf,inf,15191.534964687238,8842.912047036156
N21000214,N21000285,1,8268.606817928929,inf,inf,9516.904857404043,8268.606817928929
N21000214,N21000305,1,5708.126235328127,inf,inf,inf,5708.126235328127
N21000214,N21000309,7,6561.2536740262485,inf,inf,inf,6561.2536740262485
N21000214,N21000315,2,7712.128963849056,inf,inf,inf,7712.128963849056
N21000214,N21000319,1,4979.3852697247385,inf,inf,inf,4979.3852697247385
N21000214,N21000329,1,3421.3888600094674,inf,inf,inf,3421.3888600094674
N21000214,N21000332,2,5538.56947383323,inf,inf,inf,5538.56947383323
N21000214,N21000335,9,4167.061757401606,inf,inf,inf,4167.061757401606
N21000215,N21000175,1,4433.184762418622,inf,inf,inf,4433.184762418622
N21000215,N21000192,14,6358.8457777360445,inf,inf,inf,6358.8457777360445
N21000215,N21000195,1,4494.772390979646,inf,inf,inf,4494.772390979646
N21000215,N21000196,1,4528.961679656998,inf,inf,inf,4528.961679656998
N21000215,N21000197,8,5226.471496798551,inf,inf,inf,5226.471496798551
N21000215,N21000198,12,3130.085327946801,inf,inf,inf,3130.085327946801
N21000215,N21000199,1,2843.203854460305,inf,inf,inf,2843.203854460305
N21000215,N21000200,1,2378.3116891913974,inf,inf,inf,2378.3116891913974
N21000215,N21000202,1,1771.482824989667,inf,inf,inf,1771.482824989667
N21000215,N21000203,5,1997.4608810339944,inf,inf,inf,1997.4608810339944
N21000215,N21000205,6,1351.0816594120945,inf,inf,inf,1351.0816594120945
N21000215,N21000208,3,993.2980797707036,inf,inf,inf,993.2980797707036
N21000215,N21000209,3,1242.3908771003296,inf,inf,inf,1242.3908771003296
N21000215,N21000210,3,969.16122384166,inf,inf,1903.8365839865985,969.16122384166
N21000215,N21000211,2,1479.9499848930918,inf,inf,1947.6885100963634,1479.9499848930918
N21000215,N21000216,12,988.0346564925148,inf,inf,988.0346564925148,988.0346564925148
N21000215,N21000219,2,4826.700016961483,inf,inf,inf,4826.700016961483
N21000215,N21000220,3,4538.193652957892,inf,inf,inf,4538.193652957892
N21000215,N21000221,6,5401.948479342473,inf,inf,inf,5401.948479342473
N21000215,N21000223,1,2620.3405403950337,inf,inf,inf,2620.3405403950337
N21000215,N21000225,3,2815.4452120973806,inf,inf,inf,2815.4452120973806
N21000215,N21000226,4,2245.2628016156496,inf,inf,2526.611841498435,2245.2628016156496
N21000215,N21000227,1,4470.541353678748,inf,inf,inf,4470.541353678748
N21000215,N21000229,1,5169.409513958692,inf,inf,inf,5169.409513958692
N21000215,N21000230,4,3627.6914395520052,inf,inf,inf,3627.6914395520052
N21000215,N21000237,2,1733.6114715803837,inf,inf,1735.019256583244,1733.6114715803837
N21000215,N21000239,2,854.9611085217703,inf,inf,854.9611085217703,854.9611085217703
N21000215,N21000240,13,1722.1922673403424,inf,inf,1818.6722813357496,1722.1922673403424
N21000215,N21000241,3,1876.558348845699,inf,inf,1876.558348845699,1876.558348845699
N21000215,N21000242,2,2462.0544935108633,inf,inf,inf,2462.0544935108633
N21000215,N21000243,1,1710.788203452432,inf,inf,1710.788203452432,1710.788203452432
N21000215,N21000247,1,3566.2838202276025,inf,inf,inf,3566.2838202276025
N21000215,N21000249,1,3334.9491794456208,inf,inf,inf,3334.9491794456208
N21000215,N21000250,1,3147.5101737020836,inf,inf,inf,3147.5101737020836
N21000215,N21000251,35,2766.1597481738845,inf,inf,inf,2766.1597481738845
N21000215,N21000252,18,1813.197698321603,inf,inf,inf,1813.197698321603
N21000215,N21000253,6,2910.741513413253,inf,inf,inf,2910.741513413253
N21000215,N21000254,2,2678.933486451934,inf,inf,inf,2678.933486451934
N21000215,N21000258,3,3525.6347107943047,inf,inf,5525.507648009464,3525.6347107943047
N21000215,N21000259,1,3287.3972738686634,inf,inf,4924.564862933516,3287.3972738686634
N21000215,N21000260,1,4610.380605703827,inf,inf,inf,4610.380605703827
N21000215,N21000264,4,3772.767704339576,inf,inf,4512.294456976216,3772.767704339576
N21000215,N21000265,1,4704.932479116254,inf,inf,inf,4704.932479116254
N21000215,N21000267,1,2829.822409599756,inf,inf,3556.94274703208,2829.822409599756
N21000215,N21000268,8,5917.242729611717,inf,inf,inf,5917.242729611717
N21000215,N21000269,1,3011.19982577907,inf,inf,3390.615758730257,3011.19982577907
N21000215,N21000270,2,4821.703453661049,inf,inf,inf,4821.703453661049
N21000215,N21000274,6,7335.52751191109,inf,inf,inf,7335.52751191109
N21000215,N21000278,3,5927.542713625168,inf,inf,6454.488596124612,5927.542713625168
N21000215,N21000283,2,8227.006815032457,inf,inf,10012.687564898035,8227.006815032457
N21000215,N21000305,1,5856.741055616676,inf,inf,inf,5856.741055616676
N21000215,N21000309,2,6709.868494314797,inf,inf,inf,6709.868494314797
N21000215,N21000316,1,7378.588650061109,inf,inf,inf,7378.588650061109
N21000215,N21000323,1,4801.907831388636,inf,inf,inf,4801.907831388636
N21000215,N21000324,1,5723.725038352111,inf,inf,inf,5723.725038352111
N21000215,N21000329,2,3570.003680298016,inf,inf,inf,3570.003680298016
N21000215,N21000334,1,3601.026808450684,inf,inf,inf,3601.026808450684
N21000215,N21000335,6,4315.676577690155,inf,inf,inf,4315.676577690155
N21000216,N21000172,1,6141.195035416675,inf,inf,inf,6141.195035416675
N21000216,N21000178,1,4484.451640724635,inf,inf,inf,4484.451640724635
N21000216,N21000189,1,7205.776463784886,inf,inf,inf,7205.776463784886
N21000216,N21000192,20,7346.880434228559,inf,inf,inf,7346.880434228559
N21000216,N21000195,1,5482.807047472161,inf,inf,inf,5482.807047472161
N21000216,N21000197,9,6205.4749636036495,inf,inf,inf,6205.4749636036495
N21000216,N21000198,8,4118.119984439316,inf,inf,inf,4118.119984439316
N21000216,N21000199,1,3496.3492671358613,inf,inf,inf,3496.3492671358613
N21000216,N21000200,1,3031.4571018669535,inf,inf,inf,3031.4571018669535
N21000216,N21000202,2,2568.0862724779695,inf,inf,inf,2568.0862724779695
N21000216,N21000203,4,2503.9569261192473,inf,inf,inf,2503.9569261192473
N21000216,N21000204,1,2250.486473501953,inf,inf,inf,2250.486473501953
N21000216,N21000205,6,2019.0717781746241,inf,inf,inf,2019.0717781746241
N21000216,N21000207,1,1734.871714613964,inf,inf,inf,1734.871714613964
N21000216,N21000208,4,1970.5719095817165,inf,inf,inf,1970.5719095817165
N21000216,N21000209,1,2230.425533592844,inf,inf,inf,2230.425533592844
N21000216,N21000211,4,1567.6372902343549,inf,inf,1567.6372902343549,1567.6372902343549
N21000216,N21000212,1,1883.8410797605018,inf,inf,1920.603550454352,1883.8410797605018
N21000216,N21000213,3,1352.6746631683764,inf,inf,1381.2237319290912,1352.6746631683764
N21000216,N21000215,2,988.0346564925147,inf,inf,988.0346564925147,988.0346564925147
N21000216,N21000217,1,1761.038380119115,inf,inf,1761.038380119115,1761.038380119115
N21000216,N21000219,3,5253.625503402651,inf,inf,inf,5253.625503402651
N21000216,N21000221,13,5461.823258460284,inf,inf,inf,5461.823258460284
N21000216,N21000224,1,3862.9019612551792,inf,inf,inf,3862.9019612551792
N21000216,N21000225,3,2875.3199912151917,inf,inf,inf,2875.3199912151917
N21000216,N21000226,6,2146.560621636426,inf,inf,2146.560621636426,2146.560621636426
N21000216,N21000230,4,3419.901992655013,inf,inf,inf,3419.901992655013
N21000216,N21000237,11,1354.9680367212354,1790.7673054861825,1354.9680367212354,1354.9680367212354,1354.9680367212354
N21000216,N21000239,1,1210.5950621749953,inf,inf,1210.5950621749953,1210.5950621749953
N21000216,N21000240,15,1518.9199050380253,inf,inf,2043.5275399036964,1518.9199050380253
N21000216,N21000241,1,2009.0618284705445,inf,inf,2219.4202624316886,2009.0618284705445
N21000216,N21000242,2,2256.843035041811,inf,inf,inf,2256.843035041811
N21000216,N21000243,1,1728.5061444376936,inf,inf,2046.0413313712168,1728.5061444376936
N21000216,N21000245,1,3391.119537581941,inf,inf,4028.188929425563,3391.119537581941
N21000216,N21000247,4,3361.07236175855,inf,inf,inf,3361.07236175855
N21000216,N21000248,1,2567.635535637552,inf,inf,2885.1707225710757,2567.635535637552
N21000216,N21000251,43,3754.1944046663984,inf,inf,inf,3754.1944046663984
N21000216,N21000252,17,2801.2323548141176,inf,inf,inf,2801.2323548141176
N21000216,N21000253,12,3898.7761699057673,inf,inf,inf,3898.7761699057673
N21000216,N21000256,3,4826.526617496069,inf,inf,inf,4826.526617496069
N21000216,N21000258,5,4513.669367286819,inf,inf,5868.369561595455,4513.669367286819
N21000216,N21000259,3,3958.509417008504,inf,inf,5267.426776519507,3958.509417008504
N21000216,N21000261,1,5220.535903086515,inf,inf,inf,5220.535903086515
N21000216,N21000263,4,2993.713954524155,inf,inf,3480.929861815448,2993.713954524155
N21000216,N21000264,6,4386.222332888305,inf,inf,4855.156370562207,4386.222332888305
N21000216,N21000265,4,5163.7146911132795,inf,inf,inf,5163.7146911132795
N21000216,N21000266,1,5569.2105089724255,inf,inf,inf,5569.2105089724255
N21000216,N21000267,1,3368.224800634935,inf,inf,3899.80466061807,3368.224800634935
N21000216,N21000268,4,6905.27738610423,inf,inf,inf,6905.27738610423
N21000216,N21000270,2,5251.733926114371,inf,inf,inf,5251.733926114371
N21000216,N21000272,1,5522.566241920439,inf,inf,5962.343565552548,5522.566241920439
N21000216,N21000274,4,8025.53814613407,inf,inf,inf,8025.53814613407
N21000216,N21000275,1,7941.478232100283,inf,inf,inf,7941.478232100283
N21000216,N21000276,1,9202.116677406824,inf,inf,inf,9202.116677406824
N21000216,N21000278,3,6069.197151057665,inf,inf,6797.3505097106,6069.197151057665
N21000216,N21000303,1,5795.418195233019,inf,inf,inf,5795.418195233019
N21000216,N21000306,1,7420.090851710477,inf,inf,inf,7420.090851710477
N21000216,N21000309,3,7697.903150807312,inf,inf,inf,7697.903150807312
N21000216,N21000322,1,5291.814892742188,inf,inf,inf,5291.814892742188
N21000216,N21000325,1,4862.695943204135,inf,inf,inf,4862.695943204135
N21000216,N21000326,1,7611.368543415301,inf,inf,inf,7611.368543415301
N21000216,N21000329,1,4558.03833679053,inf,inf,inf,4558.03833679053
N21000216,N21000332,3,6675.218950614295,inf,inf,inf,6675.218950614295
N21000216,N21000335,8,5303.711234182667,inf,inf,inf,5303.711234182667
N21000217,N21000161,1,8591.75206552346,inf,inf,inf,8591.75206552346
N21000217,N21000167,1,5381.789421743226,inf,inf,inf,5381.789421743226
N21000217,N21000170,2,6045.606266543278,inf,inf,inf,6045.606266543278
N21000217,N21000172,1,4866.0945906902225,inf,inf,inf,4866.0945906902225
N21000217,N21000174,2,5132.519243376648,inf,inf,inf,5132.519243376648
N21000217,N21000175,4,4146.118974184678,inf,inf,inf,4146.118974184678
N21000217,N21000177,1,3448.6447731635335,inf,inf,inf,3448.6447731635335
N21000217,N21000178,5,3209.3511959981784,inf,inf,inf,3209.3511959981784
N21000217,N21000181,1,7580.419536051926,inf,inf,inf,7580.419536051926
N21000217,N21000184,1,6613.485466842523,inf,inf,inf,6613.485466842523
N21000217,N21000186,2,6083.515151356903,inf,inf,inf,6083.515151356903
N21000217,N21000192,37,6071.779989502099,inf,inf,inf,6071.779989502099
N21000217,N21000195,3,4207.706602745703,inf,inf,inf,4207.706602745703
N21000217,N21000197,9,5727.580813046837,inf,inf,inf,5727.580813046837
N21000217,N21000198,16,3008.453673005857,inf,inf,inf,3008.453673005857
N21000217,N21000199,1,3529.2934660955816,inf,inf,inf,3529.2934660955816
N21000217,N21000200,1,3064.401300826674,inf,inf,inf,3064.401300826674
N21000217,N21000203,3,2814.4911175463135,inf,inf,inf,2814.4911175463135
N21000217,N21000205,3,2168.6655633247333,inf,inf,inf,2168.6655633247333
N21000217,N21000207,3,1239.9081109238728,inf,inf,inf,1239.9081109238728
N21000217,N21000208,4,1564.0922220897978,inf,inf,inf,1564.0922220897978
N21000217,N21000211,1,2394.8519491061343,inf,inf,2720.6922337229635,2394.8519491061343
N21000217,N21000212,3,856.3891106555702,inf,1184.5028070527594,856.3891106555702,856.3891106555702
N21000217,N21000213,5,805.73630970373,inf,964.5437685804177,805.73630970373,805.73630970373
N21000217,N21000215,1,1123.2094676752279,inf,inf,1123.2094676752279,1123.2094676752279
N21000217,N21000216,1,1761.0383801191153,inf,inf,1761.0383801191153,1761.0383801191153
N21000217,N21000220,2,5243.695106816259,inf,inf,inf,5243.695106816259
N21000217,N21000221,3,6316.850443555517,inf,inf,inf,6316.850443555517
N21000217,N21000223,2,3535.242504608077,inf,inf,inf,3535.242504608077
N21000217,N21000225,4,3730.347176310424,inf,inf,inf,3730.347176310424
N21000217,N21000226,1,3160.164765828693,inf,inf,3299.6155651250347,3160.164765828693
N21000217,N21000230,3,4542.593403765049,inf,inf,inf,4542.593403765049
N21000217,N21000231,1,5411.488098276745,inf,inf,inf,5411.488098276745
N21000217,N21000233,1,4219.320046098908,inf,inf,inf,4219.320046098908
N21000217,N21000236,1,1101.6046817834263,inf,1101.6046817834263,1101.6046817834263,1101.6046817834263
N21000217,N21000237,6,2506.615195206984,inf,inf,2508.0229802098443,2506.615195206984
N21000217,N21000238,1,818.2100657550716,inf,inf,inf,818.2100657550716
N21000217,N21000240,4,1928.7434260961895,inf,inf,1928.7434260961895,1928.7434260961895
N21000217,N21000241,7,1690.3048329440558,inf,1994.2382792733436,1791.7585100647168,1690.3048329440558
N21000217,N21000242,1,3235.058217137463,inf,inf,inf,3235.058217137463
N21000217,N21000243,1,1820.859348212872,inf,inf,1820.859348212872,1820.859348212872
N21000217,N21000245,1,2162.7212239502996,inf,inf,3600.527177058591,2162.7212239502996
N21000217,N21000247,1,4339.287543854202,inf,inf,inf,4339.287543854202
N21000217,N21000248,3,2659.9887394127304,inf,inf,2659.9887394127304,2659.9887394127304
N21000217,N21000249,3,2482.6208608569764,inf,inf,inf,2482.6208608569764
N21000217,N21000250,1,3257.5813184625235,inf,inf,inf,3257.5813184625235
N21000217,N21000251,64,2479.0939599399417,inf,inf,inf,2479.0939599399417
N21000217,N21000252,21,1526.1319100876592,inf,inf,inf,1526.1319100876592
N21000217,N21000253,16,2623.6757251793097,inf,inf,inf,2623.6757251793097
N21000217,N21000254,14,2391.86769821799,inf,inf,inf,2391.86769821799
N21000217,N21000256,5,3551.426172769611,inf,inf,inf,3551.426172769611
N21000217,N21000258,8,3238.568922560362,inf,inf,5440.707809228482,3238.568922560362
N21000217,N21000259,5,2566.9939638929895,inf,inf,4839.765024152534,2566.9939638929895
N21000217,N21000261,2,3829.0204499710017,inf,inf,inf,3829.0204499710017
N21000217,N21000262,1,2179.7640492044684,inf,inf,4604.313844909417,2179.7640492044684
N21000217,N21000263,9,1232.67557440504,inf,3255.747878657103,3053.268109448476,1232.67557440504
N21000217,N21000264,14,2994.7068797727907,inf,inf,4427.494618195234,2994.7068797727907
N21000217,N21000265,5,3895.372771644956,inf,inf,inf,3895.372771644956
N21000217,N21000266,3,4300.868589504102,inf,inf,inf,4300.868589504102
N21000217,N21000267,1,2051.761585032969,inf,inf,3472.142908251098,2051.761585032969
N21000217,N21000268,4,5607.079254646606,inf,inf,inf,5607.079254646606
N21000217,N21000269,2,2122.0866788933645,inf,inf,3305.8159199492748,2122.0866788933645
N21000217,N21000270,2,3983.392006646049,inf,inf,inf,3983.392006646049
N21000217,N21000271,1,3229.234978470643,inf,inf,4509.692469204106,3229.234978470643
N21000217,N21000274,9,6757.196226665749,inf,inf,inf,6757.196226665749
N21000217,N21000275,3,6673.136312631962,inf,inf,inf,6673.136312631962
N21000217,N21000276,1,7933.774757938509,inf,inf,inf,7933.774757938509
N21000217,N21000277,3,5394.1239944530425,inf,inf,12962.636360493134,5394.1239944530425
N21000217,N21000278,1,5089.231266610169,inf,inf,6369.68875734363,5089.231266610169
N21000217,N21000280,2,7617.18224553914,inf,inf,inf,7617.18224553914
N21000217,N21000283,1,7388.695368017456,inf,inf,9927.887726117053,7388.695368017456
N21000217,N21000284,1,8329.860198756665,inf,inf,15223.8214619994,8329.860198756665
N21000217,N21000291,1,9482.743065119945,inf,inf,inf,9482.743065119945
N21000217,N21000294,1,8771.681254544024,inf,inf,inf,8771.681254544024
N21000217,N21000303,2,4520.317750506561,inf,inf,inf,4520.317750506561
N21000217,N21000306,1,6144.9904069840195,inf,inf,inf,6144.9904069840195
N21000217,N21000308,1,7023.8863694550955,inf,inf,inf,7023.8863694550955
N21000217,N21000309,2,6422.802706080855,inf,inf,inf,6422.802706080855
N21000217,N21000317,1,5488.481672014615,inf,inf,inf,5488.481672014615
N21000217,N21000323,1,4514.842043154694,inf,inf,inf,4514.842043154694
N21000217,N21000325,1,3587.5954984776768,inf,inf,inf,3587.5954984776768
N21000217,N21000329,7,3282.937892064073,inf,inf,inf,3282.937892064073
N21000217,N21000331,1,4036.9591972516537,inf,inf,inf,4036.9591972516537
N21000217,N21000334,2,3313.961020216741,inf,inf,inf,3313.961020216741
N21000217,N21000335,17,4028.610789456212,inf,inf,inf,4028.610789456212
N21000218,N21000175,2,4459.234623299717,inf,inf,inf,4459.234623299717
N21000218,N21000184,1,6926.60111595756,inf,inf,inf,6926.60111595756
N21000218,N21000186,1,6396.63080047194,inf,inf,inf,6396.63080047194
N21000218,N21000189,1,6243.791668173466,inf,inf,inf,6243.791668173466
N21000218,N21000192,29,6384.8956386171385,inf,inf,inf,6384.8956386171385
N21000218,N21000193,1,5489.016109601584,inf,inf,inf,5489.016109601584
N21000218,N21000195,2,4520.822251860741,inf,inf,inf,4520.822251860741
N21000218,N21000196,2,4555.011540538093,inf,inf,inf,4555.011540538093
N21000218,N21000197,10,5628.026830655526,inf,inf,inf,5628.026830655526
N21000218,N21000198,16,3321.569322120896,inf,inf,inf,3321.569322120896
N21000218,N21000205,5,1935.3359812531833,inf,inf,inf,1935.3359812531833
N21000218,N21000207,2,1140.3541285325623,inf,inf,inf,1140.3541285325623
N21000218,N21000208,10,1457.7588268721788,inf,inf,inf,1457.7588268721788
N21000218,N21000209,3,1018.5993027244219,inf,inf,inf,1018.5993027244219
N21000218,N21000210,1,1553.4155456827489,inf,inf,2351.101193857871,1553.4155456827489
N21000218,N21000212,2,900.664807314133,inf,1025.0565017595359,900.664807314133,900.664807314133
N21000218,N21000216,11,1435.299266363787,inf,inf,1435.299266363787,1435.299266363787
N21000218,N21000219,1,5410.954338802573,inf,inf,inf,5410.954338802573
N21000218,N21000220,2,5122.447974798982,inf,inf,inf,5122.447974798982
N21000218,N21000221,1,5986.202801183563,inf,inf,inf,5986.202801183563
N21000218,N21000223,1,3204.594862236123,inf,inf,inf,3204.594862236123
N21000218,N21000225,1,3399.69953393847,inf,inf,inf,3399.69953393847
N21000218,N21000226,3,2829.517123456739,inf,inf,2973.8764513697065,2829.517123456739
N21000218,N21000233,1,3893.5809323435797,inf,inf,inf,3893.5809323435797
N21000218,N21000235,1,3700.408905170663,inf,inf,inf,3700.408905170663
N21000218,N21000237,3,2180.8760814516563,inf,inf,2182.2838664545166,2180.8760814516563
N21000218,N21000238,1,1292.5051192590795,inf,inf,inf,1292.5051192590795
N21000218,N21000240,10,1620.4509332120856,inf,inf,1620.4509332120856,1620.4509332120856
N21000218,N21000241,4,1520.6968961608566,inf,1685.945786389239,1520.6968961608566,1520.6968961608566
N21000218,N21000246,1,2062.1501643272786,inf,inf,2062.1501643272786,2062.1501643272786
N21000218,N21000247,1,4013.5484300988737,inf,inf,inf,4013.5484300988737
N21000218,N21000248,2,2351.6962465286256,inf,inf,2351.6962465286256,2351.6962465286256
N21000218,N21000249,3,2760.351947491352,inf,inf,inf,2760.351947491352
N21000218,N21000250,1,2949.2888255784196,inf,inf,inf,2949.2888255784196
N21000218,N21000251,46,2792.2096090549794,inf,inf,inf,2792.2096090549794
N21000218,N21000252,9,1839.2475592026979,inf,inf,inf,1839.2475592026979
N21000218,N21000253,18,2936.791374294348,inf,inf,inf,2936.791374294348
N21000218,N21000254,6,2704.983347333029,inf,inf,inf,2704.983347333029
N21000218,N21000255,1,4406.025092944176,inf,inf,inf,4406.025092944176
N21000218,N21000256,5,3864.54182188465,inf,inf,inf,3864.54182188465
N21000218,N21000258,7,3551.6845716753996,inf,inf,5169.646195324622,3551.6845716753996
N21000218,N21000259,3,2967.8985841745557,inf,inf,4568.703410248673,2967.8985841745557
N21000218,N21000261,1,4229.925070252567,inf,inf,inf,4229.925070252567
N21000218,N21000263,3,1665.8398697852601,inf,2947.455385772998,2782.206495544616,1665.8398697852601
N21000218,N21000264,5,3395.611500054356,inf,inf,4156.433004291374,3395.611500054356
N21000218,N21000265,2,4173.103858279333,inf,inf,inf,4173.103858279333
N21000218,N21000267,1,2377.613967800987,inf,inf,3201.081294347238,2377.613967800987
N21000218,N21000268,10,5943.292590492811,inf,inf,inf,5943.292590492811
N21000218,N21000269,4,2399.8177655277395,inf,inf,3034.7543060454145,2399.8177655277395
N21000218,N21000270,3,4261.123093280425,inf,inf,inf,4261.123093280425
N21000218,N21000271,1,3506.966065105019,inf,inf,4238.630855300244,3506.966065105019
N21000218,N21000273,2,5199.1488356820255,inf,inf,inf,5199.1488356820255
N21000218,N21000274,4,7034.927313300124,inf,inf,inf,7034.927313300124
N21000218,N21000275,2,6950.867399266337,inf,inf,inf,6950.867399266337
N21000218,N21000279,1,7753.096605467289,inf,inf,inf,7753.096605467289
N21000218,N21000283,2,7666.426454651832,inf,inf,9656.826112213192,7666.426454651832
N21000218,N21000289,2,9252.959162386116,inf,inf,inf,9252.959162386116
N21000218,N21000294,1,9049.4123411784,inf,inf,inf,9049.4123411784
N21000218,N21000303,2,4833.433399621599,inf,inf,inf,4833.433399621599
N21000218,N21000309,4,6735.918355195893,inf,inf,inf,6735.918355195893
N21000218,N21000315,1,7886.793645018701,inf,inf,inf,7886.793645018701
N21000218,N21000322,1,4329.830097130772,inf,inf,inf,4329.830097130772
N21000218,N21000323,3,4827.9576922697315,inf,inf,inf,4827.9576922697315
N21000218,N21000325,1,3900.711147592715,inf,inf,inf,3900.711147592715
N21000218,N21000326,1,6649.38374780388,inf,inf,inf,6649.38374780388
N21000218,N21000329,2,3596.053541179111,inf,inf,inf,3596.053541179111
N21000218,N21000331,1,4350.074846366691,inf,inf,inf,4350.074846366691
N21000218,N21000335,11,4341.72643857125,inf,inf,inf,4341.72643857125
N21000219,N21000177,1,6848.716544697114,inf,inf,inf,6848.716544697114
N21000219,N21000178,4,6623.651831427095,inf,inf,inf,6623.651831427095
N21000219,N21000188,1,8737.179476384536,inf,inf,inf,8737.179476384536
N21000219,N21000190,3,8903.004874373677,inf,inf,inf,8903.004874373677
N21000219,N21000192,33,9466.08901582012,inf,inf,inf,9466.08901582012
N21000219,N21000195,1,7602.015629063724,inf,inf,inf,7602.015629063724
N21000219,N21000197,23,6169.9567634607965,inf,inf,inf,6169.9567634607965
N21000219,N21000198,19,5498.370277435324,inf,inf,inf,5498.370277435324
N21000219,N21000199,4,2718.159923103651,inf,inf,inf,2718.159923103651
N21000219,N21000200,4,2910.40314204846,inf,inf,inf,2910.40314204846
N21000219,N21000201,4,3435.1749437784856,inf,inf,inf,3435.1749437784856
N21000219,N21000202,1,4201.070382830059,inf,inf,inf,4201.070382830059
N21000219,N21000203,4,2829.2391359274907,inf,inf,inf,2829.2391359274907
N21000219,N21000204,1,4876.674465089235,inf,inf,inf,4876.674465089235
N21000219,N21000205,8,3630.1052220918027,inf,inf,inf,3630.1052220918027
N21000219,N21000206,3,3226.6011950259235,inf,inf,inf,3226.6011950259235
N21000219,N21000207,2,4292.293359895979,inf,inf,inf,4292.293359895979
N21000219,N21000208,5,4244.359033722328,inf,inf,inf,4244.359033722328
N21000219,N21000209,5,5158.381497629107,inf,inf,inf,5158.381497629107
N21000219,N21000211,2,3989.2495119436303,inf,inf,inf,3989.2495119436303
N21000219,N21000213,3,4761.271891793325,inf,inf,inf,4761.271891793325
N21000219,N21000215,2,4826.700016961484,inf,inf,inf,4826.700016961484
N21000219,N21000216,1,5253.625503402649,inf,inf,inf,5253.625503402649
N21000219,N21000217,1,5532.201470819851,inf,inf,inf,5532.201470819851
N21000219,N21000218,1,5410.954338802572,inf,inf,inf,5410.954338802572
N21000219,N21000220,16,1101.1665913597628,inf,inf,inf,1101.1665913597628
N21000219,N21000221,14,4463.494243409761,inf,inf,inf,4463.494243409761
N21000219,N21000222,1,2125.6699743937693,inf,inf,inf,2125.6699743937693
N21000219,N21000223,8,2744.793428515104,inf,inf,inf,2744.793428515104
N21000219,N21000224,5,2002.200816181325,inf,inf,inf,2002.200816181325
N21000219,N21000225,7,2811.889751433216,inf,inf,inf,2811.889751433216
N21000219,N21000226,8,3331.0322705604967,inf,inf,inf,3331.0322705604967
N21000219,N21000229,1,4608.02858455459,inf,inf,inf,4608.02858455459
N21000219,N21000230,2,3396.1444839024443,inf,inf,inf,3396.1444839024443
N21000219,N21000232,1,4534.761532220887,inf,inf,inf,4534.761532220887
N21000219,N21000233,2,3926.865171505845,inf,inf,inf,3926.865171505845
N21000219,N21000236,3,5330.778862539648,inf,inf,inf,5330.778862539648
N21000219,N21000237,6,4821.7349839466815,inf,inf,inf,4821.7349839466815
N21000219,N21000240,13,5898.589918444112,inf,inf,inf,5898.589918444112
N21000219,N21000244,2,6262.605722209149,inf,inf,inf,6262.605722209149
N21000219,N21000246,1,6657.759466842293,inf,inf,inf,6657.759466842293
N21000219,N21000248,1,6947.30554904364,inf,inf,inf,6947.30554904364
N21000219,N21000249,2,7732.337133836971,inf,inf,inf,7732.337133836971
N21000219,N21000251,30,6465.8168700578235,inf,inf,inf,6465.8168700578235
N21000219,N21000252,13,5512.854820205539,inf,inf,inf,5512.854820205539
N21000219,N21000253,6,6610.39863529719,inf,inf,inf,6610.39863529719
N21000219,N21000254,6,6378.590608335869,inf,inf,inf,6378.590608335869
N21000219,N21000256,6,7538.149082887492,inf,inf,inf,7538.149082887492
N21000219,N21000258,2,7225.29183267824,inf,inf,inf,7225.29183267824
N21000219,N21000261,2,7974.601381688431,inf,inf,inf,7974.601381688431
N21000219,N21000264,5,7816.985923152692,inf,inf,inf,7816.985923152692
N21000219,N21000265,2,8473.950058405604,inf,inf,inf,8473.950058405604
N21000219,N21000268,8,9616.89985149565,inf,inf,inf,9616.89985149565
N21000219,N21000303,1,8490.899100513587,inf,inf,inf,8490.899100513587
N21000219,N21000322,1,7431.015083444649,inf,inf,inf,7431.015083444649
N21000219,N21000325,3,7093.3664341548465,inf,inf,inf,7093.3664341548465
N21000219,N21000329,1,6788.70882774124,inf,inf,inf,6788.70882774124
N21000219,N21000335,12,8015.333699574092,inf,inf,inf,8015.333699574092
N21000220,N21000170,3,9389.40856254636,inf,inf,inf,9389.40856254636
N21000220,N21000174,4,8476.321539379729,inf,inf,inf,8476.321539379729
N21000220,N21000175,1,7489.921270187768,inf,inf,inf,7489.921270187768
N21000220,N21000178,1,6553.153492001265,inf,inf,inf,6553.153492001265
N21000220,N21000186,1,9407.325838249093,inf,inf,inf,9407.325838249093
N21000220,N21000192,36,9395.59067639429,inf,inf,inf,9395.59067639429
N21000220,N21000193,2,8519.702756489633,inf,inf,inf,8519.702756489633
N21000220,N21000197,33,6099.458424034967,inf,inf,inf,6099.458424034967
N21000220,N21000198,22,5427.871938009494,inf,inf,inf,5427.871938009494
N21000220,N21000199,1,2429.6535591000584,inf,inf,inf,2429.6535591000584
N21000220,N21000200,2,2621.8967780448675,inf,inf,inf,2621.8967780448675
N21000220,N21000201,1,3146.6685797748933,inf,inf,inf,3146.6685797748933
N21000220,N21000202,3,3912.5640188264665,inf,inf,inf,3912.5640188264665
N21000220,N21000203,6,2540.7327719238983,inf,inf,inf,2540.7327719238983
N21000220,N21000205,12,3341.5988580882104,inf,inf,inf,3341.5988580882104
N21000220,N21000206,4,2938.094831022331,inf,inf,inf,2938.094831022331
N21000220,N21000207,2,4003.7869958923866,inf,inf,inf,4003.7869958923866
N21000220,N21000208,6,3955.852669718735,inf,inf,inf,3955.852669718735
N21000220,N21000209,1,4869.875133625515,inf,inf,inf,4869.875133625515
N21000220,N21000210,2,3767.93809543688,inf,inf,inf,3767.93809543688
N21000220,N21000211,3,3700.743147940038,inf,inf,inf,3700.743147940038
N21000220,N21000213,3,4472.765527789733,inf,inf,inf,4472.765527789733
N21000220,N21000216,4,4968.570219811942,inf,inf,inf,4968.570219811942
N21000220,N21000219,21,1101.1665913597628,inf,inf,inf,1101.1665913597628
N21000220,N21000221,17,4659.914403309128,inf,inf,inf,4659.914403309128
N21000220,N21000222,6,2190.3809006953484,inf,inf,inf,2190.3809006953484
N21000220,N21000223,5,2604.3551099389024,inf,inf,inf,2604.3551099389024
N21000220,N21000224,6,1905.158471157964,inf,inf,inf,1905.158471157964
N21000220,N21000225,5,2608.3797244383836,inf,inf,inf,2608.3797244383836
N21000220,N21000226,3,3185.7392567353836,inf,inf,inf,3185.7392567353836
N21000220,N21000229,1,4804.448744453957,inf,inf,inf,4804.448744453957
N21000220,N21000230,7,3299.102138879083,inf,inf,inf,3299.102138879083
N21000220,N21000231,3,4167.996833390778,inf,inf,inf,4167.996833390778
N21000220,N21000232,1,4437.7191871975265,inf,inf,inf,4437.7191871975265
N21000220,N21000236,2,5042.272498536056,inf,inf,inf,5042.272498536056
N21000220,N21000237,8,4536.679700355975,inf,inf,inf,4536.679700355975
N21000220,N21000239,1,5364.382987188384,inf,inf,inf,5364.382987188384
N21000220,N21000240,9,5613.534634853405,inf,inf,inf,5613.534634853405
N21000220,N21000241,2,6103.6765582859225,inf,inf,inf,6103.6765582859225
N21000220,N21000243,2,5823.120874253073,inf,inf,inf,5823.120874253073
N21000220,N21000244,1,6165.563377185787,inf,inf,inf,6165.563377185787
N21000220,N21000247,1,6122.363764718188,inf,inf,inf,6122.363764718188
N21000220,N21000249,2,7447.281850246263,inf,inf,inf,7447.281850246263
N21000220,N21000251,57,6177.310506054231,inf,inf,inf,6177.310506054231
N21000220,N21000252,22,5224.348456201947,inf,inf,inf,5224.348456201947
N21000220,N21000253,14,6321.892271293597,inf,inf,inf,6321.892271293597
N21000220,N21000254,6,6090.084244332276,inf,inf,inf,6090.084244332276
N21000220,N21000255,3,7791.125989943427,inf,inf,inf,7791.125989943427
N21000220,N21000256,9,7249.6427188839,inf,inf,inf,7249.6427188839
N21000220,N21000258,3,6936.785468674648,inf,inf,inf,6936.785468674648
N21000220,N21000260,1,8021.531363584172,inf,inf,inf,8021.531363584172
N21000220,N21000261,1,7686.095017684839,inf,inf,inf,7686.095017684839
N21000220,N21000264,9,7528.479559149099,inf,inf,inf,7528.479559149099
N21000220,N21000265,3,8185.443694402012,inf,inf,inf,8185.443694402012
N21000220,N21000268,8,9328.393487492058,inf,inf,inf,9328.393487492058
N21000220,N21000269,1,7072.813030970677,inf,inf,inf,7072.813030970677
N21000220,N21000270,3,8503.14323145015,inf,inf,inf,8503.14323145015
N21000220,N21000272,1,9098.992029992129,inf,inf,inf,9098.992029992129
N21000220,N21000323,2,7908.794127547503,inf,inf,inf,7908.794127547503
N21000220,N21000325,3,6981.547582870486,inf,inf,inf,6981.547582870486
N21000220,N21000331,1,7430.911281644461,inf,inf,inf,7430.911281644461
N21000220,N21000335,16,7726.827335570499,inf,inf,inf,7726.827335570499
N21000221,N21000171,1,9605.802161641514,inf,inf,inf,9605.802161641514
N21000221,N21000175,7,8875.928868923747,inf,inf,inf,8875.928868923747
N21000221,N21000178,2,7939.161090737253,inf,inf,inf,7939.161090737253
N21000221,N21000195,3,8917.52488837388,inf,inf,inf,8917.52488837388
N21000221,N21000196,2,8951.714177051235,inf,inf,inf,8951.714177051235
N21000221,N21000197,12,8459.87907906052,inf,inf,inf,8459.87907906052
N21000221,N21000198,12,7191.628251058115,inf,inf,inf,7191.628251058115
N21000221,N21000200,2,4522.557187135262,inf,inf,inf,4522.557187135262
N21000221,N21000201,2,4900.992033275692,inf,inf,inf,4900.992033275692
N21000221,N21000202,2,5286.412956783612,inf,inf,inf,5286.412956783612
N21000221,N21000203,10,4163.277242873863,inf,inf,inf,4163.277242873863
N21000221,N21000205,5,4694.807954397433,inf,inf,inf,4694.807954397433
N21000221,N21000207,1,5377.635933849534,inf,inf,inf,5377.635933849534
N21000221,N21000208,1,5329.701607675883,inf,inf,inf,5329.701607675883
N21000221,N21000209,3,6243.724071582663,inf,inf,inf,6243.724071582663
N21000221,N21000210,1,4631.69292182146,inf,inf,inf,4631.69292182146
N21000221,N21000211,4,4200.336381954196,inf,inf,inf,4200.336381954196
N21000221,N21000213,3,5511.1141338517855,inf,inf,inf,5511.1141338517855
N21000221,N21000215,4,5401.948479342474,inf,inf,inf,5401.948479342474
N21000221,N21000216,1,5461.823258460285,inf,inf,inf,5461.823258460285
N21000221,N21000217,2,6316.850443555515,inf,inf,inf,6316.850443555515
N21000221,N21000218,1,5986.202801183562,inf,inf,inf,5986.202801183562
N21000221,N21000220,1,4659.91440330913,inf,inf,inf,4659.91440330913
N21000221,N21000223,9,3693.132091574342,inf,inf,inf,3693.132091574342
N21000221,N21000224,7,2762.9055966747437,inf,inf,inf,2762.9055966747437
N21000221,N21000225,8,2586.5032672450934,inf,inf,inf,2586.5032672450934
N21000221,N21000226,4,3315.2626368238593,inf,inf,inf,3315.2626368238593
N21000221,N21000230,4,2525.835862383922,inf,inf,2700.0452369847676,2525.835862383922
N21000221,N21000233,1,3414.9208683936563,inf,inf,4063.033385622418,3414.9208683936563
N21000221,N21000234,1,3529.1419480220184,inf,inf,4051.1441559971195,3529.1419480220184
N21000221,N21000237,5,4718.853340389616,inf,inf,inf,4718.853340389616
N21000221,N21000240,8,5790.228072793646,inf,inf,inf,5790.228072793646
N21000221,N21000241,2,6596.929596934266,inf,inf,inf,6596.929596934266
N21000221,N21000243,1,6316.373912901417,inf,inf,inf,6316.373912901417
N21000221,N21000244,1,5750.66141909696,inf,inf,inf,5750.66141909696
N21000221,N21000245,1,7978.987306045665,inf,inf,inf,7978.987306045665
N21000221,N21000249,1,7934.698187328759,inf,inf,inf,7934.698187328759
N21000221,N21000251,57,7551.159444011379,inf,inf,inf,7551.159444011379
N21000221,N21000252,14,6598.197394159094,inf,inf,inf,6598.197394159094
N21000221,N21000253,17,7695.741209250745,inf,inf,inf,7695.741209250745
N21000221,N21000254,5,7463.933182289424,inf,inf,inf,7463.933182289424
N21000221,N21000256,22,8623.491656841048,inf,inf,inf,8623.491656841048
N21000221,N21000258,9,8310.634406631796,inf,inf,inf,8310.634406631796
N21000221,N21000261,4,9059.943955641986,inf,inf,inf,9059.943955641986
N21000221,N21000262,1,8073.577865853354,inf,inf,inf,8073.577865853354
N21000221,N21000263,4,7157.210526147749,inf,inf,inf,7157.210526147749
N21000221,N21000264,4,8902.328497106248,inf,inf,inf,8902.328497106248
N21000221,N21000267,3,7976.296536775678,inf,inf,inf,7976.296536775678
N21000221,N21000271,1,9189.924208271004,inf,inf,inf,9189.924208271004
N21000221,N21000322,2,8746.524342754807,inf,inf,inf,8746.524342754807
N21000221,N21000325,3,8355.39652082763,inf,inf,inf,8355.39652082763
N21000221,N21000329,2,8050.738914414024,inf,inf,inf,8050.738914414024
N21000221,N21000335,24,9100.676273527653,inf,inf,inf,9100.676273527653
N21000222,N21000166,1,9073.90980614415,inf,inf,inf,9073.90980614415
N21000222,N21000170,1,8267.151026735477,inf,inf,inf,8267.151026735477
N21000222,N21000175,4,6367.663734376885,inf,inf,inf,6367.663734376885
N21000222,N21000178,2,5430.895956190382,inf,inf,inf,5430.895956190382
N21000222,N21000188,2,7544.423601147822,inf,inf,inf,7544.423601147822
N21000222,N21000190,3,7710.248999136965,inf,inf,inf,7710.248999136965
N21000222,N21000192,40,8273.33314058341,inf,inf,inf,8273.33314058341
N21000222,N21000195,2,6409.259753827011,inf,inf,inf,6409.259753827011
N21000222,N21000196,1,6443.449042504363,inf,inf,inf,6443.449042504363
N21000222,N21000197,26,5424.802473380398,inf,inf,inf,5424.802473380398
N21000222,N21000198,28,4357.483822026729,inf,inf,inf,4357.483822026729
N21000222,N21000199,3,1537.5518359251546,inf,inf,inf,1537.5518359251546
N21000222,N21000200,4,1487.4805814551416,inf,inf,inf,1487.4805814551416
N21000222,N21000202,5,2778.1478222367405,inf,inf,inf,2778.1478222367405
N21000222,N21000203,11,1395.4420652444983,inf,inf,3556.1314202232466,1395.4420652444983
N21000222,N21000204,1,3453.751904495916,inf,inf,inf,3453.751904495916
N21000222,N21000205,9,2207.1826614984843,inf,inf,inf,2207.1826614984843
N21000222,N21000206,2,1638.756577215419,inf,inf,3754.855034026353,1638.756577215419
N21000222,N21000207,3,2869.3707993026605,inf,inf,inf,2869.3707993026605
N21000222,N21000208,2,2821.436473129009,inf,inf,inf,2821.436473129009
N21000222,N21000209,3,3735.4589370357885,inf,inf,inf,3735.4589370357885
N21000222,N21000210,2,2443.280306209988,inf,inf,inf,2443.280306209988
N21000222,N21000211,4,2048.949933033286,inf,inf,inf,2048.949933033286
N21000222,N21000212,1,3534.8301904808704,inf,inf,inf,3534.8301904808704
N21000222,N21000213,4,3322.7015182403143,inf,inf,inf,3322.7015182403143
N21000222,N21000214,1,3692.480503913257,inf,inf,inf,3692.480503913257
N21000222,N21000215,2,3213.535863731001,inf,inf,inf,3213.535863731001
N21000222,N21000216,3,3310.4368095393747,inf,inf,inf,3310.4368095393747
N21000222,N21000219,11,2125.6699743937693,inf,inf,inf,2125.6699743937693
N21000222,N21000220,13,2190.380900695348,inf,inf,inf,2190.380900695348
N21000222,N21000221,11,3983.985084263803,inf,inf,inf,3983.985084263803
N21000222,N21000223,7,923.6579872992976,inf,inf,inf,923.6579872992976
N21000222,N21000224,16,1603.5816317247563,inf,inf,inf,1603.5816317247563
N21000222,N21000225,4,1437.9061421517847,inf,inf,1671.3722082288466,1437.9061421517847
N21000222,N21000226,9,1639.7047887857655,inf,inf,inf,1639.7047887857655
N21000222,N21000230,6,2528.1370535039355,inf,inf,inf,2528.1370535039355
N21000222,N21000231,2,3397.0317480156305,inf,inf,inf,3397.0317480156305
N21000222,N21000233,3,2809.287133296335,inf,inf,inf,2809.287133296335
N21000222,N21000235,1,4788.68854660383,inf,inf,inf,4788.68854660383
N21000222,N21000236,1,3463.5384443771654,inf,inf,inf,3463.5384443771654
N21000222,N21000237,5,2878.5462900834086,inf,inf,inf,2878.5462900834086
N21000222,N21000240,7,3955.4012245808376,inf,inf,inf,3955.4012245808376
N21000222,N21000241,4,4445.543148013357,inf,inf,inf,4445.543148013357
N21000222,N21000243,3,4164.987463980507,inf,inf,inf,4164.987463980507
N21000222,N21000245,2,5827.600857124756,inf,inf,inf,5827.600857124756
N21000222,N21000249,1,5789.148439973696,inf,inf,inf,5789.148439973696
N21000222,N21000251,68,5042.894309464506,inf,inf,inf,5042.894309464506
N21000222,N21000252,14,4089.9322596122215,inf,inf,inf,4089.9322596122215
N21000222,N21000253,12,5187.476074703872,inf,inf,inf,5187.476074703872
N21000222,N21000254,2,4955.668047742551,inf,inf,inf,4955.668047742551
N21000222,N21000256,15,6115.226522294174,inf,inf,inf,6115.226522294174
N21000222,N21000258,2,5802.369272084922,inf,inf,inf,5802.369272084922
N21000222,N21000259,1,5564.131835159282,inf,inf,inf,5564.131835159282
N21000222,N21000260,1,6887.115166994447,inf,inf,inf,6887.115166994447
N21000222,N21000261,1,6551.678821095114,inf,inf,inf,6551.678821095114
N21000222,N21000263,2,4882.77646290711,inf,inf,inf,4882.77646290711
N21000222,N21000264,6,6394.063362559374,inf,inf,inf,6394.063362559374
N21000222,N21000265,2,7051.027497812286,inf,inf,inf,7051.027497812286
N21000222,N21000266,1,7029.28015818538,inf,inf,inf,7029.28015818538
N21000222,N21000268,10,8193.977290902336,inf,inf,inf,8193.977290902336
N21000222,N21000269,1,5873.693755298836,inf,inf,inf,5873.693755298836
N21000222,N21000270,5,7368.727034860427,inf,inf,inf,7368.727034860427
N21000222,N21000272,2,7964.575833402398,inf,inf,inf,7964.575833402398
N21000222,N21000273,1,8554.730354544397,inf,inf,inf,8554.730354544397
N21000222,N21000274,8,9612.262073201711,inf,inf,inf,9612.262073201711
N21000222,N21000275,1,9528.20215916792,inf,inf,inf,9528.20215916792
N21000222,N21000303,3,7084.118100031125,inf,inf,inf,7084.118100031125
N21000222,N21000308,1,9587.68671897966,inf,inf,inf,9587.68671897966
N21000222,N21000316,1,9336.646345476556,inf,inf,inf,9336.646345476556
N21000222,N21000324,1,7823.917038718076,inf,inf,inf,7823.917038718076
N21000222,N21000325,3,5847.13138628076,inf,inf,inf,5847.13138628076
N21000222,N21000334,1,5877.761369741304,inf,inf,inf,5877.761369741304
N21000222,N21000335,12,6592.411138980773,inf,inf,inf,6592.411138980773
N21000223,N21000165,1,7719.658565624586,inf,inf,inf,7719.658565624586
N21000223,N21000175,2,5800.007927648761,inf,inf,inf,5800.007927648761
N21000223,N21000189,1,7584.564972522509,inf,inf,inf,7584.564972522509
N21000223,N21000191,1,6517.87286097689,inf,inf,inf,6517.87286097689
N21000223,N21000192,22,7705.677333855286,inf,inf,inf,7705.677333855286
N21000223,N21000195,3,5841.603947098887,inf,inf,inf,5841.603947098887
N21000223,N21000196,2,5875.793235776239,inf,inf,inf,5875.793235776239
N21000223,N21000197,13,5003.483622241871,inf,inf,inf,5003.483622241871
N21000223,N21000198,20,3789.8280152986044,inf,inf,inf,3789.8280152986044
N21000223,N21000200,4,1066.161730316615,inf,inf,inf,1066.161730316615
N21000223,N21000201,1,1444.596576457044,inf,inf,inf,1444.596576457044
N21000223,N21000202,2,2210.4920155086156,inf,inf,inf,2210.4920155086156
N21000223,N21000204,2,2886.0960977677905,inf,inf,inf,2886.0960977677905
N21000223,N21000205,13,1639.52685477036,inf,inf,inf,1639.52685477036
N21000223,N21000206,2,1045.56125387945,inf,inf,inf,1045.56125387945
N21000223,N21000207,2,2301.7149925745357,inf,inf,inf,2301.7149925745357
N21000223,N21000208,2,2253.780666400884,inf,inf,inf,2253.780666400884
N21000223,N21000209,1,3167.8031303076637,inf,inf,inf,3167.8031303076637
N21000223,N21000211,3,1455.7546096973176,inf,inf,inf,1455.7546096973176
N21000223,N21000213,1,2729.506194904347,inf,inf,inf,2729.506194904347
N21000223,N21000215,2,2620.3405403950333,inf,inf,inf,2620.3405403950333
N21000223,N21000216,2,2717.241486203406,inf,inf,inf,2717.241486203406
N21000223,N21000217,2,3535.242504608078,inf,inf,inf,3535.242504608078
N21000223,N21000219,1,2744.793428515105,inf,inf,inf,2744.793428515105
N21000223,N21000220,9,2604.3551099389024,inf,inf,inf,2604.3551099389024
N21000223,N21000221,11,3693.1320915743413,inf,inf,inf,3693.1320915743413
N21000223,N21000224,5,1320.4382001294475,inf,inf,inf,1320.4382001294475
N21000223,N21000225,3,1106.628824329249,inf,inf,inf,1106.628824329249
N21000223,N21000226,7,1046.5094654497968,inf,inf,inf,1046.5094654497968
N21000223,N21000227,1,3039.7096498081423,inf,inf,inf,3039.7096498081423
N21000223,N21000231,1,3065.7544301930943,inf,inf,inf,3065.7544301930943
N21000223,N21000233,2,2291.5727636828183,inf,inf,inf,2291.5727636828183
N21000223,N21000236,1,2870.3431210411964,inf,inf,inf,2870.3431210411964
N21000223,N21000237,1,2285.3509667474395,inf,inf,inf,2285.3509667474395
N21000223,N21000238,1,4159.834633465265,inf,inf,inf,4159.834633465265
N21000223,N21000239,1,3318.4453267450344,inf,inf,inf,3318.4453267450344
N21000223,N21000240,7,3362.2059012448685,inf,inf,inf,3362.2059012448685
N21000223,N21000241,1,3852.3478246773875,inf,inf,inf,3852.3478246773875
N21000223,N21000243,2,3571.7921406445375,inf,inf,inf,3571.7921406445375
N21000223,N21000247,1,4584.113701918522,inf,inf,inf,4584.113701918522
N21000223,N21000248,3,4410.921531844397,inf,inf,inf,4410.921531844397
N21000223,N21000251,59,4475.238502736377,inf,inf,inf,4475.238502736377
N21000223,N21000252,15,3522.2764528840967,inf,inf,inf,3522.2764528840967
N21000223,N21000253,21,4619.820267975748,inf,inf,inf,4619.820267975748
N21000223,N21000254,1,4388.012241014427,inf,inf,inf,4388.012241014427
N21000223,N21000256,8,5547.57071556605,inf,inf,inf,5547.57071556605
N21000223,N21000258,5,5234.713465356796,inf,inf,inf,5234.713465356796
N21000223,N21000259,2,4996.476028431157,inf,inf,inf,4996.476028431157
N21000223,N21000260,1,6319.459360266323,inf,inf,inf,6319.459360266323
N21000223,N21000261,2,5984.02301436699,inf,inf,inf,5984.02301436699
N21000223,N21000263,3,4315.120656178985,inf,inf,inf,4315.120656178985
N21000223,N21000264,2,5826.407555831249,inf,inf,inf,5826.407555831249
N21000223,N21000265,2,6483.371691084162,inf,inf,inf,6483.371691084162
N21000223,N21000266,1,6461.624351457256,inf,inf,inf,6461.624351457256
N21000223,N21000267,2,5134.206666806914,inf,inf,inf,5134.206666806914
N21000223,N21000268,11,7626.321484174212,inf,inf,inf,7626.321484174212
N21000223,N21000269,1,5280.498431962867,inf,inf,inf,5280.498431962867
N21000223,N21000270,1,6801.071228132303,inf,inf,inf,6801.071228132303
N21000223,N21000271,1,6371.930682692801,inf,inf,inf,6371.930682692801
N21000223,N21000272,1,7396.920026674273,inf,inf,inf,7396.920026674273
N21000223,N21000274,4,9044.606266473584,inf,inf,inf,9044.606266473584
N21000223,N21000309,1,8418.947248877288,inf,inf,inf,8418.947248877288
N21000223,N21000316,1,8768.99053874843,inf,inf,inf,8768.99053874843
N21000223,N21000325,1,5279.475579552633,inf,inf,inf,5279.475579552633
N21000223,N21000327,1,6742.907331967521,inf,inf,inf,6742.907331967521
N21000223,N21000329,1,4974.817973139027,inf,inf,inf,4974.817973139027
N21000223,N21000332,2,7396.263048684274,inf,inf,inf,7396.263048684274
N21000223,N21000335,21,6024.7553322526455,inf,inf,inf,6024.7553322526455
N21000224,N21000175,5,6945.668402700534,inf,inf,inf,6945.668402700534
N21000224,N21000178,2,6008.900624514031,inf,inf,inf,6008.900624514031
N21000224,N21000188,1,8122.428269471471,inf,inf,inf,8122.428269471471
N21000224,N21000192,38,8851.337808907057,inf,inf,inf,8851.337808907057
N21000224,N21000193,3,7975.4498890024,inf,inf,inf,7975.4498890024
N21000224,N21000195,1,6987.26442215066,inf,inf,inf,6987.26442215066
N21000224,N21000197,10,6149.144097293645,inf,inf,inf,6149.144097293645
N21000224,N21000198,16,4935.488490350379,inf,inf,inf,4935.488490350379
N21000224,N21000200,1,2211.822205368388,inf,inf,inf,2211.822205368388
N21000224,N21000201,2,2590.257051508816,inf,inf,inf,2590.257051508816
N21000224,N21000202,6,3356.1524905603887,inf,inf,inf,3356.1524905603887
N21000224,N21000203,14,1947.9072169603023,inf,inf,inf,1947.9072169603023
N21000224,N21000205,7,2785.1873298221326,inf,inf,inf,2785.1873298221326
N21000224,N21000207,2,3447.375467626309,inf,inf,inf,3447.375467626309
N21000224,N21000208,4,3399.441141452657,inf,inf,inf,3399.441141452657
N21000224,N21000209,1,4313.463605359437,inf,inf,inf,4313.463605359437
N21000224,N21000210,2,2995.7454579257924,inf,inf,inf,2995.7454579257924
N21000224,N21000212,1,4112.834858804519,inf,inf,inf,4112.834858804519
N21000224,N21000213,1,3875.1666699561188,inf,inf,inf,3875.1666699561188
N21000224,N21000215,1,3766.0010154468055,inf,inf,inf,3766.0010154468055
N21000224,N21000219,1,2002.2008161813249,inf,inf,inf,2002.2008161813249
N21000224,N21000220,7,1905.158471157964,inf,inf,inf,1905.158471157964
N21000224,N21000221,14,2762.9055966747437,inf,inf,inf,2762.9055966747437
N21000224,N21000222,1,1603.581631724756,inf,inf,inf,1603.581631724756
N21000224,N21000223,5,1320.4382001294478,inf,inf,inf,1320.4382001294478
N21000224,N21000225,9,998.3835666041637,inf,inf,inf,998.3835666041637
N21000224,N21000226,5,1727.1429361829307,inf,inf,inf,1727.1429361829307
N21000224,N21000228,2,2272.238372293409,inf,inf,inf,2272.238372293409
N21000224,N21000229,1,2907.439937819574,inf,inf,inf,2907.439937819574
N21000224,N21000230,2,1404.4209767687928,inf,inf,inf,1404.4209767687928
N21000224,N21000231,2,2273.315671280488,inf,inf,inf,2273.315671280488
N21000224,N21000233,2,1935.141664372194,inf,inf,inf,1935.141664372194
N21000224,N21000236,3,4016.003596092969,inf,inf,inf,4016.003596092969
N21000224,N21000237,5,3239.074136368154,inf,inf,inf,3239.074136368154
N21000224,N21000239,1,4464.105801796804,inf,inf,inf,4464.105801796804
N21000224,N21000240,8,4310.448868772181,inf,inf,inf,4310.448868772181
N21000224,N21000241,1,4998.008299729159,inf,inf,inf,4998.008299729159
N21000224,N21000243,1,4717.45261569631,inf,inf,inf,4717.45261569631
N21000224,N21000247,1,4227.682602607899,inf,inf,inf,4227.682602607899
N21000224,N21000248,1,5475.1345128611465,inf,inf,inf,5475.1345128611465
N21000224,N21000251,72,5620.898977788153,inf,inf,inf,5620.898977788153
N21000224,N21000252,25,4667.936927935869,inf,inf,inf,4667.936927935869
N21000224,N21000253,22,5765.48074302752,inf,inf,inf,5765.48074302752
N21000224,N21000254,4,5533.6727160661985,inf,inf,inf,5533.6727160661985
N21000224,N21000256,12,6693.231190617822,inf,inf,inf,6693.231190617822
N21000224,N21000258,7,6380.37394040857,inf,inf,inf,6380.37394040857
N21000224,N21000259,1,6142.13650348293,inf,inf,inf,6142.13650348293
N21000224,N21000261,2,7129.6834894187605,inf,inf,inf,7129.6834894187605
N21000224,N21000263,2,5460.781131230759,inf,inf,inf,5460.781131230759
N21000224,N21000264,8,6972.0680308830215,inf,inf,inf,6972.0680308830215
N21000224,N21000265,2,7629.032166135934,inf,inf,inf,7629.032166135934
N21000224,N21000268,13,8771.98195922598,inf,inf,inf,8771.98195922598
N21000224,N21000270,6,7946.731703184075,inf,inf,inf,7946.731703184075
N21000224,N21000271,2,7517.591157744575,inf,inf,inf,7517.591157744575
N21000224,N21000273,2,9132.735022868044,inf,inf,inf,9132.735022868044
N21000224,N21000278,1,8977.349029270435,inf,inf,inf,8977.349029270435
N21000224,N21000317,1,8288.031100530463,inf,inf,inf,8288.031100530463
N21000224,N21000319,1,7640.483730295194,inf,inf,inf,7640.483730295194
N21000224,N21000322,2,6816.263876531584,inf,inf,inf,6816.263876531584
N21000224,N21000323,1,7352.382599281423,inf,inf,inf,7352.382599281423
N21000224,N21000324,1,8401.921707041723,inf,inf,inf,8401.921707041723
N21000224,N21000325,2,6425.136054604407,inf,inf,inf,6425.136054604407
N21000224,N21000329,1,6120.478448190801,inf,inf,inf,6120.478448190801
N21000224,N21000331,2,6874.499753378382,inf,inf,inf,6874.499753378382
N21000224,N21000335,31,7170.415807304422,inf,inf,inf,7170.415807304422
N21000225,N21000175,5,6289.425601678662,inf,inf,inf,6289.425601678662
N21000225,N21000178,1,5352.657823492159,inf,inf,inf,5352.657823492159
N21000225,N21000184,1,8756.792094336506,inf,inf,inf,8756.792094336506
N21000225,N21000186,2,8206.830169739987,inf,inf,inf,8206.830169739987
N21000225,N21000189,1,8073.98264655241,inf,inf,inf,8073.98264655241
N21000225,N21000192,24,8195.095007885186,inf,inf,inf,8195.095007885186
N21000225,N21000195,7,6331.021621128788,inf,inf,inf,6331.021621128788
N21000225,N21000196,1,6365.21090980614,inf,inf,inf,6365.21090980614
N21000225,N21000197,19,5873.375811815426,inf,inf,inf,5873.375811815426
N21000225,N21000198,21,4605.124983813021,inf,inf,inf,4605.124983813021
N21000225,N21000199,1,2300.8089360109284,inf,inf,inf,2300.8089360109284
N21000225,N21000200,4,1936.0539198901686,inf,inf,inf,1936.0539198901686
N21000225,N21000201,3,2314.4887660305967,inf,inf,inf,2314.4887660305967
N21000225,N21000202,1,2699.909689538518,inf,inf,inf,2699.909689538518
N21000225,N21000203,8,1576.77397562877,inf,inf,1884.7592119943984,1576.77397562877
N21000225,N21000204,2,3375.513771797693,inf,inf,inf,3375.513771797693
N21000225,N21000205,10,2108.3046871523393,inf,inf,inf,2108.3046871523393
N21000225,N21000206,2,1290.63911796106,inf,inf,2083.482825797506,1290.63911796106
N21000225,N21000207,2,2791.132666604438,inf,inf,inf,2791.132666604438
N21000225,N21000208,1,2743.198340430786,inf,inf,inf,2743.198340430786
N21000225,N21000210,2,2045.1896545763668,inf,inf,inf,2045.1896545763668
N21000225,N21000211,3,1613.8331147091033,inf,inf,inf,1613.8331147091033
N21000225,N21000213,2,2924.6108666066943,inf,inf,inf,2924.6108666066943
N21000225,N21000215,2,2815.4452120973806,inf,inf,inf,2815.4452120973806
N21000225,N21000216,3,2875.3199912151917,inf,inf,inf,2875.3199912151917
N21000225,N21000218,1,3399.6995339384694,inf,inf,inf,3399.6995339384694
N21000225,N21000219,3,2811.8897514332157,inf,inf,inf,2811.8897514332157
N21000225,N21000220,5,2608.379724438383,inf,inf,inf,2608.379724438383
N21000225,N21000221,15,2586.503267245093,inf,inf,inf,2586.503267245093
N21000225,N21000223,6,1106.6288243292493,inf,inf,inf,1106.6288243292493
N21000225,N21000224,7,998.3835666041637,inf,inf,inf,998.3835666041637
N21000225,N21000227,2,1953.5387485450335,inf,inf,inf,1953.5387485450335
N21000225,N21000230,4,1110.68883441829,inf,inf,inf,1110.68883441829
N21000225,N21000231,1,1979.5835289299855,inf,inf,inf,1979.5835289299855
N21000225,N21000232,2,1847.6823319030536,inf,inf,inf,1847.6823319030536
N21000225,N21000233,2,1641.4095220216923,inf,inf,inf,1641.4095220216923
N21000225,N21000234,1,2461.787753430642,inf,inf,inf,2461.787753430642
N21000225,N21000237,3,2442.5079076566367,inf,inf,inf,2442.5079076566367
N21000225,N21000239,1,3476.52383175682,inf,inf,inf,3476.52383175682
N21000225,N21000240,7,3520.284406256654,inf,inf,inf,3520.284406256654
N21000225,N21000241,1,4010.426329689173,inf,inf,inf,4010.426329689173
N21000225,N21000243,2,3729.870645656323,inf,inf,inf,3729.870645656323
N21000225,N21000248,2,4569.000036856182,inf,inf,inf,4569.000036856182
N21000225,N21000249,1,5354.031621649511,inf,inf,inf,5354.031621649511
N21000225,N21000251,54,4964.656176766283,inf,inf,inf,4964.656176766283
N21000225,N21000252,18,4011.694126913999,inf,inf,inf,4011.694126913999
N21000225,N21000253,9,5109.2379420056495,inf,inf,inf,5109.2379420056495
N21000225,N21000254,4,4877.429915044328,inf,inf,inf,4877.429915044328
N21000225,N21000256,8,6036.988389595952,inf,inf,inf,6036.988389595952
N21000225,N21000258,9,5724.1311393867,inf,inf,inf,5724.1311393867
N21000225,N21000259,1,5485.893702461059,inf,inf,inf,5485.893702461059
N21000225,N21000261,2,6473.44068839689,inf,inf,inf,6473.44068839689
N21000225,N21000263,3,4570.707258902659,inf,inf,inf,4570.707258902659
N21000225,N21000264,5,6315.825229861151,inf,inf,inf,6315.825229861151
N21000225,N21000265,5,6972.789365114064,inf,inf,inf,6972.789365114064
N21000225,N21000266,4,6951.042025487157,inf,inf,inf,6951.042025487157
N21000225,N21000268,4,8115.739158204113,inf,inf,inf,8115.739158204113
N21000225,N21000271,1,6603.420941025912,inf,inf,inf,6603.420941025912
N21000225,N21000273,2,8295.60371160292,inf,inf,inf,8295.60371160292
N21000225,N21000274,8,9534.023940503488,inf,inf,inf,9534.023940503488
N21000225,N21000278,1,8070.561652276293,inf,inf,inf,8070.561652276293
N21000225,N21000303,1,7005.879967332904,inf,inf,inf,7005.879967332904
N21000225,N21000306,2,8630.55262381036,inf,inf,inf,8630.55262381036
N21000225,N21000307,1,8821.03721799511,inf,inf,inf,8821.03721799511
N21000225,N21000309,3,8908.364922907193,inf,inf,inf,8908.364922907193
N21000225,N21000323,1,6696.139798259553,inf,inf,inf,6696.139798259553
N21000225,N21000330,2,8419.217189824754,inf,inf,inf,8419.217189824754
N21000225,N21000331,1,6218.256952356512,inf,inf,inf,6218.256952356512
N21000225,N21000335,30,6514.173006282552,inf,inf,inf,6514.173006282552
N21000226,N21000175,3,5719.2431911969325,inf,inf,inf,5719.2431911969325
N21000226,N21000178,3,4782.475413010429,inf,inf,inf,4782.475413010429
N21000226,N21000181,1,9133.552143953282,inf,inf,inf,9133.552143953282
N21000226,N21000187,2,7952.185252380624,inf,inf,inf,7952.185252380624
N21000226,N21000188,1,6896.00305796787,inf,inf,inf,6896.00305796787
N21000226,N21000189,2,7503.8002360706805,inf,inf,inf,7503.8002360706805
N21000226,N21000192,37,7624.912597403457,inf,inf,inf,7624.912597403457
N21000226,N21000193,2,6749.024677498798,inf,inf,inf,6749.024677498798
N21000226,N21000195,3,5760.839210647058,inf,inf,inf,5760.839210647058
N21000226,N21000197,16,5458.020414300201,inf,inf,inf,5458.020414300201
N21000226,N21000198,28,4034.9425733312864,inf,inf,inf,4034.9425733312864
N21000226,N21000199,2,2164.609914594511,inf,inf,inf,2164.609914594511
N21000226,N21000200,3,1578.905225634624,inf,inf,inf,1578.905225634624
N21000226,N21000201,3,1795.495214744207,inf,inf,inf,1795.495214744207
N21000226,N21000202,5,2129.727279056787,inf,inf,inf,2129.727279056787
N21000226,N21000203,3,1006.5915651470385,inf,inf,inf,1006.5915651470385
N21000226,N21000204,1,2805.331361315962,inf,inf,inf,2805.331361315962
N21000226,N21000205,11,1538.122276670608,inf,inf,inf,1538.122276670608
N21000226,N21000208,1,2173.0159299490556,inf,inf,inf,2173.0159299490556
N21000226,N21000209,3,3087.0383938558352,inf,inf,inf,3087.0383938558352
N21000226,N21000210,2,1378.8220478358444,inf,inf,1624.7022130421976,1378.8220478358444
N21000226,N21000211,7,885.0737451303363,inf,inf,885.0737451303363,885.0737451303363
N21000226,N21000213,2,2354.428456124963,inf,inf,2919.8009169350103,2354.428456124963
N21000226,N21000214,1,2724.2074417979056,inf,inf,3032.040689517312,2724.2074417979056
N21000226,N21000215,1,2245.26280161565,inf,inf,2526.611841498434,2245.26280161565
N21000226,N21000216,4,2146.5606216364245,inf,inf,2146.5606216364245,2146.5606216364245
N21000226,N21000219,3,3331.032270560497,inf,inf,inf,3331.032270560497
N21000226,N21000220,5,3185.7392567353836,inf,inf,inf,3185.7392567353836
N21000226,N21000221,14,3315.2626368238593,inf,inf,inf,3315.2626368238593
N21000226,N21000223,3,1046.5094654497968,inf,inf,inf,1046.5094654497968
N21000226,N21000224,3,1727.1429361829303,inf,inf,inf,1727.1429361829303
N21000226,N21000227,1,2500.2543769835647,inf,inf,inf,2500.2543769835647
N21000226,N21000230,3,1657.4044628568215,inf,inf,inf,1657.4044628568215
N21000226,N21000231,2,2526.2991573685167,inf,inf,inf,2526.2991573685167
N21000226,N21000232,2,1626.5168278384797,inf,inf,2373.4344900652163,1626.5168278384797
N21000226,N21000236,2,2299.6622564742156,inf,inf,2301.070041477076,2299.6622564742156
N21000226,N21000237,5,1714.670102180458,inf,inf,1714.670102180458,1714.670102180458
N21000226,N21000238,1,3784.7568946858823,inf,inf,inf,3784.7568946858823
N21000226,N21000240,3,2791.5250366778873,inf,inf,3420.655106470375,2791.5250366778873
N21000226,N21000241,2,3281.6669601104068,inf,inf,3757.997447437606,3281.6669601104068
N21000226,N21000246,1,3550.6945850760685,inf,inf,4134.201825375647,3550.6945850760685
N21000226,N21000248,3,3840.2406672774155,inf,inf,4423.747907576994,3840.2406672774155
N21000226,N21000249,1,4625.272252070745,inf,inf,inf,4625.272252070745
N21000226,N21000250,1,4401.397758333787,inf,inf,inf,4401.397758333787
N21000226,N21000251,58,4394.473766284548,inf,inf,inf,4394.473766284548
N21000226,N21000252,17,3441.5117164322683,inf,inf,inf,3441.5117164322683
N21000226,N21000253,12,4539.05553152392,inf,inf,inf,4539.05553152392
N21000226,N21000254,3,4307.247504562599,inf,inf,inf,4307.247504562599
N21000226,N21000256,16,5466.805979114222,inf,inf,inf,5466.805979114222
N21000226,N21000258,11,5153.948728904968,inf,inf,7406.946746601371,5153.948728904968
N21000226,N21000261,2,5903.258277915161,inf,inf,inf,5903.258277915161
N21000226,N21000263,5,4000.5248484209283,inf,inf,5019.507046821365,4000.5248484209283
N21000226,N21000264,8,5745.642819379421,inf,inf,6393.733555568123,5745.642819379421
N21000226,N21000265,4,6402.606954632334,inf,inf,inf,6402.606954632334
N21000226,N21000268,9,7545.556747722383,inf,inf,inf,7545.556747722383
N21000226,N21000270,1,6628.818599622548,inf,inf,inf,6628.818599622548
N21000226,N21000271,1,5874.661571447145,inf,inf,6475.931406576993,5874.661571447145
N21000226,N21000273,2,7566.844342024154,inf,inf,inf,7566.844342024154
N21000226,N21000274,7,8963.841530021755,inf,inf,inf,8963.841530021755
N21000226,N21000277,1,8039.550587429546,inf,inf,14928.875297866016,8039.550587429546
N21000226,N21000278,1,7341.802282697526,inf,inf,8335.927694716516,7341.802282697526
N21000226,N21000308,1,8939.266175799707,inf,inf,inf,8939.266175799707
N21000226,N21000309,4,8338.18251242546,inf,inf,inf,8338.18251242546
N21000226,N21000325,1,5198.710843100804,inf,inf,inf,5198.710843100804
N21000226,N21000327,1,6662.142595515692,inf,inf,inf,6662.142595515692
N21000226,N21000329,1,4894.0532366871985,inf,inf,inf,4894.0532366871985
N21000226,N21000331,1,5648.074541874779,inf,inf,inf,5648.074541874779
N21000226,N21000335,28,5943.990595800817,inf,inf,inf,5943.990595800817
N21000227,N21000175,4,8135.194734970006,inf,inf,inf,8135.194734970006
N21000227,N21000177,1,7423.491670053521,inf,inf,inf,7423.491670053521
N21000227,N21000178,2,7198.426956783503,inf,inf,inf,7198.426956783503
N21000227,N21000190,1,9477.779999730083,inf,inf,inf,9477.779999730083
N21000227,N21000195,2,8176.790754420132,inf,inf,inf,8176.790754420132
N21000227,N21000197,13,7806.456637294318,inf,inf,inf,7806.456637294318
N21000227,N21000198,18,6450.894117104362,inf,inf,inf,6450.894117104362
N21000227,N21000201,1,4231.21880691764,inf,inf,inf,4231.21880691764
N21000227,N21000202,4,4545.678822829861,inf,inf,inf,4545.678822829861
N21000227,N21000203,9,3442.3151573204714,inf,inf,inf,3442.3151573204714
N21000227,N21000205,11,3857.5321361117635,inf,inf,inf,3857.5321361117635
N21000227,N21000207,2,4636.9017998957825,inf,inf,inf,4636.9017998957825
N21000227,N21000208,7,4588.967473722131,inf,inf,inf,4588.967473722131
N21000227,N21000209,4,5457.4578786125285,inf,inf,inf,5457.4578786125285
N21000227,N21000211,1,3064.0821328503744,inf,inf,inf,3064.0821328503744
N21000227,N21000214,2,4949.485993861004,inf,inf,inf,4949.485993861004
N21000227,N21000215,2,4470.541353678748,inf,inf,inf,4470.541353678748
N21000227,N21000216,6,4262.751906781756,inf,inf,inf,4262.751906781756
N21000227,N21000217,2,5385.443317891791,inf,inf,inf,5385.443317891791
N21000227,N21000219,3,3872.5155707391577,inf,inf,inf,3872.5155707391577
N21000227,N21000220,9,4068.935730638525,inf,inf,inf,4068.935730638525
N21000227,N21000221,21,2065.3054460009557,inf,inf,3517.5383182402043,2065.3054460009557
N21000227,N21000222,1,3370.9869676306785,inf,inf,inf,3370.9869676306785
N21000227,N21000223,7,3039.7096498081423,inf,inf,inf,3039.7096498081423
N21000227,N21000224,10,2171.926924004141,inf,inf,inf,2171.926924004141
N21000227,N21000225,10,1953.5387485450337,inf,inf,inf,1953.5387485450337
N21000227,N21000226,10,2500.254376983565,inf,inf,inf,2500.254376983565
N21000227,N21000228,2,2519.2047026871383,inf,inf,inf,2519.2047026871383
N21000227,N21000230,10,1202.3358284757487,inf,inf,1202.3358284757487,1202.3358284757487
N21000227,N21000231,3,1521.5787006006583,inf,2910.975547151489,1521.5787006006583,1521.5787006006583
N21000227,N21000232,1,2790.004355480964,inf,inf,inf,2790.004355480964
N21000227,N21000233,1,2116.5095253621025,inf,inf,2116.5095253621025,2116.5095253621025
N21000227,N21000234,5,1705.4698346051032,inf,inf,1705.4698346051032,1705.4698346051032
N21000227,N21000236,3,4415.853541619547,inf,inf,inf,4415.853541619547
N21000227,N21000237,2,3486.040466761883,inf,inf,inf,3486.040466761883
N21000227,N21000239,1,4863.955747323383,inf,inf,inf,4863.955747323383
N21000227,N21000240,16,4557.415199165911,inf,inf,inf,4557.415199165911
N21000227,N21000241,1,5397.858245255738,inf,inf,inf,5397.858245255738
N21000227,N21000242,2,3651.021028212422,inf,inf,inf,3651.021028212422
N21000227,N21000243,1,5117.3025612228885,inf,inf,inf,5117.3025612228885
N21000227,N21000248,3,5722.100843254877,inf,inf,inf,5722.100843254877
N21000227,N21000249,3,6701.885313701025,inf,inf,inf,6701.885313701025
N21000227,N21000251,54,6810.425310057627,inf,inf,inf,6810.425310057627
N21000227,N21000252,14,5857.4632602053425,inf,inf,inf,5857.4632602053425
N21000227,N21000253,23,6955.007075296993,inf,inf,inf,6955.007075296993
N21000227,N21000254,5,6723.199048335672,inf,inf,inf,6723.199048335672
N21000227,N21000256,16,7882.757522887296,inf,inf,inf,7882.757522887296
N21000227,N21000258,4,7569.900272678044,inf,inf,inf,7569.900272678044
N21000227,N21000260,1,8654.646167587565,inf,inf,inf,8654.646167587565
N21000227,N21000261,1,8319.209821688233,inf,inf,inf,8319.209821688233
N21000227,N21000263,5,6225.803400484025,inf,inf,inf,6225.803400484025
N21000227,N21000264,6,7879.498291541814,inf,inf,inf,7879.498291541814
N21000227,N21000265,4,8656.990649766789,inf,inf,inf,8656.990649766789
N21000227,N21000267,1,6861.500759288444,inf,inf,inf,6861.500759288444
N21000227,N21000270,5,8745.00988476788,inf,inf,inf,8745.00988476788
N21000227,N21000272,1,8755.841372095208,inf,inf,inf,8755.841372095208
N21000227,N21000278,3,9224.315359664166,inf,inf,inf,9224.315359664166
N21000227,N21000303,1,8851.649100624247,inf,inf,inf,8851.649100624247
N21000227,N21000319,1,8830.010062564666,inf,inf,inf,8830.010062564666
N21000227,N21000325,5,7614.662386873879,inf,inf,inf,7614.662386873879
N21000227,N21000329,2,7310.004780460274,inf,inf,inf,7310.004780460274
N21000227,N21000335,16,8359.942139573895,inf,inf,inf,8359.942139573895
N21000228,N21000169,1,7943.99037631688,inf,inf,inf,7943.99037631688
N21000228,N21000170,2,7953.04168246603,inf,inf,inf,7953.04168246603
N21000228,N21000177,2,5341.851325190954,inf,inf,inf,5341.851325190954
N21000228,N21000178,3,5116.786611920935,inf,inf,inf,5116.786611920935
N21000228,N21000181,1,9467.86334286379,inf,inf,inf,9467.86334286379
N21000228,N21000188,2,7230.314256878375,inf,inf,inf,7230.314256878375
N21000228,N21000192,36,7959.223796313962,inf,inf,inf,7959.223796313962
N21000228,N21000193,2,7083.335876409304,inf,inf,inf,7083.335876409304
N21000228,N21000195,1,6095.150409557564,inf,inf,inf,6095.150409557564
N21000228,N21000196,1,6129.339698234916,inf,inf,inf,6129.339698234916
N21000228,N21000197,19,5952.195634535236,inf,inf,inf,5952.195634535236
N21000228,N21000198,29,4389.120738056707,inf,inf,inf,4389.120738056707
N21000228,N21000200,2,2211.301784951222,inf,inf,inf,2211.301784951222
N21000228,N21000201,3,2271.277361662423,inf,inf,inf,2271.277361662423
N21000228,N21000202,5,2464.038477967293,inf,inf,inf,2464.038477967293
N21000228,N21000203,8,1638.9881244636363,inf,inf,inf,1638.9881244636363
N21000228,N21000204,3,2976.0835347617276,inf,inf,inf,2976.0835347617276
N21000228,N21000205,12,1661.3871438861086,inf,inf,inf,1661.3871438861086
N21000228,N21000206,2,1352.8532667959264,inf,inf,inf,1352.8532667959264
N21000228,N21000207,1,2460.4687758737377,inf,inf,inf,2460.4687758737377
N21000228,N21000208,15,2461.1866566954577,inf,inf,inf,2461.1866566954577
N21000228,N21000209,4,3078.7556774884397,inf,inf,inf,3078.7556774884397
N21000228,N21000210,2,1224.8134554309286,inf,1415.9599563304398,1410.6496063070324,1224.8134554309286
N21000228,N21000212,4,2609.438141020276,inf,inf,3075.4772473394773,2609.438141020276
N21000228,N21000213,2,2201.004807063971,inf,inf,2536.0974288142165,2201.004807063971
N21000228,N21000215,5,2091.8391525546576,inf,inf,2142.9083533776407,2091.8391525546576
N21000228,N21000216,10,1762.8571335156323,1996.41680644793,1762.8571335156323,1762.8571335156323,1762.8571335156323
N21000228,N21000219,7,4253.74349819308,inf,inf,inf,4253.74349819308
N21000228,N21000220,5,4084.051868020275,inf,inf,inf,4084.051868020275
N21000228,N21000221,18,3752.0175763148713,inf,inf,inf,3752.0175763148713
N21000228,N21000223,4,1852.2726845477955,inf,inf,inf,1852.2726845477955
N21000228,N21000224,2,2272.238372293409,inf,inf,inf,2272.238372293409
N21000228,N21000225,9,1475.6721435818918,inf,inf,inf,1475.6721435818918
N21000228,N21000226,10,1254.5066395173176,inf,inf,1281.5918199808148,1254.5066395173176
N21000228,N21000227,1,2519.2047026871383,inf,inf,inf,2519.2047026871383
N21000228,N21000229,1,3218.0728629670807,inf,inf,inf,3218.0728629670807
N21000228,N21000230,6,1676.3547885603953,inf,inf,inf,1676.3547885603953
N21000228,N21000231,2,2545.2494830720907,inf,inf,inf,2545.2494830720907
N21000228,N21000233,1,1346.1241154705717,inf,inf,inf,1346.1241154705717
N21000228,N21000235,1,3128.5422236598743,inf,inf,inf,3128.5422236598743
N21000228,N21000236,1,1915.9587683534237,inf,inf,1917.366553356284,1915.9587683534237
N21000228,N21000237,16,1167.5788904345652,2401.8245565555962,1694.0169830479642,1167.5788904345652,1167.5788904345652
N21000228,N21000238,1,3498.290516520094,inf,inf,inf,3498.290516520094
N21000228,N21000239,3,2364.0609740572613,inf,inf,2365.4687590601216,2364.0609740572613
N21000228,N21000240,18,2407.821548557095,inf,inf,2873.563894724482,2407.821548557095
N21000228,N21000241,1,2897.963471989614,inf,inf,3363.705818157001,2897.963471989614
N21000228,N21000243,1,2617.407787956764,inf,inf,3083.150134124151,2617.407787956764
N21000228,N21000244,1,3111.3167987914308,inf,inf,3577.059144958818,3111.3167987914308
N21000228,N21000247,3,3441.6817485880856,inf,inf,inf,3441.6817485880856
N21000228,N21000248,2,3456.5371791566226,inf,inf,3922.2795253240097,3456.5371791566226
N21000228,N21000249,5,4241.568763949952,inf,inf,inf,4241.568763949952
N21000228,N21000250,1,4017.6942702129945,inf,inf,inf,4017.6942702129945
N21000228,N21000251,54,4479.791465926172,inf,inf,inf,4479.791465926172
N21000228,N21000252,12,3526.829416073892,inf,inf,inf,3526.829416073892
N21000228,N21000253,11,4624.373231165543,inf,inf,inf,4624.373231165543
N21000228,N21000254,7,4392.565204204222,inf,inf,inf,4392.565204204222
N21000228,N21000256,14,5552.1236787558455,inf,inf,inf,5552.1236787558455
N21000228,N21000258,2,5239.266428546592,inf,inf,7012.655117320767,5239.266428546592
N21000228,N21000261,1,5988.575977556785,inf,inf,inf,5988.575977556785
N21000228,N21000263,2,3847.1011993599363,inf,inf,4625.21541754076,3847.1011993599363
N21000228,N21000264,4,5379.6035182756905,inf,inf,5999.441926287519,5379.6035182756905
N21000228,N21000265,3,6157.095876500666,inf,inf,inf,6157.095876500666
N21000228,N21000266,1,6466.177314647051,inf,inf,inf,6466.177314647051
N21000228,N21000267,3,4361.60598602232,inf,inf,5044.090216343382,4361.60598602232
N21000228,N21000268,10,7630.874447364007,inf,inf,inf,7630.874447364007
N21000228,N21000270,1,6245.115111501757,inf,inf,inf,6245.115111501757
N21000228,N21000274,7,9018.919331521454,inf,inf,inf,9018.919331521454
N21000228,N21000278,2,6958.098794576733,inf,inf,7941.636065435913,6958.098794576733
N21000228,N21000283,2,9650.41847287317,inf,inf,11499.83503420933,9650.41847287317
N21000228,N21000309,1,8423.500212067083,inf,inf,inf,8423.500212067083
N21000228,N21000316,2,9022.537001207109,inf,inf,inf,9022.537001207109
N21000228,N21000323,1,6460.268586688327,inf,inf,inf,6460.268586688327
N21000228,N21000325,1,5533.022042011311,inf,inf,inf,5533.022042011311
N21000228,N21000331,1,5982.385740785286,inf,inf,inf,5982.385740785286
N21000228,N21000332,2,7400.816011874069,inf,inf,inf,7400.816011874069
N21000228,N21000335,6,6029.308295442441,inf,inf,inf,6029.308295442441
N21000229,N21000178,1,7897.295117063443,inf,inf,inf,7897.295117063443
N21000229,N21000197,18,8505.324797574263,inf,inf,inf,8505.324797574263
N21000229,N21000198,16,7149.762277384306,inf,inf,inf,7149.762277384306
N21000229,N21000200,3,4568.002905649006,inf,inf,inf,4568.002905649006
N21000229,N21000201,1,4930.086967197583,inf,inf,inf,4930.086967197583
N21000229,N21000202,1,5244.546983109802,inf,inf,inf,5244.546983109802
N21000229,N21000203,3,4141.183317600415,inf,inf,inf,4141.183317600415
N21000229,N21000204,2,5920.1510653689775,inf,inf,inf,5920.1510653689775
N21000229,N21000205,9,4556.4002963917055,inf,inf,inf,4556.4002963917055
N21000229,N21000207,6,5335.769960175724,inf,inf,inf,5335.769960175724
N21000229,N21000208,6,5287.835634002073,inf,inf,inf,5287.835634002073
N21000229,N21000209,2,6156.32603889247,inf,inf,inf,6156.32603889247
N21000229,N21000210,1,4256.698595835824,inf,inf,inf,4256.698595835824
N21000229,N21000212,1,5687.00850242431,inf,inf,inf,5687.00850242431
N21000229,N21000213,3,5278.575168468003,inf,inf,inf,5278.575168468003
N21000229,N21000214,2,5648.354154140946,inf,inf,inf,5648.354154140946
N21000229,N21000216,3,4961.620067061698,inf,inf,inf,4961.620067061698
N21000229,N21000219,3,4608.028584554591,inf,inf,inf,4608.028584554591
N21000229,N21000220,4,4804.44874445396,inf,inf,inf,4804.44874445396
N21000229,N21000221,12,1999.7192509026668,inf,inf,4225.961742797831,1999.7192509026668
N21000229,N21000223,11,3738.577810088085,inf,inf,inf,3738.577810088085
N21000229,N21000224,3,2907.439937819574,inf,inf,inf,2907.439937819574
N21000229,N21000225,8,2652.406908824977,inf,inf,inf,2652.406908824977
N21000229,N21000226,12,3199.1225372635076,inf,inf,inf,3199.1225372635076
N21000229,N21000227,1,930.4512342956405,inf,930.4512342956405,930.4512342956405,930.4512342956405
N21000229,N21000230,25,1629.3726825919734,inf,inf,1629.3726825919734,1629.3726825919734
N21000229,N21000231,37,1760.8506416243679,inf,2369.4089736954566,1760.8506416243679,1760.8506416243679
N21000229,N21000233,4,2497.345302610493,inf,inf,2497.345302610493,2497.345302610493
N21000229,N21000234,6,1584.6774573434673,inf,inf,1584.6774573434673,1584.6774573434673
N21000229,N21000235,1,4412.119653567631,inf,inf,inf,4412.119653567631
N21000229,N21000237,5,4184.908627041826,inf,inf,inf,4184.908627041826
N21000229,N21000240,8,5178.424638708136,inf,inf,inf,5178.424638708136
N21000229,N21000243,2,5816.17072150283,inf,inf,inf,5816.17072150283
N21000229,N21000244,1,5138.85798501145,inf,inf,inf,5138.85798501145
N21000229,N21000247,1,4725.25917849584,inf,inf,inf,4725.25917849584
N21000229,N21000249,1,7322.8947532432485,inf,inf,inf,7322.8947532432485
N21000229,N21000251,19,7509.293470337569,inf,inf,inf,7509.293470337569
N21000229,N21000252,6,6556.331420485284,inf,inf,inf,6556.331420485284
N21000229,N21000253,6,7653.875235576935,inf,inf,inf,7653.875235576935
N21000229,N21000254,6,7422.067208615614,inf,inf,inf,7422.067208615614
N21000229,N21000256,2,8581.625683167238,inf,inf,inf,8581.625683167238
N21000229,N21000258,5,8268.768432957986,inf,inf,inf,8268.768432957986
N21000229,N21000259,2,8030.530996032345,inf,inf,inf,8030.530996032345
N21000229,N21000261,1,9018.077981968176,inf,inf,inf,9018.077981968176
N21000229,N21000263,2,6924.671560763966,inf,inf,inf,6924.671560763966
N21000229,N21000264,1,8578.366451821754,inf,inf,inf,8578.366451821754
N21000229,N21000265,2,9355.858810046733,inf,inf,inf,9355.858810046733
N21000229,N21000270,2,9443.878045047826,inf,inf,inf,9443.878045047826
N21000229,N21000272,1,9376.850811637429,inf,inf,inf,9376.850811637429
N21000229,N21000322,1,8704.658369080997,inf,inf,inf,8704.658369080997
N21000229,N21000325,2,8313.53054715382,inf,inf,inf,8313.53054715382
N21000229,N21000335,4,9058.810299853843,inf,inf,inf,9058.810299853843
N21000230,N21000165,1,9211.99545881909,inf,inf,inf,9211.99545881909
N21000230,N21000167,1,8528.015268401808,inf,inf,inf,8528.015268401808
N21000230,N21000168,1,8687.82883537601,inf,inf,inf,8687.82883537601
N21000230,N21000175,5,7292.344820843264,inf,inf,inf,7292.344820843264
N21000230,N21000186,1,9209.74938890459,inf,inf,inf,9209.74938890459
N21000230,N21000188,1,8469.104687614203,inf,inf,inf,8469.104687614203
N21000230,N21000189,3,9076.901865717009,inf,inf,inf,9076.901865717009
N21000230,N21000191,2,8010.209754171392,inf,inf,inf,8010.209754171392
N21000230,N21000192,31,9198.014227049785,inf,inf,inf,9198.014227049785
N21000230,N21000193,1,8322.126307145127,inf,inf,inf,8322.126307145127
N21000230,N21000195,2,7333.94084029339,inf,inf,inf,7333.94084029339
N21000230,N21000196,1,7368.130128970742,inf,inf,inf,7368.130128970742
N21000230,N21000197,8,6963.606723167576,inf,inf,inf,6963.606723167576
N21000230,N21000198,23,5608.0442029776195,inf,inf,inf,5608.0442029776195
N21000230,N21000200,2,3026.284831242319,inf,inf,inf,3026.284831242319
N21000230,N21000201,2,3388.3688927908956,inf,inf,inf,3388.3688927908956
N21000230,N21000202,4,3702.828908703118,inf,inf,inf,3702.828908703118
N21000230,N21000203,4,2599.465243193728,inf,inf,inf,2599.465243193728
N21000230,N21000204,2,4378.432990962295,inf,inf,inf,4378.432990962295
N21000230,N21000205,10,3014.6822219850205,inf,inf,inf,3014.6822219850205
N21000230,N21000207,3,3794.051885769038,inf,inf,inf,3794.051885769038
N21000230,N21000208,3,3746.1175595953864,inf,inf,inf,3746.1175595953864
N21000230,N21000210,1,2714.980521429138,inf,inf,inf,2714.980521429138
N21000230,N21000211,4,2221.2322187236314,inf,inf,inf,2221.2322187236314
N21000230,N21000212,1,4145.2904280176235,inf,inf,inf,4145.2904280176235
N21000230,N21000213,3,3736.8570940613185,inf,inf,inf,3736.8570940613185
N21000230,N21000215,2,3627.6914395520052,inf,inf,inf,3627.6914395520052
N21000230,N21000216,3,3419.9019926550122,inf,inf,inf,3419.9019926550122
N21000230,N21000219,2,3396.1444839024425,inf,inf,inf,3396.1444839024425
N21000230,N21000220,6,3299.102138879081,inf,inf,inf,3299.102138879081
N21000230,N21000221,18,2525.835862383922,inf,inf,2700.0452369847685,2525.835862383922
N21000230,N21000223,2,2196.859735681399,inf,inf,inf,2196.859735681399
N21000230,N21000224,3,1404.4209767687923,inf,inf,inf,1404.4209767687923
N21000230,N21000225,10,1110.6888344182903,inf,inf,inf,1110.6888344182903
N21000230,N21000226,9,1657.4044628568213,inf,inf,inf,1657.4044628568213
N21000230,N21000229,1,1629.3726825919732,inf,inf,1629.3726825919732,1629.3726825919732
N21000230,N21000231,2,956.5493026969826,inf,inf,956.5493026969826,956.5493026969826
N21000230,N21000233,2,1288.3096363855354,inf,inf,1450.6427568229383,1288.3096363855354
N21000230,N21000236,2,3573.0036274928025,inf,inf,inf,3573.0036274928025
N21000230,N21000237,2,2643.19055263514,inf,inf,inf,2643.19055263514
N21000230,N21000239,1,4021.1058331966406,inf,inf,inf,4021.1058331966406
N21000230,N21000240,4,3663.6168407855234,inf,inf,inf,3663.6168407855234
N21000230,N21000242,2,2757.2226698320346,inf,inf,inf,2757.2226698320346
N21000230,N21000243,3,4274.452647096144,inf,inf,inf,4274.452647096144
N21000230,N21000244,1,3624.050187088838,inf,inf,inf,3624.050187088838
N21000230,N21000245,2,5896.438892358986,inf,inf,inf,5896.438892358986
N21000230,N21000247,2,3580.8505746212395,inf,inf,inf,3580.8505746212395
N21000230,N21000248,1,4828.302484874488,inf,inf,inf,4828.302484874488
N21000230,N21000249,1,5808.086955320635,inf,inf,inf,5808.086955320635
N21000230,N21000250,1,4672.81317988368,inf,inf,inf,4672.81317988368
N21000230,N21000251,67,5967.575395930882,inf,inf,inf,5967.575395930882
N21000230,N21000252,19,5014.613346078598,inf,inf,inf,5014.613346078598
N21000230,N21000253,11,6112.157161170248,inf,inf,inf,6112.157161170248
N21000230,N21000254,6,5880.349134208927,inf,inf,inf,5880.349134208927
N21000230,N21000256,11,7039.907608760551,inf,inf,inf,7039.907608760551
N21000230,N21000258,5,6727.050358551299,inf,inf,inf,6727.050358551299
N21000230,N21000259,2,6488.812921625658,inf,inf,inf,6488.812921625658
N21000230,N21000261,6,7476.35990756149,inf,inf,inf,7476.35990756149
N21000230,N21000263,4,5382.9534863572835,inf,inf,inf,5382.9534863572835
N21000230,N21000264,11,7036.648377415068,inf,inf,inf,7036.648377415068
N21000230,N21000265,2,7814.140735640045,inf,inf,inf,7814.140735640045
N21000230,N21000267,1,6018.650845161699,inf,inf,inf,6018.650845161699
N21000230,N21000268,5,9118.658377368707,inf,inf,inf,9118.658377368707
N21000230,N21000270,4,7902.159970641135,inf,inf,inf,7902.159970641135
N21000230,N21000271,2,7148.002942465732,inf,inf,inf,7148.002942465732
N21000230,N21000272,1,7862.043013714818,inf,inf,inf,7862.043013714818
N21000230,N21000273,1,8840.185713042742,inf,inf,inf,8840.185713042742
N21000230,N21000278,2,8330.517001283775,inf,inf,inf,8330.517001283775
N21000230,N21000303,2,8008.799186497502,inf,inf,inf,8008.799186497502
N21000230,N21000306,1,9633.471842974956,inf,inf,inf,9633.471842974956
N21000230,N21000322,1,7162.940294674314,inf,inf,inf,7162.940294674314
N21000230,N21000325,1,6771.812472747137,inf,inf,inf,6771.812472747137
N21000230,N21000326,1,9520.485072958307,inf,inf,inf,9520.485072958307
N21000230,N21000329,3,6467.154866333532,inf,inf,inf,6467.154866333532
N21000230,N21000335,26,7517.09222544715,inf,inf,inf,7517.09222544715
N21000231,N21000175,2,8161.239515354957,inf,inf,inf,8161.239515354957
N21000231,N21000177,1,7449.5364504384725,inf,inf,inf,7449.5364504384725
N21000231,N21000178,1,7224.471737168454,inf,inf,inf,7224.471737168454
N21000231,N21000188,2,9337.999382125894,inf,inf,inf,9337.999382125894
N21000231,N21000195,3,8202.835534805083,inf,inf,inf,8202.835534805083
N21000231,N21000196,1,8237.024823482436,inf,inf,inf,8237.024823482436
N21000231,N21000197,14,7832.50141767927,inf,inf,inf,7832.50141767927
N21000231,N21000198,22,6476.938897489314,inf,inf,inf,6476.938897489314
N21000231,N21000200,3,3895.179525754014,inf,inf,inf,3895.179525754014
N21000231,N21000201,2,4257.263587302592,inf,inf,inf,4257.263587302592
N21000231,N21000202,3,4571.723603214813,inf,inf,inf,4571.723603214813
N21000231,N21000203,3,3468.3599377054234,inf,inf,inf,3468.3599377054234
N21000231,N21000204,3,5247.327685473988,inf,inf,inf,5247.327685473988
N21000231,N21000205,7,3883.5769164967155,inf,inf,inf,3883.5769164967155
N21000231,N21000206,1,3182.2250800377137,inf,inf,inf,3182.2250800377137
N21000231,N21000207,2,4662.946580280734,inf,inf,inf,4662.946580280734
N21000231,N21000208,7,4615.012254107083,inf,inf,inf,4615.012254107083
N21000231,N21000209,4,5483.50265899748,inf,inf,inf,5483.50265899748
N21000231,N21000211,3,3090.1269132353264,inf,inf,inf,3090.1269132353264
N21000231,N21000213,1,4605.751788573012,inf,inf,inf,4605.751788573012
N21000231,N21000214,1,4975.530774245955,inf,inf,inf,4975.530774245955
N21000231,N21000215,1,4496.5861340637,inf,inf,inf,4496.5861340637
N21000231,N21000216,4,4288.796687166708,inf,inf,inf,4288.796687166708
N21000231,N21000219,5,4265.039178414138,inf,inf,inf,4265.039178414138
N21000231,N21000220,7,4167.9968333907755,inf,inf,inf,4167.9968333907755
N21000231,N21000221,19,3394.7305568956176,inf,inf,3568.9399314964635,3394.7305568956176
N21000231,N21000222,2,3397.0317480156295,inf,inf,inf,3397.0317480156295
N21000231,N21000223,5,3065.7544301930934,inf,inf,inf,3065.7544301930934
N21000231,N21000224,6,2273.3156712804875,inf,inf,inf,2273.3156712804875
N21000231,N21000225,5,1979.5835289299855,inf,inf,inf,1979.5835289299855
N21000231,N21000226,7,2526.299157368517,inf,inf,inf,2526.299157368517
N21000231,N21000230,12,956.5493026969827,inf,inf,956.5493026969827,956.5493026969827
N21000231,N21000232,4,2532.945234656087,inf,inf,inf,2532.945234656087
N21000231,N21000233,1,1436.6515668481734,inf,inf,1436.6515668481734,1436.6515668481734
N21000231,N21000235,2,3460.7326344812236,inf,inf,inf,3460.7326344812236
N21000231,N21000236,1,4441.898322004499,inf,inf,inf,4441.898322004499
N21000231,N21000237,12,3512.0852471468347,inf,inf,inf,3512.0852471468347
N21000231,N21000238,1,6024.230070171167,inf,inf,inf,6024.230070171167
N21000231,N21000240,13,4300.356078341034,inf,inf,inf,4300.356078341034
N21000231,N21000241,2,5423.9030256406895,inf,inf,inf,5423.9030256406895
N21000231,N21000243,4,4978.584385450232,inf,inf,inf,4978.584385450232
N21000231,N21000244,1,4260.789424644348,inf,inf,inf,4260.789424644348
N21000231,N21000245,2,6533.178129914498,inf,inf,inf,6533.178129914498
N21000231,N21000246,1,5369.34427669614,inf,inf,inf,5369.34427669614
N21000231,N21000247,1,3773.872159409435,inf,inf,inf,3773.872159409435
N21000231,N21000248,3,5465.04172243,inf,inf,inf,5465.04172243
N21000231,N21000249,1,6444.826192876147,inf,inf,inf,6444.826192876147
N21000231,N21000251,42,6836.470090442579,inf,inf,inf,6836.470090442579
N21000231,N21000252,21,5883.5080405902945,inf,inf,inf,5883.5080405902945
N21000231,N21000253,8,6981.051855681945,inf,inf,inf,6981.051855681945
N21000231,N21000254,3,6749.243828720624,inf,inf,inf,6749.243828720624
N21000231,N21000255,1,8450.285574331778,inf,inf,inf,8450.285574331778
N21000231,N21000256,10,7908.802303272248,inf,inf,inf,7908.802303272248
N21000231,N21000258,5,7595.945053062996,inf,inf,inf,7595.945053062996
N21000231,N21000259,2,7357.707616137355,inf,inf,inf,7357.707616137355
N21000231,N21000261,2,8345.254602073186,inf,inf,inf,8345.254602073186
N21000231,N21000263,3,6251.848180868976,inf,inf,inf,6251.848180868976
N21000231,N21000264,5,7905.543071926765,inf,inf,inf,7905.543071926765
N21000231,N21000265,3,8683.03543015174,inf,inf,inf,8683.03543015174
N21000231,N21000266,2,8822.855939163455,inf,inf,inf,8822.855939163455
N21000231,N21000269,3,6852.0536329261695,inf,inf,inf,6852.0536329261695
N21000231,N21000270,5,8771.054665152833,inf,inf,inf,8771.054665152833
N21000231,N21000271,2,8016.897636977428,inf,inf,inf,8016.897636977428
N21000231,N21000272,3,8498.78225127033,inf,inf,inf,8498.78225127033
N21000231,N21000278,1,8967.256238839287,inf,inf,inf,8967.256238839287
N21000231,N21000302,1,9629.642288210158,inf,inf,inf,9629.642288210158
N21000231,N21000322,1,8031.834989186007,inf,inf,inf,8031.834989186007
N21000231,N21000323,4,8567.953711935848,inf,inf,inf,8567.953711935848
N21000231,N21000325,2,7640.70716725883,inf,inf,inf,7640.70716725883
N21000231,N21000328,1,8448.814062136267,inf,inf,inf,8448.814062136267
N21000231,N21000331,1,8090.0708660328055,inf,inf,inf,8090.0708660328055
N21000231,N21000335,18,8385.986919958847,inf,inf,inf,8385.986919958847
N21000232,N21000170,2,8801.650995394846,inf,inf,inf,8801.650995394846
N21000232,N21000171,1,7632.036995754021,inf,inf,inf,7632.036995754021
N21000232,N21000178,1,5965.395924849751,inf,inf,inf,5965.395924849751
N21000232,N21000189,1,8686.720747910002,inf,inf,inf,8686.720747910002
N21000232,N21000192,15,8807.833109242778,inf,inf,inf,8807.833109242778
N21000232,N21000194,1,7432.858324276112,inf,inf,inf,7432.858324276112
N21000232,N21000195,1,6943.75972248638,inf,inf,inf,6943.75972248638
N21000232,N21000197,12,6915.653392678144,inf,inf,inf,6915.653392678144
N21000232,N21000198,12,5352.578496199616,inf,inf,inf,5352.578496199616
N21000232,N21000200,3,3050.34502772026,inf,inf,inf,3050.34502772026
N21000232,N21000203,2,2568.5776081753866,inf,inf,inf,2568.5776081753866
N21000232,N21000205,14,2509.996456814927,inf,inf,inf,2509.996456814927
N21000232,N21000206,1,2282.4427505076765,inf,inf,inf,2282.4427505076765
N21000232,N21000208,2,3308.27262915519,inf,inf,inf,3308.27262915519
N21000232,N21000211,3,1811.3569799566078,inf,inf,1892.4378460313335,1811.3569799566078
N21000232,N21000212,1,3436.5643078562352,inf,inf,3958.8487328963834,3436.5643078562352
N21000232,N21000213,3,3028.130973899931,inf,inf,3419.4689143711225,3028.130973899931
N21000232,N21000214,1,3397.9099595728735,inf,inf,3531.708686953424,3397.9099595728735
N21000232,N21000215,2,2918.9653193906174,inf,inf,3026.279838934546,2918.9653193906174
N21000232,N21000216,4,2589.983300351591,2950.5537915908635,2716.994118658566,2646.2286190725376,2589.983300351591
N21000232,N21000217,1,3741.6304588373387,inf,inf,3799.2835625611456,3741.6304588373387
N21000232,N21000219,3,4534.761532220885,inf,inf,inf,4534.761532220885
N21000232,N21000220,3,4437.719187197525,inf,inf,inf,4437.719187197525
N21000232,N21000221,9,4022.8172291086953,inf,inf,inf,4022.8172291086953
N21000232,N21000224,2,2543.0380250872345,inf,inf,inf,2543.0380250872345
N21000232,N21000225,9,1847.6823319030543,inf,inf,inf,1847.6823319030543
N21000232,N21000226,6,1626.51682783848,inf,inf,2373.4344900652172,1626.51682783848
N21000232,N21000230,4,1896.205997100576,inf,inf,inf,1896.205997100576
N21000232,N21000231,1,2532.9452346560865,inf,inf,inf,2532.9452346560865
N21000232,N21000233,2,1096.2936678079136,inf,inf,inf,1096.2936678079136
N21000232,N21000235,2,2325.504654516175,inf,inf,inf,2325.504654516175
N21000232,N21000236,1,2743.084935189381,inf,inf,2800.738038913188,2743.084935189381
N21000232,N21000237,5,1564.4716140200144,2325.0018652356243,1620.7169327409613,1620.7169327409613,1564.4716140200144
N21000232,N21000240,15,2709.063001647108,inf,inf,3401.413149313824,2709.063001647108
N21000232,N21000242,3,1810.0598560996657,inf,inf,inf,1810.0598560996657
N21000232,N21000244,1,2669.496347950422,inf,inf,4104.90839954816,2669.496347950422
N21000232,N21000246,1,3778.0512000022136,inf,inf,4160.582697712005,3778.0512000022136
N21000232,N21000248,1,3873.748645736072,inf,inf,4450.128779913352,3873.748645736072
N21000232,N21000249,3,4853.53311618222,inf,inf,inf,4853.53311618222
N21000232,N21000251,32,5306.917632762135,inf,inf,inf,5306.917632762135
N21000232,N21000252,8,4353.955582909851,inf,inf,inf,4353.955582909851
N21000232,N21000253,6,5451.4993980015015,inf,inf,inf,5451.4993980015015
N21000232,N21000254,2,5219.6913710401805,inf,inf,inf,5219.6913710401805
N21000232,N21000255,1,6920.733116651331,inf,inf,inf,6920.733116651331
N21000232,N21000256,1,6379.249845591804,inf,inf,inf,6379.249845591804
N21000232,N21000258,8,6066.392595382552,inf,inf,7540.5043719101095,6066.392595382552
N21000232,N21000263,1,4674.227366195896,inf,inf,5153.064672130103,4674.227366195896
N21000232,N21000264,3,6206.729685111647,inf,inf,6527.291180876861,6206.729685111647
N21000232,N21000265,1,6984.222043336624,inf,inf,inf,6984.222043336624
N21000232,N21000266,1,7293.30348148301,inf,inf,inf,7293.30348148301
N21000232,N21000268,2,8458.000614199966,inf,inf,inf,8458.000614199966
N21000232,N21000270,1,7072.241278337714,inf,inf,inf,7072.241278337714
N21000232,N21000273,1,8010.267020739319,inf,inf,inf,8010.267020739319
N21000232,N21000277,1,8482.973266144714,inf,inf,15062.432923174754,8482.973266144714
N21000232,N21000278,1,7375.96316214536,inf,inf,8469.485320025255,7375.96316214536
N21000232,N21000309,3,9250.626378903044,inf,inf,inf,9250.626378903044
N21000232,N21000317,1,8244.526400866183,inf,inf,inf,8244.526400866183
N21000232,N21000329,1,6076.973748526523,inf,inf,inf,6076.973748526523
N21000232,N21000332,1,8227.942178710033,inf,inf,inf,8227.942178710033
N21000232,N21000335,2,6856.434462278403,inf,inf,inf,6856.434462278403
N21000233,N21000170,1,8907.729213285622,inf,inf,inf,8907.729213285622
N21000233,N21000172,1,7728.217537432567,inf,inf,inf,7728.217537432567
N21000233,N21000175,3,7008.24192092703,inf,inf,inf,7008.24192092703
N21000233,N21000186,1,8925.646488988355,inf,inf,inf,8925.646488988355
N21000233,N21000189,1,8792.798965800777,inf,inf,inf,8792.798965800777
N21000233,N21000192,15,8913.911327133552,inf,inf,inf,8913.911327133552
N21000233,N21000193,1,8038.023407228896,inf,inf,inf,8038.023407228896
N21000233,N21000195,3,7049.837940377156,inf,inf,inf,7049.837940377156
N21000233,N21000197,10,6835.314824188502,inf,inf,inf,6835.314824188502
N21000233,N21000198,10,5323.941303061386,inf,inf,inf,5323.941303061386
N21000233,N21000201,1,3205.129162315539,inf,inf,inf,3205.129162315539
N21000233,N21000202,2,3418.7260087868844,inf,inf,inf,3418.7260087868844
N21000233,N21000203,1,2416.225512718371,inf,inf,inf,2416.225512718371
N21000233,N21000204,1,4094.33009104606,inf,inf,inf,4094.33009104606
N21000233,N21000205,12,2730.579322068787,inf,inf,inf,2730.579322068787
N21000233,N21000206,1,2130.0906550506616,inf,inf,inf,2130.0906550506616
N21000233,N21000207,1,3509.9489858528045,inf,inf,inf,3509.9489858528045
N21000233,N21000209,2,4310.962643339579,inf,inf,inf,4310.962643339579
N21000233,N21000211,3,1891.0015456338087,inf,inf,inf,1891.0015456338087
N21000233,N21000213,1,3433.211772915111,inf,inf,inf,3433.211772915111
N21000233,N21000216,4,3067.672887613159,inf,inf,inf,3067.672887613159
N21000233,N21000217,2,4219.320046098907,inf,inf,inf,4219.320046098907
N21000233,N21000219,1,3926.8651715058445,inf,inf,inf,3926.8651715058445
N21000233,N21000220,1,3829.8228264824825,inf,inf,inf,3829.8228264824825
N21000233,N21000221,7,3414.9208683936563,inf,inf,4063.03338562242,3414.9208683936563
N21000233,N21000222,1,2809.2871332963355,inf,inf,inf,2809.2871332963355
N21000233,N21000223,2,2291.5727636828187,inf,inf,inf,2291.5727636828187
N21000233,N21000224,5,1935.1416643721939,inf,inf,inf,1935.1416643721939
N21000233,N21000225,10,1641.409522021692,inf,inf,inf,1641.409522021692
N21000233,N21000226,7,1474.1647323814648,inf,inf,inf,1474.1647323814648
N21000233,N21000228,2,1346.124115470572,inf,inf,inf,1346.124115470572
N21000233,N21000230,6,1288.3096363855357,inf,inf,1450.6427568229383,1288.3096363855357
N21000233,N21000231,5,1436.6515668481732,inf,inf,1436.6515668481732,1436.6515668481732
N21000233,N21000232,1,1096.2936678079136,inf,inf,inf,1096.2936678079136
N21000233,N21000237,9,2181.6976461903178,inf,inf,inf,2181.6976461903178
N21000233,N21000238,1,4803.106270617619,inf,inf,inf,4803.106270617619
N21000233,N21000240,14,2863.7045114928615,inf,inf,inf,2863.7045114928615
N21000233,N21000241,3,4012.609245521405,inf,inf,inf,4012.609245521405
N21000233,N21000243,2,3541.9328186020603,inf,inf,inf,3541.9328186020603
N21000233,N21000248,5,4028.3901555818256,inf,inf,inf,4028.3901555818256
N21000233,N21000249,2,5008.174626027972,inf,inf,inf,5008.174626027972
N21000233,N21000250,3,3872.9008505910188,inf,inf,inf,3872.9008505910188
N21000233,N21000251,52,5683.472496014649,inf,inf,inf,5683.472496014649
N21000233,N21000252,18,4730.510446162364,inf,inf,inf,4730.510446162364
N21000233,N21000253,13,5828.054261254015,inf,inf,inf,5828.054261254015
N21000233,N21000254,10,5596.246234292694,inf,inf,inf,5596.246234292694
N21000233,N21000256,9,6755.804708844317,inf,inf,inf,6755.804708844317
N21000233,N21000258,1,6442.947458635065,inf,inf,inf,6442.947458635065
N21000233,N21000259,1,6066.536375927679,inf,inf,inf,6066.536375927679
N21000233,N21000261,2,7192.257007645257,inf,inf,inf,7192.257007645257
N21000233,N21000264,2,6494.2492918074795,inf,inf,inf,6494.2492918074795
N21000233,N21000265,3,7271.741650032456,inf,inf,inf,7271.741650032456
N21000233,N21000266,2,7669.858344735523,inf,inf,inf,7669.858344735523
N21000233,N21000267,1,5476.25175955411,inf,inf,inf,5476.25175955411
N21000233,N21000268,11,8834.555477452475,inf,inf,inf,8834.555477452475
N21000233,N21000270,3,7359.760885033546,inf,inf,inf,7359.760885033546
N21000233,N21000271,3,6605.603856858143,inf,inf,inf,6605.603856858143
N21000233,N21000273,1,8267.16129351445,inf,inf,inf,8267.16129351445
N21000233,N21000302,1,8476.64469378223,inf,inf,inf,8476.64469378223
N21000233,N21000303,1,7724.696286581268,inf,inf,inf,7724.696286581268
N21000233,N21000307,1,9539.853537243474,inf,inf,inf,9539.853537243474
N21000233,N21000309,1,9627.181242155557,inf,inf,inf,9627.181242155557
N21000233,N21000322,1,6878.83739475808,inf,inf,inf,6878.83739475808
N21000233,N21000324,1,8464.49522526822,inf,inf,inf,8464.49522526822
N21000233,N21000329,1,6183.051966417297,inf,inf,inf,6183.051966417297
N21000233,N21000335,20,7232.989325530916,inf,inf,inf,7232.989325530916
N21000234,N21000175,1,8643.443739855607,inf,inf,inf,8643.443739855607
N21000234,N21000177,1,7931.740674939128,inf,inf,inf,7931.740674939128
N21000234,N21000194,3,9174.138361095469,inf,inf,inf,9174.138361095469
N21000234,N21000195,1,8685.039759305739,inf,inf,inf,8685.039759305739
N21000234,N21000197,11,8314.705642179928,inf,inf,inf,8314.705642179928
N21000234,N21000198,19,6959.143121989972,inf,inf,inf,6959.143121989972
N21000234,N21000199,2,4742.138766375431,inf,inf,inf,4742.138766375431
N21000234,N21000201,1,4739.46781180325,inf,inf,inf,4739.46781180325
N21000234,N21000203,3,3950.5641622060803,inf,inf,inf,3950.5641622060803
N21000234,N21000205,14,4365.781140997372,inf,inf,inf,4365.781140997372
N21000234,N21000206,3,3664.4293045383706,inf,inf,inf,3664.4293045383706
N21000234,N21000207,3,5145.15080478139,inf,inf,inf,5145.15080478139
N21000234,N21000208,3,5097.216478607739,inf,inf,inf,5097.216478607739
N21000234,N21000209,2,5965.7068834981355,inf,inf,inf,5965.7068834981355
N21000234,N21000210,1,4066.07944044149,inf,inf,inf,4066.07944044149
N21000234,N21000213,5,5087.956013073668,inf,inf,inf,5087.956013073668
N21000234,N21000214,4,5457.734998746611,inf,inf,inf,5457.734998746611
N21000234,N21000215,4,4978.790358564356,inf,inf,inf,4978.790358564356
N21000234,N21000216,6,4771.000911667365,inf,inf,inf,4771.000911667365
N21000234,N21000219,6,4747.243402914796,inf,inf,inf,4747.243402914796
N21000234,N21000220,8,4650.201057891436,inf,inf,inf,4650.201057891436
N21000234,N21000221,15,3529.1419480220193,inf,inf,4051.1441559971213,3529.1419480220193
N21000234,N21000222,1,3879.2359725162873,inf,inf,inf,3879.2359725162873
N21000234,N21000223,4,3547.958654693751,inf,inf,inf,3547.958654693751
N21000234,N21000224,5,2755.519895781146,inf,inf,inf,2755.519895781146
N21000234,N21000225,2,2461.7877534306435,inf,inf,inf,2461.7877534306435
N21000234,N21000226,6,3008.503381869174,inf,inf,inf,3008.503381869174
N21000234,N21000227,1,1705.4698346051032,inf,inf,1705.4698346051032,1705.4698346051032
N21000234,N21000228,1,3027.453707572747,inf,inf,inf,3027.453707572747
N21000234,N21000229,2,1584.6774573434673,inf,inf,1584.6774573434673,1584.6774573434673
N21000234,N21000230,17,1438.7535271976399,inf,inf,1438.7535271976399,1438.7535271976399
N21000234,N21000232,1,3015.1494591567443,inf,inf,inf,3015.1494591567443
N21000234,N21000233,1,1918.8557913488303,inf,inf,1918.8557913488303,1918.8557913488303
N21000234,N21000235,7,3413.135356280416,inf,inf,inf,3413.135356280416
N21000234,N21000236,3,4924.102546505156,inf,inf,inf,4924.102546505156
N21000234,N21000237,7,3994.289471647492,inf,inf,inf,3994.289471647492
N21000234,N21000239,2,5372.2047522089915,inf,inf,inf,5372.2047522089915
N21000234,N21000240,12,4492.942425555753,inf,inf,inf,4492.942425555753
N21000234,N21000242,5,2939.2819884986116,inf,inf,inf,2939.2819884986116
N21000234,N21000243,1,5171.170732664951,inf,inf,inf,5171.170732664951
N21000234,N21000244,3,4437.850598200224,inf,inf,inf,4437.850598200224
N21000234,N21000246,1,5561.930623910859,inf,inf,inf,5561.930623910859
N21000234,N21000247,1,3726.2748812086274,inf,inf,inf,3726.2748812086274
N21000234,N21000248,4,5642.102895985876,inf,inf,inf,5642.102895985876
N21000234,N21000249,1,6621.887366432024,inf,inf,inf,6621.887366432024
N21000234,N21000250,1,5478.220499632071,inf,inf,inf,5478.220499632071
N21000234,N21000251,39,7318.674314943235,inf,inf,inf,7318.674314943235
N21000234,N21000252,16,6365.7122650909505,inf,inf,inf,6365.7122650909505
N21000234,N21000253,7,7463.256080182601,inf,inf,inf,7463.256080182601
N21000234,N21000254,5,7231.44805322128,inf,inf,inf,7231.44805322128
N21000234,N21000256,4,8391.006527772903,inf,inf,inf,8391.006527772903
N21000234,N21000258,1,8078.149277563652,inf,inf,inf,8078.149277563652
N21000234,N21000259,1,7695.7742899905725,inf,inf,inf,7695.7742899905725
N21000234,N21000263,3,6734.052405369632,inf,inf,inf,6734.052405369632
N21000234,N21000264,5,8123.487205870374,inf,inf,inf,8123.487205870374
N21000234,N21000265,3,8900.97956409535,inf,inf,inf,8900.97956409535
N21000234,N21000266,2,9305.060163664108,inf,inf,inf,9305.060163664108
N21000234,N21000267,2,7105.489673617004,inf,inf,inf,7105.489673617004
N21000234,N21000270,1,8988.998799096444,inf,inf,inf,8988.998799096444
N21000234,N21000271,1,8234.841770921037,inf,inf,inf,8234.841770921037
N21000234,N21000272,3,8675.843424826207,inf,inf,inf,8675.843424826207
N21000234,N21000278,2,9144.317412395165,inf,inf,inf,9144.317412395165
N21000234,N21000321,1,9398.401428544092,inf,inf,inf,9398.401428544092
N21000234,N21000329,2,7818.253785345881,inf,inf,inf,7818.253785345881
N21000234,N21000335,12,8868.191144459508,inf,inf,inf,8868.191144459508
N21000235,N21000165,1,9605.97969569384,inf,inf,inf,9605.97969569384
N21000235,N21000170,1,9585.816350076606,inf,inf,inf,9585.816350076606
N21000235,N21000175,1,7686.329057718014,inf,inf,inf,7686.329057718014
N21000235,N21000178,2,6749.561279531511,inf,inf,inf,6749.561279531511
N21000235,N21000188,2,8883.080533599845,inf,inf,inf,8883.080533599845
N21000235,N21000192,34,9611.990073035431,inf,inf,inf,9611.990073035431
N21000235,N21000197,17,8470.584602410529,inf,inf,inf,8470.584602410529
N21000235,N21000198,27,6383.229623246193,inf,inf,inf,6383.229623246193
N21000235,N21000200,1,4877.3943455707395,inf,inf,inf,4877.3943455707395
N21000235,N21000201,1,4814.028503599194,inf,inf,inf,4814.028503599194
N21000235,N21000202,4,4833.195911284845,inf,inf,inf,4833.195911284845
N21000235,N21000203,2,4395.626926025866,inf,inf,inf,4395.626926025866
N21000235,N21000205,7,4089.2898406087875,inf,inf,inf,4089.2898406087875
N21000235,N21000206,2,4109.492068358154,inf,inf,inf,4109.492068358154
N21000235,N21000207,6,3999.9813534208392,inf,inf,inf,3999.9813534208392
N21000235,N21000208,9,4235.681548388593,inf,inf,inf,4235.681548388593
N21000235,N21000209,3,4495.535172399723,inf,inf,inf,4495.535172399723
N21000235,N21000210,3,3528.9310732927456,inf,inf,inf,3528.9310732927456
N21000235,N21000211,1,3526.825488668292,inf,inf,inf,3526.825488668292
N21000235,N21000213,4,3617.784301975253,inf,inf,inf,3617.784301975253
N21000235,N21000215,5,3253.144295299391,inf,inf,inf,3253.144295299391
N21000235,N21000216,9,3047.932836830339,inf,inf,inf,3047.932836830339
N21000235,N21000217,1,4026.1480189259905,inf,inf,inf,4026.1480189259905
N21000235,N21000218,1,3700.4089051706633,inf,inf,inf,3700.4089051706633
N21000235,N21000219,12,5906.266584813338,inf,inf,inf,5906.266584813338
N21000235,N21000220,10,5809.224239789978,inf,inf,inf,5809.224239789978
N21000235,N21000221,10,5394.322281701148,inf,inf,inf,5394.322281701148
N21000235,N21000222,1,4788.688546603829,inf,inf,inf,4788.688546603829
N21000235,N21000223,3,4270.974176990311,inf,inf,inf,4270.974176990311
N21000235,N21000224,2,3914.5430776796884,inf,inf,inf,3914.5430776796884
N21000235,N21000225,9,3620.8109353291857,inf,inf,inf,3620.8109353291857
N21000235,N21000226,6,3453.566145688958,inf,inf,inf,3453.566145688958
N21000235,N21000229,1,4412.119653567633,inf,inf,inf,4412.119653567633
N21000235,N21000230,4,3267.7110496930286,inf,inf,inf,3267.7110496930286
N21000235,N21000231,6,3460.732634481223,inf,inf,inf,3460.732634481223
N21000235,N21000232,3,2325.5046545161754,inf,inf,inf,2325.5046545161754
N21000235,N21000233,2,2467.7987204003666,inf,inf,inf,2467.7987204003666
N21000235,N21000234,2,3413.1353562804156,inf,inf,inf,3413.1353562804156
N21000235,N21000236,4,3027.602495278033,inf,inf,inf,3027.602495278033
N21000235,N21000237,15,2442.1607136975686,inf,inf,inf,2442.1607136975686
N21000235,N21000240,26,2582.5897433157456,inf,inf,inf,2582.5897433157456
N21000235,N21000241,1,3731.4944773442894,inf,inf,inf,3731.4944773442894
N21000235,N21000242,7,1028.9293062586025,inf,inf,inf,1028.9293062586025
N21000235,N21000243,1,3260.818050424945,inf,inf,inf,3260.818050424945
N21000235,N21000247,5,1729.0796714463913,inf,inf,inf,1729.0796714463913
N21000235,N21000249,3,4711.534684192013,inf,inf,inf,4711.534684192013
N21000235,N21000250,1,3567.867817392061,inf,inf,inf,3567.867817392061
N21000235,N21000251,53,6019.304043473277,inf,inf,inf,6019.304043473277
N21000235,N21000252,10,5066.341993620992,inf,inf,inf,5066.341993620992
N21000235,N21000253,7,6163.885808712643,inf,inf,inf,6163.885808712643
N21000235,N21000254,7,5932.077781751322,inf,inf,inf,5932.077781751322
N21000235,N21000256,13,7011.913796768941,inf,inf,inf,7011.913796768941
N21000235,N21000257,1,7916.4641161734935,inf,inf,inf,7916.4641161734935
N21000235,N21000258,7,6533.75050666775,inf,inf,inf,6533.75050666775
N21000235,N21000262,1,5398.19169306204,inf,inf,inf,5398.19169306204
N21000235,N21000263,3,4993.004076728049,inf,inf,inf,4993.004076728049
N21000235,N21000264,4,6213.134523630365,inf,inf,inf,6213.134523630365
N21000235,N21000265,4,6990.626881855341,inf,inf,inf,6990.626881855341
N21000235,N21000266,1,7396.122699714487,inf,inf,inf,7396.122699714487
N21000235,N21000267,1,5195.136991376995,inf,inf,inf,5195.136991376995
N21000235,N21000268,7,8825.506898504173,inf,inf,inf,8825.506898504173
N21000235,N21000269,3,5159.645084629768,inf,inf,inf,5159.645084629768
N21000235,N21000270,4,7078.646116856432,inf,inf,inf,7078.646116856432
N21000235,N21000271,2,6324.489088681028,inf,inf,inf,6324.489088681028
N21000235,N21000272,2,6765.490742586197,inf,inf,inf,6765.490742586197
N21000235,N21000273,1,7970.521351678489,inf,inf,inf,7970.521351678489
N21000235,N21000278,5,7233.964730155155,inf,inf,inf,7233.964730155155
N21000235,N21000282,1,8790.357854930482,inf,inf,inf,8790.357854930482
N21000235,N21000317,1,9028.691755547941,inf,inf,inf,9028.691755547941
N21000235,N21000322,1,7556.924531549064,inf,inf,inf,7556.924531549064
N21000235,N21000324,1,8976.869333651506,inf,inf,inf,8976.869333651506
N21000235,N21000325,1,7127.805582011013,inf,inf,inf,7127.805582011013
N21000235,N21000329,3,6823.147975597407,inf,inf,inf,6823.147975597407
N21000235,N21000333,1,7855.530571475857,inf,inf,inf,7855.530571475857
N21000235,N21000335,13,7568.820872989545,inf,inf,inf,7568.820872989545
N21000236,N21000161,2,9530.507039476137,inf,inf,inf,9530.507039476137
N21000236,N21000165,1,7004.524586113184,inf,inf,inf,7004.524586113184
N21000236,N21000175,2,5084.87394813736,inf,inf,inf,5084.87394813736
N21000236,N21000177,2,4387.399747116212,inf,inf,inf,4387.399747116212
N21000236,N21000178,1,4148.106169950856,inf,inf,inf,4148.106169950856
N21000236,N21000188,2,6281.625424019192,inf,inf,inf,6281.625424019192
N21000236,N21000189,2,6869.430993011108,inf,inf,inf,6869.430993011108
N21000236,N21000192,27,7010.534963454779,inf,inf,inf,7010.534963454779
N21000236,N21000195,2,5146.46157669838,inf,inf,inf,5146.46157669838
N21000236,N21000196,2,5180.650865375733,inf,inf,inf,5180.650865375733
N21000236,N21000197,10,5912.95036169351,inf,inf,inf,5912.95036169351
N21000236,N21000198,18,3825.5953825291763,inf,inf,inf,3825.5953825291763
N21000236,N21000201,1,2358.6715070666573,inf,inf,inf,2358.6715070666573
N21000236,N21000202,1,2275.5616705678303,inf,inf,inf,2275.5616705678303
N21000236,N21000203,1,2501.539726612158,inf,inf,inf,2501.539726612158
N21000236,N21000204,1,1957.9618715918132,inf,inf,inf,1957.9618715918132
N21000236,N21000205,5,1855.1605049902578,inf,inf,inf,1855.1605049902578
N21000236,N21000206,5,2104.1776675137253,inf,inf,inf,2104.1776675137253
N21000236,N21000207,6,1442.3471127038242,inf,inf,inf,1442.3471127038242
N21000236,N21000208,4,1678.0473076715768,inf,inf,inf,1678.0473076715768
N21000236,N21000209,5,1764.4900456040612,inf,inf,inf,1764.4900456040612
N21000236,N21000210,1,1473.2400694198234,inf,inf,1678.2947839652409,1473.2400694198234
N21000236,N21000211,1,1720.7389250721458,inf,inf,1722.146710075006,1720.7389250721458
N21000236,N21000212,1,1426.118993704854,inf,1740.9169130591458,1426.118993704854,1426.118993704854
N21000236,N21000213,4,1060.1500612582367,inf,1143.6420302515344,1088.6991300189513,1060.1500612582367
N21000236,N21000214,3,874.4472009298421,inf,874.4472009298421,874.4472009298421,874.4472009298421
N21000236,N21000217,2,1101.6046817834263,inf,1101.6046817834263,1101.6046817834263,1101.6046817834263
N21000236,N21000219,2,5330.778862539647,inf,inf,inf,5330.778862539647
N21000236,N21000220,3,5042.2724985360555,inf,inf,inf,5042.2724985360555
N21000236,N21000221,3,5614.924893298075,inf,inf,inf,5614.924893298075
N21000236,N21000223,3,2870.343121041198,inf,inf,inf,2870.343121041198
N21000236,N21000224,2,4016.00359609297,inf,inf,inf,4016.00359609297
N21000236,N21000225,2,3028.4216260529834,inf,inf,inf,3028.4216260529834
N21000236,N21000226,4,2299.662256474217,inf,inf,2301.070041477077,2299.662256474217
N21000236,N21000227,1,4415.853541619546,inf,inf,inf,4415.853541619546
N21000236,N21000230,2,3573.003627492804,inf,inf,inf,3573.003627492804
N21000236,N21000231,2,4441.898322004499,inf,inf,inf,4441.898322004499
N21000236,N21000237,7,1508.0696715590263,inf,inf,1509.4774565618866,1508.0696715590263
N21000236,N21000240,19,1288.1378808553904,inf,inf,1288.1378808553904,1288.1378808553904
N21000236,N21000241,6,1464.0306033833817,inf,1464.0306033833817,1464.0306033833817,1464.0306033833817
N21000236,N21000242,1,2236.512693489506,inf,inf,inf,2236.512693489506
N21000236,N21000243,2,1290.65167232291,inf,inf,1290.65167232291,1290.65167232291
N21000236,N21000244,1,1991.6331310897265,inf,inf,1991.6331310897265,1991.6331310897265
N21000236,N21000247,5,3340.742020206245,inf,inf,inf,3340.742020206245
N21000236,N21000248,2,2129.7810635227684,inf,inf,2129.7810635227684,2129.7810635227684
N21000236,N21000249,3,2914.8126483160977,inf,inf,inf,2914.8126483160977
N21000236,N21000251,65,3417.8489338926183,inf,inf,inf,3417.8489338926183
N21000236,N21000252,20,2464.886884040337,inf,inf,inf,2464.886884040337
N21000236,N21000253,11,3562.430699131987,inf,inf,inf,3562.430699131987
N21000236,N21000254,2,3330.6226721706685,inf,inf,inf,3330.6226721706685
N21000236,N21000255,2,5031.664417781815,inf,inf,inf,5031.664417781815
N21000236,N21000256,10,4490.181146722288,inf,inf,inf,4490.181146722288
N21000236,N21000258,6,4047.404617590002,inf,inf,5112.9799025471475,4047.404617590002
N21000236,N21000261,2,4561.102204750826,inf,inf,inf,4561.102204750826
N21000236,N21000263,5,2334.2802561884664,inf,2725.5402027671416,2725.5402027671416,2334.2802561884664
N21000236,N21000264,6,3726.788634552615,inf,inf,4099.7667115139,3726.788634552615
N21000236,N21000265,3,4504.28099277759,inf,inf,inf,4504.28099277759
N21000236,N21000266,1,4909.776810636736,inf,inf,inf,4909.776810636736
N21000236,N21000267,1,2708.7911022992453,inf,inf,3144.4150015697633,2708.7911022992453
N21000236,N21000268,8,6339.161009426429,inf,inf,inf,6339.161009426429
N21000236,N21000269,2,2730.9949000259967,inf,inf,2978.0880132679404,2730.9949000259967
N21000236,N21000270,3,4592.300227778683,inf,inf,inf,4592.300227778683
N21000236,N21000271,1,3838.143199603277,inf,inf,4181.9645625227695,3838.143199603277
N21000236,N21000272,1,4863.132543584749,inf,inf,5206.953906504241,4863.132543584749
N21000236,N21000273,1,5530.3259701802845,inf,inf,inf,5530.3259701802845
N21000236,N21000274,9,7366.104447798382,inf,inf,inf,7366.104447798382
N21000236,N21000276,1,8542.682979071138,inf,inf,inf,8542.682979071138
N21000236,N21000278,6,5631.34267894288,inf,inf,6041.960850662293,5631.34267894288
N21000236,N21000279,3,8084.273739965547,inf,inf,inf,8084.273739965547
N21000236,N21000280,2,8226.090466671774,inf,inf,inf,8226.090466671774
N21000236,N21000283,1,7997.60358915009,inf,inf,9600.159819435718,7997.60358915009
N21000236,N21000302,2,6211.0211316602035,inf,inf,inf,6211.0211316602035
N21000236,N21000303,3,5459.072724459239,inf,inf,inf,5459.072724459239
N21000236,N21000309,1,7361.557680033532,inf,inf,inf,7361.557680033532
N21000236,N21000315,1,8512.432969856338,inf,inf,inf,8512.432969856338
N21000236,N21000319,1,5779.689275732019,inf,inf,inf,5779.689275732019
N21000236,N21000322,2,4955.46942196841,inf,inf,inf,4955.46942196841
N21000236,N21000323,1,5453.597017107372,inf,inf,inf,5453.597017107372
N21000236,N21000325,2,4526.350472430355,inf,inf,inf,4526.350472430355
N21000236,N21000327,3,5989.782224845241,inf,inf,inf,5989.782224845241
N21000236,N21000329,2,4221.692866016751,inf,inf,inf,4221.692866016751
N21000236,N21000330,1,6932.440643185879,inf,inf,inf,6932.440643185879
N21000236,N21000331,2,4975.714171204329,inf,inf,inf,4975.714171204329
N21000236,N21000332,1,6338.873479840515,inf,inf,inf,6338.873479840515
N21000236,N21000334,2,4252.715994169418,inf,inf,inf,4252.715994169418
N21000236,N21000335,11,4967.365763408887,inf,inf,inf,4967.365763408887
N21000237,N21000167,1,7366.117173621473,inf,inf,inf,7366.117173621473
N21000237,N21000171,1,6860.320018780694,inf,inf,inf,6860.320018780694
N21000237,N21000174,1,7116.84699525489,inf,inf,inf,7116.84699525489
N21000237,N21000175,2,6130.446726062928,inf,inf,inf,6130.446726062928
N21000237,N21000177,1,5418.743661146444,inf,inf,inf,5418.743661146444
N21000237,N21000178,6,5193.678947876425,inf,inf,inf,5193.678947876425
N21000237,N21000186,1,8047.8512941242525,inf,inf,inf,8047.8512941242525
N21000237,N21000190,2,7473.031990823008,inf,inf,inf,7473.031990823008
N21000237,N21000192,47,8036.1161322694525,inf,inf,inf,8036.1161322694525
N21000237,N21000195,2,6172.042745513054,inf,inf,inf,6172.042745513054
N21000237,N21000197,18,6143.936415704815,inf,inf,inf,6143.936415704815
N21000237,N21000198,26,4580.861519226287,inf,inf,inf,4580.861519226287
N21000237,N21000200,2,2644.380067150865,inf,inf,inf,2644.380067150865
N21000237,N21000201,2,2463.018142832001,inf,inf,inf,2463.018142832001
N21000237,N21000202,1,2540.930813922782,inf,inf,inf,2540.930813922782
N21000237,N21000203,15,2072.06640666328,inf,inf,inf,2072.06640666328
N21000237,N21000204,1,2996.063288589822,inf,inf,inf,2996.063288589822
N21000237,N21000205,12,1738.2794798415973,inf,inf,inf,1738.2794798415973
N21000237,N21000206,1,1785.93154899557,inf,inf,inf,1785.93154899557
N21000237,N21000207,6,2480.4485297018323,inf,inf,inf,2480.4485297018323
N21000237,N21000208,5,2536.55565218186,inf,inf,inf,2536.55565218186
N21000237,N21000209,5,2976.002348680714,inf,inf,inf,2976.002348680714
N21000237,N21000210,7,1301.7057913864173,inf,1588.2177812761881,1471.3691461930696,1301.7057913864173
N21000237,N21000211,4,1135.7467707783874,inf,inf,1135.7467707783874,1135.7467707783874
N21000237,N21000212,1,2629.4178948483705,inf,inf,2667.588150545081,2629.4178948483705
N21000237,N21000213,4,2098.2514782562453,inf,inf,2128.2083320198203,2098.2514782562453
N21000237,N21000214,3,2239.040319599262,inf,inf,2240.4481046021224,2239.040319599262
N21000237,N21000215,4,1733.6114715803837,inf,inf,1735.019256583244,1733.6114715803837
N21000237,N21000216,12,1354.9680367212354,1790.7673054861827,1354.9680367212354,1354.9680367212354,1354.9680367212354
N21000237,N21000219,7,4821.7349839466815,inf,inf,inf,4821.7349839466815
N21000237,N21000220,8,4536.679700355974,inf,inf,inf,4536.679700355974
N21000237,N21000221,18,4718.853340389616,inf,inf,inf,4718.853340389616
N21000237,N21000222,1,2878.5462900834073,inf,inf,inf,2878.5462900834073
N21000237,N21000223,3,2285.350966747439,inf,inf,inf,2285.350966747439
N21000237,N21000224,1,3239.0741363681555,inf,inf,inf,3239.0741363681555
N21000237,N21000225,5,2442.507907656637,inf,inf,inf,2442.507907656637
N21000237,N21000226,5,1714.6701021804581,inf,inf,1714.6701021804581,1714.6701021804581
N21000237,N21000230,2,2643.19055263514,inf,inf,inf,2643.19055263514
N21000237,N21000232,2,1564.4716140200142,2325.0018652356243,1620.7169327409613,1620.7169327409613,1564.4716140200142
N21000237,N21000235,2,2442.160713697569,inf,inf,inf,2442.160713697569
N21000237,N21000236,2,1508.0696715590268,inf,inf,1509.477456561887,1508.0696715590268
N21000237,N21000239,5,1956.1718772628644,inf,inf,1957.5796622657247,1956.1718772628644
N21000237,N21000240,19,1872.6610817538808,inf,inf,1872.6610817538808,1872.6610817538808
N21000237,N21000241,3,2362.8030051864,inf,inf,2362.8030051864,2362.8030051864
N21000237,N21000242,2,1651.070911909041,inf,inf,inf,1651.070911909041
N21000237,N21000243,4,2082.2473211535494,inf,inf,2082.2473211535494,2082.2473211535494
N21000237,N21000244,2,2181.5665643871694,inf,inf,2576.1563319882166,2181.5665643871694
N21000237,N21000245,1,3744.8607142977958,inf,inf,4171.571672180275,3744.8607142977958
N21000237,N21000247,5,2755.3002386257804,inf,inf,inf,2755.3002386257804
N21000237,N21000248,7,2921.3767123534085,inf,inf,2921.3767123534085,2921.3767123534085
N21000237,N21000249,7,3706.408297146738,inf,inf,inf,3706.408297146738
N21000237,N21000250,1,3433.9746129468745,inf,inf,inf,3433.9746129468745
N21000237,N21000251,51,4499.771219754267,inf,inf,inf,4499.771219754267
N21000237,N21000252,26,3546.8091699019865,inf,inf,inf,3546.8091699019865
N21000237,N21000253,15,4644.352984993638,inf,inf,inf,4644.352984993638
N21000237,N21000254,7,4412.544958032317,inf,inf,inf,4412.544958032317
N21000237,N21000255,1,6113.586703643467,inf,inf,inf,6113.586703643467
N21000237,N21000256,21,5572.10343258394,inf,inf,inf,5572.10343258394
N21000237,N21000258,4,5165.059034509863,inf,inf,6011.752304350165,5165.059034509863
N21000237,N21000261,5,5678.7566216706855,inf,inf,inf,5678.7566216706855
N21000237,N21000263,6,3624.3126045701592,inf,inf,3624.3126045701592,3624.3126045701592
N21000237,N21000264,4,4844.443051472477,inf,inf,4998.539113316917,4844.443051472477
N21000237,N21000265,2,5621.935409697451,inf,inf,inf,5621.935409697451
N21000237,N21000266,4,6027.431227556597,inf,inf,inf,6027.431227556597
N21000237,N21000267,2,3826.4455192191067,inf,inf,4043.1874033727813,3826.4455192191067
N21000237,N21000268,6,7456.815426346288,inf,inf,inf,7456.815426346288
N21000237,N21000269,3,3790.953612471878,inf,inf,3876.860415070958,3790.953612471878
N21000237,N21000270,5,5709.954644698541,inf,inf,inf,5709.954644698541
N21000237,N21000271,2,4955.7976165231385,inf,inf,5080.736964325787,4955.7976165231385
N21000237,N21000272,1,5954.464340204562,inf,inf,6105.7263083072585,5954.464340204562
N21000237,N21000273,4,6647.980387100147,inf,inf,inf,6647.980387100147
N21000237,N21000274,11,8483.75886471824,inf,inf,inf,8483.75886471824
N21000237,N21000275,1,8399.698950684453,inf,inf,inf,8399.698950684453
N21000237,N21000278,6,6422.9383277735205,inf,inf,6940.733252465311,6422.9383277735205
N21000237,N21000280,3,9343.744883591633,inf,inf,inf,9343.744883591633
N21000237,N21000283,5,9115.258006069953,inf,inf,10498.93222123873,9115.258006069953
N21000237,N21000302,5,7292.943417521852,inf,inf,inf,7292.943417521852
N21000237,N21000308,1,9044.563629269423,inf,inf,inf,9044.563629269423
N21000237,N21000309,1,8443.479965895178,inf,inf,inf,8443.479965895178
N21000237,N21000311,1,9618.43742276898,inf,inf,inf,9618.43742276898
N21000237,N21000315,2,9594.355255717988,inf,inf,inf,9594.355255717988
N21000237,N21000319,1,6825.262053657588,inf,inf,inf,6825.262053657588
N21000237,N21000325,3,5608.272758292003,inf,inf,inf,5608.272758292003
N21000237,N21000327,1,7071.704510706892,inf,inf,inf,7071.704510706892
N21000237,N21000329,4,5303.615151878398,inf,inf,inf,5303.615151878398
N21000237,N21000331,3,6057.636457065979,inf,inf,inf,6057.636457065979
N21000237,N21000335,19,6049.288049270535,inf,inf,inf,6049.288049270535
N21000238,N21000175,4,4639.114948240065,inf,inf,inf,4639.114948240065
N21000238,N21000177,2,3941.6407472189185,inf,inf,inf,3941.6407472189185
N21000238,N21000178,2,3702.347170053563,inf,inf,inf,3702.347170053563
N21000238,N21000181,3,8073.41551010731,inf,inf,inf,8073.41551010731
N21000238,N21000187,1,6872.057009423756,inf,inf,inf,6872.057009423756
N21000238,N21000188,1,5835.866424121899,inf,inf,inf,5835.866424121899
N21000238,N21000190,1,6001.691822111042,inf,inf,inf,6001.691822111042
N21000238,N21000192,27,6564.775963557485,inf,inf,inf,6564.775963557485
N21000238,N21000196,1,4734.891865478441,inf,inf,inf,4734.891865478441
N21000238,N21000197,3,6278.098852110066,inf,inf,inf,6278.098852110066
N21000238,N21000198,14,3501.449647061243,inf,inf,inf,3501.449647061243
N21000238,N21000203,2,3439.083246403501,inf,inf,inf,3439.083246403501
N21000238,N21000205,8,2793.257692181921,inf,inf,inf,2793.257692181921
N21000238,N21000206,2,3139.5929150057923,inf,inf,inf,3139.5929150057923
N21000238,N21000208,1,2188.684350946986,inf,inf,inf,2188.684350946986
N21000238,N21000209,2,1198.4796276647683,inf,inf,inf,1198.4796276647683
N21000238,N21000213,2,1430.328438560918,inf,inf,inf,1430.328438560918
N21000238,N21000214,1,1428.101770754746,inf,inf,inf,1428.101770754746
N21000238,N21000215,1,1794.9684452367794,inf,inf,inf,1794.9684452367794
N21000238,N21000216,3,2344.824604637828,inf,inf,inf,2344.824604637828
N21000238,N21000219,1,6156.793599677038,inf,inf,inf,6156.793599677038
N21000238,N21000221,2,6941.442572412706,inf,inf,inf,6941.442572412706
N21000238,N21000222,1,4733.871039083723,inf,inf,inf,4733.871039083723
N21000238,N21000224,3,5305.495108517038,inf,inf,inf,5305.495108517038
N21000238,N21000227,1,5998.185289786216,inf,inf,inf,5998.185289786216
N21000238,N21000230,2,5155.335375659474,inf,inf,inf,5155.335375659474
N21000238,N21000231,2,6024.230070171171,inf,inf,inf,6024.230070171171
N21000238,N21000232,1,4325.416683356054,inf,inf,inf,4325.416683356054
N21000238,N21000235,1,4575.456161474655,inf,inf,inf,4575.456161474655
N21000238,N21000236,2,1685.3909063021392,inf,inf,inf,1685.3909063021392
N21000238,N21000237,5,3060.948919310761,inf,inf,inf,3060.948919310761
N21000238,N21000239,1,1134.2295424628328,inf,inf,inf,1134.2295424628328
N21000238,N21000240,13,2337.709713306696,inf,inf,inf,2337.709713306696
N21000238,N21000241,6,1409.5447762681424,inf,inf,inf,1409.5447762681424
N21000238,N21000243,1,2095.6051720472433,inf,inf,inf,2095.6051720472433
N21000238,N21000245,1,1881.9611672743865,inf,inf,inf,1881.9611672743865
N21000238,N21000248,3,2830.5264979792482,inf,inf,inf,2830.5264979792482
N21000238,N21000249,1,2201.8608041810626,inf,inf,inf,2201.8608041810626
N21000238,N21000251,44,2972.089933995325,inf,inf,inf,2972.089933995325
N21000238,N21000252,20,2019.1278841430442,inf,inf,inf,2019.1278841430442
N21000238,N21000253,10,3116.6716992346937,inf,inf,inf,3116.6716992346937
N21000238,N21000254,7,2870.735473927153,inf,inf,inf,2870.735473927153
N21000238,N21000255,1,4272.926217038151,inf,inf,inf,4272.926217038151
N21000238,N21000256,15,3635.899629882643,inf,inf,inf,3635.899629882643
N21000238,N21000258,7,3157.736339781454,inf,inf,inf,3157.736339781454
N21000238,N21000260,1,4006.8702728416097,inf,inf,inf,4006.8702728416097
N21000238,N21000263,5,1616.9899098417511,inf,inf,inf,1616.9899098417511
N21000238,N21000264,10,2837.1203567440675,inf,inf,inf,2837.1203567440675
N21000238,N21000265,3,3614.6127149690433,inf,inf,inf,3614.6127149690433
N21000238,N21000267,1,1819.122824490698,inf,inf,inf,1819.122824490698
N21000238,N21000268,8,5449.492731617882,inf,inf,inf,5449.492731617882
N21000238,N21000269,4,1841.3266222174507,inf,inf,inf,1841.3266222174507
N21000238,N21000270,4,3702.6319499701362,inf,inf,inf,3702.6319499701362
N21000238,N21000271,2,2948.47492179473,inf,inf,inf,2948.47492179473
N21000238,N21000274,4,6476.436169989836,inf,inf,inf,6476.436169989836
N21000238,N21000275,1,6392.376255956049,inf,inf,inf,6392.376255956049
N21000238,N21000277,1,5113.36393777713,inf,inf,inf,5113.36393777713
N21000238,N21000279,1,7194.605462157001,inf,inf,inf,7194.605462157001
N21000238,N21000283,1,7107.935311341543,inf,inf,inf,7107.935311341543
N21000238,N21000284,1,8049.100142080752,inf,inf,inf,8049.100142080752
N21000238,N21000305,1,6062.671241438118,inf,inf,inf,6062.671241438118
N21000238,N21000306,1,6502.434983689255,inf,inf,inf,6502.434983689255
N21000238,N21000308,1,7381.330946160331,inf,inf,inf,7381.330946160331
N21000238,N21000309,3,6780.24728278609,inf,inf,inf,6780.24728278609
N21000238,N21000317,1,5981.477646069995,inf,inf,inf,5981.477646069995
N21000238,N21000325,1,4080.5914725330613,inf,inf,inf,4080.5914725330613
N21000238,N21000329,1,3775.9338661194574,inf,inf,inf,3775.9338661194574
N21000238,N21000333,1,4808.316461997906,inf,inf,inf,4808.316461997906
N21000238,N21000335,22,4521.606763511594,inf,inf,inf,4521.606763511594
N21000239,N21000162,1,7630.563400517502,inf,inf,inf,7630.563400517502
N21000239,N21000170,1,6762.374455852598,inf,inf,inf,6762.374455852598
N21000239,N21000175,4,4862.887163494006,inf,inf,inf,4862.887163494006
N21000239,N21000177,1,4165.412962472858,inf,inf,inf,4165.412962472858
N21000239,N21000178,3,3926.1193853075024,inf,inf,inf,3926.1193853075024
N21000239,N21000186,3,6800.283340666226,inf,inf,inf,6800.283340666226
N21000239,N21000188,1,6059.6386393758385,inf,inf,inf,6059.6386393758385
N21000239,N21000190,1,6225.464037364981,inf,inf,inf,6225.464037364981
N21000239,N21000191,1,5600.74370593303,inf,inf,inf,5600.74370593303
N21000239,N21000192,26,6788.548178811424,inf,inf,inf,6788.548178811424
N21000239,N21000193,1,5892.668649795872,inf,inf,inf,5892.668649795872
N21000239,N21000195,3,4924.474792055027,inf,inf,inf,4924.474792055027
N21000239,N21000196,1,4958.664080732379,inf,inf,inf,4958.664080732379
N21000239,N21000197,14,5963.720835770629,inf,inf,inf,5963.720835770629
N21000239,N21000198,22,3725.221862315181,inf,inf,inf,3725.221862315181
N21000239,N21000201,1,2680.781995718984,inf,inf,inf,2680.781995718984
N21000239,N21000202,1,2597.672159220157,inf,inf,inf,2597.672159220157
N21000239,N21000203,2,2823.6502152644857,inf,inf,inf,2823.6502152644857
N21000239,N21000205,6,2177.2709936425854,inf,inf,inf,2177.2709936425854
N21000239,N21000208,2,1793.452831987281,inf,inf,inf,1793.452831987281
N21000239,N21000209,5,1422.2518429187073,inf,inf,inf,1422.2518429187073
N21000239,N21000210,2,1795.3505580721505,inf,inf,2126.3969896690787,1795.3505580721505
N21000239,N21000212,2,1289.5465652036376,inf,1437.1743123490457,1289.5465652036376,1289.5465652036376
N21000239,N21000213,3,1007.0696017503182,inf,1007.0696017503182,1007.0696017503182,1007.0696017503182
N21000239,N21000215,5,854.9611085217705,inf,inf,854.9611085217705,854.9611085217705
N21000239,N21000216,3,1210.5950621749948,inf,inf,1210.5950621749948,1210.5950621749948
N21000239,N21000219,4,5652.889351191975,inf,inf,inf,5652.889351191975
N21000239,N21000220,1,5364.382987188384,inf,inf,inf,5364.382987188384
N21000239,N21000221,2,6063.027099001914,inf,inf,inf,6063.027099001914
N21000239,N21000224,1,4464.105801796808,inf,inf,inf,4464.105801796808
N21000239,N21000225,3,3476.5238317568205,inf,inf,inf,3476.5238317568205
N21000239,N21000226,4,2747.764462178054,inf,inf,2749.1722471809144,2747.764462178054
N21000239,N21000230,2,4021.105833196641,inf,inf,inf,4021.105833196641
N21000239,N21000231,1,4890.000527708337,inf,inf,inf,4890.000527708337
N21000239,N21000232,1,3191.1871408932197,inf,inf,3248.840244617027,3191.1871408932197
N21000239,N21000235,1,3475.7047009818707,inf,inf,inf,3475.7047009818707
N21000239,N21000237,5,1956.1718772628637,inf,inf,1957.579662265724,1956.1718772628637
N21000239,N21000240,9,1289.0976082013942,inf,inf,1289.0976082013942,1289.0976082013942
N21000239,N21000241,8,1138.8896142122164,inf,1354.5924613785478,1138.8896142122164,1138.8896142122164
N21000239,N21000245,1,2220.468081243627,inf,inf,2947.65828120609,2220.468081243627
N21000239,N21000247,1,3788.844225910082,inf,inf,inf,3788.844225910082
N21000239,N21000249,4,2540.367718150304,inf,inf,inf,2540.367718150304
N21000239,N21000251,59,3195.862149249264,inf,inf,inf,3195.862149249264
N21000239,N21000252,16,2242.900099396983,inf,inf,inf,2242.900099396983
N21000239,N21000253,8,3340.443914488633,inf,inf,inf,3340.443914488633
N21000239,N21000254,6,3108.6358875273145,inf,inf,inf,3108.6358875273145
N21000239,N21000256,10,3974.4065438518837,inf,inf,inf,3974.4065438518837
N21000239,N21000257,1,4894.777719818413,inf,inf,inf,4894.777719818413
N21000239,N21000258,11,3496.243253750695,inf,inf,4787.838913375981,3496.243253750695
N21000239,N21000259,1,2747.9143548335073,inf,inf,4186.896128300032,2747.9143548335073
N21000239,N21000260,1,4345.3771868108515,inf,inf,inf,4345.3771868108515
N21000239,N21000262,1,2360.6844401449853,inf,inf,3951.4449490569145,2360.6844401449853
N21000239,N21000263,4,1949.443763714364,inf,2616.1020607623077,2400.3992135959757,1949.443763714364
N21000239,N21000264,11,3175.6272707133076,inf,inf,3774.6257223427338,3175.6272707133076
N21000239,N21000265,2,3953.119628938283,inf,inf,inf,3953.119628938283
N21000239,N21000266,1,4358.615446797428,inf,inf,inf,4358.615446797428
N21000239,N21000267,1,2157.6297384599384,inf,inf,2819.2740123985973,2157.6297384599384
N21000239,N21000268,9,5787.999645587122,inf,inf,inf,5787.999645587122
N21000239,N21000269,1,2179.833536186691,inf,inf,2652.947024096774,2179.833536186691
N21000239,N21000270,2,4041.1388639393763,inf,inf,inf,4041.1388639393763
N21000239,N21000274,8,6814.943083959076,inf,inf,inf,6814.943083959076
N21000239,N21000278,2,5146.9781239034955,inf,inf,5716.819861491128,5146.9781239034955
N21000239,N21000280,1,7674.929102832467,inf,inf,inf,7674.929102832467
N21000239,N21000284,2,8387.607056049992,inf,inf,14570.952566146898,8387.607056049992
N21000239,N21000294,2,8829.428111837353,inf,inf,inf,8829.428111837353
N21000239,N21000300,3,9655.639169397187,inf,inf,14659.11316045977,9655.639169397187
N21000239,N21000302,3,5989.034347016849,inf,inf,inf,5989.034347016849
N21000239,N21000307,1,7031.426491843246,inf,inf,inf,7031.426491843246
N21000239,N21000308,2,7719.837860129572,inf,inf,inf,7719.837860129572
N21000239,N21000309,3,7118.754196755331,inf,inf,inf,7118.754196755331
N21000239,N21000316,1,7808.29105113649,inf,inf,inf,7808.29105113649
N21000239,N21000317,1,6205.249861323934,inf,inf,inf,6205.249861323934
N21000239,N21000328,1,5112.470582664438,inf,inf,inf,5112.470582664438
N21000239,N21000332,3,6116.88669519716,inf,inf,inf,6116.88669519716
N21000239,N21000335,17,4745.378978765532,inf,inf,inf,4745.378978765532
N21000240,N21000165,2,7831.663330425945,inf,inf,inf,7831.663330425945
N21000240,N21000170,1,7811.499984808712,inf,inf,inf,7811.499984808712
N21000240,N21000174,1,6898.412961642082,inf,inf,inf,6898.412961642082
N21000240,N21000175,2,5912.01269245012,inf,inf,inf,5912.01269245012
N21000240,N21000177,1,5214.538491428974,inf,inf,inf,5214.538491428974
N21000240,N21000189,2,7696.569737323868,inf,inf,inf,7696.569737323868
N21000240,N21000192,27,7837.673707767542,inf,inf,inf,7837.673707767542
N21000240,N21000195,2,5973.600321011143,inf,inf,inf,5973.600321011143
N21000240,N21000196,1,6007.789609688495,inf,inf,inf,6007.789609688495
N21000240,N21000197,10,6927.432008584608,inf,inf,inf,6927.432008584608
N21000240,N21000198,18,4735.729514292054,inf,inf,inf,4735.729514292054
N21000240,N21000201,1,3385.3537198246236,inf,inf,inf,3385.3537198246236
N21000240,N21000202,3,3302.243883325797,inf,inf,inf,3302.243883325797
N21000240,N21000203,2,3148.9213411607097,inf,inf,inf,3148.9213411607097
N21000240,N21000205,7,2729.108546482095,inf,inf,inf,2729.108546482095
N21000240,N21000206,1,2856.67337311154,inf,inf,inf,2856.67337311154
N21000240,N21000207,4,2439.759306461644,inf,inf,inf,2439.759306461644
N21000240,N21000208,5,2704.7295204295438,inf,inf,inf,2704.7295204295438
N21000240,N21000209,1,2591.6287899168246,inf,inf,inf,2591.6287899168246
N21000240,N21000210,2,2168.749779166053,inf,inf,2843.8373596927586,2168.749779166053
N21000240,N21000211,1,2212.6017052758175,inf,inf,2841.731775068305,2212.6017052758175
N21000240,N21000212,1,2253.2577380176167,inf,inf,2253.2577380176167,2253.2577380176167
N21000240,N21000213,1,1970.7807745642979,inf,inf,1970.7807745642979,1970.7807745642979
N21000240,N21000215,5,1722.1922673403421,inf,inf,1818.67228133575,1722.1922673403421
N21000240,N21000216,7,1518.919905038025,inf,inf,2043.5275399036966,1518.919905038025
N21000240,N21000219,1,5898.589918444113,inf,inf,inf,5898.589918444113
N21000240,N21000220,3,5613.534634853403,inf,inf,inf,5613.534634853403
N21000240,N21000221,8,5790.228072793644,inf,inf,inf,5790.228072793644
N21000240,N21000223,1,3362.20590124487,inf,inf,inf,3362.20590124487
N21000240,N21000224,2,4310.448868772183,inf,inf,inf,4310.448868772183
N21000240,N21000226,2,2791.5250366778887,inf,inf,3420.6551064703763,2791.5250366778887
N21000240,N21000229,1,5178.424638708136,inf,inf,inf,5178.424638708136
N21000240,N21000230,5,3663.616840785524,inf,inf,inf,3663.616840785524
N21000240,N21000232,1,2709.063001647108,inf,inf,3401.4131493138243,2709.063001647108
N21000240,N21000236,11,1288.1378808553907,inf,inf,1288.1378808553907,1288.1378808553907
N21000240,N21000237,9,1872.6610817538804,inf,inf,1872.6610817538804,1872.6610817538804
N21000240,N21000238,1,2337.7097133066973,inf,inf,inf,2337.7097133066973
N21000240,N21000239,7,1289.0976082013942,inf,inf,1289.0976082013942,1289.0976082013942
N21000240,N21000241,3,1473.1663274505688,inf,inf,1473.1663274505688,1473.1663274505688
N21000240,N21000242,1,1791.499941527217,inf,inf,inf,1791.499941527217
N21000240,N21000243,6,1117.693249900279,inf,inf,1117.693249900279,1117.693249900279
N21000240,N21000246,3,1508.4531411461844,inf,inf,1508.4531411461844,1508.4531411461844
N21000240,N21000247,6,2849.6066502610183,inf,inf,inf,2849.6066502610183
N21000240,N21000248,2,1700.7527210366504,inf,inf,1700.7527210366504,1700.7527210366504
N21000240,N21000249,6,2772.7240343254416,inf,inf,inf,2772.7240343254416
N21000240,N21000250,1,2211.3586578227682,inf,inf,inf,2211.3586578227682
N21000240,N21000251,37,4244.987678205382,inf,inf,inf,4244.987678205382
N21000240,N21000252,17,3292.0256283531016,inf,inf,inf,3292.0256283531016
N21000240,N21000253,10,4388.151718755397,inf,inf,inf,4388.151718755397
N21000240,N21000254,6,3988.4214909197317,inf,inf,inf,3988.4214909197317
N21000240,N21000256,12,4753.585646875223,inf,inf,inf,4753.585646875223
N21000240,N21000258,5,4275.422356774032,inf,inf,5122.115626614333,4275.422356774032
N21000240,N21000259,2,3527.093457856844,inf,inf,4521.172841538384,3527.093457856844
N21000240,N21000261,4,4789.119943934857,inf,inf,inf,4789.119943934857
N21000240,N21000263,3,2734.6759268343276,inf,inf,2734.6759268343276,2734.6759268343276
N21000240,N21000264,7,3954.8063737366447,inf,inf,4108.902435581086,3954.8063737366447
N21000240,N21000265,8,4732.2987319616195,inf,inf,inf,4732.2987319616195
N21000240,N21000267,2,2936.808841483275,inf,inf,3153.5507256369497,2936.808841483275
N21000240,N21000268,9,6567.1787486104595,inf,inf,inf,6567.1787486104595
N21000240,N21000270,4,4820.3179669627125,inf,inf,inf,4820.3179669627125
N21000240,N21000271,2,4066.160938787307,inf,inf,4191.100286589955,4066.160938787307
N21000240,N21000272,2,5020.780077383264,inf,inf,5216.089630571427,5020.780077383264
N21000240,N21000273,1,5758.343709364314,inf,inf,inf,5758.343709364314
N21000240,N21000274,2,7594.122186982412,inf,inf,inf,7594.122186982412
N21000240,N21000277,1,6231.049954769707,inf,inf,12644.044177878985,6231.049954769707
N21000240,N21000278,1,5489.2540649522225,inf,inf,6051.096574729479,5489.2540649522225
N21000240,N21000283,4,8225.62132833412,inf,inf,9609.295543502903,8225.62132833412
N21000240,N21000284,1,9166.786159073326,inf,inf,14905.22927938525,9166.786159073326
N21000240,N21000294,1,9608.607214860689,inf,inf,inf,9608.607214860689
N21000240,N21000308,2,8499.01696315291,inf,inf,inf,8499.01696315291
N21000240,N21000315,1,8748.616526011274,inf,inf,inf,8748.616526011274
N21000240,N21000322,1,5782.60816628117,inf,inf,inf,5782.60816628117
N21000240,N21000324,1,7202.5529683836085,inf,inf,inf,7202.5529683836085
N21000240,N21000325,4,5353.489216743119,inf,inf,inf,5353.489216743119
N21000240,N21000329,6,5048.831610329514,inf,inf,inf,5048.831610329514
N21000240,N21000332,1,7166.012224153277,inf,inf,inf,7166.012224153277
N21000240,N21000335,12,5794.504507721649,inf,inf,inf,5794.504507721649
N21000241,N21000175,7,5290.942492826422,inf,inf,inf,5290.942492826422
N21000241,N21000178,3,4354.174714639918,inf,inf,inf,4354.174714639918
N21000241,N21000186,1,7448.605892601269,inf,inf,inf,7448.605892601269
N21000241,N21000188,1,6707.961191310882,inf,inf,inf,6707.961191310882
N21000241,N21000189,2,7075.49953770017,inf,inf,inf,7075.49953770017
N21000241,N21000192,27,7436.870730746469,inf,inf,inf,7436.870730746469
N21000241,N21000195,4,5572.797343990071,inf,inf,inf,5572.797343990071
N21000241,N21000197,6,6985.318076094557,inf,inf,inf,6985.318076094557
N21000241,N21000198,22,4373.544414250226,inf,inf,inf,4373.544414250226
N21000241,N21000200,1,4211.3769250808145,inf,inf,inf,4211.3769250808145
N21000241,N21000201,1,3702.3792360429115,inf,inf,inf,3702.3792360429115
N21000241,N21000202,2,3619.269399544085,inf,inf,inf,3619.269399544085
N21000241,N21000203,3,3639.0632645932287,inf,inf,inf,3639.0632645932287
N21000241,N21000204,1,2750.7332564759768,inf,inf,inf,2750.7332564759768
N21000241,N21000205,1,3198.8682339665124,inf,inf,inf,3198.8682339665124
N21000241,N21000207,1,2497.6453739715926,inf,inf,inf,2497.6453739715926
N21000241,N21000208,1,2815.050072311209,inf,inf,inf,2815.050072311209
N21000241,N21000209,3,2070.574394853752,inf,inf,inf,2070.574394853752
N21000241,N21000211,2,2702.7436287083365,inf,inf,3179.074116035536,2702.7436287083365
N21000241,N21000213,3,2028.6668420742467,inf,2036.2756277414514,2028.6668420742467,2028.6668420742467
N21000241,N21000214,1,1759.4720127525543,inf,1767.080798419759,1759.4720127525543,1759.4720127525543
N21000241,N21000215,2,1876.5583488456991,inf,inf,1876.5583488456991,1876.5583488456991
N21000241,N21000217,1,1690.3048329440555,inf,1994.2382792733429,1791.7585100647163,1690.3048329440555
N21000241,N21000218,1,1520.6968961608563,inf,1685.945786389239,1520.6968961608563,1520.6968961608563
N21000241,N21000220,3,6103.676558285923,inf,inf,inf,6103.676558285923
N21000241,N21000221,6,6596.9295969342675,inf,inf,inf,6596.9295969342675
N21000241,N21000224,1,4998.008299729162,inf,inf,inf,4998.008299729162
N21000241,N21000225,1,4010.4263296891736,inf,inf,inf,4010.4263296891736
N21000241,N21000231,1,5423.90302564069,inf,inf,inf,5423.90302564069
N21000241,N21000232,1,3725.0896388255733,inf,inf,3891.555072746343,3725.0896388255733
N21000241,N21000236,3,1464.0306033833817,inf,1464.0306033833817,1464.0306033833817,1464.0306033833817
N21000241,N21000237,4,2362.8030051864,inf,inf,2362.8030051864,2362.8030051864
N21000241,N21000239,2,1138.8896142122162,inf,1354.5924613785478,1138.8896142122162,1138.8896142122162
N21000241,N21000240,9,1473.1663274505686,inf,inf,1473.1663274505686,1473.1663274505686
N21000241,N21000243,2,1011.3230791789097,inf,inf,1011.3230791789097,1011.3230791789097
N21000241,N21000247,1,3953.849985309388,inf,inf,inf,3953.849985309388
N21000241,N21000248,1,1850.4524703787679,inf,inf,1850.4524703787679,1850.4524703787679
N21000241,N21000249,3,1701.9573460180738,inf,inf,inf,1701.9573460180738
N21000241,N21000251,57,3246.4861784909554,inf,inf,inf,3246.4861784909554
N21000241,N21000252,16,2891.2226513320275,inf,inf,inf,2891.2226513320275
N21000241,N21000253,13,2914.9853913048273,inf,inf,inf,2914.9853913048273
N21000241,N21000254,9,2515.2551634691617,inf,inf,inf,2515.2551634691617
N21000241,N21000256,24,3280.4193194246504,inf,inf,inf,3280.4193194246504
N21000241,N21000258,11,2802.2560293234615,inf,inf,3648.949299163766,2802.2560293234615
N21000241,N21000259,2,2053.927130406274,inf,inf,3048.0065140878164,2053.927130406274
N21000241,N21000261,1,3315.953616484285,inf,inf,inf,3315.953616484285
N21000241,N21000262,1,1666.6972157177522,inf,inf,2812.555334844699,1666.6972157177522
N21000241,N21000263,6,1261.509599383759,inf,1261.509599383759,1261.509599383759,1261.509599383759
N21000241,N21000264,19,2481.6400462860747,inf,inf,2635.736108130518,2481.6400462860747
N21000241,N21000265,6,3259.132404511051,inf,inf,inf,3259.132404511051
N21000241,N21000266,1,3664.6282223701965,inf,inf,inf,3664.6282223701965
N21000241,N21000267,5,1463.6425140327055,inf,inf,1680.384398186381,1463.6425140327055
N21000241,N21000268,9,5094.0124211598895,inf,inf,inf,5094.0124211598895
N21000241,N21000269,2,1428.150607285479,inf,inf,1514.0574098845582,1428.150607285479
N21000241,N21000270,4,3347.1516395121434,inf,inf,inf,3347.1516395121434
N21000241,N21000272,1,3617.98395531821,inf,inf,3742.92330312086,3617.98395531821
N21000241,N21000273,3,4285.177381913744,inf,inf,inf,4285.177381913744
N21000241,N21000274,8,6120.955859531843,inf,inf,inf,6120.955859531843
N21000241,N21000277,1,4757.883627319136,inf,inf,11170.877850428416,4757.883627319136
N21000241,N21000278,7,4430.023250008856,inf,inf,4577.930247278912,4430.023250008856
N21000241,N21000284,2,7693.619831622759,inf,inf,13432.062951934686,7693.619831622759
N21000241,N21000286,1,8152.361329118115,inf,inf,inf,8152.361329118115
N21000241,N21000294,1,8135.440887410117,inf,inf,inf,8135.440887410117
N21000241,N21000300,3,8961.651944969957,inf,inf,13520.223546247558,8961.651944969957
N21000241,N21000301,1,7096.841412654709,inf,inf,inf,7096.841412654709
N21000241,N21000303,1,4887.824785217167,inf,inf,inf,4887.824785217167
N21000241,N21000306,1,6146.954673231262,inf,inf,inf,6146.954673231262
N21000241,N21000309,1,6424.766972328097,inf,inf,inf,6424.766972328097
N21000241,N21000312,1,8150.106060665231,inf,inf,inf,8150.106060665231
N21000241,N21000315,2,7275.450198560707,inf,inf,inf,7275.450198560707
N21000241,N21000318,1,8440.715635214392,inf,inf,inf,8440.715635214392
N21000241,N21000319,1,5985.757820421081,inf,inf,inf,5985.757820421081
N21000241,N21000322,1,5071.227747533641,inf,inf,inf,5071.227747533641
N21000241,N21000323,1,5546.86607073291,inf,inf,inf,5546.86607073291
N21000241,N21000325,3,4619.6195260558925,inf,inf,inf,4619.6195260558925
N21000241,N21000329,3,4135.633851403017,inf,inf,inf,4135.633851403017
N21000241,N21000332,1,6114.484783153415,inf,inf,inf,6114.484783153415
N21000241,N21000334,2,4028.327297482318,inf,inf,inf,4028.327297482318
N21000241,N21000335,24,4742.977066721787,inf,inf,inf,4742.977066721787
N21000242,N21000175,2,6895.239255929488,inf,inf,inf,6895.239255929488
N21000242,N21000178,2,5958.4714777429845,inf,inf,inf,5958.4714777429845
N21000242,N21000192,18,8820.900271246908,inf,inf,inf,8820.900271246908
N21000242,N21000195,4,6956.826884490511,inf,inf,inf,6956.826884490511
N21000242,N21000197,17,7679.494800622001,inf,inf,inf,7679.494800622001
N21000242,N21000198,17,5592.1398214576675,inf,inf,inf,5592.1398214576675
N21000242,N21000203,2,3672.0553227646565,inf,inf,inf,3672.0553227646565
N21000242,N21000205,6,3298.20003882026,inf,inf,inf,3298.20003882026
N21000242,N21000206,3,3385.920465096947,inf,inf,inf,3385.920465096947
N21000242,N21000207,1,3208.8915516323136,inf,inf,inf,3208.8915516323136
N21000242,N21000208,2,3444.5917466000665,inf,inf,inf,3444.5917466000665
N21000242,N21000209,2,3704.4453706111963,inf,inf,inf,3704.4453706111963
N21000242,N21000211,1,2735.735686879764,inf,inf,inf,2735.735686879764
N21000242,N21000213,2,2826.6945001867275,inf,inf,inf,2826.6945001867275
N21000242,N21000215,1,2462.0544935108655,inf,inf,inf,2462.0544935108655
N21000242,N21000216,3,2256.8430350418116,inf,inf,inf,2256.8430350418116
N21000242,N21000219,5,5395.778204952346,inf,inf,inf,5395.778204952346
N21000242,N21000221,13,4883.833901840156,inf,inf,inf,4883.833901840156
N21000242,N21000222,1,4278.200166742835,inf,inf,inf,4278.200166742835
N21000242,N21000223,1,3760.4857971293186,inf,inf,inf,3760.4857971293186
N21000242,N21000224,6,3404.0546978186953,inf,inf,inf,3404.0546978186953
N21000242,N21000225,4,3110.3225554681926,inf,inf,inf,3110.3225554681926
N21000242,N21000226,1,2943.0777658279644,inf,inf,inf,2943.0777658279644
N21000242,N21000230,6,2757.2226698320355,inf,inf,inf,2757.2226698320355
N21000242,N21000231,2,2986.879266699418,inf,inf,inf,2986.879266699418
N21000242,N21000234,2,2939.2819884986106,inf,inf,inf,2939.2819884986106
N21000242,N21000235,1,1028.9293062586025,inf,inf,inf,1028.9293062586025
N21000242,N21000236,6,2236.512693489507,inf,inf,inf,2236.512693489507
N21000242,N21000237,8,1651.0709119090407,inf,inf,inf,1651.0709119090407
N21000242,N21000239,2,2684.614899193345,inf,inf,inf,2684.614899193345
N21000242,N21000240,10,1791.4999415272173,inf,inf,inf,1791.4999415272173
N21000242,N21000241,1,2940.404675555761,inf,inf,inf,2940.404675555761
N21000242,N21000245,1,4008.7968194418354,inf,inf,inf,4008.7968194418354
N21000242,N21000247,4,1342.068831186813,inf,inf,inf,1342.068831186813
N21000242,N21000248,2,2940.6604119573376,inf,inf,inf,2940.6604119573376
N21000242,N21000251,45,5228.214241684752,inf,inf,inf,5228.214241684752
N21000242,N21000252,16,4275.252191832467,inf,inf,inf,4275.252191832467
N21000242,N21000253,9,5372.796006924118,inf,inf,inf,5372.796006924118
N21000242,N21000254,4,5140.987979962797,inf,inf,inf,5140.987979962797
N21000242,N21000256,7,6220.823994980415,inf,inf,inf,6220.823994980415
N21000242,N21000258,2,5742.660704879224,inf,inf,inf,5742.660704879224
N21000242,N21000261,1,6256.358292040046,inf,inf,inf,6256.358292040046
N21000242,N21000262,2,4607.1018912735135,inf,inf,inf,4607.1018912735135
N21000242,N21000264,8,5422.0447218418385,inf,inf,inf,5422.0447218418385
N21000242,N21000265,5,6199.537080066813,inf,inf,inf,6199.537080066813
N21000242,N21000267,1,4404.0471895884675,inf,inf,inf,4404.0471895884675
N21000242,N21000268,10,8034.417096715649,inf,inf,inf,8034.417096715649
N21000242,N21000269,3,4368.555282841239,inf,inf,inf,4368.555282841239
N21000242,N21000270,2,6287.556315067904,inf,inf,inf,6287.556315067904
N21000242,N21000271,3,5533.399286892501,inf,inf,inf,5533.399286892501
N21000242,N21000272,1,5974.400940797668,inf,inf,inf,5974.400940797668
N21000242,N21000273,3,7179.431549889962,inf,inf,inf,7179.431549889962
N21000242,N21000274,5,9061.3605350876,inf,inf,inf,9061.3605350876
N21000242,N21000275,1,8977.300621053813,inf,inf,inf,8977.300621053813
N21000242,N21000278,2,6442.874928366627,inf,inf,inf,6442.874928366627
N21000242,N21000282,1,7999.268053141953,inf,inf,inf,7999.268053141953
N21000242,N21000309,1,9171.922987825661,inf,inf,inf,9171.922987825661
N21000242,N21000319,1,7590.054583524147,inf,inf,inf,7590.054583524147
N21000242,N21000325,2,6336.7157802224865,inf,inf,inf,6336.7157802224865
N21000242,N21000329,1,6032.058173808881,inf,inf,inf,6032.058173808881
N21000242,N21000331,1,6786.079478996462,inf,inf,inf,6786.079478996462
N21000242,N21000335,4,6777.73107120102,inf,inf,inf,6777.73107120102
N21000243,N21000170,1,7703.615906925395,inf,inf,inf,7703.615906925395
N21000243,N21000175,1,5804.128614566804,inf,inf,inf,5804.128614566804
N21000243,N21000176,1,5523.2731107000045,inf,inf,inf,5523.2731107000045
N21000243,N21000188,1,7000.880090448638,inf,inf,inf,7000.880090448638
N21000243,N21000192,20,7729.789629884225,inf,inf,inf,7729.789629884225
N21000243,N21000197,11,6819.547930701291,inf,inf,inf,6819.547930701291
N21000243,N21000198,11,4627.845436408735,inf,inf,inf,4627.845436408735
N21000243,N21000202,1,3453.4992541508177,inf,inf,inf,3453.4992541508177
N21000243,N21000207,1,2331.8752285783266,inf,inf,inf,2331.8752285783266
N21000243,N21000208,1,2649.279926917943,inf,inf,inf,2649.279926917943
N21000243,N21000209,5,2483.7447120335064,inf,inf,inf,2483.7447120335064
N21000243,N21000211,3,2422.187944675486,inf,inf,3005.6951849750644,2422.187944675486
N21000243,N21000212,3,2145.3736601342994,inf,inf,2145.3736601342994,2145.3736601342994
N21000243,N21000214,1,1593.7018673592877,inf,inf,1593.7018673592877,1593.7018673592877
N21000243,N21000215,4,1710.7882034524323,inf,inf,1710.7882034524323,1710.7882034524323
N21000243,N21000216,11,1728.5061444376936,inf,inf,2046.0413313712165,1728.5061444376936
N21000243,N21000219,2,6108.176157843781,inf,inf,inf,6108.176157843781
N21000243,N21000221,4,6316.373912901417,inf,inf,inf,6316.373912901417
N21000243,N21000222,1,4164.9874639805075,inf,inf,inf,4164.9874639805075
N21000243,N21000223,1,3571.7921406445384,inf,inf,inf,3571.7921406445384
N21000243,N21000225,3,3729.8706456563236,inf,inf,inf,3729.8706456563236
N21000243,N21000226,3,3001.1112760775572,inf,inf,3584.6185163771356,3001.1112760775572
N21000243,N21000230,3,4274.452647096144,inf,inf,inf,4274.452647096144
N21000243,N21000236,5,1290.6516723229106,inf,inf,1290.6516723229106,1290.6516723229106
N21000243,N21000237,2,2082.2473211535494,inf,inf,2082.2473211535494,2082.2473211535494
N21000243,N21000239,5,1181.2135303180762,inf,inf,1181.2135303180762,1181.2135303180762
N21000243,N21000240,28,1117.6932499002787,inf,inf,1117.6932499002787,1117.6932499002787
N21000243,N21000241,5,1011.3230791789099,inf,inf,1011.3230791789099,1011.3230791789099
N21000243,N21000244,2,1044.8420210629426,inf,1044.8420210629426,1044.8420210629426,1044.8420210629426
N21000243,N21000247,1,3318.201288511802,inf,inf,inf,3318.201288511802
N21000243,N21000248,10,947.5342860799752,947.5342860799752,947.5342860799752,947.5342860799752,947.5342860799752
N21000243,N21000249,6,1760.7050290087523,inf,inf,inf,1760.7050290087523
N21000243,N21000251,20,4137.103600322064,inf,inf,inf,4137.103600322064
N21000243,N21000252,6,3184.141550469784,inf,inf,inf,3184.141550469784
N21000243,N21000253,6,3926.3084704837383,inf,inf,inf,3926.3084704837383
N21000243,N21000254,4,3526.578242648073,inf,inf,inf,3526.578242648073
N21000243,N21000256,7,4291.742398603562,inf,inf,inf,4291.742398603562
N21000243,N21000258,2,3813.579108502373,inf,inf,4660.2723783426745,3813.579108502373
N21000243,N21000259,1,3065.250209585185,inf,inf,4059.329593266726,3065.250209585185
N21000243,N21000263,4,2272.832678562669,inf,inf,2272.832678562669,2272.832678562669
N21000243,N21000264,2,3443.3265832542647,inf,inf,3647.059187309427,3443.3265832542647
N21000243,N21000266,1,4597.158045296593,inf,inf,inf,4597.158045296593
N21000243,N21000267,2,2474.965593211616,inf,inf,2691.7074773652907,2474.965593211616
N21000243,N21000268,8,6105.335500338799,inf,inf,inf,6105.335500338799
N21000243,N21000269,2,2321.647885008305,inf,inf,2525.3804890634674,2321.647885008305
N21000243,N21000270,4,4279.68146243854,inf,inf,inf,4279.68146243854
N21000243,N21000273,2,5213.791681158868,inf,inf,inf,5213.791681158868
N21000243,N21000274,1,7053.485682458239,inf,inf,inf,7053.485682458239
N21000243,N21000276,1,8230.064213730999,inf,inf,inf,8230.064213730999
N21000243,N21000277,1,5686.4979265642605,inf,inf,12182.200929607327,5686.4979265642605
N21000243,N21000278,3,4477.2350596355345,inf,inf,5589.253326457821,4477.2350596355345
N21000243,N21000302,1,6661.466356817888,inf,inf,inf,6661.466356817888
N21000243,N21000309,2,7436.090051507009,inf,inf,inf,7436.090051507009
N21000243,N21000311,1,8507.216124410843,inf,inf,inf,8507.216124410843
N21000243,N21000319,2,6498.943942161463,inf,inf,inf,6498.943942161463
N21000243,N21000322,1,5674.724088397854,inf,inf,inf,5674.724088397854
N21000243,N21000325,1,5245.605138859801,inf,inf,inf,5245.605138859801
N21000243,N21000332,3,7058.128146269961,inf,inf,inf,7058.128146269961
N21000243,N21000335,4,5686.620429838333,inf,inf,inf,5686.620429838333
N21000244,N21000165,1,8514.246077819642,inf,inf,inf,8514.246077819642
N21000244,N21000170,1,8494.082732202409,inf,inf,inf,8494.082732202409
N21000244,N21000172,1,7314.571056349354,inf,inf,inf,7314.571056349354
N21000244,N21000177,1,5897.121238822671,inf,inf,inf,5897.121238822671
N21000244,N21000186,2,8531.99161701604,inf,inf,inf,8531.99161701604
N21000244,N21000188,1,7791.346915725651,inf,inf,inf,7791.346915725651
N21000244,N21000189,2,8379.152484717564,inf,inf,inf,8379.152484717564
N21000244,N21000192,26,8520.256455161238,inf,inf,inf,8520.256455161238
N21000244,N21000195,2,6656.18306840484,inf,inf,inf,6656.18306840484
N21000244,N21000197,11,7610.014755978305,inf,inf,inf,7610.014755978305
N21000244,N21000198,18,5418.312261685748,inf,inf,inf,5418.312261685748
N21000244,N21000200,2,4424.730251882631,inf,inf,inf,4424.730251882631
N21000244,N21000202,2,4005.739133560133,inf,inf,inf,4005.739133560133
N21000244,N21000203,1,3852.4165913950455,inf,inf,inf,3852.4165913950455
N21000244,N21000204,1,3557.416529990578,inf,inf,inf,3557.416529990578
N21000244,N21000205,10,3432.6037967164307,inf,inf,inf,3432.6037967164307
N21000244,N21000206,1,3560.1686233458745,inf,inf,inf,3560.1686233458745
N21000244,N21000208,4,3408.22477066388,inf,inf,inf,3408.22477066388
N21000244,N21000209,5,3274.2115373105207,inf,inf,inf,3274.2115373105207
N21000244,N21000212,2,2935.8404854113123,inf,inf,2935.8404854113123,2935.8404854113123
N21000244,N21000213,1,2653.363521957993,inf,inf,2653.363521957993,2653.363521957993
N21000244,N21000214,2,2384.168692636302,inf,inf,2384.168692636302,2384.168692636302
N21000244,N21000215,9,2425.687517574678,inf,inf,2501.2550287294466,2425.687517574678
N21000244,N21000216,4,2222.41515527236,inf,inf,2747.022790138031,2222.41515527236
N21000244,N21000219,6,6262.605722209149,inf,inf,inf,6262.605722209149
N21000244,N21000220,7,6165.563377185788,inf,inf,inf,6165.563377185788
N21000244,N21000221,11,5750.6614190969585,inf,inf,inf,5750.6614190969585
N21000244,N21000223,2,4065.7011514792057,inf,inf,inf,4065.7011514792057
N21000244,N21000224,2,4270.882215075498,inf,inf,inf,4270.882215075498
N21000244,N21000225,5,3977.150072724995,inf,inf,inf,3977.150072724995
N21000244,N21000226,4,3495.0202869122245,inf,inf,4124.150356704712,3495.0202869122245
N21000244,N21000228,1,3111.316798791431,inf,inf,3577.0591449588183,3111.316798791431
N21000244,N21000230,2,3624.050187088838,inf,inf,inf,3624.050187088838
N21000244,N21000231,1,4260.789424644348,inf,inf,inf,4260.789424644348
N21000244,N21000234,2,4437.850598200225,inf,inf,inf,4437.850598200225
N21000244,N21000235,3,2527.497915960216,inf,inf,inf,2527.497915960216
N21000244,N21000236,7,1991.6331310897262,inf,inf,1991.6331310897262,1991.6331310897262
N21000244,N21000237,12,2181.566564387169,inf,inf,2576.156331988216,2181.566564387169
N21000244,N21000238,1,2886.071997324257,inf,inf,inf,2886.071997324257
N21000244,N21000239,5,1971.6803555950905,inf,inf,1971.6803555950905,1971.6803555950905
N21000244,N21000241,2,1801.7899044559235,inf,inf,1801.7899044559235,1801.7899044559235
N21000244,N21000242,2,1736.4081141716877,inf,inf,inf,1736.4081141716877
N21000244,N21000243,4,1044.8420210629429,inf,1044.8420210629429,1044.8420210629429,1044.8420210629429
N21000244,N21000245,2,2788.2247425264572,inf,inf,3610.558571449798,2788.2247425264572
N21000244,N21000246,2,1435.6019123088488,inf,1435.6019123088488,1435.6019123088488,1435.6019123088488
N21000244,N21000247,5,2458.3282905922415,inf,inf,inf,2458.3282905922415
N21000244,N21000248,5,1574.7583187181592,inf,1574.7583187181592,1574.7583187181592,1574.7583187181592
N21000244,N21000249,3,2699.872805488106,inf,inf,inf,2699.872805488106
N21000244,N21000250,2,1895.9150876093909,inf,inf,inf,1895.9150876093909
N21000244,N21000251,36,4927.570425599081,inf,inf,inf,4927.570425599081
N21000244,N21000252,16,3974.6083757467973,inf,inf,inf,3974.6083757467973
N21000244,N21000253,12,4716.775295760752,inf,inf,inf,4716.775295760752
N21000244,N21000254,5,4317.045067925087,inf,inf,inf,4317.045067925087
N21000244,N21000256,8,5082.209223880578,inf,inf,inf,5082.209223880578
N21000244,N21000258,6,4604.045933779385,inf,inf,5450.739203619689,4604.045933779385
N21000244,N21000259,1,3855.7170348621994,inf,inf,4849.796418543741,3855.7170348621994
N21000244,N21000263,3,3063.299503839683,inf,inf,3063.299503839683,3063.299503839683
N21000244,N21000264,2,4283.429950742,inf,inf,4437.526012586441,4283.429950742
N21000244,N21000265,1,5060.922308966975,inf,inf,inf,5060.922308966975
N21000244,N21000268,8,6895.802325615813,inf,inf,inf,6895.802325615813
N21000244,N21000269,1,3229.9405117414026,inf,inf,3315.8473143404817,3229.9405117414026
N21000244,N21000270,2,5148.941543968068,inf,inf,inf,5148.941543968068
N21000244,N21000271,2,4394.784515792662,inf,inf,4519.723863595313,4394.784515792662
N21000244,N21000274,11,7922.7457639877675,inf,inf,inf,7922.7457639877675
N21000244,N21000278,3,5384.740718735672,inf,inf,6379.720151734836,5384.740718735672
N21000244,N21000280,2,8782.73178286116,inf,inf,inf,8782.73178286116
N21000244,N21000283,4,8554.244905339474,inf,inf,9937.91912050826,8554.244905339474
N21000244,N21000309,3,8226.556876784023,inf,inf,inf,8226.556876784023
N21000244,N21000311,1,9376.476205940367,inf,inf,inf,9376.476205940367
N21000244,N21000319,1,7289.410767438477,inf,inf,inf,7289.410767438477
N21000244,N21000321,1,7311.562000921418,inf,inf,inf,7311.562000921418
N21000244,N21000323,1,6963.318508813833,inf,inf,inf,6963.318508813833
N21000244,N21000325,4,6036.071964136816,inf,inf,inf,6036.071964136816
N21000244,N21000326,1,8784.744564347982,inf,inf,inf,8784.744564347982
N21000244,N21000328,1,6844.178859014251,inf,inf,inf,6844.178859014251
N21000244,N21000329,1,5731.414357723211,inf,inf,inf,5731.414357723211
N21000244,N21000330,1,8442.16213489234,inf,inf,inf,8442.16213489234
N21000244,N21000332,3,7848.594971546978,inf,inf,inf,7848.594971546978
N21000244,N21000334,1,5762.437485875881,inf,inf,inf,5762.437485875881
N21000244,N21000335,12,6477.08725511535,inf,inf,inf,6477.08725511535
N21000245,N21000165,2,7071.112756707502,inf,inf,inf,7071.112756707502
N21000245,N21000166,1,7857.70819049894,inf,inf,inf,7857.70819049894
N21000245,N21000174,2,6137.862387923639,inf,inf,inf,6137.862387923639
N21000245,N21000175,8,5151.462118731677,inf,inf,inf,5151.462118731677
N21000245,N21000178,1,4214.694340545174,inf,inf,inf,4214.694340545174
N21000245,N21000181,1,8828.021789924063,inf,inf,inf,8828.021789924063
N21000245,N21000188,3,6590.472703938653,inf,inf,inf,6590.472703938653
N21000245,N21000189,2,6936.019163605425,inf,inf,inf,6936.019163605425
N21000245,N21000192,26,7334.307885902995,inf,inf,inf,7334.307885902995
N21000245,N21000194,1,5944.407458407573,inf,inf,inf,5944.407458407573
N21000245,N21000197,5,7622.610010305297,inf,inf,inf,7622.610010305297
N21000245,N21000198,13,4845.960805256471,inf,inf,inf,4845.960805256471
N21000245,N21000202,2,4344.037187070718,inf,inf,inf,4344.037187070718
N21000245,N21000203,1,4783.594404598727,inf,inf,inf,4783.594404598727
N21000245,N21000205,2,4137.768850377149,inf,inf,inf,4137.768850377149
N21000245,N21000208,1,3533.195509142214,inf,inf,inf,3533.195509142214
N21000245,N21000209,3,2542.9907858599963,inf,inf,inf,2542.9907858599963
N21000245,N21000212,1,2825.4923977079866,inf,inf,4119.912472521439,2825.4923977079866
N21000245,N21000213,1,2774.839596756147,inf,inf,3837.4355090681192,2774.839596756147
N21000245,N21000214,1,2772.6129289499745,inf,inf,3568.240679746428,2772.6129289499745
N21000245,N21000215,1,3051.8343708360067,inf,inf,3685.3270158395726,3051.8343708360067
N21000245,N21000216,1,3391.1195375819416,inf,inf,4028.18892942556,3391.1195375819416
N21000245,N21000219,1,7501.304757872263,inf,inf,inf,7501.304757872263
N21000245,N21000221,5,7978.987306045667,inf,inf,inf,7978.987306045667
N21000245,N21000224,4,6380.066008840559,inf,inf,inf,6380.066008840559
N21000245,N21000225,1,5392.484038800572,inf,inf,inf,5392.484038800572
N21000245,N21000226,1,4663.724669221804,inf,inf,5566.76611443148,4663.724669221804
N21000245,N21000230,1,5896.438892358984,inf,inf,inf,5896.438892358984
N21000245,N21000231,2,6533.178129914497,inf,inf,inf,6533.178129914497
N21000245,N21000237,10,3744.860714297797,inf,inf,4171.571672180273,3744.860714297797
N21000245,N21000240,5,2855.224036561966,inf,inf,3281.9349944444416,2855.224036561966
N21000245,N21000241,5,1382.0577091113976,inf,inf,1808.768666993874,1382.0577091113976
N21000245,N21000248,2,1463.8040350671833,inf,inf,3659.2211373726427,1463.8040350671833
N21000245,N21000250,1,2457.93894490667,inf,inf,inf,2457.93894490667
N21000245,N21000251,58,3107.005804396211,inf,inf,inf,3107.005804396211
N21000245,N21000252,22,2909.7881924605153,inf,inf,inf,2909.7881924605153
N21000245,N21000253,14,2775.5050172100828,inf,inf,inf,2775.5050172100828
N21000245,N21000254,8,2375.774789374417,inf,inf,inf,2375.774789374417
N21000245,N21000256,22,3130.933179691667,inf,inf,inf,3130.933179691667
N21000245,N21000258,12,2662.775655228717,inf,inf,2862.2445867305846,2662.775655228717
N21000245,N21000259,1,1914.4467563115297,inf,inf,2261.301801654635,1914.4467563115297
N21000245,N21000261,3,2921.7027290435635,inf,inf,inf,2921.7027290435635
N21000245,N21000262,1,1527.2168416230077,inf,inf,2025.8506224115163,1527.2168416230077
N21000245,N21000263,9,1443.7302143522113,inf,inf,1560.9148795591616,1443.7302143522113
N21000245,N21000264,16,1849.031395697336,inf,inf,1849.031395697336,1849.031395697336
N21000245,N21000265,4,2597.3670398805184,inf,inf,inf,2597.3670398805184
N21000245,N21000267,2,1181.6678058997995,inf,inf,1181.6678058997995,1181.6678058997995
N21000245,N21000268,13,4517.634103801355,inf,inf,inf,4517.634103801355
N21000245,N21000270,7,2685.3862748816114,inf,inf,inf,2685.3862748816114
N21000245,N21000271,2,1931.229246706205,inf,inf,1931.229246706205,1931.229246706205
N21000245,N21000273,2,3623.412017283212,inf,inf,inf,3623.412017283212
N21000245,N21000274,6,5459.1904949013115,inf,inf,inf,5459.1904949013115
N21000245,N21000275,1,5375.130580867524,inf,inf,inf,5375.130580867524
N21000245,N21000276,1,6635.769026174071,inf,inf,inf,6635.769026174071
N21000245,N21000277,2,4096.118262688605,inf,inf,10384.173137995229,4096.118262688605
N21000245,N21000278,2,3501.2319901263313,inf,inf,3791.2255348457297,3501.2319901263313
N21000245,N21000279,1,6177.359787068476,inf,inf,inf,6177.359787068476
N21000245,N21000283,1,6090.689636253017,inf,inf,7349.424503619153,6090.689636253017
N21000245,N21000284,2,7031.854466992227,inf,inf,12645.358239501502,7031.854466992227
N21000245,N21000289,1,7677.222343987301,inf,inf,inf,7677.222343987301
N21000245,N21000293,1,7963.930690401646,inf,inf,inf,7963.930690401646
N21000245,N21000302,1,5337.041443198178,inf,inf,inf,5337.041443198178
N21000245,N21000303,1,4574.7229507763695,inf,inf,inf,4574.7229507763695
N21000245,N21000308,2,6661.962600376122,inf,inf,inf,6661.962600376122
N21000245,N21000309,4,6060.878937001881,inf,inf,inf,6060.878937001881
N21000245,N21000310,1,7476.32910110668,inf,inf,inf,7476.32910110668
N21000245,N21000311,1,6912.920936853914,inf,inf,inf,6912.920936853914
N21000245,N21000312,2,7635.451432712028,inf,inf,inf,7635.451432712028
N21000245,N21000315,1,6613.684833930175,inf,inf,inf,6613.684833930175
N21000245,N21000317,1,6413.93731809466,inf,inf,inf,6413.93731809466
N21000245,N21000319,1,5846.277446326337,inf,inf,inf,5846.277446326337
N21000245,N21000324,1,6011.545153289002,inf,inf,inf,6011.545153289002
N21000245,N21000325,2,4480.139151961148,inf,inf,inf,4480.139151961148
N21000245,N21000329,8,3996.1534773082717,inf,inf,inf,3996.1534773082717
N21000245,N21000332,1,5975.004409058671,inf,inf,inf,5975.004409058671
N21000245,N21000335,23,4603.496692627043,inf,inf,inf,4603.496692627043
N21000246,N21000165,3,8168.9738084349365,inf,inf,inf,8168.9738084349365
N21000246,N21000172,1,6969.298786964649,inf,inf,inf,6969.298786964649
N21000246,N21000175,1,6249.323170459112,inf,inf,inf,6249.323170459112
N21000246,N21000187,1,8482.265231642803,inf,inf,inf,8482.265231642803
N21000246,N21000189,2,8033.88021533286,inf,inf,inf,8033.88021533286
N21000246,N21000192,23,8279.372938882738,inf,inf,inf,8279.372938882738
N21000246,N21000195,3,6415.299552126338,inf,inf,inf,6415.299552126338
N21000246,N21000196,1,6449.48884080369,inf,inf,inf,6449.48884080369
N21000246,N21000197,14,7369.131239699804,inf,inf,inf,7369.131239699804
N21000246,N21000198,17,5177.428745407247,inf,inf,inf,5177.428745407247
N21000246,N21000200,2,4480.404550046476,inf,inf,inf,4480.404550046476
N21000246,N21000202,2,4003.0825631493312,inf,inf,inf,4003.0825631493312
N21000246,N21000203,1,3908.09088955889,inf,inf,inf,3908.09088955889
N21000246,N21000205,5,3488.278094880275,inf,inf,inf,3488.278094880275
N21000246,N21000206,2,3615.842921509719,inf,inf,inf,3615.842921509719
N21000246,N21000207,4,2881.458537576837,inf,inf,inf,2881.458537576837
N21000246,N21000208,5,3198.8632359164535,inf,inf,inf,3198.8632359164535
N21000246,N21000209,4,3033.328021032019,inf,inf,inf,3033.328021032019
N21000246,N21000211,1,2971.7712536739978,inf,inf,3555.2784939735757,2971.7712536739978
N21000246,N21000212,1,2694.9569691328106,inf,inf,2694.9569691328106,2694.9569691328106
N21000246,N21000213,2,2412.480005679491,inf,inf,2412.480005679491,2412.480005679491
N21000246,N21000215,3,2260.3715124509445,inf,inf,2260.3715124509445,2260.3715124509445
N21000246,N21000216,9,2278.0894534362046,inf,inf,2595.6246403697273,2278.0894534362046
N21000246,N21000217,1,2370.442657211384,inf,inf,2370.442657211384,2370.442657211384
N21000246,N21000218,1,2062.1501643272795,inf,inf,2062.1501643272795,2062.1501643272795
N21000246,N21000219,1,6657.7594668422935,inf,inf,inf,6657.7594668422935
N21000246,N21000220,3,6372.704183251583,inf,inf,inf,6372.704183251583
N21000246,N21000221,6,6859.216271148751,inf,inf,inf,6859.216271148751
N21000246,N21000223,2,4121.375449643049,inf,inf,inf,4121.375449643049
N21000246,N21000224,6,5267.035924694824,inf,inf,inf,5267.035924694824
N21000246,N21000225,3,4279.453954654836,inf,inf,inf,4279.453954654836
N21000246,N21000226,4,3550.694585076069,inf,inf,4134.201825375647,3550.694585076069
N21000246,N21000230,2,4732.605039140629,inf,inf,inf,4732.605039140629
N21000246,N21000231,2,5369.344276696142,inf,inf,inf,5369.344276696142
N21000246,N21000232,1,3778.051200002213,inf,inf,4160.582697712005,3778.051200002213
N21000246,N21000235,3,3651.577941670849,inf,inf,inf,3651.577941670849
N21000246,N21000236,4,1840.2349813214223,inf,inf,1840.2349813214223,1840.2349813214223
N21000246,N21000237,12,2631.8306301520606,inf,inf,2631.8306301520606,2631.8306301520606
N21000246,N21000240,21,1508.4531411461849,inf,inf,1508.4531411461849,1508.4531411461849
N21000246,N21000241,4,1560.9063881774214,inf,inf,1560.9063881774214,1560.9063881774214
N21000246,N21000244,1,1435.6019123088488,inf,1435.6019123088488,1435.6019123088488,1435.6019123088488
N21000246,N21000245,1,1352.6228302176085,inf,inf,3369.6750551712953,1352.6228302176085
N21000246,N21000247,4,3634.371434516185,inf,inf,inf,3634.371434516185
N21000246,N21000249,10,1264.2708931792574,inf,inf,inf,1264.2708931792574
N21000246,N21000250,2,1461.473580468023,inf,inf,inf,1461.473580468023
N21000246,N21000251,35,4204.866856123645,inf,inf,inf,4204.866856123645
N21000246,N21000252,14,3733.7248594682956,inf,inf,inf,3733.7248594682956
N21000246,N21000253,4,3873.3660689375174,inf,inf,inf,3873.3660689375174
N21000246,N21000254,2,3473.635841101852,inf,inf,inf,3473.635841101852
N21000246,N21000256,9,4228.794231419101,inf,inf,inf,4228.794231419101
N21000246,N21000258,4,3760.6367069561525,inf,inf,5209.855687341186,3760.6367069561525
N21000246,N21000259,4,3012.3078080389646,inf,inf,4608.912902265238,3012.3078080389646
N21000246,N21000260,1,4220.176892805695,inf,inf,inf,4220.176892805695
N21000246,N21000261,2,4019.5637807709977,inf,inf,inf,4019.5637807709977
N21000246,N21000263,5,2541.1590058853117,inf,inf,2822.4159875611804,2541.1590058853117
N21000246,N21000264,7,2946.8924474247706,inf,inf,4196.642496307939,2946.8924474247706
N21000246,N21000265,2,3695.228091607953,inf,inf,inf,3695.228091607953
N21000246,N21000266,2,4100.723909467099,inf,inf,inf,4100.723909467099
N21000246,N21000267,6,2279.5288576272337,inf,inf,3241.2907863638025,2279.5288576272337
N21000246,N21000268,6,5615.49515552879,inf,inf,inf,5615.49515552879
N21000246,N21000269,2,1825.2137491788108,inf,inf,3074.963798061979,1825.2137491788108
N21000246,N21000270,3,3783.247326609046,inf,inf,inf,3783.247326609046
N21000246,N21000272,1,3512.326936237079,inf,inf,5303.82969129828,3512.326936237079
N21000246,N21000273,2,4717.3575453293715,inf,inf,inf,4717.3575453293715
N21000246,N21000274,6,6557.051546628746,inf,inf,inf,6557.051546628746
N21000246,N21000277,3,5190.063790734764,inf,inf,12731.784238605836,5190.063790734764
N21000246,N21000278,4,3980.800923806038,inf,inf,6138.836635456332,3980.800923806038
N21000246,N21000279,1,7275.220838795911,inf,inf,inf,7275.220838795911
N21000246,N21000282,1,5537.194048581364,inf,inf,7560.218567480121,5537.194048581364
N21000246,N21000283,1,7184.635164299177,inf,inf,9697.035604229755,7184.635164299177
N21000246,N21000284,1,8125.799995038386,inf,inf,14992.969340112102,8125.799995038386
N21000246,N21000294,2,8571.536574507023,inf,inf,inf,8571.536574507023
N21000246,N21000300,1,9397.747632066857,inf,inf,15081.129934424975,9397.747632066857
N21000246,N21000301,1,7830.814429055927,inf,inf,inf,7830.814429055927
N21000246,N21000302,1,6434.902494925612,inf,inf,inf,6434.902494925612
N21000246,N21000309,3,7158.739988729315,inf,inf,inf,7158.739988729315
N21000246,N21000312,1,8733.312484439464,inf,inf,inf,8733.312484439464
N21000246,N21000321,1,6853.490240473185,inf,inf,inf,6853.490240473185
N21000246,N21000325,2,5578.0002036885835,inf,inf,inf,5578.0002036885835
N21000246,N21000329,2,5094.014529035706,inf,inf,inf,5094.014529035706
N21000246,N21000334,1,4986.707975115008,inf,inf,inf,4986.707975115008
N21000246,N21000335,11,5701.357744354476,inf,inf,inf,5701.357744354476
N21000247,N21000171,3,8729.341875363993,inf,inf,inf,8729.341875363993
N21000247,N21000175,1,7999.468582646226,inf,inf,inf,7999.468582646226
N21000247,N21000177,1,7301.99438162508,inf,inf,inf,7301.99438162508
N21000247,N21000178,1,7062.700804459723,inf,inf,inf,7062.700804459723
N21000247,N21000188,2,9196.220058528059,inf,inf,inf,9196.220058528059
N21000247,N21000190,2,9362.045456517199,inf,inf,inf,9362.045456517199
N21000247,N21000193,1,9029.250068948091,inf,inf,inf,9029.250068948091
N21000247,N21000195,2,8061.0562112072475,inf,inf,inf,8061.0562112072475
N21000247,N21000196,1,8095.2454998846,inf,inf,inf,8095.2454998846
N21000247,N21000197,18,8783.72412733874,inf,inf,inf,8783.72412733874
N21000247,N21000198,26,6696.369148174405,inf,inf,inf,6696.369148174405
N21000247,N21000199,2,5769.178755301204,inf,inf,inf,5769.178755301204
N21000247,N21000200,3,5190.53387049895,inf,inf,inf,5190.53387049895
N21000247,N21000201,2,5127.168028527403,inf,inf,inf,5127.168028527403
N21000247,N21000202,5,5146.335436213058,inf,inf,inf,5146.335436213058
N21000247,N21000203,4,4708.766450954076,inf,inf,inf,4708.766450954076
N21000247,N21000205,6,4402.429365536998,inf,inf,inf,4402.429365536998
N21000247,N21000206,2,4422.631593286366,inf,inf,inf,4422.631593286366
N21000247,N21000207,5,4313.120878349051,inf,inf,inf,4313.120878349051
N21000247,N21000208,5,4548.821073316803,inf,inf,inf,4548.821073316803
N21000247,N21000209,3,4808.674697327932,inf,inf,inf,4808.674697327932
N21000247,N21000210,2,3842.070598220956,inf,inf,inf,3842.070598220956
N21000247,N21000211,2,3839.9650135965026,inf,inf,inf,3839.9650135965026
N21000247,N21000213,6,3930.9238269034645,inf,inf,inf,3930.9238269034645
N21000247,N21000214,4,4071.7126682464805,inf,inf,inf,4071.7126682464805
N21000247,N21000215,5,3566.2838202276025,inf,inf,inf,3566.2838202276025
N21000247,N21000216,8,3361.0723617585504,inf,inf,inf,3361.0723617585504
N21000247,N21000217,2,4339.287543854202,inf,inf,inf,4339.287543854202
N21000247,N21000219,3,6219.40610974155,inf,inf,inf,6219.40610974155
N21000247,N21000220,6,6122.3637647181895,inf,inf,inf,6122.3637647181895
N21000247,N21000221,17,5707.46180662936,inf,inf,inf,5707.46180662936
N21000247,N21000223,2,4584.113701918522,inf,inf,inf,4584.113701918522
N21000247,N21000224,2,4227.682602607899,inf,inf,inf,4227.682602607899
N21000247,N21000225,7,3933.950460257396,inf,inf,inf,3933.950460257396
N21000247,N21000226,6,3766.7056706171684,inf,inf,inf,3766.7056706171684
N21000247,N21000230,5,3580.850574621239,inf,inf,inf,3580.850574621239
N21000247,N21000231,3,3773.872159409434,inf,inf,inf,3773.872159409434
N21000247,N21000232,1,2638.644179444386,inf,inf,inf,2638.644179444386
N21000247,N21000233,3,2780.938245328577,inf,inf,inf,2780.938245328577
N21000247,N21000235,3,1729.0796714463916,inf,inf,inf,1729.0796714463916
N21000247,N21000236,2,3340.7420202062444,inf,inf,inf,3340.7420202062444
N21000247,N21000237,13,2755.3002386257795,inf,inf,inf,2755.3002386257795
N21000247,N21000239,4,3788.8442259100825,inf,inf,inf,3788.8442259100825
N21000247,N21000240,37,2849.606650261019,inf,inf,inf,2849.606650261019
N21000247,N21000242,10,1342.0688311868132,inf,inf,inf,1342.0688311868132
N21000247,N21000243,3,3318.2012885118033,inf,inf,inf,3318.2012885118033
N21000247,N21000244,1,2458.3282905922415,inf,inf,inf,2458.3282905922415
N21000247,N21000245,1,4727.94984654472,inf,inf,inf,4727.94984654472
N21000247,N21000246,2,3634.3714345161857,inf,inf,inf,3634.3714345161857
N21000247,N21000248,7,3659.8134390602218,inf,inf,inf,3659.8134390602218
N21000247,N21000249,5,4639.5979095063685,inf,inf,inf,4639.5979095063685
N21000247,N21000250,1,3488.4528540528513,inf,inf,inf,3488.4528540528513
N21000247,N21000251,65,6332.443568401489,inf,inf,inf,6332.443568401489
N21000247,N21000252,18,5379.481518549204,inf,inf,inf,5379.481518549204
N21000247,N21000253,14,6477.025333640855,inf,inf,inf,6477.025333640855
N21000247,N21000254,6,6245.217306679534,inf,inf,inf,6245.217306679534
N21000247,N21000256,16,7234.26930473404,inf,inf,inf,7234.26930473404
N21000247,N21000258,5,6756.106014632849,inf,inf,inf,6756.106014632849
N21000247,N21000259,3,6007.777115715662,inf,inf,inf,6007.777115715662
N21000247,N21000261,1,7269.803601793671,inf,inf,inf,7269.803601793671
N21000247,N21000263,6,5215.359584693148,inf,inf,inf,5215.359584693148
N21000247,N21000264,5,6322.2194637518805,inf,inf,inf,6322.2194637518805
N21000247,N21000265,4,7070.5551079350635,inf,inf,inf,7070.5551079350635
N21000247,N21000266,1,7476.050925794209,inf,inf,inf,7476.050925794209
N21000247,N21000267,2,5417.492499342094,inf,inf,inf,5417.492499342094
N21000247,N21000268,31,8990.8221718559,inf,inf,inf,8990.8221718559
N21000247,N21000269,2,5200.5407655059225,inf,inf,inf,5200.5407655059225
N21000247,N21000270,9,7158.574342936155,inf,inf,inf,7158.574342936155
N21000247,N21000271,1,6404.417314760751,inf,inf,inf,6404.417314760751
N21000247,N21000272,4,6690.545737218756,inf,inf,inf,6690.545737218756
N21000247,N21000273,5,7895.57634631105,inf,inf,inf,7895.57634631105
N21000247,N21000277,5,8368.282591716443,inf,inf,inf,8368.282591716443
N21000247,N21000278,4,7159.019724787714,inf,inf,inf,7159.019724787714
N21000247,N21000317,2,9341.831280476152,inf,inf,inf,9341.831280476152
N21000247,N21000319,1,8694.283910240885,inf,inf,inf,8694.283910240885
N21000247,N21000321,1,8716.435143723827,inf,inf,inf,8716.435143723827
N21000247,N21000323,1,8368.191651616242,inf,inf,inf,8368.191651616242
N21000247,N21000325,4,7440.945106939225,inf,inf,inf,7440.945106939225
N21000247,N21000329,1,7136.287500525619,inf,inf,inf,7136.287500525619
N21000247,N21000331,1,7890.3088057132,inf,inf,inf,7890.3088057132
N21000247,N21000332,1,9253.468114349389,inf,inf,inf,9253.468114349389
N21000247,N21000335,17,7881.960397917757,inf,inf,inf,7881.960397917757
N21000248,N21000174,3,7346.90464450065,inf,inf,inf,7346.90464450065
N21000248,N21000175,2,6360.5043753086875,inf,inf,inf,6360.5043753086875
N21000248,N21000178,2,5423.736597122184,inf,inf,inf,5423.736597122184
N21000248,N21000186,1,8540.15966180605,inf,inf,inf,8540.15966180605
N21000248,N21000188,1,7799.514960515662,inf,inf,inf,7799.514960515662
N21000248,N21000189,2,8145.0614201824355,inf,inf,inf,8145.0614201824355
N21000248,N21000190,1,7965.3403585048045,inf,inf,inf,7965.3403585048045
N21000248,N21000192,34,8543.350142480003,inf,inf,inf,8543.350142480003
N21000248,N21000193,1,7390.285861610553,inf,inf,inf,7390.285861610553
N21000248,N21000195,4,6664.35111319485,inf,inf,inf,6664.35111319485
N21000248,N21000196,1,6648.9548244779535,inf,inf,inf,6648.9548244779535
N21000248,N21000197,12,7658.67732190115,inf,inf,inf,7658.67732190115
N21000248,N21000198,17,5466.974827608593,inf,inf,inf,5466.974827608593
N21000248,N21000200,1,4769.950632247823,inf,inf,inf,4769.950632247823
N21000248,N21000201,1,4375.738481849505,inf,inf,inf,4375.738481849505
N21000248,N21000202,1,4292.628645350678,inf,inf,inf,4292.628645350678
N21000248,N21000203,5,4197.636971760237,inf,inf,inf,4197.636971760237
N21000248,N21000204,2,3606.079095913423,inf,inf,inf,3606.079095913423
N21000248,N21000205,5,3777.824177081622,inf,inf,inf,3777.824177081622
N21000248,N21000207,1,3171.0046197781835,inf,inf,inf,3171.0046197781835
N21000248,N21000208,2,3488.4093181178,inf,inf,inf,3488.4093181178
N21000248,N21000209,2,3322.8741032333655,inf,inf,inf,3322.8741032333655
N21000248,N21000211,2,3261.3173358753447,inf,inf,3844.8245761749217,3261.3173358753447
N21000248,N21000213,4,2702.0260878808376,inf,inf,2702.0260878808376,2702.0260878808376
N21000248,N21000214,1,2432.8312585591466,inf,inf,2432.8312585591466,2432.8312585591466
N21000248,N21000216,1,2567.635535637552,inf,inf,2885.1707225710734,2567.635535637552
N21000248,N21000219,1,6947.30554904364,inf,inf,inf,6947.30554904364
N21000248,N21000220,1,6662.250265452932,inf,inf,inf,6662.250265452932
N21000248,N21000221,16,6954.913716882611,inf,inf,inf,6954.913716882611
N21000248,N21000222,1,5004.116855180366,inf,inf,inf,5004.116855180366
N21000248,N21000223,1,4410.921531844396,inf,inf,inf,4410.921531844396
N21000248,N21000224,4,5475.134512861148,inf,inf,inf,5475.134512861148
N21000248,N21000225,3,4569.000036856183,inf,inf,inf,4569.000036856183
N21000248,N21000226,5,3840.240667277416,inf,inf,4423.7479075769925,3840.240667277416
N21000248,N21000230,3,4828.302484874489,inf,inf,inf,4828.302484874489
N21000248,N21000231,2,5465.041722430002,inf,inf,inf,5465.041722430002
N21000248,N21000235,1,3731.7502137458646,inf,inf,inf,3731.7502137458646
N21000248,N21000236,2,2129.781063522769,inf,inf,2129.781063522769,2129.781063522769
N21000248,N21000237,7,2921.3767123534076,inf,inf,2921.3767123534076,2921.3767123534076
N21000248,N21000239,2,2020.3429215179349,inf,inf,2020.3429215179349,2020.3429215179349
N21000248,N21000240,15,1700.7527210366507,inf,inf,1700.7527210366507,1700.7527210366507
N21000248,N21000241,10,1850.4524703787679,inf,inf,1850.4524703787679,1850.4524703787679
N21000248,N21000243,2,947.5342860799751,947.5342860799751,947.5342860799751,947.5342860799751,947.5342860799751
N21000248,N21000244,4,1574.758318718159,inf,1574.758318718159,1574.758318718159,1574.758318718159
N21000248,N21000245,3,1463.8040350671836,inf,inf,3659.221137372642,1463.8040350671836
N21000248,N21000247,3,3659.8134390602227,inf,inf,inf,3659.8134390602227
N21000248,N21000249,7,1375.4520980288328,inf,inf,inf,1375.4520980288328
N21000248,N21000250,5,1389.8025374221731,inf,inf,inf,1389.8025374221731
N21000248,N21000251,72,4316.048060973221,inf,inf,inf,4316.048060973221
N21000248,N21000252,26,4023.270941669642,inf,inf,inf,4023.270941669642
N21000248,N21000253,11,3984.547273787093,inf,inf,inf,3984.547273787093
N21000248,N21000254,11,3584.8170459514276,inf,inf,inf,3584.8170459514276
N21000248,N21000256,22,4339.975436268676,inf,inf,inf,4339.975436268676
N21000248,N21000258,16,3871.817911805728,inf,inf,5499.401769542533,3871.817911805728
N21000248,N21000259,3,3123.48901288854,inf,inf,4898.458984466585,3123.48901288854
N21000248,N21000260,1,4331.35809765527,inf,inf,inf,4331.35809765527
N21000248,N21000261,1,4130.744985620573,inf,inf,inf,4130.744985620573
N21000248,N21000263,6,2652.3402107348866,inf,inf,3111.962069762527,2652.3402107348866
N21000248,N21000264,13,3058.0736522743455,inf,inf,4486.1885785092845,3058.0736522743455
N21000248,N21000265,3,3806.409296457528,inf,inf,inf,3806.409296457528
N21000248,N21000266,1,4211.9051143166735,inf,inf,inf,4211.9051143166735
N21000248,N21000267,6,2390.710062476809,inf,inf,3530.836868565149,2390.710062476809
N21000248,N21000268,13,5726.676360378366,inf,inf,inf,5726.676360378366
N21000248,N21000269,4,1936.3949540283859,inf,inf,3364.5098802633256,1936.3949540283859
N21000248,N21000270,4,3894.4285314586214,inf,inf,inf,3894.4285314586214
N21000248,N21000274,15,6668.232751478321,inf,inf,inf,6668.232751478321
N21000248,N21000275,3,6584.172837444534,inf,inf,inf,6584.172837444534
N21000248,N21000277,1,5301.24499558434,inf,inf,13021.330320807185,5301.24499558434
N21000248,N21000278,6,4091.982128655614,inf,inf,6428.382717657681,4091.982128655614
N21000248,N21000279,1,7386.402043645486,inf,inf,inf,7386.402043645486
N21000248,N21000282,1,5648.37525343094,inf,inf,7849.76464968147,5648.37525343094
N21000248,N21000283,5,7295.816369148753,inf,inf,9986.581686431104,7295.816369148753
N21000248,N21000293,1,9172.972946978656,inf,inf,inf,9172.972946978656
N21000248,N21000294,5,8682.717779356597,inf,inf,inf,8682.717779356597
N21000248,N21000300,1,9508.928836916431,inf,inf,15370.676016626323,9508.928836916431
N21000248,N21000303,3,5783.765207353379,inf,inf,inf,5783.765207353379
N21000248,N21000305,1,6598.085174001856,inf,inf,inf,6598.085174001856
N21000248,N21000309,1,7269.921193578891,inf,inf,inf,7269.921193578891
N21000248,N21000310,1,8685.37135768369,inf,inf,inf,8685.37135768369
N21000248,N21000311,1,8121.963193430924,inf,inf,inf,8121.963193430924
N21000248,N21000312,1,8844.493689289038,inf,inf,inf,8844.493689289038
N21000248,N21000315,1,7822.727090507185,inf,inf,inf,7822.727090507185
N21000248,N21000318,1,9510.277517696657,inf,inf,inf,9510.277517696657
N21000248,N21000319,1,7055.319702903347,inf,inf,inf,7055.319702903347
N21000248,N21000323,1,6616.427953215175,inf,inf,inf,6616.427953215175
N21000248,N21000325,2,5689.181408538159,inf,inf,inf,5689.181408538159
N21000248,N21000326,1,8211.682530108978,inf,inf,inf,8211.682530108978
N21000248,N21000329,2,5205.195733885282,inf,inf,inf,5205.195733885282
N21000248,N21000331,2,5914.5440242594705,inf,inf,inf,5914.5440242594705
N21000248,N21000335,26,5812.538949204052,inf,inf,inf,5812.538949204052
N21000249,N21000165,4,7541.51926255872,inf,inf,inf,7541.51926255872
N21000249,N21000172,1,6341.844241088432,inf,inf,inf,6341.844241088432
N21000249,N21000174,1,6608.268893774857,inf,inf,inf,6608.268893774857
N21000249,N21000175,10,5621.868624582895,inf,inf,inf,5621.868624582895
N21000249,N21000178,3,4685.100846396392,inf,inf,inf,4685.100846396392
N21000249,N21000188,1,7060.8792097898695,inf,inf,inf,7060.8792097898695
N21000249,N21000189,2,7406.425669456643,inf,inf,inf,7406.425669456643
N21000249,N21000190,1,7226.704607779012,inf,inf,inf,7226.704607779012
N21000249,N21000192,28,7804.7143917542135,inf,inf,inf,7804.7143917542135
N21000249,N21000195,1,5925.715362469058,inf,inf,inf,5925.715362469058
N21000249,N21000197,8,7942.509647211973,inf,inf,inf,7942.509647211973
N21000249,N21000198,15,5165.860442163148,inf,inf,inf,5165.860442163148
N21000249,N21000203,1,4982.668556553568,inf,inf,inf,4982.668556553568
N21000249,N21000205,1,4457.668487283828,inf,inf,inf,4457.668487283828
N21000249,N21000209,2,2862.890422766673,inf,inf,inf,2862.890422766673
N21000249,N21000211,1,4046.3489206686736,inf,inf,inf,4046.3489206686736
N21000249,N21000213,1,3094.7392336628236,inf,inf,inf,3094.7392336628236
N21000249,N21000216,1,3352.6671204308814,inf,inf,inf,3352.6671204308814
N21000249,N21000219,1,7732.337133836971,inf,inf,inf,7732.337133836971
N21000249,N21000220,2,7447.281850246262,inf,inf,inf,7447.281850246262
N21000249,N21000221,9,7934.698187328756,inf,inf,inf,7934.698187328756
N21000249,N21000224,1,6341.6135916895,inf,inf,inf,6341.6135916895
N21000249,N21000225,2,5354.031621649512,inf,inf,inf,5354.031621649512
N21000249,N21000230,1,5808.086955320633,inf,inf,inf,5808.086955320633
N21000249,N21000231,5,6444.826192876146,inf,inf,inf,6444.826192876146
N21000249,N21000237,5,3706.408297146737,inf,inf,inf,3706.408297146737
N21000249,N21000240,2,2772.7240343254416,inf,inf,inf,2772.7240343254416
N21000249,N21000241,4,1701.957346018074,inf,inf,inf,1701.957346018074
N21000249,N21000242,1,3920.444882403483,inf,inf,inf,3920.444882403483
N21000249,N21000247,1,4639.597909506368,inf,inf,inf,4639.597909506368
N21000249,N21000248,2,1375.4520980288323,inf,inf,inf,1375.4520980288323
N21000249,N21000250,1,2369.587007868319,inf,inf,inf,2369.587007868319
N21000249,N21000251,54,3577.4123102474286,inf,inf,inf,3577.4123102474286
N21000249,N21000252,21,3380.194698311733,inf,inf,inf,3380.194698311733
N21000249,N21000253,12,3245.9115230613006,inf,inf,inf,3245.9115230613006
N21000249,N21000254,8,2846.181295225635,inf,inf,inf,2846.181295225635
N21000249,N21000255,1,4017.52292257691,inf,inf,inf,4017.52292257691
N21000249,N21000256,32,3380.496335421402,inf,inf,inf,3380.496335421402
N21000249,N21000258,6,2975.3783941594706,inf,inf,inf,2975.3783941594706
N21000249,N21000259,3,2384.8532621627473,inf,inf,inf,2384.8532621627473
N21000249,N21000261,2,3171.2658847732982,inf,inf,inf,3171.2658847732982
N21000249,N21000262,1,1997.623347474226,inf,inf,inf,1997.623347474226
N21000249,N21000263,4,1914.1367202034296,inf,inf,inf,1914.1367202034296
N21000249,N21000264,20,2098.5945514270707,inf,inf,inf,2098.5945514270707
N21000249,N21000265,1,2846.9301956102536,inf,inf,inf,2846.9301956102536
N21000249,N21000267,3,1520.7703671744382,inf,inf,inf,1520.7703671744382
N21000249,N21000268,10,4767.19725953109,inf,inf,inf,4767.19725953109
N21000249,N21000269,1,976.9158531811114,inf,inf,inf,976.9158531811114
N21000249,N21000270,2,2934.9494306113465,inf,inf,inf,2934.9494306113465
N21000249,N21000271,3,2180.7924024359404,inf,inf,inf,2180.7924024359404
N21000249,N21000272,1,2942.994401215669,inf,inf,inf,2942.994401215669
N21000249,N21000273,1,3872.975173012948,inf,inf,inf,3872.975173012948
N21000249,N21000274,8,5708.753650631047,inf,inf,inf,5708.753650631047
N21000249,N21000277,3,4345.6814184183395,inf,inf,inf,4345.6814184183395
N21000249,N21000278,7,3411.468388784628,inf,inf,inf,3411.468388784628
N21000249,N21000283,4,6340.252791982753,inf,inf,inf,6340.252791982753
N21000249,N21000284,1,7281.417622721962,inf,inf,inf,7281.417622721962
N21000249,N21000285,1,6285.692191070428,inf,inf,inf,6285.692191070428
N21000249,N21000295,3,9541.80138228027,inf,inf,inf,9541.80138228027
N21000249,N21000301,1,6982.516533058228,inf,inf,inf,6982.516533058228
N21000249,N21000303,5,4824.286106506104,inf,inf,inf,4824.286106506104
N21000249,N21000306,1,6032.629793634781,inf,inf,inf,6032.629793634781
N21000249,N21000309,4,6310.442092731616,inf,inf,inf,6310.442092731616
N21000249,N21000310,4,7725.892256836415,inf,inf,inf,7725.892256836415
N21000249,N21000317,1,6884.343823945878,inf,inf,inf,6884.343823945878
N21000249,N21000324,1,6481.951659140219,inf,inf,inf,6481.951659140219
N21000249,N21000325,1,4950.545657812367,inf,inf,inf,4950.545657812367
N21000249,N21000327,1,6189.976327174589,inf,inf,inf,6189.976327174589
N21000249,N21000329,2,4466.55998315949,inf,inf,inf,4466.55998315949
N21000249,N21000331,1,5175.908273533676,inf,inf,inf,5175.908273533676
N21000249,N21000332,2,6445.410914909888,inf,inf,inf,6445.410914909888
N21000249,N21000334,1,4359.253429238791,inf,inf,inf,4359.253429238791
N21000249,N21000335,49,5072.174582683383,inf,inf,inf,5072.174582683383
N21000250,N21000167,1,8476.521032375002,inf,inf,inf,8476.521032375002
N21000250,N21000170,3,9140.337877175047,inf,inf,inf,9140.337877175047
N21000250,N21000171,1,7970.723877534223,inf,inf,inf,7970.723877534223
N21000250,N21000175,5,7240.850584816457,inf,inf,inf,7240.850584816457
N21000250,N21000178,5,6304.082806629954,inf,inf,inf,6304.082806629954
N21000250,N21000186,2,9178.246761988681,inf,inf,inf,9178.246761988681
N21000250,N21000187,2,9473.792646000145,inf,inf,inf,9473.792646000145
N21000250,N21000189,5,9025.407629690204,inf,inf,inf,9025.407629690204
N21000250,N21000192,34,9166.511600133876,inf,inf,inf,9166.511600133876
N21000250,N21000195,4,7302.43821337748,inf,inf,inf,7302.43821337748
N21000250,N21000196,1,7336.627502054832,inf,inf,inf,7336.627502054832
N21000250,N21000197,7,8256.269900950943,inf,inf,inf,8256.269900950943
N21000250,N21000198,17,6064.567406658387,inf,inf,inf,6064.567406658387
N21000250,N21000200,1,5331.107723304198,inf,inf,inf,5331.107723304198
N21000250,N21000201,3,4973.331060899301,inf,inf,inf,4973.331060899301
N21000250,N21000203,1,4758.794062816612,inf,inf,inf,4758.794062816612
N21000250,N21000204,1,4203.671674963217,inf,inf,inf,4203.671674963217
N21000250,N21000205,7,4338.981268137995,inf,inf,inf,4338.981268137995
N21000250,N21000206,1,4466.546094767438,inf,inf,inf,4466.546094767438
N21000250,N21000207,1,3768.5971988279784,inf,inf,inf,3768.5971988279784
N21000250,N21000208,2,4086.001897167595,inf,inf,inf,4086.001897167595
N21000250,N21000209,4,3920.4666822831605,inf,inf,inf,3920.4666822831605
N21000250,N21000211,1,3822.474426931718,inf,inf,inf,3822.474426931718
N21000250,N21000213,1,3299.6186669306326,inf,inf,inf,3299.6186669306326
N21000250,N21000215,1,3147.510173702086,inf,inf,inf,3147.510173702086
N21000250,N21000216,1,3128.7926266939257,inf,inf,inf,3128.7926266939257
N21000250,N21000219,1,7311.3687150039905,inf,inf,inf,7311.3687150039905
N21000250,N21000220,3,7214.32636998063,inf,inf,inf,7214.32636998063
N21000250,N21000221,11,6799.424411891802,inf,inf,inf,6799.424411891802
N21000250,N21000223,1,4972.078622900769,inf,inf,inf,4972.078622900769
N21000250,N21000224,4,5319.64520787034,inf,inf,inf,5319.64520787034
N21000250,N21000225,2,5025.913065519839,inf,inf,inf,5025.913065519839
N21000250,N21000226,1,4401.397758333788,inf,inf,inf,4401.397758333788
N21000250,N21000230,3,4672.813179883681,inf,inf,inf,4672.813179883681
N21000250,N21000231,2,5309.552417439194,inf,inf,inf,5309.552417439194
N21000250,N21000232,2,3725.650366151311,inf,inf,inf,3725.650366151311
N21000250,N21000236,1,2727.3736425725638,inf,inf,inf,2727.3736425725638
N21000250,N21000239,3,2617.9355005677294,inf,inf,inf,2617.9355005677294
N21000250,N21000240,10,2211.3586578227696,inf,inf,inf,2211.3586578227696
N21000250,N21000241,10,2448.0450494285633,inf,inf,inf,2448.0450494285633
N21000250,N21000242,3,2776.778015603532,inf,inf,inf,2776.778015603532
N21000250,N21000243,1,1601.899277831838,inf,inf,inf,1601.899277831838
N21000250,N21000247,3,3488.4528540528518,inf,inf,inf,3488.4528540528518
N21000250,N21000248,13,1389.8025374221727,inf,inf,inf,1389.8025374221727
N21000250,N21000249,7,2369.5870078683197,inf,inf,inf,2369.5870078683197
N21000250,N21000251,73,5310.182970812711,inf,inf,inf,5310.182970812711
N21000250,N21000252,17,4620.863520719436,inf,inf,inf,4620.863520719436
N21000250,N21000253,13,4978.682183626581,inf,inf,inf,4978.682183626581
N21000250,N21000254,12,4578.951955790916,inf,inf,inf,4578.951955790916
N21000250,N21000256,20,5334.110346108166,inf,inf,inf,5334.110346108166
N21000250,N21000258,4,4865.952821645215,inf,inf,inf,4865.952821645215
N21000250,N21000259,2,4117.623922728028,inf,inf,inf,4117.623922728028
N21000250,N21000261,2,5124.879895460062,inf,inf,inf,5124.879895460062
N21000250,N21000263,5,3646.475120574374,inf,inf,inf,3646.475120574374
N21000250,N21000264,29,4052.208562113834,inf,inf,inf,4052.208562113834
N21000250,N21000265,7,4800.544206297016,inf,inf,inf,4800.544206297016
N21000250,N21000266,2,5206.040024156162,inf,inf,inf,5206.040024156162
N21000250,N21000267,1,3384.8449723162985,inf,inf,inf,3384.8449723162985
N21000250,N21000268,11,6720.811270217855,inf,inf,inf,6720.811270217855
N21000250,N21000269,2,2930.529863867874,inf,inf,inf,2930.529863867874
N21000250,N21000270,7,4888.563441298108,inf,inf,inf,4888.563441298108
N21000250,N21000272,1,4322.77795182232,inf,inf,inf,4322.77795182232
N21000250,N21000273,2,5527.808560914614,inf,inf,inf,5527.808560914614
N21000250,N21000274,7,7443.375011360229,inf,inf,inf,7443.375011360229
N21000250,N21000275,2,7359.315097326442,inf,inf,inf,7359.315097326442
N21000250,N21000276,1,8619.953542632986,inf,inf,inf,8619.953542632986
N21000250,N21000277,3,6000.514806320006,inf,inf,inf,6000.514806320006
N21000250,N21000278,6,4791.251939391278,inf,inf,inf,4791.251939391278
N21000250,N21000279,1,8161.544303527394,inf,inf,inf,8161.544303527394
N21000250,N21000280,1,8303.36103023362,inf,inf,inf,8303.36103023362
N21000250,N21000283,1,7995.086179884419,inf,inf,inf,7995.086179884419
N21000250,N21000284,3,8936.251010623626,inf,inf,inf,8936.251010623626
N21000250,N21000286,2,9474.780480946507,inf,inf,inf,9474.780480946507
N21000250,N21000303,5,6777.9001171928685,inf,inf,inf,6777.9001171928685
N21000250,N21000305,1,7592.2200838413455,inf,inf,inf,7592.2200838413455
N21000250,N21000308,1,8865.139766792623,inf,inf,inf,8865.139766792623
N21000250,N21000309,5,8264.05610341838,inf,inf,inf,8264.05610341838
N21000250,N21000311,2,8897.105453312832,inf,inf,inf,8897.105453312832
N21000250,N21000312,2,9619.635949170946,inf,inf,inf,9619.635949170946
N21000250,N21000322,1,7111.446058647507,inf,inf,inf,7111.446058647507
N21000250,N21000323,1,7609.573653786473,inf,inf,inf,7609.573653786473
N21000250,N21000325,3,6682.327109109456,inf,inf,inf,6682.327109109456
N21000250,N21000329,5,6199.330643724771,inf,inf,inf,6199.330643724771
N21000250,N21000332,3,8178.18157547517,inf,inf,inf,8178.18157547517
N21000250,N21000335,19,6806.673859043542,inf,inf,inf,6806.673859043542
N21000251,N21000174,1,3252.6400093881575,inf,inf,inf,3252.6400093881575
N21000251,N21000175,4,2284.916790876685,inf,inf,inf,2284.916790876685
N21000251,N21000177,1,1720.8608729880418,inf,inf,inf,1720.8608729880418
N21000251,N21000178,2,1348.1490126901847,inf,inf,inf,1348.1490126901847
N21000251,N21000186,1,4652.146730988452,inf,inf,inf,4652.146730988452
N21000251,N21000192,28,4955.893923115748,inf,inf,inf,4955.893923115748
N21000251,N21000193,1,3314.698277178553,inf,inf,inf,3314.698277178553
N21000251,N21000197,3,6040.991102588168,inf,inf,inf,6040.991102588168
N21000251,N21000198,46,2999.0216353133364,inf,inf,inf,2999.0216353133364
N21000251,N21000200,1,3998.016700064643,inf,inf,inf,3998.016700064643
N21000251,N21000208,1,2613.9105766671996,inf,inf,inf,2613.9105766671996
N21000251,N21000209,2,1773.6103063305582,inf,inf,inf,1773.6103063305582
N21000251,N21000216,1,3754.194404666398,inf,inf,inf,3754.194404666398
N21000251,N21000221,1,7551.159444011376,inf,inf,inf,7551.159444011376
N21000251,N21000222,1,5042.894309464506,inf,inf,inf,5042.894309464506
N21000251,N21000225,1,4964.6561767662815,inf,inf,inf,4964.6561767662815
N21000251,N21000226,2,4394.473766284549,inf,inf,inf,4394.473766284549
N21000251,N21000231,1,6836.470090442576,inf,inf,inf,6836.470090442576
N21000251,N21000240,1,4244.9876782053825,inf,inf,inf,4244.9876782053825
N21000251,N21000241,4,3246.486178490957,inf,inf,inf,3246.486178490957
N21000251,N21000243,1,4137.103600322065,inf,inf,inf,4137.103600322065
N21000251,N21000252,29,952.9620498522818,inf,inf,inf,952.9620498522818
N21000251,N21000254,15,1256.6382039098496,inf,inf,inf,1256.6382039098496
N21000251,N21000255,1,1952.2232718500509,inf,inf,inf,1952.2232718500509
N21000251,N21000256,17,1410.7400007905223,inf,inf,inf,1410.7400007905223
N21000251,N21000257,1,2235.5678606610722,inf,inf,inf,2235.5678606610722
N21000251,N21000258,9,1146.357560214113,inf,inf,inf,1146.357560214113
N21000251,N21000259,1,1519.3901484767255,inf,inf,inf,1519.3901484767255
N21000251,N21000261,1,1853.3399142252904,inf,inf,inf,1853.3399142252904
N21000251,N21000263,5,2599.77457319746,inf,inf,inf,2599.77457319746
N21000251,N21000264,13,1988.1983845023615,inf,inf,inf,1988.1983845023615
N21000251,N21000265,1,2352.6885909424627,inf,inf,inf,2352.6885909424627
N21000251,N21000266,1,2330.9412513155576,inf,inf,inf,2330.9412513155576
N21000251,N21000268,16,3323.438381223951,inf,inf,inf,3323.438381223951
N21000251,N21000269,2,2718.8959615178405,inf,inf,inf,2718.8959615178405
N21000251,N21000270,5,2670.388127990604,inf,inf,inf,2670.388127990604
N21000251,N21000271,2,2894.908602605383,inf,inf,inf,2894.908602605383
N21000251,N21000274,5,4913.923166331888,inf,inf,inf,4913.923166331888
N21000251,N21000276,1,6090.501697604647,inf,inf,inf,6090.501697604647
N21000251,N21000278,2,4754.904890744908,inf,inf,inf,4754.904890744908
N21000251,N21000279,1,5632.092458499053,inf,inf,inf,5632.092458499053
N21000251,N21000285,1,6860.7480665491075,inf,inf,inf,6860.7480665491075
N21000251,N21000287,1,9036.406020120878,inf,inf,inf,9036.406020120878
N21000251,N21000288,1,6741.428652601796,inf,inf,inf,6741.428652601796
N21000251,N21000300,1,7754.619251769998,inf,inf,inf,7754.619251769998
N21000251,N21000306,1,3665.89644704408,inf,inf,inf,3665.89644704408
N21000251,N21000309,3,3943.708746140914,inf,inf,inf,3943.708746140914
N21000251,N21000315,3,5094.584035963721,inf,inf,inf,5094.584035963721
N21000251,N21000318,1,5277.70285355856,inf,inf,inf,5277.70285355856
N21000251,N21000325,2,1456.6067444000557,inf,inf,inf,1456.6067444000557
N21000251,N21000326,1,3948.6604104211915,inf,inf,inf,3948.6604104211915
N21000251,N21000329,1,890.3175174804734,inf,inf,inf,890.3175174804734
N21000251,N21000335,29,1549.5168295162705,inf,inf,inf,1549.5168295162705
N21000252,N21000167,1,3960.079500495763,inf,inf,inf,3960.079500495763
N21000252,N21000169,1,4614.84503914666,inf,inf,inf,4614.84503914666
N21000252,N21000171,1,3454.282345654983,inf,inf,inf,3454.282345654983
N21000252,N21000175,1,2724.409052937215,inf,inf,inf,2724.409052937215
N21000252,N21000177,2,2068.3301151133974,inf,inf,inf,2068.3301151133974
N21000252,N21000178,2,1787.6412747507156,inf,inf,inf,1787.6412747507156
N21000252,N21000187,1,4957.35111412091,inf,inf,inf,4957.35111412091
N21000252,N21000188,1,3982.1810890334423,inf,inf,inf,3982.1810890334423
N21000252,N21000189,1,4508.966097810966,inf,inf,inf,4508.966097810966
N21000252,N21000190,1,4148.006487022583,inf,inf,inf,4148.006487022583
N21000252,N21000192,31,4711.090628469028,inf,inf,inf,4711.090628469028
N21000252,N21000193,1,3754.1905392390836,inf,inf,inf,3754.1905392390836
N21000252,N21000196,1,2881.2065303899826,inf,inf,inf,2881.2065303899826
N21000252,N21000197,1,5347.491729642598,inf,inf,inf,5347.491729642598
N21000252,N21000198,8,2409.1140720350522,inf,inf,inf,2409.1140720350522
N21000252,N21000205,1,2149.318912710421,inf,inf,inf,2149.318912710421
N21000252,N21000208,2,1660.9485268149174,inf,inf,inf,1660.9485268149174
N21000252,N21000209,3,820.6482564782757,inf,inf,inf,820.6482564782757
N21000252,N21000221,2,6598.197394159093,inf,inf,inf,6598.197394159093
N21000252,N21000226,1,3441.5117164322683,inf,inf,inf,3441.5117164322683
N21000252,N21000237,2,3546.809169901987,inf,inf,inf,3546.809169901987
N21000252,N21000240,1,3292.0256283531007,inf,inf,inf,3292.0256283531007
N21000252,N21000241,6,2891.222651332027,inf,inf,inf,2891.222651332027
N21000252,N21000245,1,2909.788192460515,inf,inf,inf,2909.788192460515
N21000252,N21000248,1,4023.270941669642,inf,inf,inf,4023.270941669642
N21000252,N21000251,63,952.9620498522817,inf,inf,inf,952.9620498522817
N21000252,N21000253,7,1097.5438150916498,inf,inf,inf,1097.5438150916498
N21000252,N21000254,18,1059.4205919741535,inf,inf,inf,1059.4205919741535
N21000252,N21000256,3,2025.294262681952,inf,inf,inf,2025.294262681952
N21000252,N21000258,4,1712.4370124727013,inf,inf,inf,1712.4370124727013
N21000252,N21000259,1,1618.0808337533686,inf,inf,inf,1618.0808337533686
N21000252,N21000261,1,2461.7465614828907,inf,inf,inf,2461.7465614828907
N21000252,N21000263,3,2068.4584453161146,inf,inf,inf,2068.4584453161146
N21000252,N21000264,3,2511.3152808635987,inf,inf,inf,2511.3152808635987
N21000252,N21000265,2,2961.095238200063,inf,inf,inf,2961.095238200063
N21000252,N21000266,2,2939.347898573158,inf,inf,inf,2939.347898573158
N21000252,N21000268,5,4104.045031290109,inf,inf,inf,4104.045031290109
N21000252,N21000270,3,3278.794775248204,inf,inf,inf,3278.794775248204
N21000252,N21000273,2,4464.7980949321745,inf,inf,inf,4464.7980949321745
N21000252,N21000274,5,5522.329813589488,inf,inf,inf,5522.329813589488
N21000252,N21000277,1,5107.723738610316,inf,inf,inf,5107.723738610316
N21000252,N21000281,1,6727.892505709576,inf,inf,inf,6727.892505709576
N21000252,N21000283,1,7102.295112174729,inf,inf,inf,7102.295112174729
N21000252,N21000284,1,8043.459942913939,inf,inf,inf,8043.459942913939
N21000252,N21000300,2,8363.025899027598,inf,inf,inf,8363.025899027598
N21000252,N21000302,1,3746.1342476198643,inf,inf,inf,3746.1342476198643
N21000252,N21000303,2,2994.185840418902,inf,inf,inf,2994.185840418902
N21000252,N21000305,2,4043.5433572950747,inf,inf,inf,4043.5433572950747
N21000252,N21000306,1,4618.858496896362,inf,inf,inf,4618.858496896362
N21000252,N21000308,4,5497.754459367437,inf,inf,inf,5497.754459367437
N21000252,N21000309,5,4896.670795993196,inf,inf,inf,4896.670795993196
N21000252,N21000311,1,6071.628252866994,inf,inf,inf,6071.628252866994
N21000252,N21000315,1,6047.546085816004,inf,inf,inf,6047.546085816004
N21000252,N21000325,1,2162.220472491006,inf,inf,inf,2162.220472491006
N21000252,N21000329,1,1816.4440196822543,inf,inf,inf,1816.4440196822543
N21000252,N21000332,1,3873.986595800179,inf,inf,inf,3873.986595800179
N21000252,N21000333,2,2789.1885778548613,inf,inf,inf,2789.1885778548613
N21000252,N21000334,1,1787.8291101290813,inf,inf,inf,1787.8291101290813
N21000252,N21000335,14,2502.478879368553,inf,inf,inf,2502.478879368553
N21000253,N21000165,1,4680.700642603321,inf,inf,inf,4680.700642603321
N21000253,N21000167,1,4015.3975028665377,inf,inf,inf,4015.3975028665377
N21000253,N21000175,2,2779.7270553079898,inf,inf,inf,2779.7270553079898
N21000253,N21000178,1,1842.9592771214905,inf,inf,inf,1842.9592771214905
N21000253,N21000188,2,4406.31229412937,inf,inf,inf,4406.31229412937
N21000253,N21000192,15,5415.3759146447655,inf,inf,inf,5415.3759146447655
N21000253,N21000195,1,3215.487256642085,inf,inf,inf,3215.487256642085
N21000253,N21000197,5,6368.021956806598,inf,inf,inf,6368.021956806598
N21000253,N21000198,26,3326.052489531766,inf,inf,inf,3326.052489531766
N21000253,N21000201,3,3593.330021978466,inf,inf,inf,3593.330021978466
N21000253,N21000202,2,3453.1310644956393,inf,inf,inf,3453.1310644956393
N21000253,N21000205,4,3246.8627278020704,inf,inf,inf,3246.8627278020704
N21000253,N21000206,2,3893.89155184383,inf,inf,inf,3893.89155184383
N21000253,N21000207,1,2318.1052754012103,inf,inf,inf,2318.1052754012103
N21000253,N21000209,1,1918.1920715699262,inf,inf,inf,1918.1920715699262
N21000253,N21000211,4,4012.4840635039745,inf,inf,inf,4012.4840635039745
N21000253,N21000220,2,6321.8922712935955,inf,inf,inf,6321.8922712935955
N21000253,N21000221,1,7695.741209250743,inf,inf,inf,7695.741209250743
N21000253,N21000225,1,5109.237942005649,inf,inf,inf,5109.237942005649
N21000253,N21000226,1,4539.055531523916,inf,inf,inf,4539.055531523916
N21000253,N21000236,1,3562.4306991319877,inf,inf,inf,3562.4306991319877
N21000253,N21000237,1,4644.352984993635,inf,inf,inf,4644.352984993635
N21000253,N21000240,1,4388.151718755395,inf,inf,inf,4388.151718755395
N21000253,N21000241,2,2914.9853913048273,inf,inf,inf,2914.9853913048273
N21000253,N21000248,1,3984.547273787093,inf,inf,inf,3984.547273787093
N21000253,N21000252,23,1097.5438150916498,inf,inf,inf,1097.5438150916498
N21000253,N21000254,7,935.65723591166,inf,inf,inf,935.65723591166
N21000253,N21000255,1,1469.2337186498303,inf,inf,inf,1469.2337186498303
N21000253,N21000256,30,927.750447590302,inf,inf,inf,927.750447590302
N21000253,N21000259,4,1007.3469344642562,inf,inf,inf,1007.3469344642562
N21000253,N21000260,2,1699.639092290573,inf,inf,inf,1699.639092290573
N21000253,N21000262,1,1368.869359048958,inf,inf,inf,1368.869359048958
N21000253,N21000263,4,2268.2737860113307,inf,inf,inf,2268.2737860113307
N21000253,N21000264,14,1499.0612166683113,inf,inf,inf,1499.0612166683113
N21000253,N21000265,4,1863.5514231084128,inf,inf,inf,1863.5514231084128
N21000253,N21000266,2,1841.8040834815079,inf,inf,inf,1841.8040834815079
N21000253,N21000267,2,2132.1934965953133,inf,inf,inf,2132.1934965953133
N21000253,N21000268,11,3006.5012161984605,inf,inf,inf,3006.5012161984605
N21000253,N21000269,1,2333.7198113736326,inf,inf,inf,2333.7198113736326
N21000253,N21000270,3,2181.2509601565534,inf,inf,inf,2181.2509601565534
N21000253,N21000271,1,2405.7714347713327,inf,inf,inf,2405.7714347713327
N21000253,N21000272,2,3430.7607787528054,inf,inf,inf,3430.7607787528054
N21000253,N21000273,2,3367.2542798405248,inf,inf,inf,3367.2542798405248
N21000253,N21000274,6,4424.7859984978395,inf,inf,inf,4424.7859984978395
N21000253,N21000277,1,4010.179923518665,inf,inf,inf,4010.179923518665
N21000253,N21000278,1,4265.7677229108585,inf,inf,inf,4265.7677229108585
N21000253,N21000283,1,6004.7512970830785,inf,inf,inf,6004.7512970830785
N21000253,N21000286,1,6004.341204777984,inf,inf,inf,6004.341204777984
N21000253,N21000287,1,9069.252058377733,inf,inf,inf,9069.252058377733
N21000253,N21000294,1,6439.271026376113,inf,inf,inf,6439.271026376113
N21000253,N21000295,2,8257.83373014706,inf,inf,inf,8257.83373014706
N21000253,N21000300,1,7265.482083935949,inf,inf,inf,7265.482083935949
N21000253,N21000301,1,4337.163404412948,inf,inf,inf,4337.163404412948
N21000253,N21000305,1,3304.718764820734,inf,inf,inf,3304.718764820734
N21000253,N21000308,2,4577.638447772009,inf,inf,inf,4577.638447772009
N21000253,N21000309,4,3976.554784397769,inf,inf,inf,3976.554784397769
N21000253,N21000315,1,5127.430074220576,inf,inf,inf,5127.430074220576
N21000253,N21000318,1,5772.513117989865,inf,inf,inf,5772.513117989865
N21000253,N21000319,1,3455.8653322221608,inf,inf,inf,3455.8653322221608
N21000253,N21000321,1,3226.9070456159657,inf,inf,inf,3226.9070456159657
N21000253,N21000323,1,2878.6635535083806,inf,inf,inf,2878.6635535083806
N21000253,N21000327,1,3069.7920906450713,inf,inf,inf,3069.7920906450713
N21000253,N21000332,1,3296.711677509717,inf,inf,inf,3296.711677509717
N21000253,N21000335,22,1925.2039610780894,inf,inf,inf,1925.2039610780894
N21000254,N21000163,2,5791.075371867004,inf,inf,inf,5791.075371867004
N21000254,N21000170,1,5200.581810603911,inf,inf,inf,5200.581810603911
N21000254,N21000175,4,3301.0945182453124,inf,inf,inf,3301.0945182453124
N21000254,N21000178,2,2364.3267400588124,inf,inf,inf,2364.3267400588124
N21000254,N21000187,1,5534.0365794290055,inf,inf,inf,5534.0365794290055
N21000254,N21000188,4,4740.1051034522925,inf,inf,inf,4740.1051034522925
N21000254,N21000190,1,4905.930501441434,inf,inf,inf,4905.930501441434
N21000254,N21000192,18,5483.940285416634,inf,inf,inf,5483.940285416634
N21000254,N21000193,1,4330.876004547181,inf,inf,inf,4330.876004547181
N21000254,N21000195,1,3604.941256131481,inf,inf,inf,3604.941256131481
N21000254,N21000197,4,6213.227517772929,inf,inf,inf,6213.227517772929
N21000254,N21000198,6,3339.5836773238298,inf,inf,inf,3339.5836773238298
N21000254,N21000203,4,3660.880255062331,inf,inf,inf,3660.880255062331
N21000254,N21000204,1,1850.6862125100843,inf,inf,inf,1850.6862125100843
N21000254,N21000205,4,3015.0547008407507,inf,inf,inf,3015.0547008407507
N21000254,N21000206,1,3662.08352488251,inf,inf,inf,3662.08352488251
N21000254,N21000211,1,3780.6760365426553,inf,inf,inf,3780.6760365426553
N21000254,N21000215,2,2678.9334864519324,inf,inf,inf,2678.9334864519324
N21000254,N21000219,1,6378.590608335869,inf,inf,inf,6378.590608335869
N21000254,N21000221,1,7463.933182289425,inf,inf,inf,7463.933182289425
N21000254,N21000223,1,4388.012241014427,inf,inf,inf,4388.012241014427
N21000254,N21000225,2,4877.42991504433,inf,inf,inf,4877.42991504433
N21000254,N21000232,1,5219.691371040181,inf,inf,inf,5219.691371040181
N21000254,N21000237,1,4412.544958032317,inf,inf,inf,4412.544958032317
N21000254,N21000238,1,2870.735473927154,inf,inf,inf,2870.735473927154
N21000254,N21000239,1,3108.6358875273145,inf,inf,inf,3108.6358875273145
N21000254,N21000240,1,3988.4214909197303,inf,inf,inf,3988.4214909197303
N21000254,N21000241,4,2515.255163469162,inf,inf,inf,2515.255163469162
N21000254,N21000244,1,4317.045067925086,inf,inf,inf,4317.045067925086
N21000254,N21000248,1,3584.8170459514276,inf,inf,inf,3584.8170459514276
N21000254,N21000249,4,2846.181295225635,inf,inf,inf,2846.181295225635
N21000254,N21000251,58,1256.6382039098492,inf,inf,inf,1256.6382039098492
N21000254,N21000252,15,1059.4205919741535,inf,inf,inf,1059.4205919741535
N21000254,N21000253,15,935.6572359116606,inf,inf,inf,935.6572359116606
N21000254,N21000256,11,1534.8199032899022,inf,inf,inf,1534.8199032899022
N21000254,N21000258,15,1205.6875796618447,inf,inf,inf,1205.6875796618447
N21000254,N21000259,1,1084.0674306672704,inf,inf,inf,1084.0674306672704
N21000254,N21000262,1,1148.551246524607,inf,inf,inf,1148.551246524607
N21000254,N21000263,4,1868.5435581756649,inf,inf,inf,1868.5435581756649
N21000254,N21000264,9,1977.3018777775003,inf,inf,inf,1977.3018777775003
N21000254,N21000265,11,2468.383253439802,inf,inf,inf,2468.383253439802
N21000254,N21000266,4,2446.6359138128973,inf,inf,inf,2446.6359138128973
N21000254,N21000267,2,1732.4632687596481,inf,inf,inf,1732.4632687596481
N21000254,N21000268,12,3613.5706718980605,inf,inf,inf,3613.5706718980605
N21000254,N21000269,3,1987.6649464960465,inf,inf,inf,1987.6649464960465
N21000254,N21000270,1,2786.0827904879434,inf,inf,inf,2786.0827904879434
N21000254,N21000274,5,5029.617828829228,inf,inf,inf,5029.617828829228
N21000254,N21000275,1,4945.557914795441,inf,inf,inf,4945.557914795441
N21000254,N21000279,1,5747.787120996393,inf,inf,inf,5747.787120996393
N21000254,N21000283,1,6609.5831274144675,inf,inf,inf,6609.5831274144675
N21000254,N21000285,1,6976.442729046446,inf,inf,inf,6976.442729046446
N21000254,N21000291,1,7643.564599136463,inf,inf,inf,7643.564599136463
N21000254,N21000293,2,7534.358024329563,inf,inf,inf,7534.358024329563
N21000254,N21000295,2,8862.665560478454,inf,inf,inf,8862.665560478454
N21000254,N21000307,2,4496.2965351852845,inf,inf,inf,4496.2965351852845
N21000254,N21000308,1,5184.70790347161,inf,inf,inf,5184.70790347161
N21000254,N21000309,4,4583.62424009737,inf,inf,inf,4583.62424009737
N21000254,N21000311,1,5758.581696971167,inf,inf,inf,5758.581696971167
N21000254,N21000315,3,5734.499529920177,inf,inf,inf,5734.499529920177
N21000254,N21000318,1,6450.867660633288,inf,inf,inf,6450.867660633288
N21000254,N21000319,1,3995.909845839979,inf,inf,inf,3995.909845839979
N21000254,N21000321,1,3905.2615882593896,inf,inf,inf,3905.2615882593896
N21000254,N21000325,2,2629.771551474786,inf,inf,inf,2629.771551474786
N21000254,N21000326,1,5152.2726730456025,inf,inf,inf,5152.2726730456025
N21000254,N21000329,1,2145.78587682191,inf,inf,inf,2145.78587682191
N21000254,N21000331,3,2855.134167196099,inf,inf,inf,2855.134167196099
N21000254,N21000335,13,2753.1290921406835,inf,inf,inf,2753.1290921406835
N21000255,N21000163,1,5930.028784194978,inf,inf,inf,5930.028784194978
N21000255,N21000164,1,6155.287615653004,inf,inf,inf,6155.287615653004
N21000255,N21000170,1,4665.467531827638,inf,inf,inf,4665.467531827638
N21000255,N21000172,1,4234.682802548396,inf,inf,inf,4234.682802548396
N21000255,N21000175,5,4138.159583733575,inf,inf,inf,4138.159583733575
N21000255,N21000177,3,3574.103665844933,inf,inf,inf,3574.103665844933
N21000255,N21000189,2,5922.716628607326,inf,inf,inf,5922.716628607326
N21000255,N21000192,28,6884.609633294594,inf,inf,inf,6884.609633294594
N21000255,N21000193,2,5167.941070035444,inf,inf,inf,5167.941070035444
N21000255,N21000195,1,4573.919785067671,inf,inf,inf,4573.919785067671
N21000255,N21000197,4,7837.255675456431,inf,inf,inf,7837.255675456431
N21000255,N21000198,14,4795.286208181599,inf,inf,inf,4795.286208181599
N21000255,N21000199,1,6076.724349222749,inf,inf,inf,6076.724349222749
N21000255,N21000203,1,5361.92200067348,inf,inf,inf,5361.92200067348
N21000255,N21000205,3,4716.096446451904,inf,inf,inf,4716.096446451904
N21000255,N21000209,1,3387.425790219756,inf,inf,inf,3387.425790219756
N21000255,N21000213,1,4102.11670583898,inf,inf,inf,4102.11670583898
N21000255,N21000214,1,4231.360411774534,inf,inf,inf,4231.360411774534
N21000255,N21000215,2,4379.975232063084,inf,inf,inf,4379.975232063084
N21000255,N21000216,3,5368.009888555599,inf,inf,inf,5368.009888555599
N21000255,N21000218,2,4406.025092944178,inf,inf,inf,4406.025092944178
N21000255,N21000221,5,9164.974927900574,inf,inf,inf,9164.974927900574
N21000255,N21000222,2,6656.7097933537025,inf,inf,inf,6656.7097933537025
N21000255,N21000223,2,6089.053986625575,inf,inf,inf,6089.053986625575
N21000255,N21000224,1,7234.714461677349,inf,inf,inf,7234.714461677349
N21000255,N21000232,1,6920.7331166513295,inf,inf,inf,6920.7331166513295
N21000255,N21000237,1,6113.586703643467,inf,inf,inf,6113.586703643467
N21000255,N21000240,4,5390.612234030727,inf,inf,inf,5390.612234030727
N21000255,N21000249,1,4017.522922576911,inf,inf,inf,4017.522922576911
N21000255,N21000251,74,1952.2232718500504,inf,inf,inf,1952.2232718500504
N21000255,N21000252,10,2566.7775337414805,inf,inf,inf,2566.7775337414805
N21000255,N21000253,18,1469.2337186498305,inf,inf,inf,1469.2337186498305
N21000255,N21000254,7,2076.3031743494307,inf,inf,inf,2076.3031743494307
N21000255,N21000258,20,1419.303526089084,inf,inf,inf,1419.303526089084
N21000255,N21000259,4,1899.3368712766207,inf,inf,inf,1899.3368712766207
N21000255,N21000260,2,1361.857095153363,inf,inf,1361.857095153363,1361.857095153363
N21000255,N21000261,4,1574.6424630477811,inf,inf,1862.6441500197366,1574.6424630477811
N21000255,N21000262,2,2250.748690862407,inf,inf,inf,2250.748690862407
N21000255,N21000263,3,3270.7343012866636,inf,inf,inf,3270.7343012866636
N21000255,N21000264,6,2082.057763548689,inf,inf,inf,2082.057763548689
N21000255,N21000265,7,1916.343436122854,inf,inf,inf,1916.343436122854
N21000255,N21000266,4,1794.4326038255358,inf,inf,inf,1794.4326038255358
N21000255,N21000267,1,3074.454536026858,inf,inf,inf,3074.454536026858
N21000255,N21000268,47,1741.1819950508996,inf,inf,inf,1741.1819950508996
N21000255,N21000269,3,3040.6070693958,inf,inf,inf,3040.6070693958
N21000255,N21000270,5,2748.400928431185,inf,inf,inf,2748.400928431185
N21000255,N21000271,1,2988.76798165171,inf,inf,inf,2988.76798165171
N21000255,N21000272,1,4013.757325633183,inf,inf,inf,4013.757325633183
N21000255,N21000273,1,3334.314207994409,inf,inf,inf,3334.314207994409
N21000255,N21000274,7,3777.1106150052865,inf,inf,inf,3777.1106150052865
N21000255,N21000275,1,3992.958634483261,inf,inf,inf,3992.958634483261
N21000255,N21000276,3,5253.597079789809,inf,inf,inf,5253.597079789809
N21000255,N21000277,1,4298.849218862228,inf,inf,inf,4298.849218862228
N21000255,N21000280,1,4937.00456739044,inf,inf,inf,4937.00456739044
N21000255,N21000283,4,6335.498323098918,inf,inf,inf,6335.498323098918
N21000255,N21000287,1,7803.932837230171,inf,inf,inf,7803.932837230171
N21000255,N21000293,2,6581.758744017382,inf,inf,inf,6581.758744017382
N21000255,N21000300,2,6917.714633955159,inf,inf,inf,6917.714633955159
N21000255,N21000301,1,3383.310003576818,inf,inf,inf,3383.310003576818
N21000255,N21000303,1,1174.2933761392785,inf,inf,inf,1174.2933761392785
N21000255,N21000304,1,8440.011751298589,inf,inf,inf,8440.011751298589
N21000255,N21000308,3,3312.319226624448,inf,inf,inf,3312.319226624448
N21000255,N21000309,12,2711.2355632502076,inf,inf,inf,2711.2355632502076
N21000255,N21000310,1,4126.685727355007,inf,inf,inf,4126.685727355007
N21000255,N21000311,1,3886.1930201240048,inf,inf,inf,3886.1930201240048
N21000255,N21000312,1,4436.574651587342,inf,inf,inf,4436.574651587342
N21000255,N21000314,2,5172.460809373444,inf,inf,inf,5172.460809373444
N21000255,N21000315,1,3862.1108530730166,inf,inf,inf,3862.1108530730166
N21000255,N21000319,1,3916.3882491023724,inf,inf,inf,3916.3882491023724
N21000255,N21000322,1,3267.877805016519,inf,inf,inf,3267.877805016519
N21000255,N21000323,1,3356.519455194423,inf,inf,inf,3356.519455194423
N21000255,N21000325,2,3165.547951647689,inf,inf,inf,3165.547951647689
N21000255,N21000326,2,4093.4471140039705,inf,inf,inf,4093.4471140039705
N21000255,N21000327,1,2865.455676978422,inf,inf,inf,2865.455676978422
N21000255,N21000329,6,2743.5603103373646,inf,inf,inf,2743.5603103373646
N21000255,N21000332,5,2927.3661571429107,inf,inf,inf,2927.3661571429107
N21000255,N21000335,29,1422.1818523165562,inf,inf,inf,1422.1818523165562
N21000256,N21000165,2,5360.647971966326,inf,inf,inf,5360.647971966326
N21000256,N21000175,3,3596.676312674047,inf,inf,inf,3596.676312674047
N21000256,N21000177,3,3032.6203947854046,inf,inf,inf,3032.6203947854046
N21000256,N21000178,1,2659.9085344875475,inf,inf,inf,2659.9085344875475
N21000256,N21000181,1,7460.810637480839,inf,inf,inf,7460.810637480839
N21000256,N21000186,2,5963.906252785816,inf,inf,inf,5963.906252785816
N21000256,N21000188,3,5223.261551495429,inf,inf,inf,5223.261551495429
N21000256,N21000189,1,5381.233357547798,inf,inf,inf,5381.233357547798
N21000256,N21000191,3,4764.36661805262,inf,inf,inf,4764.36661805262
N21000256,N21000192,23,6343.126362235064,inf,inf,inf,6343.126362235064
N21000256,N21000193,1,4626.4577989759155,inf,inf,inf,4626.4577989759155
N21000256,N21000194,1,4517.22977661104,inf,inf,inf,4517.22977661104
N21000256,N21000195,3,4032.4365140081422,inf,inf,inf,4032.4365140081422
N21000256,N21000197,5,7295.7724043969,inf,inf,inf,7295.7724043969
N21000256,N21000198,5,4253.802937122069,inf,inf,inf,4253.802937122069
N21000256,N21000199,1,5535.24107816322,inf,inf,inf,5535.24107816322
N21000256,N21000205,1,4174.613175392373,inf,inf,inf,4174.613175392373
N21000256,N21000209,1,2845.9425191602277,inf,inf,inf,2845.9425191602277
N21000256,N21000213,1,3560.633434779452,inf,inf,inf,3560.633434779452
N21000256,N21000220,2,7249.642718883896,inf,inf,inf,7249.642718883896
N21000256,N21000221,1,8623.491656841044,inf,inf,inf,8623.491656841044
N21000256,N21000223,1,5547.570715566046,inf,inf,inf,5547.570715566046
N21000256,N21000225,2,6036.988389595951,inf,inf,inf,6036.988389595951
N21000256,N21000226,1,5466.805979114219,inf,inf,inf,5466.805979114219
N21000256,N21000239,1,3974.406543851884,inf,inf,inf,3974.406543851884
N21000256,N21000240,2,4753.58564687522,inf,inf,inf,4753.58564687522
N21000256,N21000243,1,4291.742398603562,inf,inf,inf,4291.742398603562
N21000256,N21000251,54,1410.7400007905221,inf,inf,inf,1410.7400007905221
N21000256,N21000252,5,2025.2942626819522,inf,inf,inf,2025.2942626819522
N21000256,N21000253,20,927.750447590302,inf,inf,inf,927.750447590302
N21000256,N21000254,5,1534.8199032899024,inf,inf,inf,1534.8199032899024
N21000256,N21000257,1,920.3711759665299,inf,inf,920.3711759665299,920.3711759665299
N21000256,N21000258,19,842.9767944605162,inf,inf,inf,842.9767944605162
N21000256,N21000259,2,1274.3781878806847,inf,inf,inf,1274.3781878806847
N21000256,N21000260,2,1273.0522217916048,inf,inf,1777.2561735455495,1273.0522217916048
N21000256,N21000261,3,937.6158758922728,inf,inf,2278.043228411923,937.6158758922728
N21000256,N21000263,1,2633.7077141311547,inf,inf,inf,2633.7077141311547
N21000256,N21000264,7,1445.03117639318,inf,inf,inf,1445.03117639318
N21000256,N21000265,5,1511.3808413329543,inf,inf,inf,1511.3808413329543
N21000256,N21000266,6,1415.2172129825392,inf,inf,inf,1415.2172129825392
N21000256,N21000268,29,2174.2940847041386,inf,inf,inf,2174.2940847041386
N21000256,N21000270,11,2127.220919881422,inf,inf,inf,2127.220919881422
N21000256,N21000272,2,3376.7307384776736,inf,inf,inf,3376.7307384776736
N21000256,N21000273,1,2984.4255585165088,inf,inf,inf,2984.4255585165088
N21000256,N21000274,13,3998.1991279988697,inf,inf,inf,3998.1991279988697
N21000256,N21000277,2,3956.149883243534,inf,inf,inf,3956.149883243534
N21000256,N21000278,1,4211.737682635726,inf,inf,inf,4211.737682635726
N21000256,N21000280,2,4858.18514687226,inf,inf,inf,4858.18514687226
N21000256,N21000281,2,5203.761820118955,inf,inf,inf,5203.761820118955
N21000256,N21000283,1,5950.721256807948,inf,inf,inf,5950.721256807948
N21000256,N21000287,1,8237.044926883413,inf,inf,inf,8237.044926883413
N21000256,N21000294,2,6012.684155877143,inf,inf,inf,6012.684155877143
N21000256,N21000301,1,3816.422093230058,inf,inf,inf,3816.422093230058
N21000256,N21000303,2,1607.4054657925187,inf,inf,inf,1607.4054657925187
N21000256,N21000309,11,3144.347652903447,inf,inf,inf,3144.347652903447
N21000256,N21000311,1,4319.305109777244,inf,inf,inf,4319.305109777244
N21000256,N21000315,4,4295.2229427262555,inf,inf,inf,4295.2229427262555
N21000256,N21000317,2,4289.306972763727,inf,inf,inf,4289.306972763727
N21000256,N21000319,1,4135.812661585163,inf,inf,inf,4135.812661585163
N21000256,N21000324,1,3535.4640834142456,inf,inf,inf,3535.4640834142456
N21000256,N21000325,2,2768.366266197418,inf,inf,inf,2768.366266197418
N21000256,N21000329,7,2202.0770392778363,inf,inf,inf,2202.0770392778363
N21000256,N21000333,2,2414.125321238599,inf,inf,inf,2414.125321238599
N21000256,N21000334,1,1773.9228202494912,inf,inf,inf,1773.9228202494912
N21000256,N21000335,19,1855.2939419697964,inf,inf,inf,1855.2939419697964
N21000257,N21000166,1,5238.062099467886,inf,inf,inf,5238.062099467886
N21000257,N21000175,2,3914.3103695843206,inf,inf,inf,3914.3103695843206
N21000257,N21000177,3,3857.448254655954,inf,inf,inf,3857.448254655954
N21000257,N21000178,1,3484.7363943580967,inf,inf,inf,3484.7363943580967
N21000257,N21000181,1,7965.85250215271,inf,inf,inf,7965.85250215271
N21000257,N21000186,1,6599.136029451599,inf,inf,inf,6599.136029451599
N21000257,N21000188,1,6048.08941136598,inf,inf,inf,6048.08941136598
N21000257,N21000192,23,7167.954222105615,inf,inf,inf,7167.954222105615
N21000257,N21000195,1,4857.264373878693,inf,inf,inf,4857.264373878693
N21000257,N21000196,1,4608.957178178179,inf,inf,inf,4608.957178178179
N21000257,N21000197,9,8120.600264267452,inf,inf,inf,8120.600264267452
N21000257,N21000198,9,5078.630796992618,inf,inf,inf,5078.630796992618
N21000257,N21000201,1,5345.90832943932,inf,inf,inf,5345.90832943932
N21000257,N21000203,1,5645.266589484502,inf,inf,inf,5645.266589484502
N21000257,N21000208,3,4511.070649367421,inf,inf,inf,4511.070649367421
N21000257,N21000209,2,3670.770379030777,inf,inf,inf,3670.770379030777
N21000257,N21000213,1,4385.461294650001,inf,inf,inf,4385.461294650001
N21000257,N21000215,2,4663.319820874106,inf,inf,inf,4663.319820874106
N21000257,N21000216,2,5651.354477366621,inf,inf,inf,5651.354477366621
N21000257,N21000217,1,4376.25403264016,inf,inf,inf,4376.25403264016
N21000257,N21000221,1,9448.319516711595,inf,inf,inf,9448.319516711595
N21000257,N21000226,1,6291.63383898477,inf,inf,inf,6291.63383898477
N21000257,N21000228,1,6376.951538626394,inf,inf,inf,6376.951538626394
N21000257,N21000232,1,7204.077705462351,inf,inf,inf,7204.077705462351
N21000257,N21000240,5,5673.956822841749,inf,inf,inf,5673.956822841749
N21000257,N21000241,1,4200.790495391181,inf,inf,inf,4200.790495391181
N21000257,N21000243,1,5212.113574570091,inf,inf,inf,5212.113574570091
N21000257,N21000245,2,3711.220911433655,inf,inf,inf,3711.220911433655
N21000257,N21000248,1,4920.263168010666,inf,inf,inf,4920.263168010666
N21000257,N21000251,46,2235.5678606610713,inf,inf,inf,2235.5678606610713
N21000257,N21000252,6,2850.1221225525014,inf,inf,inf,2850.1221225525014
N21000257,N21000253,12,1752.5783074608514,inf,inf,inf,1752.5783074608514
N21000257,N21000254,6,2359.647763160451,inf,inf,inf,2359.647763160451
N21000257,N21000256,40,920.3711759665298,inf,inf,920.3711759665298,920.3711759665298
N21000257,N21000258,9,1702.648114900105,inf,inf,inf,1702.648114900105
N21000257,N21000260,6,960.4912017200627,inf,inf,960.4912017200627,960.4912017200627
N21000257,N21000261,5,1429.3994977040218,inf,inf,1461.2782565864363,1429.3994977040218
N21000257,N21000263,3,3554.0788900976845,inf,inf,inf,3554.0788900976845
N21000257,N21000264,10,2046.0186463298144,inf,inf,inf,2046.0186463298144
N21000257,N21000265,3,1514.9775426895533,inf,inf,inf,1514.9775426895533
N21000257,N21000266,3,1393.0667103922353,inf,inf,inf,1393.0667103922353
N21000257,N21000267,3,3017.7156806133366,inf,inf,inf,3017.7156806133366
N21000257,N21000268,46,1316.64626231303,inf,inf,inf,1316.64626231303
N21000257,N21000270,2,2347.0350349978844,inf,inf,inf,2347.0350349978844
N21000257,N21000271,1,2932.029126238189,inf,inf,inf,2932.029126238189
N21000257,N21000273,5,2932.9483145611075,inf,inf,inf,2932.9483145611075
N21000257,N21000274,16,3352.574882267417,inf,inf,inf,3352.574882267417
N21000257,N21000277,1,3874.3134861243584,inf,inf,inf,3874.3134861243584
N21000257,N21000280,3,4512.46883465257,inf,inf,inf,4512.46883465257
N21000257,N21000283,2,5910.9625903610495,inf,inf,inf,5910.9625903610495
N21000257,N21000285,2,6531.146583146581,inf,inf,inf,6531.146583146581
N21000257,N21000290,1,6840.762856251842,inf,inf,inf,6840.762856251842
N21000257,N21000291,1,5537.0117105208765,inf,inf,inf,5537.0117105208765
N21000257,N21000293,1,6157.223011279512,inf,inf,inf,6157.223011279512
N21000257,N21000294,1,5666.967843657453,inf,inf,inf,5666.967843657453
N21000257,N21000300,3,6493.178901217289,inf,inf,inf,6493.178901217289
N21000257,N21000302,2,1702.4476567926608,inf,inf,inf,1702.4476567926608
N21000257,N21000303,2,940.1291643708536,inf,inf,inf,940.1291643708536
N21000257,N21000305,2,1805.2353319047481,inf,inf,inf,1805.2353319047481
N21000257,N21000309,3,2477.0713514817826,inf,inf,inf,2477.0713514817826
N21000257,N21000310,1,3892.5215155865817,inf,inf,inf,3892.5215155865817
N21000257,N21000312,2,4202.410439818918,inf,inf,inf,4202.410439818918
N21000257,N21000318,3,5322.188892567159,inf,inf,inf,5322.188892567159
N21000257,N21000319,1,3682.224037333948,inf,inf,inf,3682.224037333948
N21000257,N21000323,1,3122.3552434259987,inf,inf,inf,3122.3552434259987
N21000257,N21000325,1,2931.3837398792634,inf,inf,inf,2931.3837398792634
N21000257,N21000326,1,3859.2829022355463,inf,inf,inf,3859.2829022355463
N21000257,N21000329,2,3026.9048991483855,inf,inf,inf,3026.9048991483855
N21000257,N21000331,2,1874.8532587766313,inf,inf,inf,1874.8532587766313
N21000257,N21000332,2,2693.2019453744856,inf,inf,inf,2693.2019453744856
N21000257,N21000334,1,1804.6162667420397,inf,inf,inf,1804.6162667420397
N21000257,N21000335,21,1188.017640548131,inf,inf,inf,1188.017640548131
N21000258,N21000171,1,4062.167164815405,inf,inf,inf,4062.167164815405
N21000258,N21000175,6,3332.293872097638,inf,inf,inf,3332.293872097638
N21000258,N21000178,1,2395.526093911138,inf,inf,inf,2395.526093911138
N21000258,N21000186,1,5699.523812209405,inf,inf,inf,5699.523812209405
N21000258,N21000187,1,5565.235933281331,inf,inf,inf,5565.235933281331
N21000258,N21000188,1,4958.879110919018,inf,inf,inf,4958.879110919018
N21000258,N21000192,24,6072.596307024826,inf,inf,inf,6072.596307024826
N21000258,N21000193,2,4362.0753583995065,inf,inf,inf,4362.0753583995065
N21000258,N21000195,1,3768.0540734317324,inf,inf,inf,3768.0540734317324
N21000258,N21000197,4,7025.24234918666,inf,inf,inf,7025.24234918666
N21000258,N21000198,14,3983.2728819118283,inf,inf,inf,3983.2728819118283
N21000258,N21000203,1,4507.581479404704,inf,inf,inf,4507.581479404704
N21000258,N21000205,2,3861.7559251831235,inf,inf,inf,3861.7559251831235
N21000258,N21000207,1,2932.9984727822634,inf,inf,inf,2932.9984727822634
N21000258,N21000208,1,3373.3855392876208,inf,inf,inf,3373.3855392876208
N21000258,N21000209,2,2533.085268950978,inf,inf,inf,2533.085268950978
N21000258,N21000211,1,4627.377260885027,inf,inf,6828.023415199304,4627.377260885027
N21000258,N21000215,3,3525.6347107943047,inf,inf,5525.507648009464,3525.6347107943047
N21000258,N21000216,1,4513.669367286819,inf,inf,5868.369561595455,4513.669367286819
N21000258,N21000219,1,7225.291832678239,inf,inf,inf,7225.291832678239
N21000258,N21000221,1,8310.634406631796,inf,inf,inf,8310.634406631796
N21000258,N21000222,1,5802.369272084926,inf,inf,inf,5802.369272084926
N21000258,N21000223,1,5234.713465356798,inf,inf,inf,5234.713465356798
N21000258,N21000226,1,5153.948728904969,inf,inf,7406.946746601375,5153.948728904969
N21000258,N21000230,1,6727.050358551301,inf,inf,inf,6727.050358551301
N21000258,N21000238,1,3157.7363397814543,inf,inf,inf,3157.7363397814543
N21000258,N21000240,3,4275.42235677403,inf,inf,5122.115626614334,4275.42235677403
N21000258,N21000249,1,2975.3783941594693,inf,inf,inf,2975.3783941594693
N21000258,N21000251,63,1146.357560214113,inf,inf,inf,1146.357560214113
N21000258,N21000252,29,1712.437012472702,inf,inf,inf,1712.437012472702
N21000258,N21000254,6,1205.6875796618447,inf,inf,inf,1205.6875796618447
N21000258,N21000256,34,842.9767944605161,inf,inf,inf,842.9767944605161
N21000258,N21000262,1,1164.2344732567606,inf,1229.7298338148278,1191.5973857653541,1164.2344732567606
N21000258,N21000264,32,1039.9132351312478,inf,1613.8012736955707,1305.511140948789,1039.9132351312478
N21000258,N21000265,3,1404.4034415713497,inf,inf,inf,1404.4034415713497
N21000258,N21000266,1,1502.3463346717176,inf,inf,inf,1502.3463346717176
N21000258,N21000267,1,2019.4641346139479,inf,inf,2168.739355910267,2019.4641346139479
N21000258,N21000268,11,2802.8038022570536,inf,inf,inf,2802.8038022570536
N21000258,N21000269,1,1998.462540978359,inf,inf,2134.891889279209,1998.462540978359
N21000258,N21000270,4,1722.1029786194908,inf,inf,inf,1722.1029786194908
N21000258,N21000271,2,1946.623453234269,inf,inf,2405.1621905554193,1946.623453234269
N21000258,N21000273,3,2908.1062983034612,inf,inf,inf,2908.1062983034612
N21000258,N21000274,7,4085.328249688048,inf,inf,inf,4085.328249688048
N21000258,N21000275,3,4001.2683356542598,inf,inf,inf,4001.2683356542598
N21000258,N21000277,4,3551.031941981602,inf,inf,10858.106081844448,3551.031941981602
N21000258,N21000278,1,3806.619741373794,inf,inf,4265.158478694945,3806.619741373794
N21000258,N21000279,1,4803.497541855212,inf,inf,inf,4803.497541855212
N21000258,N21000284,1,6486.768146285225,inf,inf,13119.291183350717,6486.768146285225
N21000258,N21000290,1,8290.316096607083,inf,inf,17619.03385777535,8290.316096607083
N21000258,N21000293,1,6590.068445188382,inf,inf,inf,6590.068445188382
N21000258,N21000294,2,6099.813277566322,inf,inf,inf,6099.813277566322
N21000258,N21000299,1,9173.153152278233,inf,inf,inf,9173.153152278233
N21000258,N21000304,1,9655.400779885405,inf,inf,inf,9655.400779885405
N21000258,N21000305,1,3254.788572259988,inf,inf,inf,3254.788572259988
N21000258,N21000308,1,4527.708255211263,inf,inf,inf,4527.708255211263
N21000258,N21000309,6,3926.6245918370228,inf,inf,inf,3926.6245918370228
N21000258,N21000318,1,6302.859460911457,inf,inf,inf,6302.859460911457
N21000258,N21000324,2,3848.858350336878,inf,inf,inf,3848.858350336878
N21000258,N21000326,1,4839.953470579842,inf,inf,inf,4839.953470579842
N21000258,N21000335,23,2440.809889674923,inf,inf,inf,2440.809889674923
N21000259,N21000167,1,4940.996907918796,inf,inf,inf,4940.996907918796
N21000259,N21000175,2,3705.32646036025,inf,inf,inf,3705.32646036025
N21000259,N21000177,2,3141.270542471607,inf,inf,inf,3141.270542471607
N21000259,N21000178,5,2768.55868217375,inf,inf,inf,2768.55868217375
N21000259,N21000181,3,7536.314431216919,inf,inf,inf,7536.314431216919
N21000259,N21000186,1,6039.410046521895,inf,inf,inf,6039.410046521895
N21000259,N21000192,12,6042.600527195848,inf,inf,inf,6042.600527195848
N21000259,N21000197,3,6821.691305189659,inf,inf,inf,6821.691305189659
N21000259,N21000198,2,3898.2439191030444,inf,inf,inf,3898.2439191030444
N21000259,N21000219,1,6987.0543957526,inf,inf,inf,6987.0543957526
N21000259,N21000221,1,8072.396969706155,inf,inf,inf,8072.396969706155
N21000259,N21000223,1,4996.476028431158,inf,inf,inf,4996.476028431158
N21000259,N21000225,1,5485.8937024610605,inf,inf,inf,5485.8937024610605
N21000259,N21000233,1,6066.536375927681,inf,inf,inf,6066.536375927681
N21000259,N21000248,2,3123.489012888539,inf,inf,4898.458984466585,3123.489012888539
N21000259,N21000251,25,1519.3901484767248,inf,inf,inf,1519.3901484767248
N21000259,N21000252,6,1618.0808337533686,inf,inf,inf,1618.0808337533686
N21000259,N21000253,6,1007.3469344642563,inf,inf,inf,1007.3469344642563
N21000259,N21000254,1,1084.0674306672702,inf,inf,inf,1084.0674306672702
N21000259,N21000256,10,1274.378187880685,inf,inf,inf,1274.378187880685
N21000259,N21000264,6,1028.1576423808426,1077.3476507332223,1028.1576423808426,1028.1576423808426,1028.1576423808426
N21000259,N21000265,1,1653.1453721321893,inf,inf,inf,1653.1453721321893
N21000259,N21000267,1,1271.1352356967604,inf,inf,1567.7965708343168,1271.1352356967604
N21000259,N21000268,7,3210.721443373708,inf,inf,inf,3210.721443373708
N21000259,N21000269,2,1526.3369134331588,inf,inf,1533.9491042032582,1526.3369134331588
N21000259,N21000270,3,1970.8449091803304,inf,inf,inf,1970.8449091803304
N21000259,N21000271,5,1895.8601035808902,inf,inf,1895.8601035808902,1895.8601035808902
N21000259,N21000273,1,3156.8482288643013,inf,inf,inf,3156.8482288643013
N21000259,N21000274,1,4493.245890804704,inf,inf,inf,4493.245890804704
N21000259,N21000280,1,5353.231909678094,inf,inf,inf,5353.231909678094
N21000259,N21000282,1,5177.238323744205,inf,inf,5177.238323744205,5177.238323744205
N21000259,N21000283,1,5794.3452461068555,inf,inf,7314.0553604938395,5794.3452461068555
N21000259,N21000295,1,8326.293622453924,inf,inf,15093.232212088675,8326.293622453924
N21000259,N21000309,3,4406.65793702456,inf,inf,inf,4406.65793702456
N21000259,N21000317,2,4810.814580017135,inf,inf,inf,4810.814580017135
N21000259,N21000323,1,3804.262958560639,inf,inf,inf,3804.262958560639
N21000259,N21000324,1,4258.851826792303,inf,inf,inf,4258.851826792303
N21000259,N21000325,1,2877.0164138836208,inf,inf,inf,2877.0164138836208
N21000259,N21000332,1,4222.311082561974,inf,inf,inf,4222.311082561974
N21000259,N21000335,10,2850.803366130349,inf,inf,inf,2850.803366130349
N21000260,N21000163,1,6579.72864911848,inf,inf,inf,6579.72864911848
N21000260,N21000175,5,4374.7125720081485,inf,inf,inf,4374.7125720081485
N21000260,N21000177,1,3810.656654119505,inf,inf,inf,3810.656654119505
N21000260,N21000178,1,3437.944793821648,inf,inf,inf,3437.944793821648
N21000260,N21000181,2,8238.846896814943,inf,inf,inf,8238.846896814943
N21000260,N21000184,1,6842.079064665992,inf,inf,inf,6842.079064665992
N21000260,N21000186,1,6741.942512119919,inf,inf,inf,6741.942512119919
N21000260,N21000188,1,6001.297810829532,inf,inf,inf,6001.297810829532
N21000260,N21000189,1,6159.2696168818975,inf,inf,inf,6159.2696168818975
N21000260,N21000190,1,6072.305820457723,inf,inf,inf,6072.305820457723
N21000260,N21000192,25,7115.015006935338,inf,inf,inf,7115.015006935338
N21000260,N21000196,2,4750.737842171593,inf,inf,inf,4750.737842171593
N21000260,N21000197,7,8067.661049097174,inf,inf,inf,8067.661049097174
N21000260,N21000198,12,5025.6915818223415,inf,inf,inf,5025.6915818223415
N21000260,N21000205,2,4946.501820092648,inf,inf,inf,4946.501820092648
N21000260,N21000208,2,4458.131434197143,inf,inf,inf,4458.131434197143
N21000260,N21000209,2,3617.831163860499,inf,inf,inf,3617.831163860499
N21000260,N21000210,1,5201.3343947431185,inf,inf,inf,5201.3343947431185
N21000260,N21000213,1,4332.522079479723,inf,inf,inf,4332.522079479723
N21000260,N21000214,1,4461.765785415277,inf,inf,inf,4461.765785415277
N21000260,N21000217,1,4164.456795870331,inf,inf,inf,4164.456795870331
N21000260,N21000218,1,4565.361416151899,inf,inf,inf,4565.361416151899
N21000260,N21000219,1,8310.03772758776,inf,inf,inf,8310.03772758776
N21000260,N21000220,1,8021.531363584169,inf,inf,inf,8021.531363584169
N21000260,N21000221,2,9395.380301541318,inf,inf,inf,9395.380301541318
N21000260,N21000223,1,6319.459360266319,inf,inf,inf,6319.459360266319
N21000260,N21000224,3,7465.1198353180935,inf,inf,inf,7465.1198353180935
N21000260,N21000225,1,6808.877034296224,inf,inf,inf,6808.877034296224
N21000260,N21000226,1,6238.694623814492,inf,inf,inf,6238.694623814492
N21000260,N21000230,1,7811.796253460824,inf,inf,inf,7811.796253460824
N21000260,N21000237,2,6014.192967570015,inf,inf,inf,6014.192967570015
N21000260,N21000239,1,4345.377186810849,inf,inf,inf,4345.377186810849
N21000260,N21000240,5,5124.556289834184,inf,inf,inf,5124.556289834184
N21000260,N21000245,1,3122.3158410782603,inf,inf,inf,3122.3158410782603
N21000260,N21000246,1,4220.176892805696,inf,inf,inf,4220.176892805696
N21000260,N21000251,82,2188.7762601246227,inf,inf,inf,2188.7762601246227
N21000260,N21000252,20,2797.1829073822237,inf,inf,inf,2797.1829073822237
N21000260,N21000253,17,1699.6390922905737,inf,inf,inf,1699.6390922905737
N21000260,N21000254,4,2304.470922621963,inf,inf,inf,2304.470922621963
N21000260,N21000255,3,1361.8570951533632,inf,inf,1361.8570951533632,1361.8570951533632
N21000260,N21000256,34,1273.0522217916048,inf,inf,1777.2561735455497,1273.0522217916048
N21000260,N21000258,29,1360.1813434807837,inf,inf,inf,1360.1813434807837
N21000260,N21000259,3,1768.0989845974384,inf,inf,inf,1768.0989845974384
N21000260,N21000263,1,3004.67835709012,inf,inf,inf,3004.67835709012
N21000260,N21000264,14,1436.413837779773,inf,inf,inf,1436.413837779773
N21000260,N21000265,6,978.4186902612656,inf,inf,inf,978.4186902612656
N21000260,N21000266,5,835.4415303777084,inf,inf,inf,835.4415303777084
N21000260,N21000268,41,1766.9043940877616,inf,inf,inf,1766.9043940877616
N21000260,N21000269,1,2394.963143626884,inf,inf,inf,2394.963143626884
N21000260,N21000270,3,1685.6121047502158,inf,inf,inf,1685.6121047502158
N21000260,N21000271,6,2343.124055882794,inf,inf,inf,2343.124055882794
N21000260,N21000272,1,3368.1133998642667,inf,inf,inf,3368.1133998642667
N21000260,N21000273,4,2239.6270804530304,inf,inf,inf,2239.6270804530304
N21000260,N21000274,6,3253.400649935392,inf,inf,inf,3253.400649935392
N21000260,N21000276,2,4429.979181208152,inf,inf,inf,4429.979181208152
N21000260,N21000277,3,3381.6682753657137,inf,inf,inf,3381.6682753657137
N21000260,N21000278,5,4203.120344022319,inf,inf,inf,4203.120344022319
N21000260,N21000279,2,3971.569942102558,inf,inf,inf,3971.569942102558
N21000260,N21000280,1,4113.386668808784,inf,inf,inf,4113.386668808784
N21000260,N21000283,1,5455.243218507686,inf,inf,inf,5455.243218507686
N21000260,N21000284,2,6118.151296794405,inf,inf,inf,6118.151296794405
N21000260,N21000300,3,6094.096735373503,inf,inf,inf,6094.096735373503
N21000260,N21000302,2,2586.311733484585,inf,inf,inf,2586.311733484585
N21000260,N21000303,2,1823.9932410627785,inf,inf,inf,1823.9932410627785
N21000260,N21000305,1,2638.3132077112555,inf,inf,inf,2638.3132077112555
N21000260,N21000306,1,3032.336928191455,inf,inf,inf,3032.336928191455
N21000260,N21000308,1,3911.2328906625303,inf,inf,inf,3911.2328906625303
N21000260,N21000309,5,3310.1492272882897,inf,inf,inf,3310.1492272882897
N21000260,N21000311,1,4485.106684162087,inf,inf,inf,4485.106684162087
N21000260,N21000315,2,4407.894988964258,inf,inf,inf,4407.894988964258
N21000260,N21000321,2,3847.5866186850767,inf,inf,inf,3847.5866186850767
N21000260,N21000325,2,3546.402525531518,inf,inf,inf,3546.402525531518
N21000260,N21000326,4,4743.14697892747,inf,inf,inf,4743.14697892747
N21000260,N21000329,3,2980.113298611937,inf,inf,inf,2980.113298611937
N21000260,N21000331,1,2758.717335468556,inf,inf,inf,2758.717335468556
N21000260,N21000334,1,2665.4032695714573,inf,inf,inf,2665.4032695714573
N21000260,N21000335,34,2071.881717240056,inf,inf,inf,2071.881717240056
N21000261,N21000161,1,8330.221491715283,inf,inf,inf,8330.221491715283
N21000261,N21000170,1,5784.0756927351,inf,inf,inf,5784.0756927351
N21000261,N21000175,2,4039.2762261088155,inf,inf,inf,4039.2762261088155
N21000261,N21000178,1,3102.508447922316,inf,inf,inf,3102.508447922316
N21000261,N21000189,1,5823.833270982566,inf,inf,inf,5823.833270982566
N21000261,N21000192,22,6779.5786610360055,inf,inf,inf,6779.5786610360055
N21000261,N21000195,2,4475.036427442912,inf,inf,inf,4475.036427442912
N21000261,N21000197,2,7732.224703197842,inf,inf,inf,7732.224703197842
N21000261,N21000198,10,4690.255235923009,inf,inf,inf,4690.255235923009
N21000261,N21000205,3,4611.065474193314,inf,inf,inf,4611.065474193314
N21000261,N21000209,2,3282.394817961166,inf,inf,inf,3282.394817961166
N21000261,N21000211,2,5376.6868098952145,inf,inf,inf,5376.6868098952145
N21000261,N21000212,1,3676.2244131826433,inf,inf,inf,3676.2244131826433
N21000261,N21000215,1,4274.944259804493,inf,inf,inf,4274.944259804493
N21000261,N21000219,3,7974.601381688427,inf,inf,inf,7974.601381688427
N21000261,N21000220,1,7686.0950176848355,inf,inf,inf,7686.0950176848355
N21000261,N21000226,1,5903.258277915158,inf,inf,inf,5903.258277915158
N21000261,N21000240,3,4789.119943934853,inf,inf,inf,4789.119943934853
N21000261,N21000241,2,3315.953616484285,inf,inf,inf,3315.953616484285
N21000261,N21000245,1,2921.702729043564,inf,inf,inf,2921.702729043564
N21000261,N21000250,1,5124.879895460061,inf,inf,inf,5124.879895460061
N21000261,N21000251,50,1853.3399142252906,inf,inf,inf,1853.3399142252906
N21000261,N21000252,14,2461.7465614828907,inf,inf,inf,2461.7465614828907
N21000261,N21000253,15,1364.2027463912411,inf,inf,inf,1364.2027463912411
N21000261,N21000254,7,1969.0345767226308,inf,inf,inf,1969.0345767226308
N21000261,N21000256,42,937.6158758922726,inf,inf,2278.0432284119233,937.6158758922726
N21000261,N21000258,31,1024.7449975814513,inf,inf,inf,1024.7449975814513
N21000261,N21000259,2,1432.662638698106,inf,inf,inf,1432.662638698106
N21000261,N21000263,4,2669.2420111907877,inf,inf,inf,2669.2420111907877
N21000261,N21000264,20,1235.800725745076,inf,inf,inf,1235.800725745076
N21000261,N21000265,10,1031.5188508368008,inf,inf,inf,1031.5188508368008
N21000261,N21000266,4,935.355222486386,inf,inf,inf,935.355222486386
N21000261,N21000268,19,2235.8126900717207,inf,inf,inf,2235.8126900717207
N21000261,N21000269,3,2194.3500315921874,inf,inf,inf,2194.3500315921874
N21000261,N21000270,5,1754.34921414255,inf,inf,inf,1754.34921414255
N21000261,N21000271,2,2142.510943848097,inf,inf,inf,2142.510943848097
N21000261,N21000273,3,2504.563568020354,inf,inf,inf,2504.563568020354
N21000261,N21000274,9,3518.3371375027154,inf,inf,inf,3518.3371375027154
N21000261,N21000276,1,4694.915668775476,inf,inf,inf,4694.915668775476
N21000261,N21000277,1,3583.278177504661,inf,inf,inf,3583.278177504661
N21000261,N21000280,2,4378.323156376106,inf,inf,inf,4378.323156376106
N21000261,N21000283,2,5577.849551069075,inf,inf,inf,5577.849551069075
N21000261,N21000284,1,6383.087784361728,inf,inf,inf,6383.087784361728
N21000261,N21000287,2,8614.65346068874,inf,inf,inf,8614.65346068874
N21000261,N21000294,1,5532.82216538099,inf,inf,inf,5532.82216538099
N21000261,N21000298,1,7094.716262018028,inf,inf,inf,7094.716262018028
N21000261,N21000303,2,2292.9015370467373,inf,inf,inf,2292.9015370467373
N21000261,N21000304,2,9507.833711320633,inf,inf,inf,9507.833711320633
N21000261,N21000308,3,4380.1411866464905,inf,inf,inf,4380.1411866464905
N21000261,N21000309,3,3779.05752327225,inf,inf,inf,3779.05752327225
N21000261,N21000316,1,6357.792519434033,inf,inf,inf,6357.792519434033
N21000261,N21000325,1,3210.966179632186,inf,inf,inf,3210.966179632186
N21000261,N21000326,2,5212.055274911429,inf,inf,inf,5212.055274911429
N21000261,N21000327,1,3984.063837885881,inf,inf,inf,3984.063837885881
N21000261,N21000328,1,3533.879964941126,inf,inf,inf,3533.879964941126
N21000261,N21000329,1,2644.676952712605,inf,inf,inf,2644.676952712605
N21000261,N21000332,2,4045.9743180503688,inf,inf,inf,4045.9743180503688
N21000261,N21000333,1,3099.6213924928184,inf,inf,inf,3099.6213924928184
N21000261,N21000335,37,2540.790013224015,inf,inf,inf,2540.790013224015
N21000262,N21000165,1,5843.889213857696,inf,inf,inf,5843.889213857696
N21000262,N21000170,2,5823.7258682404645,inf,inf,inf,5823.7258682404645
N21000262,N21000171,1,4654.1118685996325,inf,inf,inf,4654.1118685996325
N21000262,N21000172,1,4644.214192387408,inf,inf,inf,4644.214192387408
N21000262,N21000175,4,3924.2385758818637,inf,inf,inf,3924.2385758818637
N21000262,N21000177,2,3338.793266096467,inf,inf,inf,3338.793266096467
N21000262,N21000178,9,2987.470797695364,inf,inf,inf,2987.470797695364
N21000262,N21000181,2,7600.798247074257,inf,inf,inf,7600.798247074257
N21000262,N21000186,1,6103.893862379234,inf,inf,inf,6103.893862379234
N21000262,N21000187,2,6157.180637065558,inf,inf,inf,6157.180637065558
N21000262,N21000188,2,5363.249161088846,inf,inf,inf,5363.249161088846
N21000262,N21000192,39,6107.084343053185,inf,inf,inf,6107.084343053185
N21000262,N21000193,2,4954.020062183732,inf,inf,inf,4954.020062183732
N21000262,N21000194,1,4717.183915557765,inf,inf,inf,4717.183915557765
N21000262,N21000197,6,6822.872201336855,inf,inf,inf,6822.872201336855
N21000262,N21000198,13,3962.727734960382,inf,inf,inf,3962.727734960382
N21000262,N21000205,1,3624.699384404679,inf,inf,inf,3624.699384404679
N21000262,N21000208,2,3136.3289985091765,inf,inf,inf,3136.3289985091765
N21000262,N21000209,2,2194.898663637266,inf,inf,inf,2194.898663637266
N21000262,N21000212,1,2576.975138135574,inf,inf,5123.699140372263,2576.975138135574
N21000262,N21000216,1,3571.279502319979,inf,inf,5031.975597276386,3571.279502319979
N21000262,N21000217,1,2179.764049204468,inf,inf,4604.313844909415,2179.764049204468
N21000262,N21000219,2,6988.235291899796,inf,inf,inf,6988.235291899796
N21000262,N21000220,1,6699.728927896204,inf,inf,inf,6699.728927896204
N21000262,N21000221,3,8073.577865853352,inf,inf,inf,8073.577865853352
N21000262,N21000226,6,4916.892188126525,inf,inf,6570.552782282305,4916.892188126525
N21000262,N21000240,3,3139.86354316832,inf,inf,4285.7216622952665,3139.86354316832
N21000262,N21000241,1,1666.697215717752,inf,inf,2812.5553348446983,1666.697215717752
N21000262,N21000251,54,1879.7822615464008,inf,inf,inf,1879.7822615464008
N21000262,N21000252,19,1682.564649610706,inf,inf,inf,1682.564649610706
N21000262,N21000253,6,1368.869359048958,inf,inf,inf,1368.869359048958
N21000262,N21000254,12,1148.5512465246077,inf,inf,inf,1148.5512465246077
N21000262,N21000256,6,1613.7221037068982,inf,inf,inf,1613.7221037068982
N21000262,N21000258,18,1164.2344732567603,inf,1229.7298338148278,1191.5973857653541,1164.2344732567603
N21000262,N21000261,1,1649.2564007665317,inf,inf,inf,1649.2564007665317
N21000262,N21000263,4,1019.9856104242551,inf,inf,2564.701547409987,1019.9856104242551
N21000262,N21000264,7,828.7506312528932,989.9888722436771,828.7506312528932,828.7506312528932,828.7506312528932
N21000262,N21000265,3,1760.9154060295712,inf,inf,inf,1760.9154060295712
N21000262,N21000266,1,2126.857737856799,inf,inf,inf,2126.857737856799
N21000262,N21000267,1,883.9053210082382,inf,inf,1332.3453915911984,883.9053210082382
N21000262,N21000268,10,3427.315205442134,inf,inf,inf,3427.315205442134
N21000262,N21000269,2,1139.1069987446363,inf,inf,1298.49792496014,1139.1069987446363
N21000262,N21000270,4,2078.614943077712,inf,inf,inf,2078.614943077712
N21000262,N21000271,1,1660.408924337772,inf,inf,1660.408924337772,1660.408924337772
N21000262,N21000273,1,3264.618262761683,inf,inf,inf,3264.618262761683
N21000262,N21000274,3,4709.839652873129,inf,inf,inf,4709.839652873129
N21000262,N21000277,1,3825.297940320171,inf,inf,10113.352815626797,3825.297940320171
N21000262,N21000278,1,3520.4052124772975,inf,inf,3520.4052124772975,3520.4052124772975
N21000262,N21000284,1,6761.0341446237935,inf,inf,12374.53791713307,6761.0341446237935
N21000262,N21000294,4,6724.324680751402,inf,inf,inf,6724.324680751402
N21000262,N21000295,2,8542.887384522352,inf,inf,14857.781032845556,8542.887384522352
N21000262,N21000301,1,5430.144196936959,inf,inf,inf,5430.144196936959
N21000262,N21000307,1,4670.742051698261,inf,inf,inf,4670.742051698261
N21000262,N21000309,5,4758.069756610345,inf,inf,inf,4758.069756610345
N21000262,N21000315,1,5864.333991901994,inf,inf,inf,5864.333991901994
N21000262,N21000317,1,5172.337004601836,inf,inf,inf,5172.337004601836
N21000262,N21000322,1,3690.1470599460727,inf,inf,inf,3690.1470599460727
N21000262,N21000324,2,4620.374251377006,inf,inf,inf,4620.374251377006
N21000262,N21000325,1,3238.538838468322,inf,inf,inf,3238.538838468322
N21000262,N21000329,2,2672.2496115487406,inf,inf,inf,2672.2496115487406
N21000262,N21000331,1,3342.8458666411216,inf,inf,inf,3342.8458666411216
N21000262,N21000332,1,4583.833507146676,inf,inf,inf,4583.833507146676
N21000262,N21000333,1,3499.0354892013593,inf,inf,inf,3499.0354892013593
N21000262,N21000335,7,3212.325790715051,inf,inf,inf,3212.325790715051
N21000263,N21000164,1,8033.538263716884,inf,inf,inf,8033.538263716884
N21000263,N21000166,1,7350.47695930019,inf,inf,inf,7350.47695930019
N21000263,N21000174,2,5630.6311567248895,inf,inf,inf,5630.6311567248895
N21000263,N21000175,6,4644.230887532925,inf,inf,inf,4644.230887532925
N21000263,N21000177,3,3990.9713083919887,inf,inf,inf,3990.9713083919887
N21000263,N21000178,2,3707.463109346423,inf,inf,inf,3707.463109346423
N21000263,N21000181,1,8122.74607128038,inf,inf,inf,8122.74607128038
N21000263,N21000184,1,7111.597380190768,inf,inf,inf,7111.597380190768
N21000263,N21000186,1,6625.841686585357,inf,inf,inf,6625.841686585357
N21000263,N21000189,1,6428.7879324066735,inf,inf,inf,6428.7879324066735
N21000263,N21000190,2,6051.022383284112,inf,inf,inf,6051.022383284112
N21000263,N21000191,1,5426.302051852161,inf,inf,inf,5426.302051852161
N21000263,N21000192,39,6614.106524730555,inf,inf,inf,6614.106524730555
N21000263,N21000194,1,5239.1317397638895,inf,inf,inf,5239.1317397638895
N21000263,N21000195,2,4750.033137974157,inf,inf,inf,4750.033137974157
N21000263,N21000197,10,6327.429413283137,inf,inf,inf,6327.429413283137
N21000263,N21000198,24,3550.7802082343132,inf,inf,inf,3550.7802082343132
N21000263,N21000202,1,3148.4314526988783,inf,inf,inf,3148.4314526988783
N21000263,N21000204,2,1927.969050460063,inf,inf,inf,1927.969050460063
N21000263,N21000205,2,2942.1631160053093,inf,inf,inf,2942.1631160053093
N21000263,N21000206,1,3355.3608687408387,inf,inf,inf,3355.3608687408387
N21000263,N21000209,5,1247.810188837839,inf,inf,inf,1247.810188837839
N21000263,N21000220,1,6017.1926594968345,inf,inf,inf,6017.1926594968345
N21000263,N21000221,11,7157.210526147754,inf,inf,inf,7157.210526147754
N21000263,N21000224,2,5460.7811312307595,inf,inf,inf,5460.7811312307595
N21000263,N21000226,2,4000.524848420927,inf,inf,5019.507046821365,4000.524848420927
N21000263,N21000231,2,6251.8481808689785,inf,inf,inf,6251.8481808689785
N21000263,N21000237,7,3624.3126045701583,inf,inf,3624.3126045701583,3624.3126045701583
N21000263,N21000239,2,1949.4437637143633,inf,2616.102060762307,2400.3992135959757,1949.4437637143633
N21000263,N21000240,9,2734.675926834327,inf,inf,2734.675926834327,2734.675926834327
N21000263,N21000241,12,1261.509599383759,inf,1261.509599383759,1261.509599383759,1261.509599383759
N21000263,N21000243,1,2272.8326785626687,inf,inf,2272.8326785626687,2272.8326785626687
N21000263,N21000245,3,1443.7302143522113,inf,inf,1560.9148795591614,1443.7302143522113
N21000263,N21000246,1,2541.1590058853117,inf,inf,2822.4159875611804,2541.1590058853117
N21000263,N21000247,2,5215.359584693148,inf,inf,inf,5215.359584693148
N21000263,N21000248,8,2652.340210734887,inf,inf,3111.9620697625273,2652.340210734887
N21000263,N21000249,5,1914.1367202034296,inf,inf,inf,1914.1367202034296
N21000263,N21000250,1,3646.475120574373,inf,inf,inf,3646.475120574373
N21000263,N21000251,103,2599.7745731974587,inf,inf,inf,2599.7745731974587
N21000263,N21000252,34,2068.4584453161146,inf,inf,inf,2068.4584453161146
N21000263,N21000253,26,2268.2737860113307,inf,inf,inf,2268.2737860113307
N21000263,N21000254,14,1868.5435581756653,inf,inf,inf,1868.5435581756653
N21000263,N21000256,16,2633.707714131154,inf,inf,inf,2633.707714131154
N21000263,N21000258,24,2155.544424029965,inf,inf,3401.095511729054,2155.544424029965
N21000263,N21000259,2,1407.2155251127776,inf,inf,2800.1527266531048,1407.2155251127776
N21000263,N21000261,4,2669.242011190787,inf,inf,inf,2669.242011190787
N21000263,N21000262,3,1019.9856104242552,inf,inf,2564.7015474099867,1019.9856104242552
N21000263,N21000264,28,1834.9284409925783,inf,inf,2387.882320695806,1834.9284409925783
N21000263,N21000265,6,2722.9478196881296,inf,inf,inf,2722.9478196881296
N21000263,N21000266,4,3128.443637547275,inf,inf,inf,3128.443637547275
N21000263,N21000267,5,819.0860106279292,inf,inf,1432.530610751669,819.0860106279292
N21000263,N21000268,10,4447.300815866391,inf,inf,inf,4447.300815866391
N21000263,N21000269,10,1055.6203714738406,inf,inf,1266.2036224498463,1055.6203714738406
N21000263,N21000270,2,2810.967054689223,inf,inf,inf,2810.967054689223
N21000263,N21000271,6,2056.810026513817,inf,inf,2470.080171704675,2056.810026513817
N21000263,N21000272,1,3081.7993704952896,inf,inf,3495.069515686148,3081.7993704952896
N21000263,N21000274,6,5584.771274708924,inf,inf,inf,5584.771274708924
N21000263,N21000276,1,6761.349805981683,inf,inf,inf,6761.349805981683
N21000263,N21000277,3,4221.699042496217,inf,inf,10923.024062993703,4221.699042496217
N21000263,N21000280,1,6444.757293582315,inf,inf,inf,6444.757293582315
N21000263,N21000281,1,6790.333966829011,inf,inf,inf,6790.333966829011
N21000263,N21000283,3,6216.270416060629,inf,inf,7888.275428617624,6216.270416060629
N21000263,N21000286,4,7616.176744295195,inf,inf,inf,7616.176744295195
N21000263,N21000293,1,8089.511470209257,inf,inf,inf,8089.511470209257
N21000263,N21000294,1,7599.256302587198,inf,inf,inf,7599.256302587198
N21000263,N21000303,2,4241.113179923672,inf,inf,inf,4241.113179923672
N21000263,N21000308,1,6379.139030408842,inf,inf,inf,6379.139030408842
N21000263,N21000309,6,5778.055367034601,inf,inf,inf,5778.055367034601
N21000263,N21000315,2,6739.265613737787,inf,inf,inf,6739.265613737787
N21000263,N21000319,1,5339.046215127587,inf,inf,inf,5339.046215127587
N21000263,N21000325,3,3972.9079207623963,inf,inf,inf,3972.9079207623963
N21000263,N21000329,4,3488.9222461095196,inf,inf,inf,3488.9222461095196
N21000263,N21000331,1,4198.27053648371,inf,inf,inf,4198.27053648371
N21000263,N21000335,49,4096.265461428293,inf,inf,inf,4096.265461428293
N21000264,N21000163,1,6650.4032262418805,inf,inf,inf,6650.4032262418805
N21000264,N21000174,1,5141.857914897359,inf,inf,inf,5141.857914897359
N21000264,N21000175,6,4174.134696385885,inf,inf,inf,4174.134696385885
N21000264,N21000177,1,3610.0787784972426,inf,inf,inf,3610.0787784972426
N21000264,N21000178,3,3237.3669181993855,inf,inf,inf,3237.3669181993855
N21000264,N21000181,1,8038.269021192678,inf,inf,inf,8038.269021192678
N21000264,N21000188,1,5800.719935207268,inf,inf,inf,5800.719935207268
N21000264,N21000192,19,6914.437131313075,inf,inf,inf,6914.437131313075
N21000264,N21000193,1,5203.9161826877535,inf,inf,inf,5203.9161826877535
N21000264,N21000195,3,4609.894897719981,inf,inf,inf,4609.894897719981
N21000264,N21000197,2,7651.622832589752,inf,inf,inf,7651.622832589752
N21000264,N21000198,6,4791.478366213276,inf,inf,inf,4791.478366213276
N21000264,N21000200,1,5349.185753159512,inf,inf,inf,5349.185753159512
N21000264,N21000203,1,5099.275569879151,inf,inf,inf,5099.275569879151
N21000264,N21000205,3,4453.450015657573,inf,inf,inf,4453.450015657573
N21000264,N21000206,2,5100.478839699331,inf,inf,inf,5100.478839699331
N21000264,N21000208,1,3965.0796297620695,inf,inf,inf,3965.0796297620695
N21000264,N21000212,2,3391.9179687038973,inf,inf,4946.879913658083,3391.9179687038973
N21000264,N21000216,1,4386.222332888302,inf,inf,4855.156370562206,4386.222332888302
N21000264,N21000219,1,7816.985923152687,inf,inf,inf,7816.985923152687
N21000264,N21000226,1,5745.642819379418,inf,inf,6393.733555568125,5745.642819379418
N21000264,N21000230,1,7036.648377415068,inf,inf,inf,7036.648377415068
N21000264,N21000233,2,6494.24929180748,inf,inf,inf,6494.24929180748
N21000264,N21000237,2,4844.443051472474,inf,inf,4998.539113316916,4844.443051472474
N21000264,N21000240,2,3954.8063737366433,inf,inf,4108.902435581086,3954.8063737366433
N21000264,N21000241,2,2481.6400462860756,inf,inf,2635.7361081305176,2481.6400462860756
N21000264,N21000249,1,2098.594551427071,inf,inf,inf,2098.594551427071
N21000264,N21000251,49,1988.19838450236,inf,inf,inf,1988.19838450236
N21000264,N21000252,11,2511.3152808635987,inf,inf,inf,2511.3152808635987
N21000264,N21000253,8,1499.0612166683109,inf,inf,inf,1499.0612166683109
N21000264,N21000254,9,1977.3018777775007,inf,inf,inf,1977.3018777775007
N21000264,N21000256,10,1445.0311763931793,inf,inf,inf,1445.0311763931793
N21000264,N21000258,14,1039.9132351312478,inf,1613.801273695571,1305.5111409487893,1039.9132351312478
N21000264,N21000259,3,1028.1576423808424,1077.347650733222,1028.1576423808424,1028.1576423808424,1028.1576423808424
N21000264,N21000262,2,828.7506312528932,989.988872243677,828.7506312528932,828.7506312528932,828.7506312528932
N21000264,N21000263,3,1834.9284409925783,inf,inf,2387.882320695806,1834.9284409925783
N21000264,N21000265,5,932.1647747766777,inf,inf,inf,932.1647747766777
N21000264,N21000266,3,1337.6605926358234,inf,inf,inf,1337.6605926358234
N21000264,N21000267,1,1155.526164877018,inf,inf,1155.526164877018,1155.526164877018
N21000264,N21000268,5,2852.4318386975137,inf,inf,inf,2852.4318386975137
N21000264,N21000269,1,1121.6786982459594,inf,inf,1121.6786982459594,1121.6786982459594
N21000264,N21000270,5,1249.864311824819,inf,inf,inf,1249.864311824819
N21000264,N21000271,2,1123.0352777081189,inf,inf,1123.0352777081189,1123.0352777081189
N21000264,N21000272,1,2148.024621689592,inf,inf,2148.024621689592,2148.024621689592
N21000264,N21000273,4,2435.8676315087896,inf,inf,inf,2435.8676315087896
N21000264,N21000274,8,3951.3522407934524,inf,inf,inf,3951.3522407934524
N21000264,N21000277,1,3078.7932751869303,inf,inf,9575.97916899714,3078.7932751869303
N21000264,N21000278,2,2983.0315658476443,inf,inf,2983.0315658476443,2983.0315658476443
N21000264,N21000279,2,4669.521532960617,inf,inf,inf,4669.521532960617
N21000264,N21000284,1,6014.529479490555,inf,inf,11837.164270503416,6014.529479490555
N21000264,N21000300,1,6792.048326231563,inf,inf,11925.324864816288,6792.048326231563
N21000264,N21000303,1,2909.52068567253,inf,inf,inf,2909.52068567253
N21000264,N21000308,1,4996.760335272283,inf,inf,inf,4996.760335272283
N21000264,N21000309,1,4395.6766718980425,inf,inf,inf,4395.6766718980425
N21000264,N21000315,1,5105.846579822318,inf,inf,inf,5105.846579822318
N21000264,N21000325,1,3345.8246499092556,inf,inf,inf,3345.8246499092556
N21000264,N21000329,5,2779.5354229896743,inf,inf,inf,2779.5354229896743
N21000264,N21000332,1,4654.158430394796,inf,inf,inf,4654.158430394796
N21000264,N21000335,17,3157.409161849808,inf,inf,inf,3157.409161849808
N21000265,N21000167,1,5774.295350384535,inf,inf,inf,5774.295350384535
N21000265,N21000170,1,5869.653737720631,inf,inf,inf,5869.653737720631
N21000265,N21000171,1,5268.498195543756,inf,inf,inf,5268.498195543756
N21000265,N21000175,6,4538.62490282599,inf,inf,inf,4538.62490282599
N21000265,N21000177,1,3974.568984937345,inf,inf,inf,3974.568984937345
N21000265,N21000178,4,3601.8571246394877,inf,inf,inf,3601.8571246394877
N21000265,N21000181,2,8402.759227632781,inf,inf,inf,8402.759227632781
N21000265,N21000184,1,7005.991395483832,inf,inf,inf,7005.991395483832
N21000265,N21000189,2,6323.181947699738,inf,inf,inf,6323.181947699738
N21000265,N21000192,27,7278.927337753176,inf,inf,inf,7278.927337753176
N21000265,N21000195,7,4974.385104160084,inf,inf,inf,4974.385104160084
N21000265,N21000197,5,8231.573379915013,inf,inf,inf,8231.573379915013
N21000265,N21000198,12,5189.60391264018,inf,inf,inf,5189.60391264018
N21000265,N21000205,4,5110.414150910487,inf,inf,inf,5110.414150910487
N21000265,N21000208,1,4622.043765014982,inf,inf,inf,4622.043765014982
N21000265,N21000211,1,5876.035486612389,inf,inf,inf,5876.035486612389
N21000265,N21000221,7,9559.292632359156,inf,inf,inf,9559.292632359156
N21000265,N21000222,1,7051.027497812285,inf,inf,inf,7051.027497812285
N21000265,N21000226,2,6402.606954632331,inf,inf,inf,6402.606954632331
N21000265,N21000230,1,7814.140735640046,inf,inf,inf,7814.140735640046
N21000265,N21000237,3,5621.93540969745,inf,inf,inf,5621.93540969745
N21000265,N21000240,4,4732.2987319616195,inf,inf,inf,4732.2987319616195
N21000265,N21000241,1,3259.1324045110514,inf,inf,inf,3259.1324045110514
N21000265,N21000245,1,2597.3670398805184,inf,inf,inf,2597.3670398805184
N21000265,N21000249,1,2846.9301956102527,inf,inf,inf,2846.9301956102527
N21000265,N21000251,74,2352.6885909424623,inf,inf,inf,2352.6885909424623
N21000265,N21000252,24,2961.0952382000623,inf,inf,inf,2961.0952382000623
N21000265,N21000253,11,1863.5514231084128,inf,inf,inf,1863.5514231084128
N21000265,N21000254,9,2468.383253439802,inf,inf,inf,2468.383253439802
N21000265,N21000256,33,1511.3808413329543,inf,inf,inf,1511.3808413329543
N21000265,N21000258,13,1404.4034415713497,inf,inf,inf,1404.4034415713497
N21000265,N21000259,6,1653.1453721321893,inf,inf,inf,1653.1453721321893
N21000265,N21000260,1,978.4186902612655,inf,inf,inf,978.4186902612655
N21000265,N21000261,1,1031.5188508368008,inf,inf,inf,1031.5188508368008
N21000265,N21000262,1,1760.9154060295716,inf,inf,inf,1760.9154060295716
N21000265,N21000263,2,2722.9478196881305,inf,inf,inf,2722.9478196881305
N21000265,N21000264,27,932.1647747766781,inf,inf,inf,932.1647747766781
N21000265,N21000267,1,1903.8618090602004,inf,inf,inf,1903.8618090602004
N21000265,N21000268,13,2321.3907350572517,inf,inf,inf,2321.3907350572517
N21000265,N21000270,3,960.7885167165321,inf,inf,inf,960.7885167165321
N21000265,N21000271,2,1818.1752546850519,inf,inf,inf,1818.1752546850519
N21000265,N21000272,3,2714.599248779182,inf,inf,inf,2714.599248779182
N21000265,N21000273,3,2139.4764591918106,inf,inf,inf,2139.4764591918106
N21000265,N21000274,18,3153.2500286741715,inf,inf,inf,3153.2500286741715
N21000265,N21000277,6,2789.7174800786443,inf,inf,inf,2789.7174800786443
N21000265,N21000278,1,3549.606192937234,inf,inf,inf,3549.606192937234
N21000265,N21000279,1,3871.4193208413376,inf,inf,inf,3871.4193208413376
N21000265,N21000280,2,4013.236047547564,inf,inf,inf,4013.236047547564
N21000265,N21000283,1,4784.288853643058,inf,inf,inf,4784.288853643058
N21000265,N21000284,2,5725.453684382268,inf,inf,inf,5725.453684382268
N21000265,N21000287,2,8249.566351860196,inf,inf,inf,8249.566351860196
N21000265,N21000288,1,5954.588984341112,inf,inf,inf,5954.588984341112
N21000265,N21000290,1,7520.560582650289,inf,inf,inf,7520.560582650289
N21000265,N21000293,2,5657.990224174507,inf,inf,inf,5657.990224174507
N21000265,N21000297,1,9140.882371413161,inf,inf,inf,9140.882371413161
N21000265,N21000300,1,5993.946114112283,inf,inf,inf,5993.946114112283
N21000265,N21000303,2,2378.479582032269,inf,inf,inf,2378.479582032269
N21000265,N21000305,1,3192.7995486807463,inf,inf,inf,3192.7995486807463
N21000265,N21000306,1,3586.823269160947,inf,inf,inf,3586.823269160947
N21000265,N21000309,8,3864.635568257781,inf,inf,inf,3864.635568257781
N21000265,N21000311,3,4606.980470626776,inf,inf,inf,4606.980470626776
N21000265,N21000315,3,4307.744367703038,inf,inf,inf,4307.744367703038
N21000265,N21000319,1,5120.574454995363,inf,inf,inf,5120.574454995363
N21000265,N21000323,2,4560.705661087413,inf,inf,inf,4560.705661087413
N21000265,N21000325,1,3710.314856349358,inf,inf,inf,3710.314856349358
N21000265,N21000328,1,3942.561803093682,inf,inf,inf,3942.561803093682
N21000265,N21000329,4,3144.0256294297765,inf,inf,inf,3144.0256294297765
N21000265,N21000332,5,4131.552363035899,inf,inf,inf,4131.552363035899
N21000265,N21000335,43,2626.3680582095467,inf,inf,inf,2626.3680582095467
N21000266,N21000165,1,6355.086888389362,inf,inf,inf,6355.086888389362
N21000266,N21000171,1,5246.750855916851,inf,inf,inf,5246.750855916851
N21000266,N21000175,9,4516.877563199085,inf,inf,inf,4516.877563199085
N21000266,N21000177,1,3952.8216453104396,inf,inf,inf,3952.8216453104396
N21000266,N21000178,2,3580.109785012583,inf,inf,inf,3580.109785012583
N21000266,N21000181,1,8381.011888005876,inf,inf,inf,8381.011888005876
N21000266,N21000188,1,6143.4628020204655,inf,inf,inf,6143.4628020204655
N21000266,N21000192,31,7257.179998126271,inf,inf,inf,7257.179998126271
N21000266,N21000194,2,5437.431027136077,inf,inf,inf,5437.431027136077
N21000266,N21000196,2,4892.902833362527,inf,inf,inf,4892.902833362527
N21000266,N21000197,6,8209.826040288108,inf,inf,inf,8209.826040288108
N21000266,N21000198,17,5167.856573013276,inf,inf,inf,5167.856573013276
N21000266,N21000205,1,5088.666811283582,inf,inf,inf,5088.666811283582
N21000266,N21000206,3,5735.695635325338,inf,inf,inf,5735.695635325338
N21000266,N21000208,1,4600.296425388077,inf,inf,inf,4600.296425388077
N21000266,N21000216,1,5569.210508972423,inf,inf,inf,5569.210508972423
N21000266,N21000220,2,8163.696354775103,inf,inf,inf,8163.696354775103
N21000266,N21000221,4,9537.545292732251,inf,inf,inf,9537.545292732251
N21000266,N21000226,1,6380.859615005425,inf,inf,inf,6380.859615005425
N21000266,N21000231,1,8822.855939163452,inf,inf,inf,8822.855939163452
N21000266,N21000237,2,6027.431227556596,inf,inf,inf,6027.431227556596
N21000266,N21000240,4,5137.7945498207655,inf,inf,inf,5137.7945498207655
N21000266,N21000242,2,6605.03289792596,inf,inf,inf,6605.03289792596
N21000266,N21000247,1,7476.050925794212,inf,inf,inf,7476.050925794212
N21000266,N21000248,1,4211.905114316675,inf,inf,inf,4211.905114316675
N21000266,N21000250,3,5206.040024156162,inf,inf,inf,5206.040024156162
N21000266,N21000251,63,2330.9412513155576,inf,inf,inf,2330.9412513155576
N21000266,N21000252,23,2939.347898573158,inf,inf,inf,2939.347898573158
N21000266,N21000253,10,1841.8040834815083,inf,inf,inf,1841.8040834815083
N21000266,N21000254,6,2446.635913812898,inf,inf,inf,2446.635913812898
N21000266,N21000256,39,1415.2172129825394,inf,inf,inf,1415.2172129825394
N21000266,N21000257,1,1393.0667103922353,inf,inf,inf,1393.0667103922353
N21000266,N21000258,27,1502.3463346717183,inf,inf,inf,1502.3463346717183
N21000266,N21000259,5,1910.2639757883728,inf,inf,inf,1910.2639757883728
N21000266,N21000261,9,935.355222486386,inf,inf,inf,935.355222486386
N21000266,N21000264,27,1337.6605926358236,inf,inf,inf,1337.6605926358236
N21000266,N21000267,1,2309.3576269193463,inf,inf,inf,2309.3576269193463
N21000266,N21000268,17,2199.479902759934,inf,inf,inf,2199.479902759934
N21000266,N21000270,6,1099.6687976836301,inf,inf,inf,1099.6687976836301
N21000266,N21000271,3,2149.2035737035044,inf,inf,inf,2149.2035737035044
N21000266,N21000274,15,2767.8883881239776,inf,inf,inf,2767.8883881239776
N21000266,N21000276,1,3944.466919396738,inf,inf,inf,3944.466919396738
N21000266,N21000277,3,2896.156013554299,inf,inf,inf,2896.156013554299
N21000266,N21000278,2,3688.486473904333,inf,inf,inf,3688.486473904333
N21000266,N21000280,1,3627.8744069973704,inf,inf,inf,3627.8744069973704
N21000266,N21000283,1,4923.169134610155,inf,inf,inf,4923.169134610155
N21000266,N21000288,1,5569.227343790916,inf,inf,inf,5569.227343790916
N21000266,N21000293,1,5272.628583624314,inf,inf,inf,5272.628583624314
N21000266,N21000294,3,4782.373416002254,inf,inf,inf,4782.373416002254
N21000266,N21000295,1,6600.936119773201,inf,inf,inf,6600.936119773201
N21000266,N21000301,3,4414.799176287075,inf,inf,inf,4414.799176287075
N21000266,N21000303,3,2256.568749734951,inf,inf,inf,2256.568749734951
N21000266,N21000304,2,9330.97367924873,inf,inf,inf,9330.97367924873
N21000266,N21000308,4,4225.526639007989,inf,inf,inf,4225.526639007989
N21000266,N21000310,1,4996.006408253998,inf,inf,inf,4996.006408253998
N21000266,N21000311,2,4221.6188300765825,inf,inf,inf,4221.6188300765825
N21000266,N21000324,3,4184.627367356678,inf,inf,inf,4184.627367356678
N21000266,N21000325,2,3688.5675167224526,inf,inf,inf,3688.5675167224526
N21000266,N21000329,1,3122.2782898028713,inf,inf,inf,3122.2782898028713
N21000266,N21000332,3,4009.6415307385823,inf,inf,inf,4009.6415307385823
N21000266,N21000335,44,2504.4572259122288,inf,inf,inf,2504.4572259122288
N21000267,N21000165,3,6427.801236092735,inf,inf,inf,6427.801236092735
N21000267,N21000167,3,5743.821045675452,inf,inf,inf,5743.821045675452
N21000267,N21000170,1,6407.637890475502,inf,inf,inf,6407.637890475502
N21000267,N21000175,4,4508.1505981169075,inf,inf,inf,4508.1505981169075
N21000267,N21000177,1,3922.7052883315073,inf,inf,inf,3922.7052883315073
N21000267,N21000178,5,3571.382819930406,inf,inf,inf,3571.382819930406
N21000267,N21000186,1,6687.805884614273,inf,inf,inf,6687.805884614273
N21000267,N21000187,1,6741.092659300599,inf,inf,inf,6741.092659300599
N21000267,N21000192,32,6690.996365288226,inf,inf,inf,6690.996365288226
N21000267,N21000195,4,4811.9973360030735,inf,inf,inf,4811.9973360030735
N21000267,N21000196,1,4796.601047286177,inf,inf,inf,4796.601047286177
N21000267,N21000197,4,7146.515423911065,inf,inf,inf,7146.515423911065
N21000267,N21000198,12,4369.866218862241,inf,inf,inf,4369.866218862241
N21000267,N21000203,1,4407.074680854819,inf,inf,inf,4407.074680854819
N21000267,N21000204,1,2747.0550610879927,inf,inf,inf,2747.0550610879927
N21000267,N21000205,1,3761.2491266332395,inf,inf,inf,3761.2491266332395
N21000267,N21000206,2,4174.446879368769,inf,inf,inf,4174.446879368769
N21000267,N21000207,2,2832.4916742323794,inf,inf,inf,2832.4916742323794
N21000267,N21000208,3,3156.6757853983045,inf,inf,inf,3156.6757853983045
N21000267,N21000209,5,2066.896199465768,inf,inf,inf,2066.896199465768
N21000267,N21000210,2,3543.509281274868,inf,inf,4815.60658811215,3543.509281274868
N21000267,N21000216,4,3368.2248006349328,inf,inf,3899.804660618068,3368.2248006349328
N21000267,N21000218,1,2377.613967800987,inf,inf,3201.0812943472383,2377.613967800987
N21000267,N21000219,4,7124.785034128355,inf,inf,inf,7124.785034128355
N21000267,N21000220,2,6836.278670124763,inf,inf,inf,6836.278670124763
N21000267,N21000224,2,6279.867141858688,inf,inf,inf,6279.867141858688
N21000267,N21000236,3,2708.791102299245,inf,inf,3144.4150015697633,2708.791102299245
N21000267,N21000237,1,3826.4455192191053,inf,inf,4043.187403372781,3826.4455192191053
N21000267,N21000239,1,2157.6297384599384,inf,inf,2819.2740123985973,2157.6297384599384
N21000267,N21000240,4,2936.808841483274,inf,inf,3153.5507256369497,2936.808841483274
N21000267,N21000241,3,1463.642514032706,inf,inf,1680.3843981863815,1463.642514032706
N21000267,N21000245,1,1181.6678058997995,inf,inf,1181.6678058997995,1181.6678058997995
N21000267,N21000248,1,2390.71006247681,inf,inf,3530.83686856515,2390.71006247681
N21000267,N21000249,5,1520.7703671744387,inf,inf,inf,1520.7703671744387
N21000267,N21000251,70,2463.6942837814413,inf,inf,inf,2463.6942837814413
N21000267,N21000252,14,2266.4766718457468,inf,inf,inf,2266.4766718457468
N21000267,N21000253,16,2132.1934965953137,inf,inf,inf,2132.1934965953137
N21000267,N21000254,8,1732.4632687596481,inf,inf,inf,1732.4632687596481
N21000267,N21000256,22,2437.42794887135,inf,inf,inf,2437.42794887135
N21000267,N21000258,12,2019.4641346139476,inf,inf,2168.7393559102675,2019.4641346139476
N21000267,N21000259,11,1271.1352356967604,inf,inf,1567.7965708343172,1271.1352356967604
N21000267,N21000261,3,2228.1974982232464,inf,inf,inf,2228.1974982232464
N21000267,N21000262,1,883.905321008238,inf,inf,1332.345391591199,883.905321008238
N21000267,N21000263,18,819.0860106279292,inf,inf,1432.5306107516697,819.0860106279292
N21000267,N21000264,27,1155.5261648770181,inf,inf,1155.5261648770181,1155.5261648770181
N21000267,N21000265,5,1903.8618090602008,inf,inf,inf,1903.8618090602008
N21000267,N21000266,8,2309.3576269193463,inf,inf,inf,2309.3576269193463
N21000267,N21000268,9,3824.1288729810353,inf,inf,inf,3824.1288729810353
N21000267,N21000270,1,1991.881044061294,inf,inf,inf,1991.881044061294
N21000267,N21000271,2,1237.7240158858872,inf,inf,1237.7240158858872,1237.7240158858872
N21000267,N21000273,2,2929.906786462894,inf,inf,inf,2929.906786462894
N21000267,N21000274,10,4765.685264080994,inf,inf,inf,4765.685264080994
N21000267,N21000275,2,4681.625350047207,inf,inf,inf,4681.625350047207
N21000267,N21000276,2,5942.263795353753,inf,inf,inf,5942.263795353753
N21000267,N21000277,2,3402.613031868286,inf,inf,9690.66790717491,3402.613031868286
N21000267,N21000278,3,3097.720304025413,inf,inf,3097.720304025413,3097.720304025413
N21000267,N21000280,1,5625.671282954385,inf,inf,inf,5625.671282954385
N21000267,N21000283,5,5397.184405432699,inf,inf,6655.919272798836,5397.184405432699
N21000267,N21000284,1,6338.349236171909,inf,inf,11951.853008681182,6338.349236171909
N21000267,N21000286,2,6797.090733667266,inf,inf,inf,6797.090733667266
N21000267,N21000294,2,6780.170291959268,inf,inf,inf,6780.170291959268
N21000267,N21000295,1,8598.732995730217,inf,inf,14435.096124393669,8598.732995730217
N21000267,N21000303,1,3881.217719956051,inf,inf,inf,3881.217719956051
N21000267,N21000305,1,4695.53768660453,inf,inf,inf,4695.53768660453
N21000267,N21000307,1,5280.046001269481,inf,inf,inf,5280.046001269481
N21000267,N21000308,1,5968.4573695558065,inf,inf,inf,5968.4573695558065
N21000267,N21000309,3,5367.3737061815655,inf,inf,inf,5367.3737061815655
N21000267,N21000314,1,7627.309973103786,inf,inf,inf,7627.309973103786
N21000267,N21000315,3,5920.179603109858,inf,inf,inf,5920.179603109858
N21000267,N21000321,1,5112.3176681309815,inf,inf,inf,5112.3176681309815
N21000267,N21000324,4,5368.233632674232,inf,inf,inf,5368.233632674232
N21000267,N21000325,1,3836.8276313463793,inf,inf,inf,3836.8276313463793
N21000267,N21000327,1,5076.258300708603,inf,inf,inf,5076.258300708603
N21000267,N21000328,1,4420.933443171151,inf,inf,inf,4420.933443171151
N21000267,N21000329,1,3352.841956693502,inf,inf,inf,3352.841956693502
N21000267,N21000332,2,5331.6928884439,inf,inf,inf,5331.6928884439
N21000267,N21000335,15,3960.185172012276,inf,inf,inf,3960.185172012276
N21000268,N21000167,1,5700.390338418229,inf,inf,inf,5700.390338418229
N21000268,N21000170,1,5377.755835205952,inf,inf,inf,5377.755835205952
N21000268,N21000172,1,4946.971105926712,inf,inf,inf,4946.971105926712
N21000268,N21000173,1,4847.234616931692,inf,inf,inf,4847.234616931692
N21000268,N21000175,2,4860.762884731061,inf,inf,inf,4860.762884731061
N21000268,N21000177,1,4870.87169285117,inf,inf,inf,4870.87169285117
N21000268,N21000184,1,7375.508113798347,inf,inf,inf,7375.508113798347
N21000268,N21000188,1,7061.512849561195,inf,inf,inf,7061.512849561195
N21000268,N21000190,2,6605.734869590078,inf,inf,inf,6605.734869590078
N21000268,N21000192,24,8269.266027054793,inf,inf,inf,8269.266027054793
N21000268,N21000195,2,5870.6878120739075,inf,inf,inf,5870.6878120739075
N21000268,N21000197,2,9364.429483812124,inf,inf,inf,9364.429483812124
N21000268,N21000198,8,6318.557423607079,inf,inf,inf,6318.557423607079
N21000268,N21000203,3,6899.18949822211,inf,inf,inf,6899.18949822211
N21000268,N21000204,1,5088.995455669864,inf,inf,inf,5088.995455669864
N21000268,N21000208,1,5764.993558105029,inf,inf,inf,5764.993558105029
N21000268,N21000210,1,6508.196518651005,inf,inf,inf,6508.196518651005
N21000268,N21000213,1,5639.38420338761,inf,inf,inf,5639.38420338761
N21000268,N21000216,1,6905.27738610423,inf,inf,inf,6905.27738610423
N21000268,N21000226,3,7545.556747722378,inf,inf,inf,7545.556747722378
N21000268,N21000230,1,9118.65837736871,inf,inf,inf,9118.65837736871
N21000268,N21000240,1,6567.178748610456,inf,inf,inf,6567.178748610456
N21000268,N21000249,2,4767.197259531089,inf,inf,inf,4767.197259531089
N21000268,N21000251,71,3323.438381223952,inf,inf,inf,3323.438381223952
N21000268,N21000252,10,4104.04503129011,inf,inf,inf,4104.04503129011
N21000268,N21000253,8,3006.5012161984605,inf,inf,inf,3006.5012161984605
N21000268,N21000254,7,3613.57067189806,inf,inf,inf,3613.57067189806
N21000268,N21000256,19,2174.29408470414,inf,inf,inf,2174.29408470414
N21000268,N21000258,8,2802.8038022570536,inf,inf,inf,2802.8038022570536
N21000268,N21000259,2,3210.721443373709,inf,inf,inf,3210.721443373709
N21000268,N21000260,1,1766.9043940877618,inf,inf,inf,1766.9043940877618
N21000268,N21000261,6,2235.8126900717216,inf,inf,inf,2235.8126900717216
N21000268,N21000264,7,2852.4318386975146,inf,inf,inf,2852.4318386975146
N21000268,N21000265,8,2321.3907350572536,inf,inf,inf,2321.3907350572536
N21000268,N21000266,4,2199.479902759935,inf,inf,inf,2199.479902759935
N21000268,N21000270,5,2826.094601045271,inf,inf,inf,2826.094601045271
N21000268,N21000271,2,3562.011494986938,inf,inf,inf,3562.011494986938
N21000268,N21000272,1,3449.8979705263637,inf,inf,inf,3449.8979705263637
N21000268,N21000273,8,2030.9090327662218,inf,inf,inf,2030.9090327662218
N21000268,N21000274,6,2091.768520600392,inf,inf,inf,2091.768520600392
N21000268,N21000276,2,3568.2549853849146,inf,inf,inf,3568.2549853849146
N21000268,N21000277,1,2613.5071244573314,inf,inf,inf,2613.5071244573314
N21000268,N21000279,2,3109.845746279321,inf,inf,inf,3109.845746279321
N21000268,N21000280,1,3251.662472985547,inf,inf,inf,3251.662472985547
N21000268,N21000282,1,5662.332861535633,inf,inf,inf,5662.332861535633
N21000268,N21000283,1,4650.156228694024,inf,inf,inf,4650.156228694024
N21000268,N21000284,1,5313.064306980745,inf,inf,inf,5313.064306980745
N21000268,N21000286,1,3648.507912581861,inf,inf,inf,3648.507912581861
N21000268,N21000287,2,6713.4187661816095,inf,inf,inf,6713.4187661816095
N21000268,N21000294,2,4406.161481990432,inf,inf,inf,4406.161481990432
N21000268,N21000303,1,1886.5816795175913,inf,inf,inf,1886.5816795175913
N21000268,N21000304,1,8180.187734120342,inf,inf,inf,8180.187734120342
N21000268,N21000308,2,3074.740693879599,inf,inf,inf,3074.740693879599
N21000268,N21000309,3,3264.211797880854,inf,inf,inf,3264.211797880854
N21000268,N21000310,3,3845.220463125609,inf,inf,inf,3845.220463125609
N21000268,N21000311,1,3070.8328849481927,inf,inf,inf,3070.8328849481927
N21000268,N21000317,1,4568.4831864888,inf,inf,inf,4568.4831864888
N21000268,N21000319,2,4628.676552480685,inf,inf,inf,4628.676552480685
N21000268,N21000321,1,3910.1750571398893,inf,inf,inf,3910.1750571398893
N21000268,N21000328,1,3450.663900579004,inf,inf,inf,3450.663900579004
N21000268,N21000329,2,4030.6748925389147,inf,inf,inf,4030.6748925389147
N21000268,N21000332,1,3639.654460521222,inf,inf,inf,3639.654460521222
N21000268,N21000335,23,2134.4701556948685,inf,inf,inf,2134.4701556948685
N21000269,N21000165,1,6683.002913829133,inf,inf,inf,6683.002913829133
N21000269,N21000166,1,7469.598347620572,inf,inf,inf,7469.598347620572
N21000269,N21000168,1,6158.836290386054,inf,inf,inf,6158.836290386054
N21000269,N21000170,1,6662.839568211901,inf,inf,inf,6662.839568211901
N21000269,N21000171,1,5493.225568571073,inf,inf,inf,5493.225568571073
N21000269,N21000173,1,5937.232998472922,inf,inf,inf,5937.232998472922
N21000269,N21000175,5,4763.352275853307,inf,inf,inf,4763.352275853307
N21000269,N21000178,3,3826.584497666804,inf,inf,inf,3826.584497666804
N21000269,N21000186,2,6943.00756235067,inf,inf,inf,6943.00756235067
N21000269,N21000188,1,6202.362861060283,inf,inf,inf,6202.362861060283
N21000269,N21000189,3,6547.909320727055,inf,inf,inf,6547.909320727055
N21000269,N21000191,2,5743.467927617474,inf,inf,inf,5743.467927617474
N21000269,N21000192,40,6946.198043024625,inf,inf,inf,6946.198043024625
N21000269,N21000193,2,5793.133762155173,inf,inf,inf,5793.133762155173
N21000269,N21000195,6,5067.199013739471,inf,inf,inf,5067.199013739471
N21000269,N21000196,1,5051.802725022575,inf,inf,inf,5051.802725022575
N21000269,N21000197,7,7383.049784756979,inf,inf,inf,7383.049784756979
N21000269,N21000198,11,4606.4005797081545,inf,inf,inf,4606.4005797081545
N21000269,N21000202,1,4204.0518241727195,inf,inf,inf,4204.0518241727195
N21000269,N21000203,1,4643.609041700729,inf,inf,inf,4643.609041700729
N21000269,N21000205,4,3997.78348747915,inf,inf,inf,3997.78348747915
N21000269,N21000206,1,4410.981240214681,inf,inf,inf,4410.981240214681
N21000269,N21000207,1,3069.02603507829,inf,inf,inf,3069.02603507829
N21000269,N21000209,5,2303.43056031168,inf,inf,inf,2303.43056031168
N21000269,N21000210,2,3780.0436421207796,inf,inf,4649.279599810327,3780.0436421207796
N21000269,N21000213,1,2701.716763769806,inf,inf,3542.7242519588035,2701.716763769806
N21000269,N21000219,1,7361.3193949742645,inf,inf,inf,7361.3193949742645
N21000269,N21000220,2,7072.813030970673,inf,inf,inf,7072.813030970673
N21000269,N21000221,9,8025.080204219748,inf,inf,inf,8025.080204219748
N21000269,N21000222,2,5873.693755298837,inf,inf,inf,5873.693755298837
N21000269,N21000223,2,5280.498431962867,inf,inf,inf,5280.498431962867
N21000269,N21000225,2,5438.576936974654,inf,inf,inf,5438.576936974654
N21000269,N21000226,4,4709.817567395886,inf,inf,5272.054857322164,4709.817567395886
N21000269,N21000230,2,5983.1589384144745,inf,inf,inf,5983.1589384144745
N21000269,N21000231,1,6852.053632926171,inf,inf,inf,6852.053632926171
N21000269,N21000233,1,5440.759852806883,inf,inf,inf,5440.759852806883
N21000269,N21000236,1,2730.9949000259976,inf,inf,2978.0880132679404,2730.9949000259976
N21000269,N21000237,5,3790.953612471879,inf,inf,3876.860415070958,3790.953612471879
N21000269,N21000239,2,2179.833536186691,inf,inf,2652.947024096774,2179.833536186691
N21000269,N21000240,3,2901.3169347360476,inf,inf,2987.2237373351268,2901.3169347360476
N21000269,N21000241,11,1428.1506072854793,inf,inf,1514.0574098845582,1428.1506072854793
N21000269,N21000242,1,4368.555282841239,inf,inf,inf,4368.555282841239
N21000269,N21000243,3,2321.647885008305,inf,inf,2525.3804890634683,2321.647885008305
N21000269,N21000248,1,1936.394954028386,inf,inf,3364.509880263327,1936.394954028386
N21000269,N21000249,4,976.9158531811114,inf,inf,inf,976.9158531811114
N21000269,N21000251,98,2718.89596151784,inf,inf,inf,2718.89596151784
N21000269,N21000252,19,2521.678349582144,inf,inf,inf,2521.678349582144
N21000269,N21000253,28,2333.719811373633,inf,inf,inf,2333.719811373633
N21000269,N21000254,14,1987.6649464960465,inf,inf,inf,1987.6649464960465
N21000269,N21000255,1,3040.6070693958,inf,inf,inf,3040.6070693958
N21000269,N21000256,28,2403.5804822402915,inf,inf,inf,2403.5804822402915
N21000269,N21000258,23,1998.4625409783596,inf,inf,2134.891889279209,1998.4625409783596
N21000269,N21000259,7,1526.3369134331588,inf,inf,1533.9491042032587,1526.3369134331588
N21000269,N21000261,1,2194.350031592188,inf,inf,inf,2194.350031592188
N21000269,N21000262,3,1139.1069987446365,inf,inf,1298.4979249601404,1139.1069987446365
N21000269,N21000263,18,1055.6203714738408,inf,inf,1266.2036224498463,1055.6203714738408
N21000269,N21000264,34,1121.6786982459598,inf,inf,1121.6786982459598,1121.6786982459598
N21000269,N21000265,8,1870.014342429142,inf,inf,inf,1870.014342429142
N21000269,N21000266,2,2275.5101602882874,inf,inf,inf,2275.5101602882874
N21000269,N21000268,12,3790.281406349977,inf,inf,inf,3790.281406349977
N21000269,N21000270,6,1958.0335774302357,inf,inf,inf,1958.0335774302357
N21000269,N21000271,3,1203.876549254829,inf,inf,1203.876549254829,1203.876549254829
N21000269,N21000272,1,2228.865893236302,inf,inf,2228.865893236302,2228.865893236302
N21000269,N21000273,3,2896.059319831836,inf,inf,inf,2896.059319831836
N21000269,N21000274,7,4731.837797449936,inf,inf,inf,4731.837797449936
N21000269,N21000275,2,4647.777883416149,inf,inf,inf,4647.777883416149
N21000269,N21000276,1,5908.416328722694,inf,inf,inf,5908.416328722694
N21000269,N21000277,1,3368.765565237228,inf,inf,9656.820440543852,3368.765565237228
N21000269,N21000278,2,3063.8728373943545,inf,inf,3063.8728373943545,3063.8728373943545
N21000269,N21000279,1,5450.007089617099,inf,inf,inf,5450.007089617099
N21000269,N21000280,5,5591.823816323325,inf,inf,inf,5591.823816323325
N21000269,N21000282,1,4485.254769418144,inf,inf,4485.254769418144,4485.254769418144
N21000269,N21000283,2,5363.336938801642,inf,inf,6622.071806167778,5363.336938801642
N21000269,N21000284,1,6304.5017695408515,inf,inf,11918.005542050125,6304.5017695408515
N21000269,N21000293,2,7236.577992950269,inf,inf,inf,7236.577992950269
N21000269,N21000295,2,8564.885529099158,inf,inf,14401.248657762611,8564.885529099158
N21000269,N21000298,1,8308.216921965244,inf,inf,14144.580050628698,8308.216921965244
N21000269,N21000302,1,4609.688745746802,inf,inf,inf,4609.688745746802
N21000269,N21000303,2,3847.3702533249925,inf,inf,inf,3847.3702533249925
N21000269,N21000305,2,4661.690219973471,inf,inf,inf,4661.690219973471
N21000269,N21000309,7,5333.526239550506,inf,inf,inf,5333.526239550506
N21000269,N21000310,2,6748.976403655305,inf,inf,inf,6748.976403655305
N21000269,N21000311,1,6185.568239402539,inf,inf,inf,6185.568239402539
N21000269,N21000315,1,5886.3321364788,inf,inf,inf,5886.3321364788
N21000269,N21000318,1,7913.125418241276,inf,inf,inf,7913.125418241276
N21000269,N21000319,1,5458.167603447968,inf,inf,inf,5458.167603447968
N21000269,N21000329,6,3608.043634429901,inf,inf,inf,3608.043634429901
N21000269,N21000331,1,4307.696318965797,inf,inf,inf,4307.696318965797
N21000269,N21000332,1,5548.68395947135,inf,inf,inf,5548.68395947135
N21000269,N21000335,23,4095.2587295022704,inf,inf,inf,4095.2587295022704
N21000270,N21000171,1,5586.197732591899,inf,inf,inf,5586.197732591899
N21000270,N21000175,8,4856.324439874133,inf,inf,inf,4856.324439874133
N21000270,N21000178,2,3919.5566616876285,inf,inf,inf,3919.5566616876285
N21000270,N21000188,1,6482.909678695511,inf,inf,inf,6482.909678695511
N21000270,N21000189,2,6640.881484747881,inf,inf,inf,6640.881484747881
N21000270,N21000190,2,6553.917688323705,inf,inf,inf,6553.917688323705
N21000270,N21000192,25,7596.626874801316,inf,inf,inf,7596.626874801316
N21000270,N21000193,1,5886.105926175998,inf,inf,inf,5886.105926175998
N21000270,N21000195,1,5292.084641208224,inf,inf,inf,5292.084641208224
N21000270,N21000197,10,8549.272916963157,inf,inf,inf,8549.272916963157
N21000270,N21000198,4,5507.303449688322,inf,inf,inf,5507.303449688322
N21000270,N21000203,2,6073.939242180205,inf,inf,inf,6073.939242180205
N21000270,N21000205,1,5428.113687958628,inf,inf,inf,5428.113687958628
N21000270,N21000209,1,4058.777243527063,inf,inf,inf,4058.777243527063
N21000270,N21000216,1,5251.73392611437,inf,inf,inf,5251.73392611437
N21000270,N21000226,1,6628.818599622552,inf,inf,inf,6628.818599622552
N21000270,N21000236,2,4592.300227778681,inf,inf,inf,4592.300227778681
N21000270,N21000237,1,5709.954644698543,inf,inf,inf,5709.954644698543
N21000270,N21000240,3,4820.3179669627125,inf,inf,inf,4820.3179669627125
N21000270,N21000241,4,3347.1516395121444,inf,inf,inf,3347.1516395121444
N21000270,N21000245,2,2685.3862748816114,inf,inf,inf,2685.3862748816114
N21000270,N21000248,1,3894.4285314586223,inf,inf,inf,3894.4285314586223
N21000270,N21000251,52,2670.388127990603,inf,inf,inf,2670.388127990603
N21000270,N21000252,26,3278.7947752482037,inf,inf,inf,3278.7947752482037
N21000270,N21000253,12,2181.250960156554,inf,inf,inf,2181.250960156554
N21000270,N21000254,8,2786.0827904879425,inf,inf,inf,2786.0827904879425
N21000270,N21000256,20,2127.220919881422,inf,inf,inf,2127.220919881422
N21000270,N21000258,17,1722.1029786194906,inf,inf,inf,1722.1029786194906
N21000270,N21000261,1,1754.3492141425497,inf,inf,inf,1754.3492141425497
N21000270,N21000263,1,2810.967054689224,inf,inf,inf,2810.967054689224
N21000270,N21000264,17,1249.864311824819,inf,inf,inf,1249.864311824819
N21000270,N21000265,6,960.788516716532,inf,inf,inf,960.788516716532
N21000270,N21000266,10,1099.66879768363,inf,inf,inf,1099.66879768363
N21000270,N21000268,11,2826.0946010452703,inf,inf,inf,2826.0946010452703
N21000270,N21000271,4,1127.4507237145815,inf,inf,inf,1127.4507237145815
N21000270,N21000272,4,1766.2761159398406,inf,inf,inf,1766.2761159398406
N21000270,N21000273,8,1186.0033196839709,inf,inf,inf,1186.0033196839709
N21000270,N21000274,7,2871.832327080954,inf,inf,inf,2871.832327080954
N21000270,N21000275,2,2787.7724130471665,inf,inf,inf,2787.7724130471665
N21000270,N21000277,2,1828.9289633621124,inf,inf,inf,1828.9289633621124
N21000270,N21000278,1,2601.2830600978928,inf,inf,inf,2601.2830600978928
N21000270,N21000280,2,3731.8183459543466,inf,inf,inf,3731.8183459543466
N21000270,N21000283,1,3823.5003369265246,inf,inf,inf,3823.5003369265246
N21000270,N21000286,2,4903.2377966672275,inf,inf,inf,4903.2377966672275
N21000270,N21000287,3,7968.148650266976,inf,inf,inf,7968.148650266976
N21000270,N21000300,2,5712.528412519067,inf,inf,inf,5712.528412519067
N21000270,N21000306,1,4418.880761469279,inf,inf,inf,4418.880761469279
N21000270,N21000308,2,4329.470577964965,inf,inf,inf,4329.470577964965
N21000270,N21000309,2,4518.94168196622,inf,inf,inf,4518.94168196622
N21000270,N21000315,1,4026.326666109821,inf,inf,inf,4026.326666109821
N21000270,N21000317,1,5892.438581311808,inf,inf,inf,5892.438581311808
N21000270,N21000322,1,4479.622614875249,inf,inf,inf,4479.622614875249
N21000270,N21000325,1,4028.0143933974987,inf,inf,inf,4028.0143933974987
N21000270,N21000329,3,3461.7251664779174,inf,inf,inf,3461.7251664779174
N21000270,N21000331,1,4095.360533377484,inf,inf,inf,4095.360533377484
N21000270,N21000332,4,4963.60985534423,inf,inf,inf,4963.60985534423
N21000270,N21000333,1,4017.2569297866803,inf,inf,inf,4017.2569297866803
N21000270,N21000335,44,3458.425550517877,inf,inf,inf,3458.425550517877
N21000271,N21000165,2,6981.818501784239,inf,inf,inf,6981.818501784239
N21000271,N21000168,2,6457.65187834116,inf,inf,inf,6457.65187834116
N21000271,N21000170,1,6961.655156167006,inf,inf,inf,6961.655156167006
N21000271,N21000172,1,5782.143480313951,inf,inf,inf,5782.143480313951
N21000271,N21000175,7,5080.844914488909,inf,inf,inf,5080.844914488909
N21000271,N21000177,1,4516.788996600264,inf,inf,inf,4516.788996600264
N21000271,N21000178,2,4144.077136302406,inf,inf,inf,4144.077136302406
N21000271,N21000181,1,8944.979239295699,inf,inf,inf,8944.979239295699
N21000271,N21000186,2,7448.074854600675,inf,inf,inf,7448.074854600675
N21000271,N21000189,2,6865.401959362657,inf,inf,inf,6865.401959362657
N21000271,N21000192,35,7746.490642622987,inf,inf,inf,7746.490642622987
N21000271,N21000193,2,6110.626400790775,inf,inf,inf,6110.626400790775
N21000271,N21000195,6,5516.605115823001,inf,inf,inf,5516.605115823001
N21000271,N21000196,2,5456.87018465235,inf,inf,inf,5456.87018465235
N21000271,N21000197,2,8384.239439796955,inf,inf,inf,8384.239439796955
N21000271,N21000198,27,5602.134034530186,inf,inf,inf,5602.134034530186
N21000271,N21000202,2,5205.241479212695,inf,inf,inf,5205.241479212695
N21000271,N21000205,7,4998.9731425191285,inf,inf,inf,4998.9731425191285
N21000271,N21000207,1,4070.2156901182652,inf,inf,inf,4070.2156901182652
N21000271,N21000208,2,4394.399801284191,inf,inf,inf,4394.399801284191
N21000271,N21000209,6,3304.6202153516556,inf,inf,inf,3304.6202153516556
N21000271,N21000210,1,4781.233297160754,inf,inf,5853.156149065158,4781.233297160754
N21000271,N21000213,1,3702.906418809782,inf,inf,4746.600801213634,3702.906418809782
N21000271,N21000217,1,3229.2349784706425,inf,inf,4509.692469204104,3229.2349784706425
N21000271,N21000219,1,8362.50905001424,inf,inf,inf,8362.50905001424
N21000271,N21000220,2,8074.002686010649,inf,inf,inf,8074.002686010649
N21000271,N21000221,6,9189.924208271004,inf,inf,inf,9189.924208271004
N21000271,N21000225,1,6603.420941025912,inf,inf,inf,6603.420941025912
N21000271,N21000226,1,5874.661571447144,inf,inf,6475.931406576995,5874.661571447144
N21000271,N21000230,1,7148.0029424657305,inf,inf,inf,7148.0029424657305
N21000271,N21000231,2,8016.897636977427,inf,inf,inf,8016.897636977427
N21000271,N21000236,1,3838.143199603276,inf,inf,4181.964562522769,3838.143199603276
N21000271,N21000237,1,4955.797616523136,inf,inf,5080.736964325785,4955.797616523136
N21000271,N21000239,1,3286.9818357639697,inf,inf,3856.823573351603,3286.9818357639697
N21000271,N21000240,7,4066.1609387873054,inf,inf,4191.100286589955,4066.1609387873054
N21000271,N21000241,3,2592.9946113367373,inf,inf,2717.933959139387,2592.9946113367373
N21000271,N21000243,2,3525.524434263134,inf,inf,3729.257038318297,3525.524434263134
N21000271,N21000245,2,1931.2292467062045,inf,inf,1931.2292467062045,1931.2292467062045
N21000271,N21000249,2,2180.7924024359395,inf,inf,inf,2180.7924024359395
N21000271,N21000251,84,2894.908602605381,inf,inf,inf,2894.908602605381
N21000271,N21000252,31,3321.970949180508,inf,inf,inf,3321.970949180508
N21000271,N21000253,23,2405.7714347713318,inf,inf,inf,2405.7714347713318
N21000271,N21000254,8,2787.9575460944097,inf,inf,inf,2787.9575460944097
N21000271,N21000256,40,2351.741394496201,inf,inf,inf,2351.741394496201
N21000271,N21000258,18,1946.623453234269,inf,inf,2405.162190555419,1946.623453234269
N21000271,N21000259,4,1895.8601035808902,inf,inf,1895.8601035808902,1895.8601035808902
N21000271,N21000260,1,2343.1240558827935,inf,inf,inf,2343.1240558827935
N21000271,N21000261,5,2142.510943848097,inf,inf,inf,2142.510943848097
N21000271,N21000263,4,2056.8100265138164,inf,inf,2470.080171704675,2056.8100265138164
N21000271,N21000264,36,1123.035277708119,inf,inf,1123.035277708119,1123.035277708119
N21000271,N21000265,15,1818.1752546850516,inf,inf,inf,1818.1752546850516
N21000271,N21000266,3,2149.2035737035044,inf,inf,inf,2149.2035737035044
N21000271,N21000268,12,3562.0114949869385,inf,inf,inf,3562.0114949869385
N21000271,N21000269,2,1203.8765492548287,inf,inf,1203.8765492548287,1203.8765492548287
N21000271,N21000270,12,1127.4507237145813,inf,inf,inf,1127.4507237145813
N21000271,N21000272,7,1024.989343981473,1683.1657336899243,1024.989343981473,1024.989343981473,1024.989343981473
N21000271,N21000273,5,1692.1827705770072,inf,inf,inf,1692.1827705770072
N21000271,N21000274,17,3607.7492210226224,inf,inf,inf,3607.7492210226224
N21000271,N21000275,4,3523.6893069888342,inf,inf,inf,3523.6893069888342
N21000271,N21000277,2,2164.8890159824005,inf,inf,8452.943891289022,2164.8890159824005
N21000271,N21000278,4,1859.9962881395254,2151.639721258883,1859.9962881395254,1859.9962881395254,1859.9962881395254
N21000271,N21000279,2,4325.918513189788,inf,inf,inf,4325.918513189788
N21000271,N21000280,1,4467.735239896013,inf,inf,inf,4467.735239896013
N21000271,N21000284,2,5100.625220286026,inf,inf,10714.128992795295,5100.625220286026
N21000271,N21000286,2,5639.154690608895,inf,inf,inf,5639.154690608895
N21000271,N21000290,1,7975.059774998738,inf,inf,15213.871667219935,7975.059774998738
N21000271,N21000294,2,5622.234248900896,inf,inf,inf,5622.234248900896
N21000271,N21000298,1,7184.128345537934,inf,inf,12940.703501373868,7184.128345537934
N21000271,N21000299,2,8695.574123612809,inf,inf,inf,8695.574123612809
N21000271,N21000303,3,3795.531165580902,inf,inf,inf,3795.531165580902
N21000271,N21000307,1,4944.220568863703,inf,inf,inf,4944.220568863703
N21000271,N21000308,2,5065.387471906633,inf,inf,inf,5065.387471906633
N21000271,N21000309,5,5254.858575907889,inf,inf,inf,5254.858575907889
N21000271,N21000311,1,5061.479662975226,inf,inf,inf,5061.479662975226
N21000271,N21000315,3,4762.243560051487,inf,inf,inf,4762.243560051487
N21000271,N21000319,1,5756.983191403074,inf,inf,inf,5756.983191403074
N21000271,N21000323,1,5167.43823385978,inf,inf,inf,5167.43823385978
N21000271,N21000324,1,5597.409392728147,inf,inf,inf,5597.409392728147
N21000271,N21000329,7,3686.2456410926948,inf,inf,inf,3686.2456410926948
N21000271,N21000331,1,4319.881007992263,inf,inf,inf,4319.881007992263
N21000271,N21000332,2,5548.603946584532,inf,inf,inf,5548.603946584532
N21000271,N21000333,2,4476.0706305525,inf,inf,inf,4476.0706305525
N21000271,N21000335,55,4043.4196417581798,inf,inf,inf,4043.4196417581798
N21000272,N21000164,1,9476.464583973844,inf,inf,inf,9476.464583973844
N21000272,N21000168,1,7482.6412223226325,inf,inf,inf,7482.6412223226325
N21000272,N21000172,2,6807.132824295423,inf,inf,inf,6807.132824295423
N21000272,N21000175,5,6105.834258470382,inf,inf,inf,6105.834258470382
N21000272,N21000178,2,5169.066480283879,inf,inf,inf,5169.066480283879
N21000272,N21000188,1,7732.419497291761,inf,inf,inf,7732.419497291761
N21000272,N21000189,4,7890.39130334413,inf,inf,inf,7890.39130334413
N21000272,N21000190,1,7803.427506919956,inf,inf,inf,7803.427506919956
N21000272,N21000192,19,8771.47998660446,inf,inf,inf,8771.47998660446
N21000272,N21000193,2,7135.615744772248,inf,inf,inf,7135.615744772248
N21000272,N21000195,2,6541.594459804473,inf,inf,inf,6541.594459804473
N21000272,N21000197,1,9409.228783778428,inf,inf,inf,9409.228783778428
N21000272,N21000198,7,6627.123378511661,inf,inf,inf,6627.123378511661
N21000272,N21000199,1,7384.590389271448,inf,inf,inf,7384.590389271448
N21000272,N21000209,1,4329.609559333128,inf,inf,inf,4329.609559333128
N21000272,N21000210,1,5806.222641142226,inf,inf,6878.145493046632,5806.222641142226
N21000272,N21000226,1,6873.328295128566,inf,inf,7500.920750558468,6873.328295128566
N21000272,N21000230,3,7862.043013714819,inf,inf,inf,7862.043013714819
N21000272,N21000231,1,8498.782251270331,inf,inf,inf,8498.782251270331
N21000272,N21000237,2,5954.464340204558,inf,inf,6105.7263083072585,5954.464340204558
N21000272,N21000240,7,5020.780077383263,inf,inf,5216.089630571428,5020.780077383263
N21000272,N21000243,1,4008.7610720665734,inf,inf,4754.24638229977,4008.7610720665734
N21000272,N21000245,2,2956.218590687679,inf,inf,2956.218590687679,2956.218590687679
N21000272,N21000248,3,3623.508141086654,inf,inf,5593.375773499629,3623.508141086654
N21000272,N21000251,34,3919.8979465868542,inf,inf,inf,3919.8979465868542
N21000272,N21000252,16,4346.960293161981,inf,inf,inf,4346.960293161981
N21000272,N21000253,4,3430.760778752805,inf,inf,inf,3430.760778752805
N21000272,N21000254,4,3812.946890075884,inf,inf,inf,3812.946890075884
N21000272,N21000255,1,4013.7573256331816,inf,inf,inf,4013.7573256331816
N21000272,N21000256,22,3376.7307384776736,inf,inf,inf,3376.7307384776736
N21000272,N21000258,7,2971.6127972157424,inf,inf,3430.1515345368916,2971.6127972157424
N21000272,N21000259,3,2920.849447562364,inf,inf,2920.849447562364,2920.849447562364
N21000272,N21000261,4,3167.50028782957,inf,inf,inf,3167.50028782957
N21000272,N21000262,1,2685.3982683192457,inf,inf,2685.3982683192457,2685.3982683192457
N21000272,N21000263,2,3081.799370495291,inf,inf,3495.0695156861493,3081.799370495291
N21000272,N21000264,31,2148.024621689592,inf,inf,2148.024621689592,2148.024621689592
N21000272,N21000265,10,2714.5992487791827,inf,inf,inf,2714.5992487791827
N21000272,N21000266,3,2853.4795297462806,inf,inf,inf,2853.4795297462806
N21000272,N21000267,1,2262.7133598673604,inf,inf,2262.7133598673604,2262.7133598673604
N21000272,N21000268,9,3449.8979705263646,inf,inf,inf,3449.8979705263646
N21000272,N21000269,1,2228.8658932363023,inf,inf,2228.8658932363023,2228.8658932363023
N21000272,N21000270,4,1766.27611593984,inf,inf,inf,1766.27611593984
N21000272,N21000271,4,1024.9893439814732,1683.1657336899243,1024.9893439814732,1024.9893439814732,1024.9893439814732
N21000272,N21000273,8,1559.1165357887478,inf,inf,inf,1559.1165357887478
N21000272,N21000274,7,3495.6356965620485,inf,inf,inf,3495.6356965620485
N21000272,N21000275,2,3411.5757825282603,inf,inf,inf,3411.5757825282603
N21000272,N21000276,5,4672.214227834808,inf,inf,inf,4672.214227834808
N21000272,N21000277,3,1987.5884461457954,inf,inf,7622.726730174829,1987.5884461457954
N21000272,N21000278,3,835.0069441580523,835.0069441580523,835.0069441580523,835.0069441580523,835.0069441580523
N21000272,N21000279,2,4172.369864142819,inf,inf,inf,4172.369864142819
N21000272,N21000280,3,4355.62171543544,inf,inf,inf,4355.62171543544
N21000272,N21000283,2,3982.159819710208,inf,5050.1262705087,4587.978095798758,3982.159819710208
N21000272,N21000284,5,4923.324650449422,inf,inf,9883.911831681105,4923.324650449422
N21000272,N21000286,2,5527.041166148323,inf,inf,inf,5527.041166148323
N21000272,N21000293,1,6000.375892062383,inf,inf,inf,6000.375892062383
N21000272,N21000294,4,5510.120724440323,inf,inf,inf,5510.120724440323
N21000272,N21000295,1,7328.68342821127,inf,inf,12367.154947393592,7328.68342821127
N21000272,N21000301,1,6828.0036999985505,inf,inf,inf,6828.0036999985505
N21000272,N21000303,1,4820.520509562375,inf,inf,inf,4820.520509562375
N21000272,N21000307,1,4832.107044403129,inf,inf,inf,4832.107044403129
N21000272,N21000309,2,5142.745051447315,inf,inf,inf,5142.745051447315
N21000272,N21000310,1,5723.753716692067,inf,inf,inf,5723.753716692067
N21000272,N21000311,2,4949.366138514654,inf,inf,inf,4949.366138514654
N21000272,N21000312,2,5671.896634372768,inf,inf,inf,5671.896634372768
N21000272,N21000315,1,4650.130035590915,inf,inf,inf,4650.130035590915
N21000272,N21000327,1,6358.938405614646,inf,inf,inf,6358.938405614646
N21000272,N21000329,3,4711.234985074168,inf,inf,inf,4711.234985074168
N21000272,N21000331,2,5344.870351973735,inf,inf,inf,5344.870351973735
N21000272,N21000332,1,6573.5932905660065,inf,inf,inf,6573.5932905660065
N21000272,N21000335,38,5068.408985739654,inf,inf,inf,5068.408985739654
N21000273,N21000165,1,7894.968492558231,inf,inf,inf,7894.968492558231
N21000273,N21000170,1,7287.624509592183,inf,inf,inf,7287.624509592183
N21000273,N21000174,2,7010.0509780695675,inf,inf,inf,7010.0509780695675
N21000273,N21000175,14,6042.327759558102,inf,inf,inf,6042.327759558102
N21000273,N21000177,1,5478.271841669456,inf,inf,inf,5478.271841669456
N21000273,N21000178,1,5105.559981371599,inf,inf,inf,5105.559981371599
N21000273,N21000184,1,8509.694252215944,inf,inf,inf,8509.694252215944
N21000273,N21000189,2,7826.88480443185,inf,inf,inf,7826.88480443185
N21000273,N21000190,3,7739.9210080076755,inf,inf,inf,7739.9210080076755
N21000273,N21000192,23,8782.630194485288,inf,inf,inf,8782.630194485288
N21000273,N21000195,2,6478.087960892193,inf,inf,inf,6478.087960892193
N21000273,N21000196,1,6418.353029721542,inf,inf,inf,6418.353029721542
N21000273,N21000198,14,6693.306769372296,inf,inf,inf,6693.306769372296
N21000273,N21000203,1,7259.942561864172,inf,inf,inf,7259.942561864172
N21000273,N21000205,2,6614.117007642596,inf,inf,inf,6614.117007642596
N21000273,N21000207,3,5685.359555241733,inf,inf,inf,5685.359555241733
N21000273,N21000209,1,4996.802985928663,inf,inf,inf,4996.802985928663
N21000273,N21000210,2,6473.4160677377595,inf,inf,inf,6473.4160677377595
N21000273,N21000211,1,6984.20482878919,inf,inf,inf,6984.20482878919
N21000273,N21000213,2,5395.089189386788,inf,inf,inf,5395.089189386788
N21000273,N21000216,1,6189.7596685159715,inf,inf,inf,6189.7596685159715
N21000273,N21000224,1,9132.735022868035,inf,inf,inf,9132.735022868035
N21000273,N21000225,1,8295.603711602918,inf,inf,inf,8295.603711602918
N21000273,N21000226,2,7566.844342024152,inf,inf,inf,7566.844342024152
N21000273,N21000230,1,8840.18571304274,inf,inf,inf,8840.18571304274
N21000273,N21000236,2,5530.325970180283,inf,inf,inf,5530.325970180283
N21000273,N21000238,1,4640.657692371736,inf,inf,inf,4640.657692371736
N21000273,N21000240,3,5758.343709364312,inf,inf,inf,5758.343709364312
N21000273,N21000241,3,4285.177381913745,inf,inf,inf,4285.177381913745
N21000273,N21000242,2,7179.431549889963,inf,inf,inf,7179.431549889963
N21000273,N21000243,1,5213.791681158868,inf,inf,inf,5213.791681158868
N21000273,N21000245,3,3623.412017283212,inf,inf,inf,3623.412017283212
N21000273,N21000247,1,7895.576346311052,inf,inf,inf,7895.576346311052
N21000273,N21000251,71,3856.391447674573,inf,inf,inf,3856.391447674573
N21000273,N21000252,32,4464.798094932173,inf,inf,inf,4464.798094932173
N21000273,N21000253,11,3367.254279840524,inf,inf,inf,3367.254279840524
N21000273,N21000254,8,3972.086110171913,inf,inf,inf,3972.086110171913
N21000273,N21000256,38,2984.4255585165088,inf,inf,inf,2984.4255585165088
N21000273,N21000258,16,2908.1062983034612,inf,inf,inf,2908.1062983034612
N21000273,N21000259,4,3156.8482288643,inf,inf,inf,3156.8482288643
N21000273,N21000260,1,2239.6270804530313,inf,inf,inf,2239.6270804530313
N21000273,N21000261,2,2504.563568020356,inf,inf,inf,2504.563568020356
N21000273,N21000263,5,3748.9927970908248,inf,inf,inf,3748.9927970908248
N21000273,N21000264,11,2435.8676315087905,inf,inf,inf,2435.8676315087905
N21000273,N21000265,12,2139.476459191811,inf,inf,inf,2139.476459191811
N21000273,N21000266,2,1754.114818641617,inf,inf,inf,1754.114818641617
N21000273,N21000267,2,2929.906786462894,inf,inf,inf,2929.906786462894
N21000273,N21000268,21,2030.9090327662213,inf,inf,inf,2030.9090327662213
N21000273,N21000269,2,2896.059319831836,inf,inf,inf,2896.059319831836
N21000273,N21000270,8,1186.0033196839706,inf,inf,inf,1186.0033196839706
N21000273,N21000272,3,1559.116535788748,inf,inf,inf,1559.116535788748
N21000273,N21000274,17,2076.646758801907,inf,inf,inf,2076.646758801907
N21000273,N21000275,2,1992.586844768118,inf,inf,inf,1992.586844768118
N21000273,N21000276,1,3253.225290074666,inf,inf,inf,3253.225290074666
N21000273,N21000278,1,2394.1234799468007,inf,inf,inf,2394.1234799468007
N21000273,N21000279,3,2794.8160509690724,inf,inf,inf,2794.8160509690724
N21000273,N21000280,3,2936.6327776752983,inf,inf,inf,2936.6327776752983
N21000273,N21000282,1,3815.5054119705896,inf,inf,inf,3815.5054119705896
N21000273,N21000286,1,4108.052228388179,inf,inf,inf,4108.052228388179
N21000273,N21000287,1,7172.9630819879285,inf,inf,inf,7172.9630819879285
N21000273,N21000289,1,4294.678607887897,inf,inf,inf,4294.678607887897
N21000273,N21000295,1,5909.694490451129,inf,inf,inf,5909.694490451129
N21000273,N21000300,1,4917.342844240019,inf,inf,inf,4917.342844240019
N21000273,N21000301,2,5409.014762238409,inf,inf,inf,5409.014762238409
N21000273,N21000306,1,4386.31036204399,inf,inf,inf,4386.31036204399
N21000273,N21000309,10,3723.7561136871723,inf,inf,inf,3723.7561136871723
N21000273,N21000310,1,4304.764778931926,inf,inf,inf,4304.764778931926
N21000273,N21000311,5,3530.3772007545103,inf,inf,inf,3530.3772007545103
N21000273,N21000315,3,3231.1410978307727,inf,inf,inf,3231.1410978307727
N21000273,N21000317,1,6478.351860875031,inf,inf,inf,6478.351860875031
N21000273,N21000322,1,5665.625934559217,inf,inf,inf,5665.625934559217
N21000273,N21000324,1,5724.50897152555,inf,inf,inf,5724.50897152555
N21000273,N21000325,3,5214.017713081468,inf,inf,inf,5214.017713081468
N21000273,N21000326,2,6715.604091768515,inf,inf,inf,6715.604091768515
N21000273,N21000329,4,4647.728486161887,inf,inf,inf,4647.728486161887
N21000273,N21000332,1,5549.523134907452,inf,inf,inf,5549.523134907452
N21000273,N21000333,1,4603.1702093499025,inf,inf,inf,4603.1702093499025
N21000273,N21000335,61,4044.3388300810993,inf,inf,inf,4044.3388300810993
N21000274,N21000175,6,6896.6915046854465,inf,inf,inf,6896.6915046854465
N21000274,N21000177,1,6535.803560326772,inf,inf,inf,6535.803560326772
N21000274,N21000178,6,6163.091700028915,inf,inf,inf,6163.091700028915
N21000274,N21000187,1,9177.012302278581,inf,inf,inf,9177.012302278581
N21000274,N21000188,1,8726.444717036797,inf,inf,inf,8726.444717036797
N21000274,N21000193,1,7973.851727396756,inf,inf,inf,7973.851727396756
N21000274,N21000195,1,7535.619679549509,inf,inf,inf,7535.619679549509
N21000274,N21000196,1,7475.884748378858,inf,inf,inf,7475.884748378858
N21000274,N21000198,10,7750.838488029613,inf,inf,inf,7750.838488029613
N21000274,N21000204,2,6507.280237969242,inf,inf,inf,6507.280237969242
N21000274,N21000209,3,6342.978070067764,inf,inf,inf,6342.978070067764
N21000274,N21000225,2,9534.023940503486,inf,inf,inf,9534.023940503486
N21000274,N21000226,2,8963.841530021755,inf,inf,inf,8963.841530021755
N21000274,N21000236,1,7366.104447798382,inf,inf,inf,7366.104447798382
N21000274,N21000237,2,8483.758864718244,inf,inf,inf,8483.758864718244
N21000274,N21000240,4,7594.122186982412,inf,inf,inf,7594.122186982412
N21000274,N21000245,2,5459.190494901311,inf,inf,inf,5459.190494901311
N21000274,N21000248,1,6668.232751478321,inf,inf,inf,6668.232751478321
N21000274,N21000251,49,4913.92316633189,inf,inf,inf,4913.92316633189
N21000274,N21000252,15,5522.329813589488,inf,inf,inf,5522.329813589488
N21000274,N21000253,5,4424.785998497838,inf,inf,inf,4424.785998497838
N21000274,N21000254,6,5029.617828829226,inf,inf,inf,5029.617828829226
N21000274,N21000256,25,3998.1991279988692,inf,inf,inf,3998.1991279988692
N21000274,N21000258,1,4085.3282496880483,inf,inf,inf,4085.3282496880483
N21000274,N21000260,1,3253.4006499353927,inf,inf,inf,3253.4006499353927
N21000274,N21000261,1,3518.3371375027164,inf,inf,inf,3518.3371375027164
N21000274,N21000263,3,5584.771274708922,inf,inf,inf,5584.771274708922
N21000274,N21000264,5,3951.3522407934543,inf,inf,inf,3951.3522407934543
N21000274,N21000265,1,3153.2500286741724,inf,inf,inf,3153.2500286741724
N21000274,N21000266,2,2767.888388123978,inf,inf,inf,2767.888388123978
N21000274,N21000268,14,2091.7685206003916,inf,inf,inf,2091.7685206003916
N21000274,N21000269,2,4731.8377974499335,inf,inf,inf,4731.8377974499335
N21000274,N21000270,3,2871.832327080955,inf,inf,inf,2871.832327080955
N21000274,N21000271,1,3607.7492210226224,inf,inf,inf,3607.7492210226224
N21000274,N21000273,3,2076.646758801906,inf,inf,inf,2076.646758801906
N21000274,N21000275,2,1884.8958473483551,inf,inf,inf,1884.8958473483551
N21000274,N21000276,1,3145.5342926549033,inf,inf,inf,3145.5342926549033
N21000274,N21000277,3,2209.2647704667893,inf,inf,inf,2209.2647704667893
N21000274,N21000278,1,4330.642640720101,inf,inf,inf,4330.642640720101
N21000274,N21000279,1,2687.1250535493095,inf,inf,inf,2687.1250535493095
N21000274,N21000280,1,2828.941780255536,inf,inf,inf,2828.941780255536
N21000274,N21000284,2,4890.343614250735,inf,inf,inf,4890.343614250735
N21000274,N21000286,1,3606.3411824686123,inf,inf,inf,3606.3411824686123
N21000274,N21000287,2,6671.25203606836,inf,inf,inf,6671.25203606836
N21000274,N21000288,1,4376.2746685492775,inf,inf,inf,4376.2746685492775
N21000274,N21000293,1,4473.69595688248,inf,inf,inf,4473.69595688248
N21000274,N21000294,2,3983.440789260421,inf,inf,inf,3983.440789260421
N21000274,N21000295,3,5802.003493031369,inf,inf,inf,5802.003493031369
N21000274,N21000299,1,7056.780663972334,inf,inf,inf,7056.780663972334
N21000274,N21000301,1,4907.303716318842,inf,inf,inf,4907.303716318842
N21000274,N21000303,3,3922.510299471978,inf,inf,inf,3922.510299471978
N21000274,N21000305,2,3984.626751004177,inf,inf,inf,3984.626751004177
N21000274,N21000306,3,3884.5993161244232,inf,inf,inf,3884.5993161244232
N21000274,N21000308,3,3032.57396376635,inf,inf,inf,3032.57396376635
N21000274,N21000309,13,3222.045067767605,inf,inf,inf,3222.045067767605
N21000274,N21000311,9,3028.666154834944,inf,inf,inf,3028.666154834944
N21000274,N21000312,1,3751.1966506930576,inf,inf,inf,3751.1966506930576
N21000274,N21000313,2,4956.902690186647,inf,inf,inf,4956.902690186647
N21000274,N21000315,3,2729.430051911206,inf,inf,inf,2729.430051911206
N21000274,N21000329,2,5705.260204819205,inf,inf,inf,5705.260204819205
N21000274,N21000330,1,5709.768574374458,inf,inf,inf,5709.768574374458
N21000274,N21000331,5,4857.234393877758,inf,inf,inf,4857.234393877758
N21000274,N21000335,40,4170.398775649256,inf,inf,inf,4170.398775649256
N21000275,N21000171,1,7280.596703813452,inf,inf,inf,7280.596703813452
N21000275,N21000175,5,7015.799564181629,inf,inf,inf,7015.799564181629
N21000275,N21000196,2,7391.824834345069,inf,inf,inf,7391.824834345069
N21000275,N21000198,7,7666.778573995824,inf,inf,inf,7666.778573995824
N21000275,N21000202,1,7793.85714895969,inf,inf,inf,7793.85714895969
N21000275,N21000204,1,6423.220323935454,inf,inf,inf,6423.220323935454
N21000275,N21000205,1,7587.588812266124,inf,inf,inf,7587.588812266124
N21000275,N21000208,2,7099.2184263706185,inf,inf,inf,7099.2184263706185
N21000275,N21000209,2,6258.918156033976,inf,inf,inf,6258.918156033976
N21000275,N21000215,1,7251.467597877305,inf,inf,inf,7251.467597877305
N21000275,N21000223,3,8960.546352439798,inf,inf,inf,8960.546352439798
N21000275,N21000225,1,9449.9640264697,inf,inf,inf,9449.9640264697
N21000275,N21000226,1,8879.781615987968,inf,inf,inf,8879.781615987968
N21000275,N21000237,1,8399.698950684455,inf,inf,inf,8399.698950684455
N21000275,N21000239,1,6730.883169925289,inf,inf,inf,6730.883169925289
N21000275,N21000240,1,7510.062272948623,inf,inf,inf,7510.062272948623
N21000275,N21000241,1,6036.895945498055,inf,inf,inf,6036.895945498055
N21000275,N21000245,1,5375.1305808675215,inf,inf,inf,5375.1305808675215
N21000275,N21000249,1,5624.693736597255,inf,inf,inf,5624.693736597255
N21000275,N21000251,39,4829.863252298101,inf,inf,inf,4829.863252298101
N21000275,N21000252,10,5438.2698995557,inf,inf,inf,5438.2698995557
N21000275,N21000253,8,4340.72608446405,inf,inf,inf,4340.72608446405
N21000275,N21000254,6,4945.557914795438,inf,inf,inf,4945.557914795438
N21000275,N21000256,21,3914.1392139650807,inf,inf,inf,3914.1392139650807
N21000275,N21000257,1,3568.422901745393,inf,inf,inf,3568.422901745393
N21000275,N21000258,10,4001.26833565426,inf,inf,inf,4001.26833565426
N21000275,N21000259,1,4409.185976770916,inf,inf,inf,4409.185976770916
N21000275,N21000261,2,3434.277223468928,inf,inf,inf,3434.277223468928
N21000275,N21000262,2,4625.779738839341,inf,inf,inf,4625.779738839341
N21000275,N21000263,1,5500.711360675133,inf,inf,inf,5500.711360675133
N21000275,N21000264,7,3867.2923267596652,inf,inf,inf,3867.2923267596652
N21000275,N21000265,7,3069.190114640384,inf,inf,inf,3069.190114640384
N21000275,N21000266,5,2683.8284740901895,inf,inf,inf,2683.8284740901895
N21000275,N21000268,10,2307.616540078366,inf,inf,inf,2307.616540078366
N21000275,N21000269,1,4647.7778834161445,inf,inf,inf,4647.7778834161445
N21000275,N21000270,2,2787.7724130471665,inf,inf,inf,2787.7724130471665
N21000275,N21000271,2,3523.6893069888333,inf,inf,inf,3523.6893069888333
N21000275,N21000273,4,1992.5868447681175,inf,inf,inf,1992.5868447681175
N21000275,N21000274,23,1884.8958473483553,inf,inf,inf,1884.8958473483553
N21000275,N21000276,2,2626.7392178013324,inf,inf,inf,2626.7392178013324
N21000275,N21000277,4,2125.2048564330007,inf,inf,inf,2125.2048564330007
N21000275,N21000279,2,2168.329978695739,inf,inf,inf,2168.329978695739
N21000275,N21000280,3,2310.1467054019654,inf,inf,inf,2310.1467054019654
N21000275,N21000281,6,2655.723378648658,inf,inf,inf,2655.723378648658
N21000275,N21000283,3,4143.375621930225,inf,inf,inf,4143.375621930225
N21000275,N21000284,1,4433.054037700668,inf,inf,inf,4433.054037700668
N21000275,N21000286,2,3797.0257966517183,inf,inf,inf,3797.0257966517183
N21000275,N21000294,3,3464.6457144068504,inf,inf,inf,3464.6457144068504
N21000275,N21000295,2,5283.208418177799,inf,inf,inf,5283.208418177799
N21000275,N21000299,1,6537.985589118764,inf,inf,inf,6537.985589118764
N21000275,N21000302,1,4900.676811371762,inf,inf,inf,4900.676811371762
N21000275,N21000303,1,4138.358318949953,inf,inf,inf,4138.358318949953
N21000275,N21000304,1,8328.705618190197,inf,inf,inf,8328.705618190197
N21000275,N21000308,5,3342.5340982323655,inf,inf,inf,3342.5340982323655
N21000275,N21000309,4,3532.005202233621,inf,inf,inf,3532.005202233621
N21000275,N21000310,4,4113.013867478376,inf,inf,inf,4113.013867478376
N21000275,N21000311,1,3338.6262893009593,inf,inf,inf,3338.6262893009593
N21000275,N21000313,1,5147.587304369753,inf,inf,inf,5147.587304369753
N21000275,N21000314,3,4627.24503608824,inf,inf,inf,4627.24503608824
N21000275,N21000315,3,3039.3901863772217,inf,inf,inf,3039.3901863772217
N21000275,N21000317,1,6820.259825921163,inf,inf,inf,6820.259825921163
N21000275,N21000318,1,8520.41804714626,inf,inf,inf,8520.41804714626
N21000275,N21000322,1,6231.942747827192,inf,inf,inf,6231.942747827192
N21000275,N21000325,1,6129.612894458362,inf,inf,inf,6129.612894458362
N21000275,N21000331,1,5073.082413355732,inf,inf,inf,5073.082413355732
N21000275,N21000332,1,5891.431099953584,inf,inf,inf,5891.431099953584
N21000275,N21000334,1,5002.845421321136,inf,inf,inf,5002.845421321136
N21000275,N21000335,32,4386.246795127231,inf,inf,inf,4386.246795127231
N21000276,N21000164,3,9532.076203978497,inf,inf,inf,9532.076203978497
N21000276,N21000171,1,7901.91282624605,inf,inf,inf,7901.91282624605
N21000276,N21000175,7,7733.855646596019,inf,inf,inf,7733.855646596019
N21000276,N21000177,1,7712.38209159953,inf,inf,inf,7712.38209159953
N21000276,N21000178,2,7339.670231301673,inf,inf,inf,7339.670231301673
N21000276,N21000189,2,9565.791427879212,inf,inf,inf,9565.791427879212
N21000276,N21000193,3,8811.01586930733,inf,inf,inf,8811.01586930733
N21000276,N21000196,2,8428.502455189877,inf,inf,inf,8428.502455189877
N21000276,N21000198,13,8927.417019302367,inf,inf,inf,8927.417019302367
N21000276,N21000201,1,9194.694551749062,inf,inf,inf,9194.694551749062
N21000276,N21000202,2,9054.495594266233,inf,inf,inf,9054.495594266233
N21000276,N21000204,1,7683.858769242001,inf,inf,inf,7683.858769242001
N21000276,N21000209,2,7519.556601340522,inf,inf,inf,7519.556601340522
N21000276,N21000217,2,7933.774757938508,inf,inf,inf,7933.774757938508
N21000276,N21000240,2,8770.700718255168,inf,inf,inf,8770.700718255168
N21000276,N21000241,2,7297.534390804602,inf,inf,inf,7297.534390804602
N21000276,N21000245,1,6635.769026174068,inf,inf,inf,6635.769026174068
N21000276,N21000249,2,6885.332181903802,inf,inf,inf,6885.332181903802
N21000276,N21000251,60,6090.501697604648,inf,inf,inf,6090.501697604648
N21000276,N21000252,19,6698.908344862247,inf,inf,inf,6698.908344862247
N21000276,N21000253,10,5601.364529770596,inf,inf,inf,5601.364529770596
N21000276,N21000254,12,6206.196360101984,inf,inf,inf,6206.196360101984
N21000276,N21000255,1,5253.597079789812,inf,inf,inf,5253.597079789812
N21000276,N21000256,20,5174.777659271628,inf,inf,inf,5174.777659271628
N21000276,N21000258,6,5261.906780960809,inf,inf,inf,5261.906780960809
N21000276,N21000259,1,5669.824422077464,inf,inf,inf,5669.824422077464
N21000276,N21000260,1,4429.979181208151,inf,inf,inf,4429.979181208151
N21000276,N21000263,1,6761.349805981679,inf,inf,inf,6761.349805981679
N21000276,N21000264,10,5127.930772066211,inf,inf,inf,5127.930772066211
N21000276,N21000265,7,4329.82855994693,inf,inf,inf,4329.82855994693
N21000276,N21000266,7,3944.4669193967375,inf,inf,inf,3944.4669193967375
N21000276,N21000268,7,3568.2549853849127,inf,inf,inf,3568.2549853849127
N21000276,N21000270,11,4048.4108583537145,inf,inf,inf,4048.4108583537145
N21000276,N21000271,1,4784.327752295382,inf,inf,inf,4784.327752295382
N21000276,N21000272,1,4672.2142278348065,inf,inf,inf,4672.2142278348065
N21000276,N21000273,4,3253.2252900746653,inf,inf,inf,3253.2252900746653
N21000276,N21000274,24,3145.534292654902,inf,inf,inf,3145.534292654902
N21000276,N21000275,5,2626.739217801332,inf,inf,inf,2626.739217801332
N21000276,N21000277,2,3385.8433017395478,inf,inf,inf,3385.8433017395478
N21000276,N21000278,3,5507.221171992859,inf,inf,inf,5507.221171992859
N21000276,N21000280,5,1238.4931382363359,inf,inf,inf,1238.4931382363359
N21000276,N21000283,2,3501.046947664641,inf,inf,inf,3501.046947664641
N21000276,N21000284,11,3377.6684176950025,inf,inf,inf,3377.6684176950025
N21000276,N21000286,9,1706.0841250223623,inf,inf,2486.8923044349563,1706.0841250223623
N21000276,N21000287,3,4671.14364364904,inf,inf,inf,4671.14364364904
N21000276,N21000289,1,1577.250863985206,inf,inf,1577.250863985206,1577.250863985206
N21000276,N21000293,3,2883.2473148632794,inf,inf,inf,2883.2473148632794
N21000276,N21000294,7,2392.992147241222,inf,inf,inf,2392.992147241222
N21000276,N21000295,6,3912.120692239155,inf,inf,inf,3912.120692239155
N21000276,N21000298,1,3954.886243878259,inf,inf,inf,3954.886243878259
N21000276,N21000303,4,4637.8588641635515,inf,inf,inf,4637.8588641635515
N21000276,N21000304,2,6237.763946560839,inf,inf,inf,6237.763946560839
N21000276,N21000305,1,4344.591980349782,inf,inf,inf,4344.591980349782
N21000276,N21000306,3,4244.564545470027,inf,inf,inf,4244.564545470027
N21000276,N21000307,5,2942.080471746164,inf,inf,inf,2942.080471746164
N21000276,N21000308,7,2948.8192566903276,inf,inf,inf,2948.8192566903276
N21000276,N21000309,17,3582.0102971132096,inf,inf,inf,3582.0102971132096
N21000276,N21000310,4,2699.443533724644,inf,inf,inf,2699.443533724644
N21000276,N21000311,4,2041.0053821251431,inf,inf,2246.115335255131,2041.0053821251431
N21000276,N21000312,6,1876.964295253258,inf,inf,2544.3602892516865,1876.964295253258
N21000276,N21000313,1,3056.645632740396,inf,inf,3479.880819338029,3056.645632740396
N21000276,N21000314,1,2536.303364458882,inf,inf,2646.2517412769075,2536.303364458882
N21000276,N21000315,4,1759.6566697652484,inf,inf,2204.1578983353634,1759.6566697652484
N21000276,N21000319,1,7351.009491057648,inf,inf,inf,7351.009491057648
N21000276,N21000325,3,6750.929016890959,inf,inf,inf,6750.929016890959
N21000276,N21000327,2,6300.076918933699,inf,inf,inf,6300.076918933699
N21000276,N21000329,2,6881.838736091963,inf,inf,inf,6881.838736091963
N21000276,N21000332,1,6116.911580563753,inf,inf,inf,6116.911580563753
N21000276,N21000334,3,5850.282273239263,inf,inf,inf,5850.282273239263
N21000276,N21000335,51,5007.56291755983,inf,inf,inf,5007.56291755983
N21000277,N21000165,1,8542.76704198333,inf,inf,inf,8542.76704198333
N21000277,N21000172,1,7386.5519690612855,inf,inf,inf,7386.5519690612855
N21000277,N21000174,2,7652.976621747711,inf,inf,inf,7652.976621747711
N21000277,N21000175,12,6685.253403236244,inf,inf,inf,6685.253403236244
N21000277,N21000177,2,6121.197485347598,inf,inf,inf,6121.197485347598
N21000277,N21000186,4,9052.483343348013,inf,inf,inf,9052.483343348013
N21000277,N21000189,3,8469.81044810999,inf,inf,inf,8469.81044810999
N21000277,N21000190,2,8382.846651685815,inf,inf,inf,8382.846651685815
N21000277,N21000192,31,9425.55583816343,inf,inf,inf,9425.55583816343
N21000277,N21000193,3,7715.034889538109,inf,inf,inf,7715.034889538109
N21000277,N21000195,2,7121.013604570335,inf,inf,inf,7121.013604570335
N21000277,N21000198,6,7336.232413050441,inf,inf,inf,7336.232413050441
N21000277,N21000201,1,7510.329452677926,inf,inf,inf,7510.329452677926
N21000277,N21000204,2,6092.674162990071,inf,inf,inf,6092.674162990071
N21000277,N21000205,1,7163.862158501532,inf,inf,inf,7163.862158501532
N21000277,N21000208,1,6559.288817266594,inf,inf,inf,6559.288817266594
N21000277,N21000211,1,7456.911074194584,inf,inf,14349.951966463941,7456.911074194584
N21000277,N21000213,2,5867.795434792182,inf,inf,13199.544692502654,5867.795434792182
N21000277,N21000223,1,8536.819698675203,inf,inf,inf,8536.819698675203
N21000277,N21000225,2,8768.309957008312,inf,inf,inf,8768.309957008312
N21000277,N21000237,1,7120.686632505537,inf,inf,13533.680855614808,7120.686632505537
N21000277,N21000239,3,5451.870851746373,inf,inf,12309.767464640627,5451.870851746373
N21000277,N21000240,1,6231.049954769706,inf,inf,12644.044177878975,6231.049954769706
N21000277,N21000241,4,4757.883627319139,inf,inf,11170.87785042841,4757.883627319139
N21000277,N21000245,1,4096.118262688607,inf,inf,10384.173137995229,4096.118262688607
N21000277,N21000249,1,4345.68141841834,inf,inf,inf,4345.68141841834
N21000277,N21000251,58,4499.317091352716,inf,inf,inf,4499.317091352716
N21000277,N21000252,28,5107.723738610317,inf,inf,inf,5107.723738610317
N21000277,N21000253,13,4010.1799235186663,inf,inf,inf,4010.1799235186663
N21000277,N21000254,6,4615.011753850054,inf,inf,inf,4615.011753850054
N21000277,N21000256,23,3956.149883243535,inf,inf,inf,3956.149883243535
N21000277,N21000258,8,3551.0319419816037,inf,inf,10858.106081844442,3551.0319419816037
N21000277,N21000259,3,3799.7738725424424,inf,inf,10348.803994869912,3799.7738725424424
N21000277,N21000260,1,3381.668275365714,inf,inf,inf,3381.668275365714
N21000277,N21000261,1,3583.2781775046624,inf,inf,inf,3583.2781775046624
N21000277,N21000264,13,3078.7932751869325,inf,inf,9575.979168997144,3078.7932751869325
N21000277,N21000265,12,2789.7174800786447,inf,inf,inf,2789.7174800786447
N21000277,N21000266,7,2896.1560135542995,inf,inf,inf,2896.1560135542995
N21000277,N21000268,6,2613.5071244573323,inf,inf,inf,2613.5071244573323
N21000277,N21000269,1,3368.76556523723,inf,inf,9656.820440543852,3368.76556523723
N21000277,N21000270,8,1828.9289633621122,inf,inf,inf,1828.9289633621122
N21000277,N21000271,3,2164.8890159824005,inf,inf,8452.943891289024,2164.8890159824005
N21000277,N21000272,2,1987.5884461457956,inf,inf,7622.726730174834,1987.5884461457956
N21000277,N21000273,7,1429.9030421158332,inf,inf,inf,1429.9030421158332
N21000277,N21000274,10,2209.2647704667884,inf,inf,inf,2209.2647704667884
N21000277,N21000275,1,2125.2048564330003,inf,inf,inf,2125.2048564330003
N21000277,N21000278,2,2822.5953903038485,inf,inf,7314.182514576324,2822.5953903038485
N21000277,N21000279,3,2927.434062633955,inf,inf,inf,2927.434062633955
N21000277,N21000280,3,3069.250789340181,inf,inf,inf,3069.250789340181
N21000277,N21000282,1,3728.9056663108463,inf,inf,7219.374955464557,3728.9056663108463
N21000277,N21000283,1,2913.5017947992906,inf,inf,3518.4439302474425,2913.5017947992906
N21000277,N21000286,2,4240.670240053061,inf,inf,inf,4240.670240053061
N21000277,N21000287,3,7305.5810936528105,inf,inf,15908.257213257584,7305.5810936528105
N21000277,N21000291,2,5272.82417871194,inf,inf,inf,5272.82417871194
N21000277,N21000293,2,4714.004965967125,inf,inf,inf,4714.004965967125
N21000277,N21000294,2,4223.749798345067,inf,inf,inf,4223.749798345067
N21000277,N21000295,3,6042.312502116012,inf,inf,13325.231993168543,6042.312502116012
N21000277,N21000297,1,8196.897113205778,inf,inf,inf,8196.897113205778
N21000277,N21000299,1,7297.0896730569775,inf,inf,inf,7297.0896730569775
N21000277,N21000300,1,5049.960855904901,inf,inf,10930.14947176893,5049.960855904901
N21000277,N21000301,1,5541.632773903291,inf,inf,inf,5541.632773903291
N21000277,N21000302,1,5206.567395750727,inf,inf,inf,5206.567395750727
N21000277,N21000303,3,4444.2489033289185,inf,inf,inf,4444.2489033289185
N21000277,N21000307,1,3545.73611830787,inf,inf,inf,3545.73611830787
N21000277,N21000308,3,3666.903021350799,inf,inf,inf,3666.903021350799
N21000277,N21000309,4,3856.3741253520543,inf,inf,inf,3856.3741253520543
N21000277,N21000310,1,4437.382790596809,inf,inf,inf,4437.382790596809
N21000277,N21000311,1,3662.995212419393,inf,inf,inf,3662.995212419393
N21000277,N21000313,1,5591.231747771094,inf,inf,inf,5591.231747771094
N21000277,N21000315,7,3363.759109495655,inf,inf,inf,3363.759109495655
N21000277,N21000318,1,8826.308631525228,inf,inf,inf,8826.308631525228
N21000277,N21000319,1,7186.343776292013,inf,inf,inf,7186.343776292013
N21000277,N21000322,2,6308.55157823736,inf,inf,inf,6308.55157823736
N21000277,N21000323,1,6626.474982384064,inf,inf,inf,6626.474982384064
N21000277,N21000331,3,5378.972997734698,inf,inf,inf,5378.972997734698
N21000277,N21000332,1,6197.32168433255,inf,inf,inf,6197.32168433255
N21000277,N21000333,1,5250.968758775,inf,inf,inf,5250.968758775
N21000277,N21000334,3,5079.119651574055,inf,inf,inf,5079.119651574055
N21000277,N21000335,35,4692.137379506197,inf,inf,inf,4692.137379506197
N21000278,N21000165,2,8841.814789923767,inf,inf,inf,8841.814789923767
N21000278,N21000168,1,8317.648166480685,inf,inf,inf,8317.648166480685
N21000278,N21000175,3,6940.841202628435,inf,inf,inf,6940.841202628435
N21000278,N21000177,1,6376.785284739789,inf,inf,inf,6376.785284739789
N21000278,N21000178,3,6004.073424441932,inf,inf,inf,6004.073424441932
N21000278,N21000186,3,9308.071142740204,inf,inf,inf,9308.071142740204
N21000278,N21000189,1,8725.398247502182,inf,inf,inf,8725.398247502182
N21000278,N21000192,36,9606.48693076251,inf,inf,inf,9606.48693076251
N21000278,N21000195,5,7376.601403962526,inf,inf,inf,7376.601403962526
N21000278,N21000198,9,7462.130322669715,inf,inf,inf,7462.130322669715
N21000278,N21000202,1,7065.237767352223,inf,inf,inf,7065.237767352223
N21000278,N21000203,2,7504.794984880234,inf,inf,inf,7504.794984880234
N21000278,N21000204,2,5844.775365113405,inf,inf,inf,5844.775365113405
N21000278,N21000205,1,6858.969430658657,inf,inf,inf,6858.969430658657
N21000278,N21000206,2,7272.16718339418,inf,inf,inf,7272.16718339418
N21000278,N21000209,4,5164.616503491182,inf,inf,inf,5164.616503491182
N21000278,N21000212,1,5546.69297798949,inf,inf,6889.074052806477,5546.69297798949
N21000278,N21000223,1,7912.483147264508,inf,inf,inf,7912.483147264508
N21000278,N21000225,1,8070.561652276296,inf,inf,inf,8070.561652276296
N21000278,N21000226,1,7341.8022826975275,inf,inf,8335.927694716522,7341.8022826975275
N21000278,N21000230,2,8330.517001283779,inf,inf,inf,8330.517001283779
N21000278,N21000231,1,8967.256238839293,inf,inf,inf,8967.256238839293
N21000278,N21000236,2,5631.34267894288,inf,inf,6041.9608506622935,5631.34267894288
N21000278,N21000237,5,6422.93832777352,inf,inf,6940.733252465311,6422.93832777352
N21000278,N21000239,2,5146.978123903496,inf,inf,5716.81986149113,5146.978123903496
N21000278,N21000240,3,5489.254064952224,inf,inf,6051.09657472948,5489.254064952224
N21000278,N21000241,2,4430.023250008856,inf,inf,4577.930247278913,4430.023250008856
N21000278,N21000242,1,6442.874928366629,inf,inf,inf,6442.874928366629
N21000278,N21000248,2,4091.9821286556144,inf,inf,6428.3827176576815,4091.9821286556144
N21000278,N21000249,4,3411.4683887846286,inf,inf,inf,3411.4683887846286
N21000278,N21000251,47,4754.904890744907,inf,inf,inf,4754.904890744907
N21000278,N21000252,20,5181.967237320035,inf,inf,inf,5181.967237320035
N21000278,N21000253,12,4265.767722910858,inf,inf,inf,4265.767722910858
N21000278,N21000254,8,4647.953834233936,inf,inf,inf,4647.953834233936
N21000278,N21000256,22,4211.737682635727,inf,inf,inf,4211.737682635727
N21000278,N21000258,7,3806.619741373795,inf,inf,4265.158478694945,3806.619741373795
N21000278,N21000259,3,3755.8563917204156,inf,inf,3755.8563917204156,3755.8563917204156
N21000278,N21000261,2,4002.507231987623,inf,inf,inf,4002.507231987623
N21000278,N21000262,4,3520.4052124772975,inf,inf,3520.4052124772975,3520.4052124772975
N21000278,N21000263,3,3916.8063146533436,inf,inf,4330.076459844202,3916.8063146533436
N21000278,N21000264,10,2983.0315658476457,inf,inf,2983.0315658476457,2983.0315658476457
N21000278,N21000265,6,3549.6061929372354,inf,inf,inf,3549.6061929372354
N21000278,N21000266,3,3688.4864739043333,inf,inf,inf,3688.4864739043333
N21000278,N21000267,3,3097.720304025413,inf,inf,3097.720304025413,3097.720304025413
N21000278,N21000268,10,4284.904914684416,inf,inf,inf,4284.904914684416
N21000278,N21000269,3,3063.872837394355,inf,inf,3063.872837394355,3063.872837394355
N21000278,N21000270,3,2601.2830600978937,inf,inf,inf,2601.2830600978937
N21000278,N21000271,1,1859.9962881395259,2151.639721258883,1859.9962881395259,1859.9962881395259,1859.9962881395259
N21000278,N21000272,2,835.0069441580523,835.0069441580523,835.0069441580523,835.0069441580523,835.0069441580523
N21000278,N21000273,1,2394.1234799468,inf,inf,inf,2394.1234799468
N21000278,N21000274,13,4330.642640720102,inf,inf,inf,4330.642640720102
N21000278,N21000275,7,4246.582726686313,inf,inf,inf,4246.582726686313
N21000278,N21000276,2,5507.22117199286,inf,inf,inf,5507.22117199286
N21000278,N21000277,1,2822.5953903038476,inf,inf,7314.1825145763205,2822.5953903038476
N21000278,N21000279,1,4987.865778744882,inf,inf,inf,4987.865778744882
N21000278,N21000281,2,5402.348848880766,inf,inf,inf,5402.348848880766
N21000278,N21000282,10,2015.9571152412354,inf,inf,2015.9571152412354,2015.9571152412354
N21000278,N21000283,5,4279.4338802002485,inf,4741.582054910192,4279.4338802002485,4279.4338802002485
N21000278,N21000285,3,3333.78779275171,inf,inf,3900.7375087993983,3333.78779275171
N21000278,N21000291,1,7394.202048965251,inf,inf,inf,7394.202048965251
N21000278,N21000294,2,6345.127668598375,inf,inf,inf,6345.127668598375
N21000278,N21000299,1,9418.46754331029,inf,inf,inf,9418.46754331029
N21000278,N21000300,1,7171.338726158211,inf,inf,9663.528210395469,7171.338726158211
N21000278,N21000307,1,5667.11398856118,inf,inf,inf,5667.11398856118
N21000278,N21000308,2,5788.280891604111,inf,inf,inf,5788.280891604111
N21000278,N21000309,2,5977.751995605366,inf,inf,inf,5977.751995605366
N21000278,N21000311,1,5784.373082672705,inf,inf,inf,5784.373082672705
N21000278,N21000312,1,6506.903578530819,inf,inf,inf,6506.903578530819
N21000278,N21000315,1,5485.136979748966,inf,inf,inf,5485.136979748966
N21000278,N21000327,1,7193.945349772701,inf,inf,inf,7193.945349772701
N21000278,N21000329,4,5546.241929232222,inf,inf,inf,5546.241929232222
N21000278,N21000331,1,6179.877296131789,inf,inf,inf,6179.877296131789
N21000278,N21000332,2,7408.600234724059,inf,inf,inf,7408.600234724059
N21000278,N21000334,1,5334.707450966248,inf,inf,inf,5334.707450966248
N21000278,N21000335,28,5903.4159298977065,inf,inf,inf,5903.4159298977065
N21000279,N21000175,1,7818.028770382583,inf,inf,inf,7818.028770382583
N21000279,N21000195,3,8253.788971716676,inf,inf,inf,8253.788971716676
N21000279,N21000198,12,8469.007780196776,inf,inf,inf,8469.007780196776
N21000279,N21000202,2,8596.086355160642,inf,inf,inf,8596.086355160642
N21000279,N21000205,2,8389.818018467078,inf,inf,inf,8389.818018467078
N21000279,N21000206,1,9036.846842508834,inf,inf,inf,9036.846842508834
N21000279,N21000209,7,7061.1473622349295,inf,inf,inf,7061.1473622349295
N21000279,N21000213,1,7775.838277854154,inf,inf,inf,7775.838277854154
N21000279,N21000216,1,8743.707438301237,inf,inf,inf,8743.707438301237
N21000279,N21000236,1,8084.273739965547,inf,inf,inf,8084.273739965547
N21000279,N21000237,1,9201.928156885408,inf,inf,inf,9201.928156885408
N21000279,N21000239,1,7533.112376126242,inf,inf,inf,7533.112376126242
N21000279,N21000240,4,8312.291479149577,inf,inf,inf,8312.291479149577
N21000279,N21000241,1,6839.125151699009,inf,inf,inf,6839.125151699009
N21000279,N21000243,3,7771.654974625405,inf,inf,inf,7771.654974625405
N21000279,N21000248,1,7386.402043645486,inf,inf,inf,7386.402043645486
N21000279,N21000251,32,5632.092458499055,inf,inf,inf,5632.092458499055
N21000279,N21000252,9,6240.499105756654,inf,inf,inf,6240.499105756654
N21000279,N21000253,14,5142.955290665003,inf,inf,inf,5142.955290665003
N21000279,N21000254,5,5747.787120996391,inf,inf,inf,5747.787120996391
N21000279,N21000256,31,4716.368420166035,inf,inf,inf,4716.368420166035
N21000279,N21000257,1,4370.6521079463455,inf,inf,inf,4370.6521079463455
N21000279,N21000258,9,4803.497541855216,inf,inf,inf,4803.497541855216
N21000279,N21000259,4,5211.415182971871,inf,inf,inf,5211.415182971871
N21000279,N21000261,1,4236.506429669883,inf,inf,inf,4236.506429669883
N21000279,N21000263,1,6302.940566876086,inf,inf,inf,6302.940566876086
N21000279,N21000264,10,4669.521532960618,inf,inf,inf,4669.521532960618
N21000279,N21000265,7,3871.4193208413385,inf,inf,inf,3871.4193208413385
N21000279,N21000266,7,3486.057680291144,inf,inf,inf,3486.057680291144
N21000279,N21000268,29,3109.8457462793194,inf,inf,inf,3109.8457462793194
N21000279,N21000270,7,3590.001619248121,inf,inf,inf,3590.001619248121
N21000279,N21000273,8,2794.816050969072,inf,inf,inf,2794.816050969072
N21000279,N21000274,38,2687.1250535493086,inf,inf,inf,2687.1250535493086
N21000279,N21000275,6,2168.329978695738,inf,inf,inf,2168.329978695738
N21000279,N21000276,11,1515.850576182342,inf,inf,1543.573210204989,1515.850576182342
N21000279,N21000277,1,2927.434062633954,inf,inf,inf,2927.434062633954
N21000279,N21000278,2,4987.865778744885,inf,inf,inf,4987.865778744885
N21000279,N21000280,9,1072.141903533418,inf,inf,inf,1072.141903533418
N21000279,N21000283,10,2388.1025889745665,inf,inf,inf,2388.1025889745665
N21000279,N21000284,4,2264.724059004928,inf,inf,inf,2264.724059004928
N21000279,N21000285,1,4320.244968227494,inf,inf,inf,4320.244968227494
N21000279,N21000288,1,3435.032694616598,inf,inf,3598.9904681454323,3435.032694616598
N21000279,N21000291,3,3614.410162409595,inf,inf,3646.1623927411842,3614.410162409595
N21000279,N21000293,1,2716.896080160362,inf,inf,inf,2716.896080160362
N21000279,N21000294,10,2226.6409125383043,inf,inf,inf,2226.6409125383043
N21000279,N21000298,1,3788.5350091753407,inf,inf,inf,3788.5350091753407
N21000279,N21000299,1,5299.980787250216,inf,inf,inf,5299.980787250216
N21000279,N21000300,5,3052.8519700981406,inf,inf,inf,3052.8519700981406
N21000279,N21000301,1,5935.036864813717,inf,inf,inf,5935.036864813717
N21000279,N21000303,3,4940.587525150906,inf,inf,inf,4940.587525150906
N21000279,N21000305,2,5096.816091671149,inf,inf,inf,5096.816091671149
N21000279,N21000307,2,3922.1335017565307,inf,inf,inf,3922.1335017565307
N21000279,N21000308,2,3928.872286700694,inf,inf,inf,3928.872286700694
N21000279,N21000309,4,4334.234408434575,inf,inf,inf,4334.234408434575
N21000279,N21000310,2,3679.4965637350115,inf,inf,inf,3679.4965637350115
N21000279,N21000319,3,7682.6823981140005,inf,inf,inf,7682.6823981140005
N21000279,N21000323,2,7122.813604206051,inf,inf,inf,7122.813604206051
N21000279,N21000325,3,6931.842100659314,inf,inf,inf,6931.842100659314
N21000279,N21000326,1,7250.799344403884,inf,inf,inf,7250.799344403884
N21000279,N21000327,2,6631.749825990051,inf,inf,inf,6631.749825990051
N21000279,N21000334,1,5805.074627522089,inf,inf,inf,5805.074627522089
N21000279,N21000335,29,5188.476001328185,inf,inf,inf,5188.476001328185
N21000280,N21000170,2,8573.578407545496,inf,inf,inf,8573.578407545496
N21000280,N21000175,3,7959.845497088811,inf,inf,inf,7959.845497088811
N21000280,N21000193,1,8989.626983390675,inf,inf,inf,8989.626983390675
N21000280,N21000195,2,8395.605698422902,inf,inf,inf,8395.605698422902
N21000280,N21000198,8,8610.824506903005,inf,inf,inf,8610.824506903005
N21000280,N21000205,1,8531.634745173304,inf,inf,inf,8531.634745173304
N21000280,N21000208,2,8043.2643592777995,inf,inf,inf,8043.2643592777995
N21000280,N21000213,1,7917.655004560381,inf,inf,inf,7917.655004560381
N21000280,N21000240,1,8454.1082058558,inf,inf,inf,8454.1082058558
N21000280,N21000241,1,6980.941878405234,inf,inf,inf,6980.941878405234
N21000280,N21000249,1,6568.7396695044345,inf,inf,inf,6568.7396695044345
N21000280,N21000251,28,5773.9091852052825,inf,inf,inf,5773.9091852052825
N21000280,N21000252,20,6382.315832462881,inf,inf,inf,6382.315832462881
N21000280,N21000253,2,5284.7720173712305,inf,inf,inf,5284.7720173712305
N21000280,N21000254,3,5889.603847702619,inf,inf,inf,5889.603847702619
N21000280,N21000256,16,4858.185146872262,inf,inf,inf,4858.185146872262
N21000280,N21000258,6,4945.314268561443,inf,inf,inf,4945.314268561443
N21000280,N21000261,6,4378.323156376108,inf,inf,inf,4378.323156376108
N21000280,N21000264,6,4811.338259666843,inf,inf,inf,4811.338259666843
N21000280,N21000265,9,4013.2360475475643,inf,inf,inf,4013.2360475475643
N21000280,N21000266,3,3627.87440699737,inf,inf,inf,3627.87440699737
N21000280,N21000268,13,3251.6624729855453,inf,inf,inf,3251.6624729855453
N21000280,N21000270,5,3731.818345954347,inf,inf,inf,3731.818345954347
N21000280,N21000272,1,4355.621715435439,inf,inf,inf,4355.621715435439
N21000280,N21000273,5,2936.632777675298,inf,inf,inf,2936.632777675298
N21000280,N21000274,10,2828.9417802555345,inf,inf,inf,2828.9417802555345
N21000280,N21000275,3,2310.1467054019645,inf,inf,inf,2310.1467054019645
N21000280,N21000276,2,1238.4931382363357,inf,inf,inf,1238.4931382363357
N21000280,N21000277,1,3069.2507893401794,inf,inf,inf,3069.2507893401794
N21000280,N21000278,1,5190.628659593492,inf,inf,inf,5190.628659593492
N21000280,N21000279,2,1072.141903533418,inf,inf,inf,1072.141903533418
N21000280,N21000283,1,2904.9810191023475,inf,inf,inf,2904.9810191023475
N21000280,N21000284,5,2781.602489132709,inf,inf,inf,2781.602489132709
N21000280,N21000286,4,2408.779717086722,inf,inf,inf,2408.779717086722
N21000280,N21000287,3,4376.150268620647,inf,inf,inf,4376.150268620647
N21000280,N21000289,1,2279.946456049566,inf,inf,inf,2279.946456049566
N21000280,N21000290,1,3647.1444994107424,inf,inf,inf,3647.1444994107424
N21000280,N21000293,5,1644.7541766269446,inf,inf,inf,1644.7541766269446
N21000280,N21000294,9,1154.499009004886,inf,inf,inf,1154.499009004886
N21000280,N21000298,1,2716.3931056419224,inf,inf,inf,2716.3931056419224
N21000280,N21000299,1,4227.838883716798,inf,inf,inf,4227.838883716798
N21000280,N21000300,3,1980.7100665647226,inf,inf,inf,1980.7100665647226
N21000280,N21000301,1,5657.679426867713,inf,inf,inf,5657.679426867713
N21000280,N21000302,1,5783.10917687783,inf,inf,inf,5783.10917687783
N21000280,N21000303,2,5082.404251857131,inf,inf,inf,5082.404251857131
N21000280,N21000306,3,4947.2601375343875,inf,inf,inf,4947.2601375343875
N21000280,N21000308,5,3651.514848754689,inf,inf,inf,3651.514848754689
N21000280,N21000309,8,4284.7058891775705,inf,inf,inf,4284.7058891775705
N21000280,N21000310,2,3402.1391257890054,inf,inf,inf,3402.1391257890054
N21000280,N21000311,3,2743.7009741895044,inf,inf,inf,2743.7009741895044
N21000280,N21000312,2,2579.659887317618,inf,inf,inf,2579.659887317618
N21000280,N21000315,2,2462.3522618296092,inf,inf,inf,2462.3522618296092
N21000280,N21000317,1,7764.305758828343,inf,inf,inf,7764.305758828343
N21000280,N21000319,1,7824.499124820226,inf,inf,inf,7824.499124820226
N21000280,N21000323,2,7264.630330912277,inf,inf,inf,7264.630330912277
N21000280,N21000325,4,7073.65882736554,inf,inf,inf,7073.65882736554
N21000280,N21000326,1,6973.44190645788,inf,inf,inf,6973.44190645788
N21000280,N21000329,1,6565.246223692598,inf,inf,inf,6565.246223692598
N21000280,N21000331,4,6017.128346262911,inf,inf,inf,6017.128346262911
N21000280,N21000334,2,5946.891354228314,inf,inf,inf,5946.891354228314
N21000280,N21000335,20,5330.29272803441,inf,inf,inf,5330.29272803441
N21000281,N21000167,1,9241.789584004466,inf,inf,inf,9241.789584004466
N21000281,N21000175,4,8305.422170335502,inf,inf,inf,8305.422170335502
N21000281,N21000178,2,7368.654392149,inf,inf,inf,7368.654392149
N21000281,N21000193,1,9335.203656637368,inf,inf,inf,9335.203656637368
N21000281,N21000194,1,9225.97563427249,inf,inf,inf,9225.97563427249
N21000281,N21000195,3,8741.182371669594,inf,inf,inf,8741.182371669594
N21000281,N21000196,1,8681.447440498945,inf,inf,inf,8681.447440498945
N21000281,N21000198,13,8956.401180149693,inf,inf,inf,8956.401180149693
N21000281,N21000201,1,9223.67871259639,inf,inf,inf,9223.67871259639
N21000281,N21000202,1,9083.479755113558,inf,inf,inf,9083.479755113558
N21000281,N21000205,2,8877.211418419996,inf,inf,inf,8877.211418419996
N21000281,N21000208,1,8388.841032524491,inf,inf,inf,8388.841032524491
N21000281,N21000209,4,7548.540762187849,inf,inf,inf,7548.540762187849
N21000281,N21000214,1,8392.475383742625,inf,inf,inf,8392.475383742625
N21000281,N21000215,2,8541.090204031176,inf,inf,inf,8541.090204031176
N21000281,N21000240,5,8799.684879102495,inf,inf,inf,8799.684879102495
N21000281,N21000245,5,6664.753187021395,inf,inf,inf,6664.753187021395
N21000281,N21000249,3,6914.316342751129,inf,inf,inf,6914.316342751129
N21000281,N21000250,1,8646.76800185808,inf,inf,inf,8646.76800185808
N21000281,N21000251,57,6119.485858451975,inf,inf,inf,6119.485858451975
N21000281,N21000252,12,6727.892505709574,inf,inf,inf,6727.892505709574
N21000281,N21000253,6,5630.348690617923,inf,inf,inf,5630.348690617923
N21000281,N21000254,3,6235.180520949311,inf,inf,inf,6235.180520949311
N21000281,N21000255,1,5282.581240637137,inf,inf,inf,5282.581240637137
N21000281,N21000256,27,5203.761820118955,inf,inf,inf,5203.761820118955
N21000281,N21000258,13,5290.890941808136,inf,inf,inf,5290.890941808136
N21000281,N21000259,3,5698.808582924791,inf,inf,inf,5698.808582924791
N21000281,N21000260,2,4458.963342055478,inf,inf,inf,4458.963342055478
N21000281,N21000261,5,4723.899829622802,inf,inf,inf,4723.899829622802
N21000281,N21000263,4,6790.333966829006,inf,inf,inf,6790.333966829006
N21000281,N21000264,7,5156.914932913538,inf,inf,inf,5156.914932913538
N21000281,N21000265,9,4358.812720794257,inf,inf,inf,4358.812720794257
N21000281,N21000267,1,5971.247956201078,inf,inf,inf,5971.247956201078
N21000281,N21000268,31,3597.23914623224,inf,inf,inf,3597.23914623224
N21000281,N21000270,11,4077.3950192010416,inf,inf,inf,4077.3950192010416
N21000281,N21000271,3,4811.142211520477,inf,inf,inf,4811.142211520477
N21000281,N21000272,1,4633.841641683871,inf,inf,inf,4633.841641683871
N21000281,N21000273,7,3282.2094509219924,inf,inf,inf,3282.2094509219924
N21000281,N21000274,25,3174.518453502229,inf,inf,inf,3174.518453502229
N21000281,N21000275,14,2655.723378648659,inf,inf,inf,2655.723378648659
N21000281,N21000276,2,2106.556108154454,inf,inf,2106.556108154454,2106.556108154454
N21000281,N21000277,11,3414.827462586875,inf,inf,inf,3414.827462586875
N21000281,N21000278,4,5402.348848880766,inf,inf,inf,5402.348848880766
N21000281,N21000280,4,1584.32409328782,inf,inf,inf,1584.32409328782
N21000281,N21000282,1,5290.4766856170745,inf,inf,inf,5290.4766856170745
N21000281,N21000283,14,2603.1111577924344,inf,inf,inf,2603.1111577924344
N21000281,N21000284,3,2479.732627822796,inf,inf,inf,2479.732627822796
N21000281,N21000286,1,3276.84268700484,inf,inf,4057.6508664174353,3276.84268700484
N21000281,N21000287,1,5960.474361908465,inf,inf,inf,5960.474361908465
N21000281,N21000288,1,4025.73822658871,inf,inf,4161.973366094897,4025.73822658871
N21000281,N21000290,2,5231.468592698559,inf,inf,inf,5231.468592698559
N21000281,N21000291,3,4126.592352163998,inf,inf,4209.145290690649,4126.592352163998
N21000281,N21000293,2,3229.0782699147635,inf,inf,inf,3229.0782699147635
N21000281,N21000294,7,2738.8231022927052,inf,inf,inf,2738.8231022927052
N21000281,N21000295,1,4557.385806063653,inf,inf,inf,4557.385806063653
N21000281,N21000300,15,3565.0341598525424,inf,inf,inf,3565.0341598525424
N21000281,N21000302,1,6190.299417525634,inf,inf,inf,6190.299417525634
N21000281,N21000303,4,5427.980925103826,inf,inf,inf,5427.980925103826
N21000281,N21000304,2,7808.522508543319,inf,inf,inf,7808.522508543319
N21000281,N21000309,6,4821.627808387497,inf,inf,inf,4821.627808387497
N21000281,N21000310,1,4270.202095707124,inf,inf,inf,4270.202095707124
N21000281,N21000311,3,3611.7639441076217,inf,inf,3816.8738972376104,3611.7639441076217
N21000281,N21000313,2,4627.404194722874,inf,inf,5050.639381320508,4627.404194722874
N21000281,N21000315,1,3330.415231747727,inf,inf,3774.916460317843,3330.415231747727
N21000281,N21000317,2,8109.882432075037,inf,inf,inf,8109.882432075037
N21000281,N21000322,1,7521.5653539810655,inf,inf,inf,7521.5653539810655
N21000281,N21000324,1,7356.039542725555,inf,inf,inf,7356.039542725555
N21000281,N21000325,8,7419.235500612234,inf,inf,inf,7419.235500612234
N21000281,N21000326,1,7822.648936528899,inf,inf,inf,7822.648936528899
N21000281,N21000327,1,7119.143225942971,inf,inf,inf,7119.143225942971
N21000281,N21000329,3,6910.82289693929,inf,inf,inf,6910.82289693929
N21000281,N21000331,1,6362.705019509605,inf,inf,inf,6362.705019509605
N21000281,N21000332,1,7181.053706107457,inf,inf,inf,7181.053706107457
N21000281,N21000334,1,6292.468027475009,inf,inf,inf,6292.468027475009
N21000281,N21000335,23,5675.869401281105,inf,inf,inf,5675.869401281105
N21000282,N21000178,2,7425.455356465726,inf,inf,inf,7425.455356465726
N21000282,N21000195,3,8797.98333598632,inf,inf,inf,8797.98333598632
N21000282,N21000198,11,8883.512254693502,inf,inf,inf,8883.512254693502
N21000282,N21000199,1,9640.979265453288,inf,inf,inf,9640.979265453288
N21000282,N21000202,1,8486.61969937601,inf,inf,inf,8486.61969937601
N21000282,N21000203,1,8926.176916904024,inf,inf,inf,8926.176916904024
N21000282,N21000204,1,7266.1572971371925,inf,inf,inf,7266.1572971371925
N21000282,N21000205,2,8280.351362682444,inf,inf,inf,8280.351362682444
N21000282,N21000207,1,7351.593910281581,inf,inf,inf,7351.593910281581
N21000282,N21000208,3,7675.778021447507,inf,inf,inf,7675.778021447507
N21000282,N21000209,4,6585.998435514969,inf,inf,inf,6585.998435514969
N21000282,N21000210,1,8062.611517324066,inf,inf,9134.534369228475,8062.611517324066
N21000282,N21000213,1,6984.284638973095,inf,inf,8027.979021376949,6984.284638973095
N21000282,N21000215,2,7348.924645648957,inf,inf,7875.8705281484,7348.924645648957
N21000282,N21000216,1,7625.590275832991,inf,inf,8218.732441734393,7625.590275832991
N21000282,N21000223,2,9468.87627203983,inf,inf,inf,9468.87627203983
N21000282,N21000232,1,8932.356286920687,inf,inf,9890.867252049044,8932.356286920687
N21000282,N21000235,1,8790.357854930486,inf,inf,inf,8790.357854930486
N21000282,N21000238,4,6229.853141958045,inf,inf,inf,6229.853141958045
N21000282,N21000239,1,6568.360055927287,inf,inf,7138.20179351492,6568.360055927287
N21000282,N21000240,11,7045.6471897275505,inf,inf,7472.478506753271,7045.6471897275505
N21000282,N21000246,1,5537.194048581366,inf,inf,7560.218567480125,5537.194048581366
N21000282,N21000248,2,5648.375253430941,inf,inf,7849.764649681472,5648.375253430941
N21000282,N21000249,3,4967.861513559955,inf,inf,inf,4967.861513559955
N21000282,N21000250,2,6347.645064166605,inf,inf,inf,6347.645064166605
N21000282,N21000251,26,6176.286822768701,inf,inf,inf,6176.286822768701
N21000282,N21000252,8,6603.349169343826,inf,inf,inf,6603.349169343826
N21000282,N21000253,1,5687.149654934649,inf,inf,inf,5687.149654934649
N21000282,N21000254,1,6069.335766257727,inf,inf,inf,6069.335766257727
N21000282,N21000256,13,5633.119614659518,inf,inf,inf,5633.119614659518
N21000282,N21000257,1,6213.4073464015055,inf,inf,inf,6213.4073464015055
N21000282,N21000258,3,5228.001673397587,inf,inf,5686.540410718735,5228.001673397587
N21000282,N21000259,1,5177.238323744206,inf,inf,5177.238323744206,5177.238323744206
N21000282,N21000261,1,5423.889164011414,inf,inf,inf,5423.889164011414
N21000282,N21000263,5,5338.188246677131,inf,inf,5751.458391867991,5338.188246677131
N21000282,N21000264,1,4404.413497871435,inf,inf,4404.413497871435,4404.413497871435
N21000282,N21000265,1,4970.9881249610235,inf,inf,inf,4970.9881249610235
N21000282,N21000266,2,5109.868405928122,inf,inf,inf,5109.868405928122
N21000282,N21000267,2,4519.1022360492025,inf,inf,4519.1022360492025,4519.1022360492025
N21000282,N21000268,22,5662.332861535634,inf,inf,inf,5662.332861535634
N21000282,N21000269,1,4485.254769418143,inf,inf,4485.254769418143,4485.254769418143
N21000282,N21000270,4,4022.6649921216826,inf,inf,inf,4022.6649921216826
N21000282,N21000271,1,3281.378220163315,inf,inf,3281.378220163315,3281.378220163315
N21000282,N21000273,2,3815.5054119705887,inf,inf,inf,3815.5054119705887
N21000282,N21000274,12,5308.0659687253865,inf,inf,inf,5308.0659687253865
N21000282,N21000275,2,5224.006054691599,inf,inf,inf,5224.006054691599
N21000282,N21000276,2,6188.412475489278,inf,inf,inf,6188.412475489278
N21000282,N21000277,1,3728.905666310847,inf,inf,7219.374955464554,3728.905666310847
N21000282,N21000278,7,2015.957115241236,inf,inf,2015.957115241236,2015.957115241236
N21000282,N21000283,3,4184.626321088482,inf,inf,4184.626321088482,4184.626321088482
N21000282,N21000284,1,5366.916182429362,inf,inf,9480.56005697083,5366.916182429362
N21000282,N21000285,8,2153.755662191981,inf,inf,3805.9299496876324,2153.755662191981
N21000282,N21000301,1,8640.433972161885,inf,inf,inf,8640.433972161885
N21000282,N21000305,1,7717.757006847224,inf,inf,inf,7717.757006847224
N21000282,N21000309,5,6955.17532361065,inf,inf,inf,6955.17532361065
N21000282,N21000311,1,6761.796410677989,inf,inf,inf,6761.796410677989
N21000282,N21000330,1,9423.549330093212,inf,inf,inf,9423.549330093212
N21000282,N21000332,1,8829.98216674785,inf,inf,inf,8829.98216674785
N21000282,N21000334,1,6756.08938299004,inf,inf,inf,6756.08938299004
N21000282,N21000335,10,7324.797861921497,inf,inf,inf,7324.797861921497
N21000283,N21000172,4,9381.123342625708,inf,inf,inf,9381.123342625708
N21000283,N21000174,1,9647.547995312136,inf,inf,inf,9647.547995312136
N21000283,N21000175,6,8679.824776800655,inf,inf,inf,8679.824776800655
N21000283,N21000198,12,9330.803786614852,inf,inf,inf,9330.803786614852
N21000283,N21000201,1,9504.900826242336,inf,inf,inf,9504.900826242336
N21000283,N21000202,1,9364.701868759505,inf,inf,inf,9364.701868759505
N21000283,N21000204,1,8087.245536554486,inf,inf,inf,8087.245536554486
N21000283,N21000205,1,9158.433532065943,inf,inf,inf,9158.433532065943
N21000283,N21000208,2,8553.860190831007,inf,inf,inf,8553.860190831007
N21000283,N21000209,2,7464.080604898468,inf,inf,inf,7464.080604898468
N21000283,N21000213,2,7862.3668083565935,inf,inf,10164.796058126578,7862.3668083565935
N21000283,N21000218,2,7666.426454651834,inf,inf,9656.826112213192,7666.426454651834
N21000283,N21000237,1,9115.258006069951,inf,inf,10498.932221238732,9115.258006069951
N21000283,N21000238,1,7107.935311341544,inf,inf,inf,7107.935311341544
N21000283,N21000239,1,7446.442225310786,inf,inf,9275.018830264551,7446.442225310786
N21000283,N21000240,2,8225.62132833412,inf,inf,9609.2955435029,8225.62132833412
N21000283,N21000241,4,6752.455000883552,inf,inf,8136.129216052334,6752.455000883552
N21000283,N21000243,1,7681.069300128675,inf,inf,9147.452295231242,7681.069300128675
N21000283,N21000245,1,6090.689636253019,inf,inf,7349.424503619151,6090.689636253019
N21000283,N21000251,40,6493.888464917132,inf,inf,inf,6493.888464917132
N21000283,N21000252,23,7102.295112174732,inf,inf,inf,7102.295112174732
N21000283,N21000253,11,6004.751297083081,inf,inf,inf,6004.751297083081
N21000283,N21000254,12,6609.583127414469,inf,inf,inf,6609.583127414469
N21000283,N21000256,31,5950.72125680795,inf,inf,inf,5950.72125680795
N21000283,N21000258,8,5545.603315546019,inf,inf,7823.3574474683655,5545.603315546019
N21000283,N21000261,1,5577.849551069076,inf,inf,inf,5577.849551069076
N21000283,N21000263,1,6216.27041606063,inf,inf,7888.275428617622,6216.27041606063
N21000283,N21000264,16,5073.364648751343,inf,inf,6541.230534621065,5073.364648751343
N21000283,N21000265,5,4784.288853643057,inf,inf,inf,4784.288853643057
N21000283,N21000266,4,4923.169134610156,inf,inf,inf,4923.169134610156
N21000283,N21000268,11,4650.156228694025,inf,inf,inf,4650.156228694025
N21000283,N21000270,6,3823.5003369265255,inf,inf,inf,3823.5003369265255
N21000283,N21000271,2,4159.4603895468135,inf,5880.34343162289,5418.195256912946,4159.4603895468135
N21000283,N21000272,2,3982.159819710208,inf,5050.126270508702,4587.978095798758,3982.159819710208
N21000283,N21000273,5,3424.474415680246,inf,inf,inf,3424.474415680246
N21000283,N21000274,13,4227.435535964015,inf,inf,inf,4227.435535964015
N21000283,N21000276,3,3501.0469476646413,inf,inf,inf,3501.0469476646413
N21000283,N21000277,2,2913.5017947992906,inf,inf,3518.443930247443,2913.5017947992906
N21000283,N21000279,4,2388.1025889745665,inf,inf,inf,2388.1025889745665
N21000283,N21000280,4,2904.9810191023485,inf,inf,inf,2904.9810191023485
N21000283,N21000282,2,4184.626321088482,inf,inf,4184.626321088482,4184.626321088482
N21000283,N21000284,4,2266.828750948831,inf,inf,7807.24024307999,2266.828750948831
N21000283,N21000289,1,4542.500265477872,inf,inf,inf,4542.500265477872
N21000283,N21000293,4,4549.735195729293,inf,inf,inf,4549.735195729293
N21000283,N21000294,2,4059.4800281072335,inf,inf,inf,4059.4800281072335
N21000283,N21000300,1,3999.7728519163948,inf,inf,7895.4008373928555,3999.7728519163948
N21000283,N21000303,2,6480.8980075656145,inf,inf,inf,6480.8980075656145
N21000283,N21000304,3,9203.013348053506,inf,inf,inf,9203.013348053506
N21000283,N21000307,2,5563.9068838050935,inf,inf,inf,5563.9068838050935
N21000283,N21000308,3,5685.073786848025,inf,inf,inf,5685.073786848025
N21000283,N21000309,3,5874.544890849279,inf,inf,inf,5874.544890849279
N21000283,N21000310,3,5664.692935217309,inf,inf,inf,5664.692935217309
N21000283,N21000311,5,5006.254783617807,inf,inf,inf,5006.254783617807
N21000283,N21000312,2,4842.213696745924,inf,inf,inf,4842.213696745924
N21000283,N21000315,9,4724.906071257914,inf,inf,inf,4724.906071257914
N21000283,N21000317,1,9162.799514536826,inf,inf,inf,9162.799514536826
N21000283,N21000325,3,7851.514730324028,inf,inf,inf,7851.514730324028
N21000283,N21000329,1,7285.225503404447,inf,inf,inf,7285.225503404447
N21000283,N21000332,1,8233.970788569248,inf,inf,inf,8233.970788569248
N21000283,N21000334,2,7073.691025138472,inf,inf,inf,7073.691025138472
N21000283,N21000335,29,6728.786483742893,inf,inf,inf,6728.786483742893
N21000284,N21000175,8,9620.989607539863,inf,inf,inf,9620.989607539863
N21000284,N21000178,2,8684.221829353368,inf,inf,inf,8684.221829353368
N21000284,N21000204,1,9028.410367293689,inf,inf,inf,9028.410367293689
N21000284,N21000209,2,8405.245435637682,inf,inf,inf,8405.245435637682
N21000284,N21000213,3,8803.531639095805,inf,inf,15460.729794008934,8803.531639095805
N21000284,N21000216,3,9598.202118224994,inf,inf,15651.483214366375,9598.202118224994
N21000284,N21000239,1,8387.607056049997,inf,inf,14570.952566146907,8387.607056049997
N21000284,N21000240,11,9166.78615907333,inf,inf,14905.229279385256,9166.78615907333
N21000284,N21000248,2,8236.981199887965,inf,inf,15282.515422313454,8236.981199887965
N21000284,N21000249,1,7281.417622721963,inf,inf,inf,7281.417622721963
N21000284,N21000251,53,7435.053295656342,inf,inf,inf,7435.053295656342
N21000284,N21000252,16,8043.459942913941,inf,inf,inf,8043.459942913941
N21000284,N21000253,11,6945.91612782229,inf,inf,inf,6945.91612782229
N21000284,N21000254,5,7550.747958153678,inf,inf,inf,7550.747958153678
N21000284,N21000255,4,6998.406401385644,inf,inf,inf,6998.406401385644
N21000284,N21000256,21,6862.9497748578815,inf,inf,inf,6862.9497748578815
N21000284,N21000257,1,6573.870668647772,inf,inf,inf,6573.870668647772
N21000284,N21000258,12,6486.768146285228,inf,inf,13119.291183350722,6486.768146285228
N21000284,N21000259,3,6735.510076846068,inf,inf,12609.989096376192,6735.510076846068
N21000284,N21000261,2,6383.087784361728,inf,inf,inf,6383.087784361728
N21000284,N21000264,12,6014.529479490552,inf,inf,11837.164270503425,6014.529479490552
N21000284,N21000265,3,5725.453684382266,inf,inf,inf,5725.453684382266
N21000284,N21000266,10,5632.639034982989,inf,inf,inf,5632.639034982989
N21000284,N21000268,40,5313.064306980744,inf,inf,inf,5313.064306980744
N21000284,N21000269,2,6304.501769540852,inf,inf,11918.005542050132,6304.501769540852
N21000284,N21000270,4,4764.665167665735,inf,inf,inf,4764.665167665735
N21000284,N21000271,2,5100.625220286024,inf,inf,10714.128992795304,5100.625220286024
N21000284,N21000272,4,4923.324650449417,inf,inf,9883.91183168111,4923.324650449417
N21000284,N21000273,5,4365.639246419456,inf,inf,inf,4365.639246419456
N21000284,N21000274,22,4890.343614250733,inf,inf,inf,4890.343614250733
N21000284,N21000275,3,4433.054037700667,inf,inf,inf,4433.054037700667
N21000284,N21000276,8,3377.6684176950025,inf,inf,inf,3377.6684176950025
N21000284,N21000277,2,3854.6666255385003,inf,inf,10841.988877456066,3854.6666255385003
N21000284,N21000278,1,5461.723741541128,inf,inf,9575.367616082602,5461.723741541128
N21000284,N21000279,15,2264.7240590049278,inf,inf,inf,2264.7240590049278
N21000284,N21000280,15,2781.6024891327093,inf,inf,inf,2781.6024891327093
N21000284,N21000281,1,2479.7326278227965,inf,inf,inf,2479.7326278227965
N21000284,N21000283,4,2266.828750948831,inf,inf,7807.2402430799875,2266.828750948831
N21000284,N21000286,1,4547.954996545388,inf,inf,inf,4547.954996545388
N21000284,N21000287,2,5382.364126240252,inf,inf,7233.083992346299,5382.364126240252
N21000284,N21000288,2,4516.356538701236,inf,inf,inf,4516.356538701236
N21000284,N21000293,3,3311.8387417160775,inf,inf,inf,3311.8387417160775
N21000284,N21000294,8,2485.5543478518516,inf,inf,inf,2485.5543478518516
N21000284,N21000295,1,3659.077406635182,inf,inf,4650.058772257264,3659.077406635182
N21000284,N21000300,3,2254.976250857652,inf,inf,2254.976250857652,2254.976250857652
N21000284,N21000302,1,7906.124578274142,inf,inf,inf,7906.124578274142
N21000284,N21000304,3,8585.117578671954,inf,inf,inf,8585.117578671954
N21000284,N21000309,12,6423.881168636234,inf,inf,inf,6423.881168636234
N21000284,N21000310,2,5541.31440524767,inf,inf,inf,5541.31440524767
N21000284,N21000311,5,4882.876253648169,inf,inf,inf,4882.876253648169
N21000284,N21000313,2,5668.648075273359,inf,inf,inf,5668.648075273359
N21000284,N21000315,4,4601.527541288275,inf,inf,inf,4601.527541288275
N21000284,N21000322,1,9237.390514729574,inf,inf,inf,9237.390514729574
N21000284,N21000325,2,8792.679561063238,inf,inf,inf,8792.679561063238
N21000284,N21000329,1,8226.390334143658,inf,inf,inf,8226.390334143658
N21000284,N21000335,28,7391.694562029612,inf,inf,inf,7391.694562029612
N21000285,N21000175,3,9046.684378432627,inf,inf,inf,9046.684378432627
N21000285,N21000195,2,9482.444579766734,inf,inf,inf,9482.444579766734
N21000285,N21000204,1,8454.105138186462,inf,inf,inf,8454.105138186462
N21000285,N21000205,2,9525.29313369792,inf,inf,inf,9525.29313369792
N21000285,N21000207,4,8596.535681297057,inf,inf,inf,8596.535681297057
N21000285,N21000208,1,8920.719792462984,inf,inf,inf,8920.719792462984
N21000285,N21000209,2,7830.940206530445,inf,inf,inf,7830.940206530445
N21000285,N21000213,2,8229.22640998857,inf,inf,9786.099686725729,8229.22640998857
N21000285,N21000216,1,8943.420953343464,inf,inf,9976.85310708317,8943.420953343464
N21000285,N21000236,2,8364.463190782066,inf,inf,9221.463448034863,8364.463190782066
N21000285,N21000237,2,9297.162130059321,inf,inf,10120.235849837884,9297.162130059321
N21000285,N21000240,7,8363.477867238025,inf,inf,9230.599172102051,8363.477867238025
N21000285,N21000241,2,7119.314602515529,inf,inf,7757.432844651484,7119.314602515529
N21000285,N21000242,1,9317.098730652431,inf,inf,inf,9317.098730652431
N21000285,N21000244,1,8258.964521021475,inf,inf,9559.222749107406,8258.964521021475
N21000285,N21000248,3,6966.205930941415,inf,inf,9607.88531503025,6966.205930941415
N21000285,N21000249,3,6285.6921910704295,inf,inf,inf,6285.6921910704295
N21000285,N21000250,1,7665.475741677079,inf,inf,inf,7665.475741677079
N21000285,N21000251,56,6860.748066549109,inf,inf,inf,6860.748066549109
N21000285,N21000252,8,7469.154713806708,inf,inf,inf,7469.154713806708
N21000285,N21000253,2,6371.610898715057,inf,inf,inf,6371.610898715057
N21000285,N21000254,6,6976.4427290464455,inf,inf,inf,6976.4427290464455
N21000285,N21000256,22,6317.5808584399265,inf,inf,inf,6317.5808584399265
N21000285,N21000258,6,5912.462917177995,inf,inf,7444.661076067516,5912.462917177995
N21000285,N21000259,3,6161.204847738835,inf,inf,6935.35898909299,6161.204847738835
N21000285,N21000261,4,5944.7091527010525,inf,inf,inf,5944.7091527010525
N21000285,N21000263,5,6583.130017692607,inf,inf,7509.579057216772,6583.130017692607
N21000285,N21000264,7,5440.2242503833195,inf,inf,6162.534163220215,5440.2242503833195
N21000285,N21000265,4,5151.1484552750335,inf,inf,inf,5151.1484552750335
N21000285,N21000266,5,5290.028736242132,inf,inf,inf,5290.028736242132
N21000285,N21000267,1,5764.044007064678,inf,inf,6277.222901397984,5764.044007064678
N21000285,N21000268,15,5270.340221479556,inf,inf,inf,5270.340221479556
N21000285,N21000269,2,5730.196540433619,inf,inf,6243.375434766925,5730.196540433619
N21000285,N21000270,4,4190.359938558502,inf,inf,inf,4190.359938558502
N21000285,N21000272,1,3709.2307464438522,inf,inf,4209.281724397908,3709.2307464438522
N21000285,N21000273,3,3791.334017312223,inf,inf,inf,3791.334017312223
N21000285,N21000274,11,4847.619528749546,inf,inf,inf,4847.619528749546
N21000285,N21000275,4,4763.559614715758,inf,inf,inf,4763.559614715758
N21000285,N21000276,1,5632.6638282355825,inf,inf,inf,5632.6638282355825
N21000285,N21000277,2,3280.3613964312676,inf,inf,6959.528029276374,3280.3613964312676
N21000285,N21000278,5,3333.78779275171,inf,inf,3900.737508799398,3333.78779275171
N21000285,N21000280,2,5036.59789967329,inf,inf,inf,5036.59789967329
N21000285,N21000282,7,2153.7556621919816,inf,inf,3805.929949687631,2153.7556621919816
N21000285,N21000283,6,3782.839400926285,inf,inf,3924.779394900301,3782.839400926285
N21000285,N21000284,3,4965.129262267166,inf,inf,9220.713130782651,4965.129262267166
N21000285,N21000287,2,9412.748168293934,inf,inf,14286.981466584177,9412.748168293934
N21000285,N21000288,1,7551.84594666984,inf,inf,inf,7551.84594666984
N21000285,N21000293,1,6681.352076300233,inf,inf,inf,6681.352076300233
N21000285,N21000294,1,6191.096908678173,inf,inf,inf,6191.096908678173
N21000285,N21000295,1,8009.659612449121,inf,inf,11703.956246495136,8009.659612449121
N21000285,N21000299,1,9264.436783390087,inf,inf,inf,9264.436783390087
N21000285,N21000300,1,6698.073363234727,inf,inf,9308.873725095522,6698.073363234727
N21000285,N21000302,1,7863.400492772954,inf,inf,inf,7863.400492772954
N21000285,N21000306,1,7157.283131991626,inf,inf,inf,7157.283131991626
N21000285,N21000307,2,6184.090876590623,inf,inf,inf,6184.090876590623
N21000285,N21000308,1,6305.2577796335545,inf,inf,inf,6305.2577796335545
N21000285,N21000309,1,6494.728883634809,inf,inf,inf,6494.728883634809
N21000285,N21000313,1,8153.511914804,inf,inf,inf,8153.511914804
N21000285,N21000324,2,9029.140617972876,inf,inf,inf,9029.140617972876
N21000285,N21000325,1,8218.374331956005,inf,inf,inf,8218.374331956005
N21000285,N21000326,3,9495.75001177621,inf,inf,inf,9495.75001177621
N21000285,N21000329,3,7652.0851050364245,inf,inf,inf,7652.0851050364245
N21000285,N21000331,3,8035.806094756925,inf,inf,inf,8035.806094756925
N21000285,N21000332,2,8854.154781354777,inf,inf,inf,8854.154781354777
N21000285,N21000335,26,7348.970476528424,inf,inf,inf,7348.970476528424
N21000286,N21000170,1,7439.943067708729,inf,inf,inf,7439.943067708729
N21000286,N21000172,2,7265.157003435869,inf,inf,inf,7265.157003435869
N21000286,N21000175,5,7178.948782240216,inf,inf,inf,7178.948782240216
N21000286,N21000177,2,7212.519555111676,inf,inf,inf,7212.519555111676
N21000286,N21000178,3,6839.807694813819,inf,inf,inf,6839.807694813819
N21000286,N21000187,1,9459.26957983335,inf,inf,inf,9459.26957983335
N21000286,N21000189,2,9010.884563523407,inf,inf,inf,9010.884563523407
N21000286,N21000195,5,8212.335674334414,inf,inf,inf,8212.335674334414
N21000286,N21000198,5,8797.774075224403,inf,inf,inf,8797.774075224403
N21000286,N21000201,1,9413.713833766611,inf,inf,inf,9413.713833766611
N21000286,N21000204,2,7909.407640753167,inf,inf,inf,7909.407640753167
N21000286,N21000205,1,9073.776129083837,inf,inf,inf,9073.776129083837
N21000286,N21000209,1,7745.105472851688,inf,inf,inf,7745.105472851688
N21000286,N21000240,2,9625.527656568682,inf,inf,inf,9625.527656568682
N21000286,N21000251,63,5971.495166521128,inf,inf,inf,5971.495166521128
N21000286,N21000252,11,6924.457216373413,inf,inf,inf,6924.457216373413
N21000286,N21000253,7,6004.341204777986,inf,inf,inf,6004.341204777986
N21000286,N21000254,4,6611.410660477583,inf,inf,inf,6611.410660477583
N21000286,N21000256,15,5172.134073283663,inf,inf,inf,5172.134073283663
N21000286,N21000258,2,5954.41101221724,inf,inf,inf,5954.41101221724
N21000286,N21000259,1,6434.4443574047755,inf,inf,inf,6434.4443574047755
N21000286,N21000261,3,5549.742607088989,inf,inf,inf,5549.742607088989
N21000286,N21000264,3,5982.757710379724,inf,inf,inf,5982.757710379724
N21000286,N21000265,1,5184.655498260444,inf,inf,inf,5184.655498260444
N21000286,N21000266,1,4799.2938577102495,inf,inf,inf,4799.2938577102495
N21000286,N21000267,1,6797.090733667264,inf,inf,inf,6797.090733667264
N21000286,N21000268,20,3648.507912581862,inf,inf,inf,3648.507912581862
N21000286,N21000269,2,6763.243267036205,inf,inf,inf,6763.243267036205
N21000286,N21000270,3,4903.2377966672275,inf,inf,inf,4903.2377966672275
N21000286,N21000273,1,4108.05222838818,inf,inf,inf,4108.05222838818
N21000286,N21000274,13,3606.3411824686127,inf,inf,inf,3606.3411824686127
N21000286,N21000275,2,3797.025796651719,inf,inf,inf,3797.025796651719
N21000286,N21000276,1,1706.0841250223618,inf,inf,2486.892304434956,1706.0841250223618
N21000286,N21000278,1,6362.048110306373,inf,inf,inf,6362.048110306373
N21000286,N21000280,2,2408.779717086722,inf,inf,inf,2408.779717086722
N21000286,N21000283,1,4671.333526515027,inf,inf,inf,4671.333526515027
N21000286,N21000284,1,4547.95499654539,inf,inf,inf,4547.95499654539
N21000286,N21000287,2,3458.409246913635,inf,inf,inf,3458.409246913635
N21000286,N21000288,1,1163.4318793945524,inf,inf,1918.4997899500358,1163.4318793945524
N21000286,N21000289,4,909.64144044975,inf,inf,909.64144044975,909.64144044975
N21000286,N21000294,6,3563.278726091607,inf,inf,inf,3563.278726091607
N21000286,N21000295,4,2699.386295503748,inf,inf,inf,2699.386295503748
N21000286,N21000301,1,4138.5371802810805,inf,inf,inf,4138.5371802810805
N21000286,N21000302,4,4525.506720457665,inf,inf,inf,4525.506720457665
N21000286,N21000303,10,4082.9519998077494,inf,inf,inf,4082.9519998077494
N21000286,N21000304,2,5197.553788575306,inf,inf,inf,5197.553788575306
N21000286,N21000305,4,3789.6851159939783,inf,inf,inf,3789.6851159939783
N21000286,N21000306,1,3689.6576811142245,inf,inf,inf,3689.6576811142245
N21000286,N21000307,10,2125.633817223893,inf,inf,inf,2125.633817223893
N21000286,N21000308,7,2132.3726021680563,inf,inf,inf,2132.3726021680563
N21000286,N21000309,28,3027.103432757406,inf,inf,inf,3027.103432757406
N21000286,N21000310,1,1659.233375739109,inf,inf,inf,1659.233375739109
N21000286,N21000311,5,1228.2406864528805,inf,inf,3383.6330038378633,1228.2406864528805
N21000286,N21000312,3,836.7541372677231,inf,inf,3681.8779578344183,836.7541372677231
N21000286,N21000313,2,2016.4354747548605,inf,inf,2807.1658051756467,2016.4354747548605
N21000286,N21000314,4,1223.7176327504064,inf,inf,1973.5367271145253,1223.7176327504064
N21000286,N21000315,14,1204.7498054094458,inf,inf,3341.6755669180957,1204.7498054094458
N21000286,N21000317,1,6638.272445704132,inf,inf,inf,6638.272445704132
N21000286,N21000322,1,6298.352005903987,inf,inf,inf,6298.352005903987
N21000286,N21000324,1,5584.909760661468,inf,inf,inf,5584.909760661468
N21000286,N21000325,3,6196.022152535157,inf,inf,inf,6196.022152535157
N21000286,N21000327,1,5745.170054577895,inf,inf,inf,5745.170054577895
N21000286,N21000329,3,6391.660592537043,inf,inf,inf,6391.660592537043
N21000286,N21000331,6,5139.491671432527,inf,inf,inf,5139.491671432527
N21000286,N21000332,3,5300.464926041483,inf,inf,inf,5300.464926041483
N21000286,N21000334,2,5295.37540888346,inf,inf,inf,5295.37540888346
N21000286,N21000335,38,4452.656053204027,inf,inf,inf,4452.656053204027
N21000287,N21000251,55,9036.40602012088,inf,inf,inf,9036.40602012088
N21000287,N21000253,1,9069.252058377733,inf,inf,inf,9069.252058377733
N21000287,N21000256,6,8237.044926883413,inf,inf,inf,8237.044926883413
N21000287,N21000258,4,9019.321865816984,inf,inf,18185.55951915223,9019.321865816984
N21000287,N21000259,3,9499.355211004524,inf,inf,17676.257432177696,9499.355211004524
N21000287,N21000260,1,8349.716973121414,inf,inf,inf,8349.716973121414
N21000287,N21000264,4,9047.668563979472,inf,inf,16903.43260630493,9047.668563979472
N21000287,N21000265,2,8249.56635186019,inf,inf,inf,8249.56635186019
N21000287,N21000266,1,7864.204711309995,inf,inf,inf,7864.204711309995
N21000287,N21000268,26,6713.418766181609,inf,inf,inf,6713.418766181609
N21000287,N21000270,1,7968.148650266973,inf,inf,inf,7968.148650266973
N21000287,N21000273,1,7172.963081987926,inf,inf,inf,7172.963081987926
N21000287,N21000274,8,6671.252036068362,inf,inf,inf,6671.252036068362
N21000287,N21000275,1,6686.296974022612,inf,inf,inf,6686.296974022612
N21000287,N21000276,1,4671.143643649043,inf,inf,inf,4671.143643649043
N21000287,N21000277,3,7305.58109365281,inf,inf,15908.257213257584,7305.58109365281
N21000287,N21000279,1,5448.292172154066,inf,inf,inf,5448.292172154066
N21000287,N21000280,2,4376.150268620647,inf,inf,inf,4376.150268620647
N21000287,N21000283,3,7127.160727298996,inf,inf,12873.508578881503,7127.160727298996
N21000287,N21000284,4,5382.364126240253,inf,inf,7233.083992346301,5382.364126240253
N21000287,N21000286,1,3458.4092469136344,inf,inf,inf,3458.4092469136344
N21000287,N21000288,6,2550.9829689758776,inf,inf,inf,2550.9829689758776
N21000287,N21000289,2,3172.706168140107,inf,inf,inf,3172.706168140107
N21000287,N21000290,7,1138.9893117028814,inf,inf,1138.9893117028814,1138.9893117028814
N21000287,N21000291,4,2032.7569149408719,inf,inf,inf,2032.7569149408719
N21000287,N21000293,10,2731.3960919937035,inf,inf,inf,2731.3960919937035
N21000287,N21000294,4,4342.064958005642,inf,inf,inf,4342.064958005642
N21000287,N21000295,29,2562.172342159556,inf,inf,2583.4039069498936,2562.172342159556
N21000287,N21000296,2,5360.907398176662,inf,inf,inf,5360.907398176662
N21000287,N21000298,2,3386.3051278387393,inf,inf,3407.5366926290762,3386.3051278387393
N21000287,N21000299,1,3753.472080222153,inf,inf,inf,3753.472080222153
N21000287,N21000300,5,4135.350759983635,inf,inf,4995.0892604676,4135.350759983635
N21000287,N21000301,2,7203.448033880827,inf,inf,inf,7203.448033880827
N21000287,N21000302,3,7590.417574057414,inf,inf,inf,7590.417574057414
N21000287,N21000303,6,7147.862853407497,inf,inf,inf,7147.862853407497
N21000287,N21000304,9,6619.744008946596,inf,inf,inf,6619.744008946596
N21000287,N21000305,1,6854.595969593728,inf,inf,inf,6854.595969593728
N21000287,N21000306,2,6754.5685347139715,inf,inf,inf,6754.5685347139715
N21000287,N21000307,9,5190.54467082364,inf,inf,inf,5190.54467082364
N21000287,N21000308,9,5197.283455767803,inf,inf,inf,5197.283455767803
N21000287,N21000309,27,6092.014286357154,inf,inf,inf,6092.014286357154
N21000287,N21000310,6,4724.144229338859,inf,inf,inf,4724.144229338859
N21000287,N21000311,8,4293.15154005263,inf,inf,inf,4293.15154005263
N21000287,N21000312,2,3901.6649908674717,inf,inf,inf,3901.6649908674717
N21000287,N21000313,4,3703.2745055480004,inf,inf,inf,3703.2745055480004
N21000287,N21000315,8,4269.660659009194,inf,inf,inf,4269.660659009194
N21000287,N21000322,1,9363.262859503739,inf,inf,inf,9363.262859503739
N21000287,N21000325,4,9260.933006134908,inf,inf,inf,9260.933006134908
N21000287,N21000327,1,8810.080908177642,inf,inf,inf,8810.080908177642
N21000287,N21000328,1,8833.760651687913,inf,inf,inf,8833.760651687913
N21000287,N21000329,4,9456.571446136795,inf,inf,inf,9456.571446136795
N21000287,N21000331,2,8204.402525032276,inf,inf,inf,8204.402525032276
N21000287,N21000333,2,7932.127509782877,inf,inf,inf,7932.127509782877
N21000287,N21000334,2,8360.28626248321,inf,inf,inf,8360.28626248321
N21000287,N21000335,43,7517.566906803775,inf,inf,inf,7517.566906803775
N21000288,N21000165,1,8922.459378473832,inf,inf,inf,8922.459378473832
N21000288,N21000167,1,8788.509722008053,inf,inf,inf,8788.509722008053
N21000288,N21000168,1,8239.88704161052,inf,inf,inf,8239.88704161052
N21000288,N21000175,1,7948.882268320883,inf,inf,inf,7948.882268320883
N21000288,N21000178,1,7609.741180894485,inf,inf,inf,7609.741180894485
N21000288,N21000194,1,9074.847210310818,inf,inf,inf,9074.847210310818
N21000288,N21000195,1,8982.26916041508,inf,inf,inf,8982.26916041508
N21000288,N21000198,3,9567.70756130507,inf,inf,inf,9567.70756130507
N21000288,N21000204,1,8679.34112683383,inf,inf,inf,8679.34112683383
N21000288,N21000207,1,8914.952162763637,inf,inf,inf,8914.952162763637
N21000288,N21000208,1,9355.33922926899,inf,inf,inf,9355.33922926899
N21000288,N21000209,2,8515.038958932353,inf,inf,inf,8515.038958932353
N21000288,N21000251,55,6741.428652601795,inf,inf,inf,6741.428652601795
N21000288,N21000252,10,7694.3907024540795,inf,inf,inf,7694.3907024540795
N21000288,N21000253,6,6774.274690858652,inf,inf,inf,6774.274690858652
N21000288,N21000254,4,7381.34414655825,inf,inf,inf,7381.34414655825
N21000288,N21000256,10,5942.06755936433,inf,inf,inf,5942.06755936433
N21000288,N21000258,2,6724.344498297906,inf,inf,inf,6724.344498297906
N21000288,N21000259,1,7204.377843485442,inf,inf,inf,7204.377843485442
N21000288,N21000260,2,6054.739605602333,inf,inf,inf,6054.739605602333
N21000288,N21000263,1,8386.11023037586,inf,inf,inf,8386.11023037586
N21000288,N21000264,1,6752.6911964603905,inf,inf,inf,6752.6911964603905
N21000288,N21000265,5,5954.5889843411105,inf,inf,inf,5954.5889843411105
N21000288,N21000267,1,7567.024219747931,inf,inf,inf,7567.024219747931
N21000288,N21000268,15,4418.441398662529,inf,inf,inf,4418.441398662529
N21000288,N21000273,4,4877.985714468847,inf,inf,inf,4877.985714468847
N21000288,N21000274,19,4376.274668549281,inf,inf,inf,4376.274668549281
N21000288,N21000275,1,4545.921336235589,inf,inf,inf,4545.921336235589
N21000288,N21000276,1,2454.979664606231,inf,inf,2591.2148041124183,2454.979664606231
N21000288,N21000278,1,7131.98159638704,inf,inf,inf,7131.98159638704
N21000288,N21000279,6,3435.0326946165974,inf,inf,3598.9904681454327,3435.0326946165974
N21000288,N21000280,4,2678.5072541407653,inf,inf,inf,2678.5072541407653
N21000288,N21000283,1,5420.229066098896,inf,inf,inf,5420.229066098896
N21000288,N21000284,4,4516.3565387012395,inf,inf,inf,4516.3565387012395
N21000288,N21000286,3,1163.4318793945527,inf,inf,1918.4997899500356,1163.4318793945527
N21000288,N21000287,4,2550.982968975877,inf,inf,inf,2550.982968975877
N21000288,N21000289,2,877.7288006210251,inf,inf,1013.9639401272126,877.7288006210251
N21000288,N21000290,1,1821.9771997659718,inf,inf,inf,1821.9771997659718
N21000288,N21000292,1,1761.4472246593011,inf,inf,inf,1761.4472246593011
N21000288,N21000293,4,1865.388504454687,inf,inf,inf,1865.388504454687
N21000288,N21000294,9,2959.43975343995,inf,inf,inf,2959.43975343995
N21000288,N21000295,6,1791.9600175659898,inf,inf,inf,1791.9600175659898
N21000288,N21000298,1,2616.092803245173,inf,inf,inf,2616.092803245173
N21000288,N21000299,1,3028.0329647333083,inf,inf,inf,3028.0329647333083
N21000288,N21000300,1,3269.3431724446186,inf,inf,inf,3269.3431724446186
N21000288,N21000301,2,4908.470666361746,inf,inf,inf,4908.470666361746
N21000288,N21000302,1,5295.440206538332,inf,inf,inf,5295.440206538332
N21000288,N21000303,2,4852.885485888415,inf,inf,inf,4852.885485888415
N21000288,N21000304,8,4382.249558661339,inf,inf,inf,4382.249558661339
N21000288,N21000305,3,4559.618602074645,inf,inf,inf,4559.618602074645
N21000288,N21000306,4,4459.591167194891,inf,inf,inf,4459.591167194891
N21000288,N21000307,9,2895.5673033045587,inf,inf,inf,2895.5673033045587
N21000288,N21000308,4,2902.306088248722,inf,inf,inf,2902.306088248722
N21000288,N21000309,18,3797.0369188380732,inf,inf,inf,3797.0369188380732
N21000288,N21000310,1,2429.1668618197755,inf,inf,inf,2429.1668618197755
N21000288,N21000311,5,1998.1741725335467,inf,inf,3487.9555035153257,1998.1741725335467
N21000288,N21000313,7,1465.780055262742,inf,inf,1465.780055262742,1465.780055262742
N21000288,N21000314,3,903.4505862312784,inf,inf,903.4505862312784,903.4505862312784
N21000288,N21000315,8,1974.6832914901124,inf,inf,3445.998066595558,1974.6832914901124
N21000288,N21000322,1,7068.285491984654,inf,inf,inf,7068.285491984654
N21000288,N21000324,1,6354.843246742133,inf,inf,inf,6354.843246742133
N21000288,N21000325,3,6965.955638615824,inf,inf,inf,6965.955638615824
N21000288,N21000327,1,6515.103540658563,inf,inf,inf,6515.103540658563
N21000288,N21000328,1,6538.783284168828,inf,inf,inf,6538.783284168828
N21000288,N21000329,2,7161.59407861771,inf,inf,inf,7161.59407861771
N21000288,N21000331,5,5909.425157513194,inf,inf,inf,5909.425157513194
N21000288,N21000332,2,6070.398412122147,inf,inf,inf,6070.398412122147
N21000288,N21000333,2,5637.150142263795,inf,inf,inf,5637.150142263795
N21000288,N21000334,3,6065.308894964127,inf,inf,inf,6065.308894964127
N21000288,N21000335,31,5222.589539284693,inf,inf,inf,5222.589539284693
N21000289,N21000165,2,8668.66893952903,inf,inf,inf,8668.66893952903
N21000289,N21000168,1,7986.096602665721,inf,inf,inf,7986.096602665721
N21000289,N21000170,1,7956.086114844592,inf,inf,inf,7956.086114844592
N21000289,N21000172,4,7781.300050571735,inf,inf,inf,7781.300050571735
N21000289,N21000175,2,7695.0918293760815,inf,inf,inf,7695.0918293760815
N21000289,N21000176,1,7693.86980797279,inf,inf,inf,7693.86980797279
N21000289,N21000177,1,7728.662602247541,inf,inf,inf,7728.662602247541
N21000289,N21000178,5,7355.950741949684,inf,inf,inf,7355.950741949684
N21000289,N21000189,2,9527.027610659276,inf,inf,inf,9527.027610659276
N21000289,N21000190,1,9440.0638142351,inf,inf,inf,9440.0638142351
N21000289,N21000193,2,8772.252052087393,inf,inf,inf,8772.252052087393
N21000289,N21000194,1,8821.056771366017,inf,inf,inf,8821.056771366017
N21000289,N21000195,3,8728.47872147028,inf,inf,inf,8728.47872147028
N21000289,N21000196,1,8389.73863796994,inf,inf,inf,8389.73863796994
N21000289,N21000198,15,9313.917122360268,inf,inf,inf,9313.917122360268
N21000289,N21000204,1,8425.550687889032,inf,inf,inf,8425.550687889032
N21000289,N21000205,1,9589.919176219699,inf,inf,inf,9589.919176219699
N21000289,N21000209,3,8261.248519987554,inf,inf,inf,8261.248519987554
N21000289,N21000213,1,8975.939435606779,inf,inf,inf,8975.939435606779
N21000289,N21000248,1,8886.26460056431,inf,inf,inf,8886.26460056431
N21000289,N21000249,1,7926.785499717032,inf,inf,inf,7926.785499717032
N21000289,N21000251,69,6487.638213656994,inf,inf,inf,6487.638213656994
N21000289,N21000252,21,7440.600263509278,inf,inf,inf,7440.600263509278
N21000289,N21000253,7,6520.484251913849,inf,inf,inf,6520.484251913849
N21000289,N21000254,4,7127.553707613447,inf,inf,inf,7127.553707613447
N21000289,N21000255,1,5255.165030766288,inf,inf,inf,5255.165030766288
N21000289,N21000256,12,5688.277120419527,inf,inf,inf,5688.277120419527
N21000289,N21000258,4,6303.36009877404,inf,inf,inf,6303.36009877404
N21000289,N21000259,1,6711.277739890695,inf,inf,inf,6711.277739890695
N21000289,N21000260,2,5471.432499021382,inf,inf,inf,5471.432499021382
N21000289,N21000262,1,6927.871501959118,inf,inf,inf,6927.871501959118
N21000289,N21000264,4,6169.384089879441,inf,inf,inf,6169.384089879441
N21000289,N21000265,8,5371.281877760161,inf,inf,inf,5371.281877760161
N21000289,N21000266,3,4985.920237209966,inf,inf,inf,4985.920237209966
N21000289,N21000267,1,6983.71711316698,inf,inf,inf,6983.71711316698
N21000289,N21000268,36,4164.6509597177255,inf,inf,inf,4164.6509597177255
N21000289,N21000269,2,6949.869646535921,inf,inf,inf,6949.869646535921
N21000289,N21000270,6,5089.864176166944,inf,inf,inf,5089.864176166944
N21000289,N21000273,3,4294.678607887896,inf,inf,inf,4294.678607887896
N21000289,N21000274,20,4122.484229604477,inf,inf,inf,4122.484229604477
N21000289,N21000275,6,3668.1925356145634,inf,inf,inf,3668.1925356145634
N21000289,N21000276,6,1577.250863985206,inf,inf,1577.250863985206,1577.250863985206
N21000289,N21000277,1,4427.296619552779,inf,inf,inf,4427.296619552779
N21000289,N21000279,2,2557.3038939955723,inf,inf,2585.02652801822,2557.3038939955723
N21000289,N21000280,3,2279.9464560495667,inf,inf,inf,2279.9464560495667
N21000289,N21000283,2,4542.500265477871,inf,inf,inf,4542.500265477871
N21000289,N21000284,4,4349.531191208323,inf,inf,inf,4349.531191208323
N21000289,N21000285,1,6674.117146048813,inf,inf,inf,6674.117146048813
N21000289,N21000286,10,909.6414404497499,inf,inf,909.6414404497499,909.6414404497499
N21000289,N21000287,2,3172.706168140108,inf,inf,inf,3172.706168140108
N21000289,N21000288,2,877.7288006210251,inf,inf,1013.9639401272125,877.7288006210251
N21000289,N21000290,1,2443.700398930203,inf,inf,inf,2443.700398930203
N21000289,N21000291,2,1139.9492531992355,inf,inf,1532.1899941622178,1139.9492531992355
N21000289,N21000293,7,2368.4849223947717,inf,inf,inf,2368.4849223947717
N21000289,N21000294,9,2664.192377986095,inf,inf,inf,2664.192377986095
N21000289,N21000295,12,2413.6832167302205,inf,inf,inf,2413.6832167302205
N21000289,N21000298,2,3237.816002409403,inf,inf,inf,3237.816002409403
N21000289,N21000299,7,3649.7561638975385,inf,inf,inf,3649.7561638975385
N21000289,N21000301,4,4654.680227416944,inf,inf,inf,4654.680227416944
N21000289,N21000302,2,5041.649767593531,inf,inf,inf,5041.649767593531
N21000289,N21000303,19,4599.095046943614,inf,inf,inf,4599.095046943614
N21000289,N21000304,2,5133.223924994914,inf,inf,inf,5133.223924994914
N21000289,N21000305,5,4305.828163129843,inf,inf,inf,4305.828163129843
N21000289,N21000306,7,4205.8007282500885,inf,inf,inf,4205.8007282500885
N21000289,N21000307,4,2641.7768643597565,inf,inf,inf,2641.7768643597565
N21000289,N21000308,12,2648.51564930392,inf,inf,inf,2648.51564930392
N21000289,N21000309,36,3543.246479893271,inf,inf,inf,3543.246479893271
N21000289,N21000310,15,2175.3764228749733,inf,inf,inf,2175.3764228749733
N21000289,N21000311,10,1744.3837335887445,inf,inf,2473.9915633881124,1744.3837335887445
N21000289,N21000312,5,1352.897184403587,inf,inf,2772.2365173846683,1352.897184403587
N21000289,N21000313,3,1782.4046339646377,inf,inf,1902.6299553528231,1782.4046339646377
N21000289,N21000314,2,1069.0008772917017,inf,inf,1069.0008772917017,1069.0008772917017
N21000289,N21000315,11,1720.8928525453098,inf,inf,2432.0341264683448,1720.8928525453098
N21000289,N21000322,1,6814.495053039853,inf,inf,inf,6814.495053039853
N21000289,N21000324,2,6101.05280779733,inf,inf,inf,6101.05280779733
N21000289,N21000325,3,6712.1651996710225,inf,inf,inf,6712.1651996710225
N21000289,N21000327,5,6261.313101713762,inf,inf,inf,6261.313101713762
N21000289,N21000328,2,6284.9928452240265,inf,inf,inf,6284.9928452240265
N21000289,N21000329,6,6907.8036396729085,inf,inf,inf,6907.8036396729085
N21000289,N21000331,3,5655.634718568393,inf,inf,inf,5655.634718568393
N21000289,N21000332,5,5816.607973177345,inf,inf,inf,5816.607973177345
N21000289,N21000333,2,5383.3597033189935,inf,inf,inf,5383.3597033189935
N21000289,N21000334,5,5811.518456019326,inf,inf,inf,5811.518456019326
N21000289,N21000335,64,4968.799100339892,inf,inf,inf,4968.799100339892
N21000290,N21000172,1,9601.062087825712,inf,inf,inf,9601.062087825712
N21000290,N21000175,3,9514.85386663006,inf,inf,inf,9514.85386663006
N21000290,N21000177,7,9548.424639501522,inf,inf,inf,9548.424639501522
N21000290,N21000178,5,9175.712779203664,inf,inf,inf,9175.712779203664
N21000290,N21000251,61,8307.400250910972,inf,inf,inf,8307.400250910972
N21000290,N21000252,13,9260.362300763252,inf,inf,inf,9260.362300763252
N21000290,N21000253,4,8340.246289167831,inf,inf,inf,8340.246289167831
N21000290,N21000254,2,8947.315744867432,inf,inf,inf,8947.315744867432
N21000290,N21000255,1,7074.92706802027,inf,inf,inf,7074.92706802027
N21000290,N21000256,11,7508.039157673509,inf,inf,inf,7508.039157673509
N21000290,N21000258,4,8290.316096607085,inf,inf,17619.03385777535,8290.316096607085
N21000290,N21000259,3,8770.34944179462,inf,inf,17109.731770800812,8770.34944179462
N21000290,N21000264,3,8318.662794769567,inf,inf,16336.906944928049,8318.662794769567
N21000290,N21000265,2,7520.560582650285,inf,inf,inf,7520.560582650285
N21000290,N21000266,2,7135.198942100091,inf,inf,inf,7135.198942100091
N21000290,N21000268,33,5984.412996971704,inf,inf,inf,5984.412996971704
N21000290,N21000269,1,9099.14835142605,inf,inf,16417.748216474756,9099.14835142605
N21000290,N21000270,6,7239.142881057069,inf,inf,inf,7239.142881057069
N21000290,N21000272,1,7862.946250538162,inf,inf,14383.654506105733,7862.946250538162
N21000290,N21000273,1,6443.957312778021,inf,inf,inf,6443.957312778021
N21000290,N21000274,16,5942.246266858457,inf,inf,inf,5942.246266858457
N21000290,N21000275,2,5957.291204812708,inf,inf,inf,5957.291204812708
N21000290,N21000276,4,3942.1378744391377,inf,inf,inf,3942.1378744391377
N21000290,N21000277,3,6576.575324442905,inf,inf,15341.731551880697,6576.575324442905
N21000290,N21000279,1,4719.286402944162,inf,inf,inf,4719.286402944162
N21000290,N21000280,1,3647.1444994107424,inf,inf,inf,3647.1444994107424
N21000290,N21000283,1,6398.154958089092,inf,inf,12306.982917504616,6398.154958089092
N21000290,N21000284,1,4653.35835703035,inf,inf,6666.558330969414,4653.35835703035
N21000290,N21000286,5,2729.40347770373,inf,inf,inf,2729.40347770373
N21000290,N21000287,19,1138.9893117028814,inf,inf,1138.9893117028814,1138.9893117028814
N21000290,N21000288,3,1821.9771997659723,inf,inf,inf,1821.9771997659723
N21000290,N21000289,1,2443.7003989302025,inf,inf,inf,2443.7003989302025
N21000290,N21000291,7,1303.751145730967,inf,inf,inf,1303.751145730967
N21000290,N21000292,1,1440.2557169366532,inf,inf,1440.2557169366532,1440.2557169366532
N21000290,N21000293,5,2002.3903227837984,inf,inf,inf,2002.3903227837984
N21000290,N21000294,7,3613.0591887957385,inf,inf,inf,3613.0591887957385
N21000290,N21000295,16,1833.1665729496508,inf,inf,2016.8782455730036,1833.1665729496508
N21000290,N21000297,1,3969.0469602657704,inf,inf,inf,3969.0469602657704
N21000290,N21000298,4,2657.299358628834,inf,inf,2841.0110312521865,2657.299358628834
N21000290,N21000299,5,3069.2395201169693,inf,inf,inf,3069.2395201169693
N21000290,N21000300,1,3406.3449907737295,inf,inf,4428.563599090713,3406.3449907737295
N21000290,N21000301,3,6474.4422646709245,inf,inf,inf,6474.4422646709245
N21000290,N21000303,5,6418.857084197593,inf,inf,inf,6418.857084197593
N21000290,N21000304,7,5890.738239736691,inf,inf,inf,5890.738239736691
N21000290,N21000306,1,6025.562765504068,inf,inf,inf,6025.562765504068
N21000290,N21000307,7,4461.538901613738,inf,inf,inf,4461.538901613738
N21000290,N21000308,6,4468.277686557901,inf,inf,inf,4468.277686557901
N21000290,N21000309,24,5363.00851714725,inf,inf,inf,5363.00851714725
N21000290,N21000310,2,3995.1384601289546,inf,inf,inf,3995.1384601289546
N21000290,N21000311,7,3564.145770842725,inf,inf,inf,3564.145770842725
N21000290,N21000313,2,2974.268736338095,inf,inf,inf,2974.268736338095
N21000290,N21000314,1,2610.1263086724775,inf,inf,inf,2610.1263086724775
N21000290,N21000315,5,3540.6548897992893,inf,inf,inf,3540.6548897992893
N21000290,N21000325,3,8531.927236925003,inf,inf,inf,8531.927236925003
N21000290,N21000327,2,8081.075138967741,inf,inf,inf,8081.075138967741
N21000290,N21000329,3,8727.565676926888,inf,inf,inf,8727.565676926888
N21000290,N21000331,1,7475.396755822372,inf,inf,inf,7475.396755822372
N21000290,N21000332,6,7636.370010431326,inf,inf,inf,7636.370010431326
N21000290,N21000333,2,7203.121740572973,inf,inf,inf,7203.121740572973
N21000290,N21000334,2,7631.280493273305,inf,inf,inf,7631.280493273305
N21000290,N21000335,26,6788.5611375938715,inf,inf,inf,6788.5611375938715
N21000291,N21000165,1,9184.679831052043,inf,inf,inf,9184.679831052043
N21000291,N21000167,1,9050.730174586264,inf,inf,inf,9050.730174586264
N21000291,N21000172,3,8297.310942094746,inf,inf,inf,8297.310942094746
N21000291,N21000174,1,8359.669062007635,inf,inf,inf,8359.669062007635
N21000291,N21000175,4,8211.102720899094,inf,inf,inf,8211.102720899094
N21000291,N21000178,2,7871.961633472696,inf,inf,inf,7871.961633472696
N21000291,N21000195,1,9244.489612993295,inf,inf,inf,9244.489612993295
N21000291,N21000196,4,8905.749529492949,inf,inf,inf,8905.749529492949
N21000291,N21000204,1,8941.56157941204,inf,inf,inf,8941.56157941204
N21000291,N21000207,1,9177.172615341848,inf,inf,inf,9177.172615341848
N21000291,N21000208,1,9617.5596818472,inf,inf,inf,9617.5596818472
N21000291,N21000209,2,8777.259411510564,inf,inf,inf,8777.259411510564
N21000291,N21000251,49,7003.649105180006,inf,inf,inf,7003.649105180006
N21000291,N21000252,14,7956.61115503229,inf,inf,inf,7956.61115503229
N21000291,N21000253,6,7036.495143436863,inf,inf,inf,7036.495143436863
N21000291,N21000256,10,6204.288011942541,inf,inf,inf,6204.288011942541
N21000291,N21000261,3,6581.896545747865,inf,inf,inf,6581.896545747865
N21000291,N21000263,2,8648.330682954069,inf,inf,inf,8648.330682954069
N21000291,N21000264,6,7014.9116490386,inf,inf,inf,7014.9116490386
N21000291,N21000265,1,6216.80943691932,inf,inf,inf,6216.80943691932
N21000291,N21000268,26,4680.661851240739,inf,inf,inf,4680.661851240739
N21000291,N21000270,5,5935.391735326104,inf,inf,inf,5935.391735326104
N21000291,N21000274,12,4638.495121127492,inf,inf,inf,4638.495121127492
N21000291,N21000275,1,4729.3284003375275,inf,inf,inf,4729.3284003375275
N21000291,N21000276,7,2638.38672870817,inf,inf,2638.38672870817,2638.38672870817
N21000291,N21000277,2,5272.8241787119405,inf,inf,inf,5272.8241787119405
N21000291,N21000279,3,3614.410162409596,inf,inf,3646.1623927411842,3614.410162409596
N21000291,N21000280,1,2542.268258876178,inf,inf,inf,2542.268258876178
N21000291,N21000283,3,5447.249277978525,inf,inf,inf,5447.249277978525
N21000291,N21000284,8,3998.130484666233,inf,inf,inf,3998.130484666233
N21000291,N21000286,6,1425.652331972763,inf,inf,2436.7258439850407,1425.652331972763
N21000291,N21000287,5,2032.7569149408716,inf,inf,inf,2032.7569149408716
N21000291,N21000289,4,1139.9492531992355,inf,inf,1532.1899941622178,1139.9492531992355
N21000291,N21000290,4,1303.7511457309668,inf,inf,inf,1303.7511457309668
N21000291,N21000293,3,1347.162450419682,inf,inf,inf,1347.162450419682
N21000291,N21000294,11,2823.200758175362,inf,inf,inf,2823.200758175362
N21000291,N21000295,4,1273.7339635309847,inf,inf,inf,1273.7339635309847
N21000291,N21000298,2,2097.866749210168,inf,inf,inf,2097.866749210168
N21000291,N21000299,2,2509.8069106983025,inf,inf,inf,2509.8069106983025
N21000291,N21000300,2,2751.1171184096133,inf,inf,inf,2751.1171184096133
N21000291,N21000301,1,5170.691118939957,inf,inf,inf,5170.691118939957
N21000291,N21000302,2,5557.660659116543,inf,inf,inf,5557.660659116543
N21000291,N21000303,4,5115.105938466626,inf,inf,inf,5115.105938466626
N21000291,N21000304,7,4586.987094005724,inf,inf,inf,4586.987094005724
N21000291,N21000305,3,4821.839054652857,inf,inf,inf,4821.839054652857
N21000291,N21000306,1,4721.8116197731015,inf,inf,inf,4721.8116197731015
N21000291,N21000307,4,3157.7877558827695,inf,inf,inf,3157.7877558827695
N21000291,N21000308,11,3164.526540826933,inf,inf,inf,3164.526540826933
N21000291,N21000309,15,4059.257371416284,inf,inf,inf,4059.257371416284
N21000291,N21000310,4,2691.3873143979863,inf,inf,inf,2691.3873143979863
N21000291,N21000311,7,2260.3946251117573,inf,inf,3535.1274281110773,2260.3946251117573
N21000291,N21000312,1,1868.9080759265998,inf,inf,3833.372382107632,1868.9080759265998
N21000291,N21000313,2,1670.5175906071272,inf,inf,1670.5175906071272,1670.5175906071272
N21000291,N21000315,2,2236.9037440683232,inf,inf,3493.1699911913097,2236.9037440683232
N21000291,N21000317,1,7670.426384363008,inf,inf,inf,7670.426384363008
N21000291,N21000324,2,6617.063699320343,inf,inf,inf,6617.063699320343
N21000291,N21000325,1,7228.176091194035,inf,inf,inf,7228.176091194035
N21000291,N21000327,3,6777.323993236774,inf,inf,inf,6777.323993236774
N21000291,N21000329,1,7423.814531195921,inf,inf,inf,7423.814531195921
N21000291,N21000331,5,6171.645610091405,inf,inf,inf,6171.645610091405
N21000291,N21000333,2,5899.370594842006,inf,inf,inf,5899.370594842006
N21000291,N21000334,3,6327.529347542338,inf,inf,inf,6327.529347542338
N21000291,N21000335,32,5484.809991862904,inf,inf,inf,5484.809991862904
N21000292,N21000175,3,9454.323891523387,inf,inf,inf,9454.323891523387
N21000292,N21000177,3,9487.89466439485,inf,inf,inf,9487.89466439485
N21000292,N21000178,1,9115.182804096992,inf,inf,inf,9115.182804096992
N21000292,N21000251,52,8246.870275804302,inf,inf,inf,8246.870275804302
N21000292,N21000252,13,9199.832325656582,inf,inf,inf,9199.832325656582
N21000292,N21000253,5,8279.71631406116,inf,inf,inf,8279.71631406116
N21000292,N21000254,3,8886.785769760758,inf,inf,inf,8886.785769760758
N21000292,N21000256,16,7447.509182566837,inf,inf,inf,7447.509182566837
N21000292,N21000258,1,8229.786121500414,inf,inf,16378.676573118224,8229.786121500414
N21000292,N21000259,2,8709.81946668795,inf,inf,15869.374486143694,8709.81946668795
N21000292,N21000264,3,8258.132819662895,inf,inf,15096.549660270926,8258.132819662895
N21000292,N21000265,3,7460.030607543614,inf,inf,inf,7460.030607543614
N21000292,N21000266,3,7074.668966993419,inf,inf,inf,7074.668966993419
N21000292,N21000268,19,5923.883021865033,inf,inf,inf,5923.883021865033
N21000292,N21000270,3,7178.612905950397,inf,inf,inf,7178.612905950397
N21000292,N21000273,4,6383.42733767135,inf,inf,inf,6383.42733767135
N21000292,N21000274,13,5881.716291751786,inf,inf,inf,5881.716291751786
N21000292,N21000275,1,5846.925561216651,inf,inf,inf,5846.925561216651
N21000292,N21000276,5,3881.607899332466,inf,inf,inf,3881.607899332466
N21000292,N21000277,3,6516.045349336234,inf,inf,14101.374267223575,6516.045349336234
N21000292,N21000278,1,8637.423219589542,inf,inf,12834.753005850103,8637.423219589542
N21000292,N21000279,1,4608.920759348104,inf,inf,inf,4608.920759348104
N21000292,N21000284,3,4435.21968069021,inf,inf,5426.201046312291,4435.21968069021
N21000292,N21000286,4,2668.8735025970586,inf,inf,inf,2668.8735025970586
N21000292,N21000287,23,2006.7813783135418,inf,inf,2006.7813783135418,2006.7813783135418
N21000292,N21000288,4,1761.447224659301,inf,inf,inf,1761.447224659301
N21000292,N21000290,5,1440.2557169366532,inf,inf,1440.2557169366532,1440.2557169366532
N21000292,N21000291,5,1243.2211706242958,inf,inf,inf,1243.2211706242958
N21000292,N21000293,5,1892.0246791877407,inf,inf,inf,1892.0246791877407
N21000292,N21000294,16,3394.920512455598,inf,inf,inf,3394.920512455598
N21000292,N21000297,2,2846.396574336941,inf,inf,inf,2846.396574336941
N21000292,N21000298,6,1600.6537465950637,inf,inf,1600.6537465950637,1600.6537465950637
N21000292,N21000299,2,1946.5891341881404,inf,inf,inf,1946.5891341881404
N21000292,N21000300,5,3188.2063144335893,inf,inf,3188.2063144335893,3188.2063144335893
N21000292,N21000301,1,6413.912289564252,inf,inf,inf,6413.912289564252
N21000292,N21000303,9,6358.327109090921,inf,inf,inf,6358.327109090921
N21000292,N21000304,2,5830.208264630019,inf,inf,inf,5830.208264630019
N21000292,N21000306,6,5965.032790397396,inf,inf,inf,5965.032790397396
N21000292,N21000307,7,4401.008926507066,inf,inf,inf,4401.008926507066
N21000292,N21000308,2,4407.7477114512285,inf,inf,inf,4407.7477114512285
N21000292,N21000309,36,5302.478542040579,inf,inf,inf,5302.478542040579
N21000292,N21000310,1,3934.6084850222833,inf,inf,inf,3934.6084850222833
N21000292,N21000311,7,3503.6157957360538,inf,inf,inf,3503.6157957360538
N21000292,N21000312,1,3112.129246550896,inf,inf,inf,3112.129246550896
N21000292,N21000313,1,2913.7387612314237,inf,inf,inf,2913.7387612314237
N21000292,N21000314,2,2549.596333565806,inf,inf,inf,2549.596333565806
N21000292,N21000315,6,3480.124914692618,inf,inf,inf,3480.124914692618
N21000292,N21000317,1,8913.647554987303,inf,inf,inf,8913.647554987303
N21000292,N21000319,1,9071.477735985016,inf,inf,inf,9071.477735985016
N21000292,N21000322,1,8573.727115187161,inf,inf,inf,8573.727115187161
N21000292,N21000325,1,8471.39726181833,inf,inf,inf,8471.39726181833
N21000292,N21000328,2,8044.224907371334,inf,inf,inf,8044.224907371334
N21000292,N21000329,3,8667.035701820214,inf,inf,inf,8667.035701820214
N21000292,N21000331,3,7414.8667807157,inf,inf,inf,7414.8667807157
N21000292,N21000332,3,7575.840035324653,inf,inf,inf,7575.840035324653
N21000292,N21000333,1,7142.591765466301,inf,inf,inf,7142.591765466301
N21000292,N21000334,1,7570.750518166633,inf,inf,inf,7570.750518166633
N21000292,N21000335,30,6728.031162487199,inf,inf,inf,6728.031162487199
N21000293,N21000175,9,9558.265171318773,inf,inf,inf,9558.265171318773
N21000293,N21000177,2,9040.543755827108,inf,inf,inf,9040.543755827108
N21000293,N21000178,2,8667.83189552925,inf,inf,inf,8667.83189552925
N21000293,N21000204,2,9012.020433469572,inf,inf,inf,9012.020433469572
N21000293,N21000209,1,8847.718265568097,inf,inf,inf,8847.718265568097
N21000293,N21000241,1,8625.696055032178,inf,inf,inf,8625.696055032178
N21000293,N21000251,120,7418.663361832225,inf,inf,inf,7418.663361832225
N21000293,N21000252,24,8027.0700090898235,inf,inf,inf,8027.0700090898235
N21000293,N21000253,19,6929.526193998173,inf,inf,inf,6929.526193998173
N21000293,N21000254,9,7534.358024329561,inf,inf,inf,7534.358024329561
N21000293,N21000255,1,6581.75874401739,inf,inf,inf,6581.75874401739
N21000293,N21000256,23,6502.939323499205,inf,inf,inf,6502.939323499205
N21000293,N21000258,7,6590.068445188385,inf,inf,inf,6590.068445188385
N21000293,N21000259,3,6997.986086305041,inf,inf,inf,6997.986086305041
N21000293,N21000260,1,5758.140845435729,inf,inf,inf,5758.140845435729
N21000293,N21000264,7,6456.092436293787,inf,inf,inf,6456.092436293787
N21000293,N21000265,8,5657.990224174507,inf,inf,inf,5657.990224174507
N21000293,N21000266,1,5272.628583624312,inf,inf,inf,5272.628583624312
N21000293,N21000268,25,4896.416649612491,inf,inf,inf,4896.416649612491
N21000293,N21000270,4,5376.57252258129,inf,inf,inf,5376.57252258129
N21000293,N21000272,2,6000.375892062384,inf,inf,inf,6000.375892062384
N21000293,N21000273,3,4581.386954302243,inf,inf,inf,4581.386954302243
N21000293,N21000274,18,4473.69595688248,inf,inf,inf,4473.69595688248
N21000293,N21000275,8,3954.9008820289096,inf,inf,inf,3954.9008820289096
N21000293,N21000276,3,2883.2473148632807,inf,inf,inf,2883.2473148632807
N21000293,N21000277,2,4714.004965967125,inf,inf,inf,4714.004965967125
N21000293,N21000279,3,2716.8960801603625,inf,inf,inf,2716.8960801603625
N21000293,N21000280,2,1644.7541766269444,inf,inf,inf,1644.7541766269444
N21000293,N21000283,4,4549.735195729292,inf,inf,inf,4549.735195729292
N21000293,N21000284,15,3311.8387417160784,inf,inf,inf,3311.8387417160784
N21000293,N21000286,3,2772.814782392445,inf,inf,inf,2772.814782392445
N21000293,N21000287,7,2731.3960919937035,inf,inf,inf,2731.3960919937035
N21000293,N21000288,1,1865.3885044546873,inf,inf,inf,1865.3885044546873
N21000293,N21000289,2,2368.484922394771,inf,inf,inf,2368.484922394771
N21000293,N21000290,6,2002.3903227837984,inf,inf,inf,2002.3903227837984
N21000293,N21000294,18,1917.0655335297386,inf,inf,inf,1917.0655335297386
N21000293,N21000295,9,1532.469881816958,inf,inf,inf,1532.469881816958
N21000293,N21000298,3,1275.801274683046,inf,inf,inf,1275.801274683046
N21000293,N21000299,1,2787.247052757921,inf,inf,inf,2787.247052757921
N21000293,N21000300,5,2064.8253754594602,inf,inf,inf,2064.8253754594602
N21000293,N21000301,4,6517.85356935964,inf,inf,inf,6517.85356935964
N21000293,N21000302,4,6904.823109536224,inf,inf,inf,6904.823109536224
N21000293,N21000303,11,6462.268388886308,inf,inf,inf,6462.268388886308
N21000293,N21000304,10,5934.149544425405,inf,inf,inf,5934.149544425405
N21000293,N21000305,2,6169.001505072539,inf,inf,inf,6169.001505072539
N21000293,N21000306,1,6068.974070192782,inf,inf,inf,6068.974070192782
N21000293,N21000307,6,4504.950206302453,inf,inf,inf,4504.950206302453
N21000293,N21000308,10,4511.688991246616,inf,inf,inf,4511.688991246616
N21000293,N21000309,25,5406.419821835965,inf,inf,inf,5406.419821835965
N21000293,N21000310,8,4038.5497648176697,inf,inf,inf,4038.5497648176697
N21000293,N21000311,5,3607.55707553144,inf,inf,inf,3607.55707553144
N21000293,N21000312,2,3216.0705263462823,inf,inf,inf,3216.0705263462823
N21000293,N21000313,4,3017.6800410268092,inf,inf,inf,3017.6800410268092
N21000293,N21000314,2,2653.5376133611926,inf,inf,inf,2653.5376133611926
N21000293,N21000315,6,3584.0661944880044,inf,inf,inf,3584.0661944880044
N21000293,N21000317,3,9017.58883478269,inf,inf,inf,9017.58883478269
N21000293,N21000319,1,9175.419015780402,inf,inf,inf,9175.419015780402
N21000293,N21000322,1,8677.668394982547,inf,inf,inf,8677.668394982547
N21000293,N21000324,1,7964.226149740026,inf,inf,inf,7964.226149740026
N21000293,N21000325,2,8575.338541613717,inf,inf,inf,8575.338541613717
N21000293,N21000327,1,8124.486443656455,inf,inf,inf,8124.486443656455
N21000293,N21000328,1,8148.16618716672,inf,inf,inf,8148.16618716672
N21000293,N21000329,8,8210.000400319539,inf,inf,inf,8210.000400319539
N21000293,N21000331,1,7518.808060511086,inf,inf,inf,7518.808060511086
N21000293,N21000332,5,7679.781315120041,inf,inf,inf,7679.781315120041
N21000293,N21000334,8,7591.645530855262,inf,inf,inf,7591.645530855262
N21000293,N21000335,56,6831.972442282586,inf,inf,inf,6831.972442282586
N21000294,N21000173,1,9197.556198276125,inf,inf,inf,9197.556198276125
N21000294,N21000175,4,9114.344506093687,inf,inf,inf,9114.344506093687
N21000294,N21000177,1,8550.28858820505,inf,inf,inf,8550.28858820505
N21000294,N21000178,5,8177.576727907192,inf,inf,inf,8177.576727907192
N21000294,N21000195,1,9550.104707427792,inf,inf,inf,9550.104707427792
N21000294,N21000196,1,9490.369776257141,inf,inf,inf,9490.369776257141
N21000294,N21000204,2,8521.765265847518,inf,inf,inf,8521.765265847518
N21000294,N21000207,1,8757.376301777324,inf,inf,inf,8757.376301777324
N21000294,N21000209,1,8357.463097946042,inf,inf,inf,8357.463097946042
N21000294,N21000239,1,8829.428111837351,inf,inf,inf,8829.428111837351
N21000294,N21000240,2,9608.607214860685,inf,inf,inf,9608.607214860685
N21000294,N21000241,1,8135.440887410119,inf,inf,inf,8135.440887410119
N21000294,N21000243,1,9067.970710336514,inf,inf,inf,9067.970710336514
N21000294,N21000248,1,8682.717779356597,inf,inf,inf,8682.717779356597
N21000294,N21000251,65,6928.4081942101675,inf,inf,inf,6928.4081942101675
N21000294,N21000252,17,7536.814841467766,inf,inf,inf,7536.814841467766
N21000294,N21000253,8,6439.2710263761155,inf,inf,inf,6439.2710263761155
N21000294,N21000254,4,7044.102856707504,inf,inf,inf,7044.102856707504
N21000294,N21000255,1,6091.503576395331,inf,inf,inf,6091.503576395331
N21000294,N21000256,27,6012.684155877147,inf,inf,inf,6012.684155877147
N21000294,N21000258,10,6099.813277566328,inf,inf,inf,6099.813277566328
N21000294,N21000263,1,7599.256302587197,inf,inf,inf,7599.256302587197
N21000294,N21000264,7,5965.837268671728,inf,inf,inf,5965.837268671728
N21000294,N21000265,3,5167.735056552448,inf,inf,inf,5167.735056552448
N21000294,N21000267,2,6780.170291959268,inf,inf,inf,6780.170291959268
N21000294,N21000268,16,4406.161481990432,inf,inf,inf,4406.161481990432
N21000294,N21000269,1,6746.322825328209,inf,inf,inf,6746.322825328209
N21000294,N21000270,8,4886.317354959232,inf,inf,inf,4886.317354959232
N21000294,N21000272,2,5510.120724440325,inf,inf,inf,5510.120724440325
N21000294,N21000273,3,4091.131786680184,inf,inf,inf,4091.131786680184
N21000294,N21000274,19,3983.440789260421,inf,inf,inf,3983.440789260421
N21000294,N21000275,1,3464.6457144068513,inf,inf,inf,3464.6457144068513
N21000294,N21000276,2,2392.992147241222,inf,inf,inf,2392.992147241222
N21000294,N21000277,1,4223.749798345068,inf,inf,inf,4223.749798345068
N21000294,N21000279,2,2226.6409125383034,inf,inf,inf,2226.6409125383034
N21000294,N21000280,2,1154.499009004886,inf,inf,inf,1154.499009004886
N21000294,N21000281,1,2738.8231022927052,inf,inf,inf,2738.8231022927052
N21000294,N21000283,2,4059.4800281072335,inf,inf,inf,4059.4800281072335
N21000294,N21000284,12,2485.5543478518516,inf,inf,inf,2485.5543478518516
N21000294,N21000286,4,3563.278726091608,inf,inf,inf,3563.278726091608
N21000294,N21000287,8,4342.0649580056415,inf,inf,inf,4342.0649580056415
N21000294,N21000288,4,2959.439753439951,inf,inf,inf,2959.439753439951
N21000294,N21000289,2,2664.192377986094,inf,inf,inf,2664.192377986094
N21000294,N21000290,1,3613.059188795737,inf,inf,inf,3613.059188795737
N21000294,N21000291,2,2823.200758175363,inf,inf,inf,2823.200758175363
N21000294,N21000293,9,1917.0655335297379,inf,inf,inf,1917.0655335297379
N21000294,N21000295,2,2618.778238400572,inf,inf,inf,2618.778238400572
N21000294,N21000298,1,2362.1096312666605,inf,inf,inf,2362.1096312666605
N21000294,N21000301,2,6812.178435872596,inf,inf,inf,6812.178435872596
N21000294,N21000303,5,6236.90326086202,inf,inf,inf,6236.90326086202
N21000294,N21000304,2,7028.20079341067,inf,inf,inf,7028.20079341067
N21000294,N21000307,3,4799.27507281541,inf,inf,inf,4799.27507281541
N21000294,N21000308,4,4806.013857759573,inf,inf,inf,4806.013857759573
N21000294,N21000309,16,5439.204898182456,inf,inf,inf,5439.204898182456
N21000294,N21000310,3,4556.638134793892,inf,inf,inf,4556.638134793892
N21000294,N21000311,3,3898.1999831943895,inf,inf,inf,3898.1999831943895
N21000294,N21000312,7,3734.158896322504,inf,inf,inf,3734.158896322504
N21000294,N21000313,5,4111.731290012074,inf,inf,inf,4111.731290012074
N21000294,N21000314,2,3488.405820994946,inf,inf,inf,3488.405820994946
N21000294,N21000315,8,3616.8512708344947,inf,inf,inf,3616.8512708344947
N21000294,N21000323,1,8419.129339917166,inf,inf,inf,8419.129339917166
N21000294,N21000324,5,8164.961878483749,inf,inf,inf,8164.961878483749
N21000294,N21000325,4,8228.157836370428,inf,inf,inf,8228.157836370428
N21000294,N21000327,1,7928.065561701165,inf,inf,inf,7928.065561701165
N21000294,N21000328,2,7800.985481923433,inf,inf,inf,7800.985481923433
N21000294,N21000329,3,7719.745232697483,inf,inf,inf,7719.745232697483
N21000294,N21000331,5,7171.627355267799,inf,inf,inf,7171.627355267799
N21000294,N21000332,5,7974.1061816329975,inf,inf,inf,7974.1061816329975
N21000294,N21000334,2,7101.390363233203,inf,inf,inf,7101.390363233203
N21000294,N21000335,47,6484.791737039299,inf,inf,inf,6484.791737039299
N21000295,N21000174,1,9633.403025538619,inf,inf,inf,9633.403025538619
N21000295,N21000175,4,9484.836684430076,inf,inf,inf,9484.836684430076
N21000295,N21000177,2,9518.407457301539,inf,inf,inf,9518.407457301539
N21000295,N21000178,2,9145.695597003682,inf,inf,inf,9145.695597003682
N21000295,N21000251,27,8277.38306871099,inf,inf,inf,8277.38306871099
N21000295,N21000252,13,9230.34511856327,inf,inf,inf,9230.34511856327
N21000295,N21000253,9,8257.833730147064,inf,inf,inf,8257.833730147064
N21000295,N21000254,1,8862.665560478452,inf,inf,inf,8862.665560478452
N21000295,N21000256,7,7478.021975473526,inf,inf,inf,7478.021975473526
N21000295,N21000258,1,7918.375981337275,inf,inf,15602.5342990632,7918.375981337275
N21000295,N21000259,2,8326.29362245393,inf,inf,15093.23221208867,8326.29362245393
N21000295,N21000261,1,7351.3848691519415,inf,inf,inf,7351.3848691519415
N21000295,N21000263,1,9417.819006358146,inf,inf,15667.452280212452,9417.819006358146
N21000295,N21000266,1,6600.936119773202,inf,inf,inf,6600.936119773202
N21000295,N21000268,20,5954.395814771721,inf,inf,inf,5954.395814771721
N21000295,N21000270,3,6704.88005873018,inf,inf,inf,6704.88005873018
N21000295,N21000272,1,7328.683428211274,inf,inf,12367.154947393587,7328.683428211274
N21000295,N21000274,11,5802.003493031371,inf,inf,inf,5802.003493031371
N21000295,N21000275,3,5283.2084181778,inf,inf,inf,5283.2084181778
N21000295,N21000276,2,3912.1206922391552,inf,inf,inf,3912.1206922391552
N21000295,N21000277,1,6042.312502116017,inf,inf,13325.23199316855,6042.312502116017
N21000295,N21000278,2,8163.690372369326,inf,inf,12058.61073179508,8163.690372369326
N21000295,N21000279,1,4045.203616309251,inf,inf,inf,4045.203616309251
N21000295,N21000280,2,2973.0617127758333,inf,inf,inf,2973.0617127758333
N21000295,N21000283,2,5403.874007693926,inf,inf,10290.48335879247,5403.874007693926
N21000295,N21000284,10,3659.077406635183,inf,inf,4650.058772257267,3659.077406635183
N21000295,N21000285,1,8009.659612449124,inf,inf,11703.956246495134,8009.659612449124
N21000295,N21000286,5,2699.386295503747,inf,inf,inf,2699.386295503747
N21000295,N21000287,7,2562.1723421595557,inf,inf,2583.4039069498926,2562.1723421595557
N21000295,N21000290,6,1833.1665729496506,inf,inf,2016.8782455730038,1833.1665729496506
N21000295,N21000291,6,1273.7339635309845,inf,inf,inf,1273.7339635309845
N21000295,N21000293,7,1532.4698818169577,inf,inf,inf,1532.4698818169577
N21000295,N21000294,10,2618.778238400572,inf,inf,inf,2618.778238400572
N21000295,N21000297,3,2477.251017516651,inf,inf,inf,2477.251017516651
N21000295,N21000298,9,824.5114725400385,inf,inf,824.5114725400385,824.5114725400385
N21000295,N21000299,3,1577.4435773678501,inf,inf,inf,1577.4435773678501
N21000295,N21000300,5,2412.064040378564,inf,inf,2412.064040378564,2412.064040378564
N21000295,N21000302,1,6831.394622647527,inf,inf,inf,6831.394622647527
N21000295,N21000303,4,6388.8399019976105,inf,inf,inf,6388.8399019976105
N21000295,N21000304,8,5860.721057536708,inf,inf,inf,5860.721057536708
N21000295,N21000305,1,6095.573018183842,inf,inf,inf,6095.573018183842
N21000295,N21000307,4,4431.521719413755,inf,inf,inf,4431.521719413755
N21000295,N21000308,5,4438.260504357917,inf,inf,inf,4438.260504357917
N21000295,N21000309,19,5332.991334947267,inf,inf,inf,5332.991334947267
N21000295,N21000310,1,3965.1212779289717,inf,inf,inf,3965.1212779289717
N21000295,N21000311,2,3534.128588642742,inf,inf,inf,3534.128588642742
N21000295,N21000313,4,2944.251554138112,inf,inf,inf,2944.251554138112
N21000295,N21000315,8,3510.6377075993064,inf,inf,inf,3510.6377075993064
N21000295,N21000319,1,9101.990528891705,inf,inf,inf,9101.990528891705
N21000295,N21000323,1,8542.121734983759,inf,inf,inf,8542.121734983759
N21000295,N21000324,1,7890.797662851328,inf,inf,inf,7890.797662851328
N21000295,N21000325,1,8501.91005472502,inf,inf,inf,8501.91005472502
N21000295,N21000329,6,8697.548494726905,inf,inf,inf,8697.548494726905
N21000295,N21000331,2,7445.379573622389,inf,inf,inf,7445.379573622389
N21000295,N21000332,4,7606.352828231343,inf,inf,inf,7606.352828231343
N21000295,N21000335,24,6758.543955393889,inf,inf,inf,6758.543955393889
N21000296,N21000266,1,9463.148608668678,inf,inf,inf,9463.148608668678
N21000296,N21000268,31,8797.90407989355,inf,inf,inf,8797.90407989355
N21000296,N21000270,2,9567.092547625649,inf,inf,inf,9567.092547625649
N21000296,N21000274,15,8664.21598192684,inf,inf,inf,8664.21598192684
N21000296,N21000275,4,8145.420907073269,inf,inf,inf,8145.420907073269
N21000296,N21000276,1,6755.62895736098,inf,inf,inf,6755.62895736098
N21000296,N21000277,2,8904.524991011485,inf,inf,inf,8904.524991011485
N21000296,N21000279,1,6907.416105204723,inf,inf,inf,6907.416105204723
N21000296,N21000280,2,5835.274201671304,inf,inf,inf,5835.274201671304
N21000296,N21000283,1,8266.086496589394,inf,inf,inf,8266.086496589394
N21000296,N21000284,3,6521.289895530654,inf,inf,inf,6521.289895530654
N21000296,N21000286,3,5542.894560625576,inf,inf,inf,5542.894560625576
N21000296,N21000287,9,5360.90739817666,inf,inf,inf,5360.90739817666
N21000296,N21000288,3,4635.468282687816,inf,inf,inf,4635.468282687816
N21000296,N21000289,2,5257.191481852049,inf,inf,inf,5257.191481852049
N21000296,N21000290,3,4676.674838071477,inf,inf,inf,4676.674838071477
N21000296,N21000291,1,4117.242228652812,inf,inf,inf,4117.242228652812
N21000296,N21000293,2,4394.6823707124295,inf,inf,inf,4394.6823707124295
N21000296,N21000294,6,5480.990727296042,inf,inf,inf,5480.990727296042
N21000296,N21000295,15,3184.878895322359,inf,inf,inf,3184.878895322359
N21000296,N21000297,2,1318.1856282847466,1318.1856282847466,1318.1856282847466,1318.1856282847466,1318.1856282847466
N21000296,N21000298,1,3686.7239614355103,inf,inf,inf,3686.7239614355103
N21000296,N21000299,2,2182.406300979769,2182.406300979769,2182.406300979769,2182.406300979769,2182.406300979769
N21000296,N21000300,2,5274.276529274034,inf,inf,inf,5274.276529274034
N21000296,N21000301,3,9287.933347592769,inf,inf,inf,9287.933347592769
N21000296,N21000303,6,9232.348167119439,inf,inf,inf,9232.348167119439
N21000296,N21000304,9,8704.229322658535,inf,inf,inf,8704.229322658535
N21000296,N21000305,1,8939.081283305668,inf,inf,inf,8939.081283305668
N21000296,N21000306,4,8839.05384842591,inf,inf,inf,8839.05384842591
N21000296,N21000307,9,7275.029984535581,inf,inf,inf,7275.029984535581
N21000296,N21000308,7,7281.768769479744,inf,inf,inf,7281.768769479744
N21000296,N21000309,23,8176.499600069095,inf,inf,inf,8176.499600069095
N21000296,N21000310,1,6808.629543050797,inf,inf,inf,6808.629543050797
N21000296,N21000311,12,6377.63685376457,inf,inf,inf,6377.63685376457
N21000296,N21000312,2,5986.150304579412,inf,inf,inf,5986.150304579412
N21000296,N21000313,4,5787.759819259938,inf,inf,inf,5787.759819259938
N21000296,N21000314,2,5423.6173915943245,inf,inf,inf,5423.6173915943245
N21000296,N21000315,14,6354.145972721136,inf,inf,inf,6354.145972721136
N21000296,N21000335,71,9602.052220515714,inf,inf,inf,9602.052220515714
N21000297,N21000256,22,9613.902362789642,inf,inf,inf,9613.902362789642
N21000297,N21000261,2,9505.969480241705,inf,inf,inf,9505.969480241705
N21000297,N21000265,4,9140.882371413163,inf,inf,inf,9140.882371413163
N21000297,N21000266,3,8755.520730862969,inf,inf,inf,8755.520730862969
N21000297,N21000268,31,8090.276202087841,inf,inf,inf,8090.276202087841
N21000297,N21000270,4,8859.464669819941,inf,inf,inf,8859.464669819941
N21000297,N21000272,1,9483.268039301041,inf,inf,inf,9483.268039301041
N21000297,N21000274,21,7956.588104121133,inf,inf,inf,7956.588104121133
N21000297,N21000275,6,7437.793029267562,inf,inf,inf,7437.793029267562
N21000297,N21000276,2,6048.001079555273,inf,inf,inf,6048.001079555273
N21000297,N21000277,1,8196.89711320578,inf,inf,inf,8196.89711320578
N21000297,N21000279,2,6199.788227399016,inf,inf,inf,6199.788227399016
N21000297,N21000280,1,5127.646323865597,inf,inf,inf,5127.646323865597
N21000297,N21000283,2,7558.458618783688,inf,inf,inf,7558.458618783688
N21000297,N21000284,4,5813.662017724946,inf,inf,inf,5813.662017724946
N21000297,N21000286,5,4835.266682819866,inf,inf,inf,4835.266682819866
N21000297,N21000287,6,4653.279520370953,inf,inf,inf,4653.279520370953
N21000297,N21000288,3,3927.8404048821094,inf,inf,inf,3927.8404048821094
N21000297,N21000289,3,4549.56360404634,inf,inf,inf,4549.56360404634
N21000297,N21000290,3,3969.0469602657704,inf,inf,inf,3969.0469602657704
N21000297,N21000291,3,3409.6143508471037,inf,inf,inf,3409.6143508471037
N21000297,N21000292,1,2846.3965743369417,inf,inf,inf,2846.3965743369417
N21000297,N21000293,2,3687.0544929067223,inf,inf,inf,3687.0544929067223
N21000297,N21000294,7,4773.362849490335,inf,inf,inf,4773.362849490335
N21000297,N21000295,16,2477.251017516651,inf,inf,inf,2477.251017516651
N21000297,N21000296,4,1318.1856282847466,1318.1856282847466,1318.1856282847466,1318.1856282847466,1318.1856282847466
N21000297,N21000298,1,2979.0960836298027,inf,inf,inf,2979.0960836298027
N21000297,N21000299,6,1253.4867104252644,1253.4867104252644,1253.4867104252644,1253.4867104252644,1253.4867104252644
N21000297,N21000300,3,4566.648651468328,inf,inf,inf,4566.648651468328
N21000297,N21000301,1,8580.305469787058,inf,inf,inf,8580.305469787058
N21000297,N21000303,8,8524.720289313731,inf,inf,inf,8524.720289313731
N21000297,N21000304,11,7996.601444852828,inf,inf,inf,7996.601444852828
N21000297,N21000305,5,8231.453405499959,inf,inf,inf,8231.453405499959
N21000297,N21000306,4,8131.425970620203,inf,inf,inf,8131.425970620203
N21000297,N21000307,7,6567.402106729872,inf,inf,inf,6567.402106729872
N21000297,N21000308,11,6574.140891674035,inf,inf,inf,6574.140891674035
N21000297,N21000309,44,7468.871722263386,inf,inf,inf,7468.871722263386
N21000297,N21000310,6,6101.001665245088,inf,inf,inf,6101.001665245088
N21000297,N21000311,6,5670.008975958861,inf,inf,inf,5670.008975958861
N21000297,N21000312,1,5278.522426773702,inf,inf,inf,5278.522426773702
N21000297,N21000313,3,5080.131941454232,inf,inf,inf,5080.131941454232
N21000297,N21000315,6,5646.518094915426,inf,inf,inf,5646.518094915426
N21000297,N21000331,4,9581.259960938507,inf,inf,inf,9581.259960938507
N21000297,N21000333,4,9308.98494568911,inf,inf,inf,9308.98494568911
N21000297,N21000335,64,8894.424342710006,inf,inf,inf,8894.424342710006
N21000298,N21000251,46,8490.302290847207,inf,inf,inf,8490.302290847207
N21000298,N21000252,7,9098.708938104803,inf,inf,inf,9098.708938104803
N21000298,N21000253,7,8001.165123013153,inf,inf,inf,8001.165123013153
N21000298,N21000254,4,8605.996953344542,inf,inf,inf,8605.996953344542
N21000298,N21000256,17,7574.578252514184,inf,inf,inf,7574.578252514184
N21000298,N21000258,6,7661.707374203365,inf,inf,15345.865691929286,7661.707374203365
N21000298,N21000259,1,8069.62501532002,inf,inf,14836.563604954756,8069.62501532002
N21000298,N21000262,1,8286.218777388443,inf,inf,14601.112425711637,8286.218777388443
N21000298,N21000264,4,7527.731365308766,inf,inf,14063.738779081988,7527.731365308766
N21000298,N21000265,2,6729.629153189486,inf,inf,inf,6729.629153189486
N21000298,N21000266,6,6344.267512639291,inf,inf,inf,6344.267512639291
N21000298,N21000268,23,5968.055578627471,inf,inf,inf,5968.055578627471
N21000298,N21000270,1,6448.211451596269,inf,inf,inf,6448.211451596269
N21000298,N21000271,1,7184.128345537939,inf,inf,12940.703501373868,7184.128345537939
N21000298,N21000273,3,5653.025883317222,inf,inf,inf,5653.025883317222
N21000298,N21000274,14,5545.3348858974605,inf,inf,inf,5545.3348858974605
N21000298,N21000275,4,5026.539811043889,inf,inf,inf,5026.539811043889
N21000298,N21000276,1,3954.886243878258,inf,inf,inf,3954.886243878258
N21000298,N21000279,1,3788.5350091753394,inf,inf,inf,3788.5350091753394
N21000298,N21000280,1,2716.3931056419215,inf,inf,inf,2716.3931056419215
N21000298,N21000283,6,5147.205400560016,inf,inf,10033.814751658556,5147.205400560016
N21000298,N21000284,4,3402.4087995012715,inf,inf,4393.3901651233555,3402.4087995012715
N21000298,N21000286,3,3523.51908118293,inf,inf,inf,3523.51908118293
N21000298,N21000287,6,3386.305127838739,inf,inf,3407.5366926290767,3386.305127838739
N21000298,N21000288,3,2616.0928032451734,inf,inf,inf,2616.0928032451734
N21000298,N21000289,2,3237.8160024094027,inf,inf,inf,3237.8160024094027
N21000298,N21000290,2,2657.299358628834,inf,inf,2841.0110312521883,2657.299358628834
N21000298,N21000291,2,2097.8667492101677,inf,inf,inf,2097.8667492101677
N21000298,N21000293,5,1275.801274683046,inf,inf,inf,1275.801274683046
N21000298,N21000294,12,2362.10963126666,inf,inf,inf,2362.10963126666
N21000298,N21000295,21,824.5114725400384,inf,inf,824.5114725400384,824.5114725400384
N21000298,N21000297,2,2979.0960836298027,inf,inf,inf,2979.0960836298027
N21000298,N21000299,2,2079.2886434810016,inf,inf,inf,2079.2886434810016
N21000298,N21000300,1,2155.3954332446533,inf,inf,2155.3954332446533,2155.3954332446533
N21000298,N21000301,2,7268.557868150123,inf,inf,inf,7268.557868150123
N21000298,N21000302,1,7655.527408326709,inf,inf,inf,7655.527408326709
N21000298,N21000303,6,7212.972687676792,inf,inf,inf,7212.972687676792
N21000298,N21000304,7,6684.853843215891,inf,inf,inf,6684.853843215891
N21000298,N21000305,4,6919.705803863023,inf,inf,inf,6919.705803863023
N21000298,N21000306,4,6819.678368983266,inf,inf,inf,6819.678368983266
N21000298,N21000307,8,5255.654505092936,inf,inf,inf,5255.654505092936
N21000298,N21000308,8,5262.393290037099,inf,inf,inf,5262.393290037099
N21000298,N21000309,20,6157.124120626449,inf,inf,inf,6157.124120626449
N21000298,N21000311,8,4358.261374321925,inf,inf,inf,4358.261374321925
N21000298,N21000312,3,3966.7748251367675,inf,inf,inf,3966.7748251367675
N21000298,N21000313,1,3768.384339817296,inf,inf,inf,3768.384339817296
N21000298,N21000315,5,4334.77049327849,inf,inf,inf,4334.77049327849
N21000298,N21000323,1,9366.25452066294,inf,inf,inf,9366.25452066294
N21000298,N21000325,1,9326.042840404203,inf,inf,inf,9326.042840404203
N21000298,N21000329,2,9281.639329334515,inf,inf,inf,9281.639329334515
N21000298,N21000330,1,8071.022726205739,inf,inf,inf,8071.022726205739
N21000298,N21000331,3,8269.51235930157,inf,inf,inf,8269.51235930157
N21000298,N21000333,1,7997.2373440521715,inf,inf,inf,7997.2373440521715
N21000298,N21000334,3,8425.396096752505,inf,inf,inf,8425.396096752505
N21000298,N21000335,38,7582.67674107307,inf,inf,inf,7582.67674107307
N21000299,N21000251,80,9513.456015878313,inf,inf,inf,9513.456015878313
N21000299,N21000253,14,9512.610901088025,inf,inf,inf,9512.610901088025
N21000299,N21000256,22,8714.094922640847,inf,inf,inf,8714.094922640847
N21000299,N21000258,6,9173.153152278233,inf,inf,inf,9173.153152278233
N21000299,N21000259,3,9581.070793394887,inf,inf,inf,9581.070793394887
N21000299,N21000264,2,9039.177143383642,inf,inf,inf,9039.177143383642
N21000299,N21000265,7,8241.07493126436,inf,inf,inf,8241.07493126436
N21000299,N21000266,2,7855.713290714165,inf,inf,inf,7855.713290714165
N21000299,N21000268,24,7190.468761939041,inf,inf,inf,7190.468761939041
N21000299,N21000270,1,7959.657229671143,inf,inf,inf,7959.657229671143
N21000299,N21000273,2,7164.4716613920955,inf,inf,inf,7164.4716613920955
N21000299,N21000274,20,7056.780663972334,inf,inf,inf,7056.780663972334
N21000299,N21000275,2,6537.985589118763,inf,inf,inf,6537.985589118763
N21000299,N21000276,6,5148.193639406473,inf,inf,inf,5148.193639406473
N21000299,N21000277,1,7297.089673056979,inf,inf,inf,7297.089673056979
N21000299,N21000278,2,9418.467543310291,inf,inf,inf,9418.467543310291
N21000299,N21000279,1,5299.980787250217,inf,inf,inf,5299.980787250217
N21000299,N21000280,1,4227.838883716798,inf,inf,inf,4227.838883716798
N21000299,N21000283,5,6658.65117863489,inf,inf,inf,6658.65117863489
N21000299,N21000284,4,4913.854577576148,inf,inf,inf,4913.854577576148
N21000299,N21000286,3,3935.4592426710647,inf,inf,inf,3935.4592426710647
N21000299,N21000287,14,3753.472080222153,inf,inf,inf,3753.472080222153
N21000299,N21000289,5,3649.756163897537,inf,inf,inf,3649.756163897537
N21000299,N21000290,7,3069.239520116969,inf,inf,inf,3069.239520116969
N21000299,N21000291,5,2509.806910698302,inf,inf,inf,2509.806910698302
N21000299,N21000293,3,2787.247052757922,inf,inf,inf,2787.247052757922
N21000299,N21000294,19,3873.5554093415362,inf,inf,inf,3873.5554093415362
N21000299,N21000295,21,1577.4435773678508,inf,inf,inf,1577.4435773678508
N21000299,N21000296,3,2182.4063009797696,2182.4063009797696,2182.4063009797696,2182.4063009797696,2182.4063009797696
N21000299,N21000297,5,1253.4867104252646,1253.4867104252646,1253.4867104252646,1253.4867104252646,1253.4867104252646
N21000299,N21000298,1,2079.288643481002,inf,inf,inf,2079.288643481002
N21000299,N21000300,3,3666.8412113195277,inf,inf,inf,3666.8412113195277
N21000299,N21000301,2,7680.498029638257,inf,inf,inf,7680.498029638257
N21000299,N21000302,2,8067.467569814846,inf,inf,inf,8067.467569814846
N21000299,N21000303,8,7624.912849164929,inf,inf,inf,7624.912849164929
N21000299,N21000304,6,7096.7940047040265,inf,inf,inf,7096.7940047040265
N21000299,N21000305,4,7331.64596535116,inf,inf,inf,7331.64596535116
N21000299,N21000306,4,7231.618530471404,inf,inf,inf,7231.618530471404
N21000299,N21000307,6,5667.594666581071,inf,inf,inf,5667.594666581071
N21000299,N21000308,10,5674.333451525234,inf,inf,inf,5674.333451525234
N21000299,N21000309,29,6569.064282114586,inf,inf,inf,6569.064282114586
N21000299,N21000310,4,5201.1942250962875,inf,inf,inf,5201.1942250962875
N21000299,N21000311,5,4770.20153581006,inf,inf,inf,4770.20153581006
N21000299,N21000312,5,4378.714986624902,inf,inf,inf,4378.714986624902
N21000299,N21000313,1,4180.324501305431,inf,inf,inf,4180.324501305431
N21000299,N21000314,1,3816.182073639812,inf,inf,inf,3816.182073639812
N21000299,N21000315,9,4746.710654766626,inf,inf,inf,4746.710654766626
N21000299,N21000328,1,9310.810647445345,inf,inf,inf,9310.810647445345
N21000299,N21000331,2,8681.452520789708,inf,inf,inf,8681.452520789708
N21000299,N21000332,3,8842.425775398662,inf,inf,inf,8842.425775398662
N21000299,N21000333,1,8409.177505540309,inf,inf,inf,8409.177505540309
N21000299,N21000334,2,8837.33625824064,inf,inf,inf,8837.33625824064
N21000299,N21000335,70,7994.616902561207,inf,inf,inf,7994.616902561207
N21000300,N21000178,1,9003.78778546703,inf,inf,inf,9003.78778546703
N21000300,N21000204,1,9347.976323407353,inf,inf,inf,9347.976323407353
N21000300,N21000241,2,8961.651944969957,inf,inf,13520.223546247558,8961.651944969957
N21000300,N21000248,1,9508.928836916435,inf,inf,15370.676016626323,9508.928836916435
N21000300,N21000249,2,8549.449736069157,inf,inf,inf,8549.449736069157
N21000300,N21000251,40,7754.619251770004,inf,inf,inf,7754.619251770004
N21000300,N21000252,15,8363.025899027603,inf,inf,inf,8363.025899027603
N21000300,N21000253,11,7265.482083935952,inf,inf,inf,7265.482083935952
N21000300,N21000254,4,7870.31391426734,inf,inf,inf,7870.31391426734
N21000300,N21000255,1,6917.714633955169,inf,inf,inf,6917.714633955169
N21000300,N21000256,21,6838.895213436983,inf,inf,inf,6838.895213436983
N21000300,N21000257,1,6493.178901217297,inf,inf,inf,6493.178901217297
N21000300,N21000258,6,6926.024335126164,inf,inf,13207.451777663591,6926.024335126164
N21000300,N21000259,6,7333.941976242819,inf,inf,12698.14969068906,7333.941976242819
N21000300,N21000261,2,6359.03322294083,inf,inf,inf,6359.03322294083
N21000300,N21000263,2,8425.467360147033,inf,inf,13272.369758812843,8425.467360147033
N21000300,N21000264,9,6792.048326231565,inf,inf,11925.324864816293,6792.048326231565
N21000300,N21000265,6,5993.946114112285,inf,inf,inf,5993.946114112285
N21000300,N21000266,1,5608.58447356209,inf,inf,inf,5608.58447356209
N21000300,N21000267,1,7606.381349519104,inf,inf,12040.01360299406,7606.381349519104
N21000300,N21000268,25,5232.372539550269,inf,inf,inf,5232.372539550269
N21000300,N21000269,5,7572.533882888045,inf,inf,12006.166136363001,7572.533882888045
N21000300,N21000270,9,5712.528412519068,inf,inf,inf,5712.528412519068
N21000300,N21000272,1,6336.331782000161,inf,inf,9972.072425993978,6336.331782000161
N21000300,N21000273,2,4917.342844240021,inf,inf,inf,4917.342844240021
N21000300,N21000274,48,4809.651846820258,inf,inf,inf,4809.651846820258
N21000300,N21000275,2,4290.856771966688,inf,inf,inf,4290.856771966688
N21000300,N21000276,1,3219.2032048010587,inf,inf,inf,3219.2032048010587
N21000300,N21000277,2,5049.960855904904,inf,inf,10930.149471768935,5049.960855904904
N21000300,N21000278,1,7171.338726158213,inf,inf,9663.52821039547,7171.338726158213
N21000300,N21000279,3,3052.85197009814,inf,inf,inf,3052.85197009814
N21000300,N21000280,1,1980.710066564722,inf,inf,inf,1980.710066564722
N21000300,N21000283,5,3999.772851916395,inf,inf,7895.400837392856,3999.772851916395
N21000300,N21000284,6,2254.9762508576523,inf,inf,2254.9762508576523,2254.9762508576523
N21000300,N21000286,1,4176.769450382374,inf,inf,inf,4176.769450382374
N21000300,N21000287,4,4135.350759983633,inf,inf,4995.089260467601,4135.350759983633
N21000300,N21000288,2,3269.343172444618,inf,inf,inf,3269.343172444618
N21000300,N21000289,1,3490.40343554593,inf,inf,inf,3490.40343554593
N21000300,N21000290,2,3406.3449907737286,inf,inf,4428.563599090712,3406.3449907737286
N21000300,N21000291,4,2751.1171184096124,inf,inf,inf,2751.1171184096124
N21000300,N21000293,4,2064.825375459459,inf,inf,inf,2064.825375459459
N21000300,N21000294,17,1626.4265921894607,inf,inf,inf,1626.4265921894607
N21000300,N21000295,4,2412.0640403785637,inf,inf,2412.0640403785637,2412.0640403785637
N21000300,N21000297,1,4566.648651468329,inf,inf,inf,4566.648651468329
N21000300,N21000298,3,2155.395433244652,inf,inf,2155.395433244652,2155.395433244652
N21000300,N21000299,1,3666.8412113195277,inf,inf,inf,3666.8412113195277
N21000300,N21000303,2,7063.114318421858,inf,inf,inf,7063.114318421858
N21000300,N21000304,3,7338.104212415337,inf,inf,inf,7338.104212415337
N21000300,N21000305,1,7027.997638978865,inf,inf,inf,7027.997638978865
N21000300,N21000306,2,6927.970204099109,inf,inf,inf,6927.970204099109
N21000300,N21000307,1,5625.486130375245,inf,inf,inf,5625.486130375245
N21000300,N21000308,6,5632.224915319408,inf,inf,inf,5632.224915319408
N21000300,N21000309,5,6265.415955742291,inf,inf,inf,6265.415955742291
N21000300,N21000310,2,5382.849192353727,inf,inf,inf,5382.849192353727
N21000300,N21000311,1,4724.411040754225,inf,inf,inf,4724.411040754225
N21000300,N21000315,2,4443.062328394331,inf,inf,inf,4443.062328394331
N21000300,N21000321,1,9086.707696044157,inf,inf,inf,9086.707696044157
N21000300,N21000322,1,9156.698747299099,inf,inf,inf,9156.698747299099
N21000300,N21000325,2,9054.368893930268,inf,inf,inf,9054.368893930268
N21000300,N21000327,2,8754.276619261002,inf,inf,inf,8754.276619261002
N21000300,N21000329,3,8545.956290257318,inf,inf,inf,8545.956290257318
N21000300,N21000331,3,7997.8384128276375,inf,inf,inf,7997.8384128276375
N21000300,N21000332,1,8800.317239192835,inf,inf,inf,8800.317239192835
N21000300,N21000334,1,7927.601420793041,inf,inf,inf,7927.601420793041
N21000300,N21000335,26,7311.002794599137,inf,inf,inf,7311.002794599137
N21000301,N21000164,1,5007.738569614737,inf,inf,inf,5007.738569614737
N21000301,N21000167,3,4673.0077219843215,inf,inf,14556.219594529552,4673.0077219843215
N21000301,N21000170,1,3732.0520878672373,inf,inf,8527.55515667604,3732.0520878672373
N21000301,N21000172,1,3899.5330829595423,inf,inf,7664.600133125588,3899.5330829595423
N21000301,N21000175,7,4449.915311701215,inf,inf,8090.948976810218,4449.915311701215
N21000301,N21000177,2,4781.363347227128,inf,inf,inf,4781.363347227128
N21000301,N21000178,1,4245.404807572379,inf,inf,inf,4245.404807572379
N21000301,N21000188,2,6972.004503937153,inf,inf,14366.641002293065,6972.004503937153
N21000301,N21000190,1,6057.882476632916,inf,inf,14182.19989748413,6057.882476632916
N21000301,N21000191,1,6503.2691108484505,inf,inf,15127.651722508326,6503.2691108484505
N21000301,N21000192,25,8281.118147963787,inf,inf,15717.051707818433,8281.118147963787
N21000301,N21000196,2,5274.968808592116,inf,inf,inf,5274.968808592116
N21000301,N21000198,4,6661.622777680443,inf,inf,inf,6661.622777680443
N21000301,N21000203,1,7709.582789635412,inf,inf,inf,7709.582789635412
N21000301,N21000204,2,5899.388747083166,inf,inf,inf,5899.388747083166
N21000301,N21000205,2,7063.757235413836,inf,inf,inf,7063.757235413836
N21000301,N21000208,1,6575.386849518331,inf,inf,inf,6575.386849518331
N21000301,N21000209,2,5735.086579181688,inf,inf,inf,5735.086579181688
N21000301,N21000212,1,6128.9161744031635,inf,inf,inf,6128.9161744031635
N21000301,N21000216,1,7715.670677517532,inf,inf,inf,7715.670677517532
N21000301,N21000217,1,6440.57023279107,inf,inf,inf,6440.57023279107
N21000301,N21000224,1,9582.375250639276,inf,inf,inf,9582.375250639276
N21000301,N21000225,2,8926.132449617411,inf,inf,inf,8926.132449617411
N21000301,N21000237,3,8461.2474926054,inf,inf,inf,8461.2474926054
N21000301,N21000240,2,8206.463951056512,inf,inf,inf,8206.463951056512
N21000301,N21000241,1,7096.841412654709,inf,inf,inf,7096.841412654709
N21000301,N21000249,2,6982.516533058227,inf,inf,inf,6982.516533058227
N21000301,N21000250,2,8936.130543744988,inf,inf,inf,8936.130543744988
N21000301,N21000251,50,3961.476272851127,inf,inf,inf,3961.476272851127
N21000301,N21000252,13,4914.438322703412,inf,inf,inf,4914.438322703412
N21000301,N21000253,5,4337.163404412946,inf,inf,inf,4337.163404412946
N21000301,N21000254,4,5165.088535475539,inf,inf,inf,5165.088535475539
N21000301,N21000255,1,3383.3100035768175,inf,inf,inf,3383.3100035768175
N21000301,N21000256,12,3816.4220932300573,inf,inf,inf,3816.4220932300573
N21000301,N21000258,6,4598.699032163633,inf,inf,inf,4598.699032163633
N21000301,N21000259,1,5078.732377351169,inf,inf,inf,5078.732377351169
N21000301,N21000261,1,4451.13196359886,inf,inf,inf,4451.13196359886
N21000301,N21000263,2,6450.129807361212,inf,inf,inf,6450.129807361212
N21000301,N21000264,2,5067.7511122246515,inf,inf,inf,5067.7511122246515
N21000301,N21000265,1,4536.710008584391,inf,inf,inf,4536.710008584391
N21000301,N21000267,1,6039.448146508175,inf,inf,inf,6039.448146508175
N21000301,N21000268,29,4044.8121060697135,inf,inf,inf,4044.8121060697135
N21000301,N21000269,2,6005.600679877116,inf,inf,inf,6005.600679877116
N21000301,N21000270,1,5368.767500892722,inf,inf,inf,5368.767500892722
N21000301,N21000273,1,5409.014762238408,inf,inf,inf,5409.014762238408
N21000301,N21000274,16,4907.303716318843,inf,inf,inf,4907.303716318843
N21000301,N21000275,4,5217.26385078486,inf,inf,inf,5217.26385078486
N21000301,N21000276,1,4954.983834803351,inf,inf,inf,4954.983834803351
N21000301,N21000277,3,5541.632773903292,inf,inf,inf,5541.632773903292
N21000301,N21000278,1,7663.010644156601,inf,inf,inf,7663.010644156601
N21000301,N21000279,1,5935.036864813718,inf,inf,inf,5935.036864813718
N21000301,N21000280,1,5657.6794268677095,inf,inf,inf,5657.6794268677095
N21000301,N21000283,3,7559.803539400515,inf,inf,inf,7559.803539400515
N21000301,N21000284,1,7796.854706326376,inf,inf,inf,7796.854706326376
N21000301,N21000287,2,7203.448033880829,inf,inf,inf,7203.448033880829
N21000301,N21000288,3,4908.470666361746,inf,inf,inf,4908.470666361746
N21000301,N21000291,2,5170.691118939958,inf,inf,inf,5170.691118939958
N21000301,N21000294,5,6812.178435872593,inf,inf,inf,6812.178435872593
N21000301,N21000295,1,6444.4250824709425,inf,inf,inf,6444.4250824709425
N21000301,N21000300,3,7638.389493432429,inf,inf,inf,7638.389493432429
N21000301,N21000302,7,3110.178280710451,inf,inf,4625.364565280199,3110.178280710451
N21000301,N21000303,19,2667.623560060537,inf,inf,4149.92982177182,2667.623560060537
N21000301,N21000304,13,6230.0327356682465,inf,inf,inf,6230.0327356682465
N21000301,N21000305,14,1676.330093750225,inf,inf,1724.1884407560851,1676.330093750225
N21000301,N21000306,11,1489.4019484311764,inf,inf,1494.4031923996447,1489.4019484311764
N21000301,N21000307,8,2314.016925847709,inf,inf,inf,2314.016925847709
N21000301,N21000308,14,2316.7795426078605,inf,inf,inf,2316.7795426078605
N21000301,N21000309,47,2922.724945801334,inf,inf,inf,2922.724945801334
N21000301,N21000310,3,3515.68123207407,inf,inf,inf,3515.68123207407
N21000301,N21000311,2,3275.1885248430685,inf,inf,inf,3275.1885248430685
N21000301,N21000312,3,3825.5701563064067,inf,inf,inf,3825.5701563064067
N21000301,N21000313,3,4999.373043545937,inf,inf,inf,4999.373043545937
N21000301,N21000315,14,3775.6757136349506,inf,inf,inf,3775.6757136349506
N21000301,N21000319,2,3303.8585615803477,inf,inf,7068.925611746396,3303.8585615803477
N21000301,N21000324,2,1877.0187808199757,inf,inf,6372.401150832812,1877.0187808199757
N21000301,N21000325,7,3570.2801892719044,inf,inf,7095.291882046704,3570.2801892719044
N21000301,N21000327,4,2062.5830267243637,inf,inf,6017.993039622446,2062.5830267243637
N21000301,N21000328,1,3090.415354370866,inf,inf,6615.4270471456675,3090.415354370866
N21000301,N21000329,6,4255.509294993079,inf,inf,inf,4255.509294993079
N21000301,N21000331,5,3016.60188593541,inf,inf,5354.201642499045,3016.60188593541
N21000301,N21000332,10,1592.5739461999915,inf,inf,5911.091172741692,1592.5739461999915
N21000301,N21000333,8,2289.782797845776,inf,inf,4964.738247184143,2289.782797845776
N21000301,N21000334,5,3285.3565152134574,inf,inf,5226.103912961244,3285.3565152134574
N21000301,N21000335,85,2755.7906329700413,inf,inf,4405.90686791534,2755.7906329700413
N21000302,N21000170,1,4189.515089751294,inf,inf,5761.59556619122,4189.515089751294
N21000302,N21000172,1,4046.6997273955003,inf,inf,4898.64054264077,4046.6997273955003
N21000302,N21000175,5,4000.6258134866716,inf,inf,5324.9893863254,4000.6258134866716
N21000302,N21000177,4,4034.196586358131,inf,inf,inf,4034.196586358131
N21000302,N21000178,1,3661.484726060274,inf,inf,inf,3661.484726060274
N21000302,N21000186,1,6685.451473353949,inf,inf,10822.63791004462,6685.451473353949
N21000302,N21000189,1,5832.561594769863,inf,inf,10551.64143465985,5832.561594769863
N21000302,N21000192,14,7462.090933263115,inf,inf,12951.092117333616,7462.090933263115
N21000302,N21000195,3,5034.01270558087,inf,inf,12335.18082883636,5034.01270558087
N21000302,N21000196,3,4695.272622080529,inf,inf,inf,4695.272622080529
N21000302,N21000197,2,8751.33554374434,inf,inf,inf,8751.33554374434
N21000302,N21000198,3,5619.45110647086,inf,inf,inf,5619.45110647086
N21000302,N21000202,1,5875.965865778255,inf,inf,inf,5875.965865778255
N21000302,N21000204,1,4731.08467199962,inf,inf,inf,4731.08467199962
N21000302,N21000206,1,6542.481984372046,inf,inf,inf,6542.481984372046
N21000302,N21000209,1,4566.7825040981415,inf,inf,inf,4566.7825040981415
N21000302,N21000222,1,7836.066507232088,inf,inf,inf,7836.066507232088
N21000302,N21000241,1,5650.1432776389765,inf,inf,inf,5650.1432776389765
N21000302,N21000248,2,6546.083699775188,inf,inf,inf,6546.083699775188
N21000302,N21000249,1,5586.604598927911,inf,inf,inf,5586.604598927911
N21000302,N21000251,49,2793.1721977675843,inf,inf,inf,2793.1721977675843
N21000302,N21000252,11,3746.1342476198656,inf,inf,inf,3746.1342476198656
N21000302,N21000253,5,3168.859329329404,inf,inf,inf,3168.859329329404
N21000302,N21000254,1,3809.0005454082466,inf,inf,inf,3809.0005454082466
N21000302,N21000256,12,2369.723958214326,inf,inf,inf,2369.723958214326
N21000302,N21000258,3,3152.000897147901,inf,inf,inf,3152.000897147901
N21000302,N21000259,2,3632.0342423354396,inf,inf,inf,3632.0342423354396
N21000302,N21000264,4,3671.8391780943375,inf,inf,inf,3671.8391780943375
N21000302,N21000265,3,3140.7980744540773,inf,inf,inf,3140.7980744540773
N21000302,N21000266,1,3018.8872421567585,inf,inf,inf,3018.8872421567585
N21000302,N21000268,21,2648.900171939398,inf,inf,inf,2648.900171939398
N21000302,N21000270,1,3972.855566762407,inf,inf,inf,3972.855566762407
N21000302,N21000274,7,4684.828791893787,inf,inf,inf,4684.828791893787
N21000302,N21000275,4,4900.676811371761,inf,inf,inf,4900.676811371761
N21000302,N21000278,2,6417.845946142234,inf,inf,inf,6417.845946142234
N21000302,N21000280,1,5783.109176877826,inf,inf,inf,5783.109176877826
N21000302,N21000284,4,7906.124578274136,inf,inf,inf,7906.124578274136
N21000302,N21000287,1,7590.417574057412,inf,inf,inf,7590.417574057412
N21000302,N21000288,1,5295.44020653833,inf,inf,inf,5295.44020653833
N21000302,N21000290,3,6861.411804847507,inf,inf,inf,6861.411804847507
N21000302,N21000291,1,5557.660659116541,inf,inf,inf,5557.660659116541
N21000302,N21000293,2,6904.823109536223,inf,inf,inf,6904.823109536223
N21000302,N21000294,3,6937.608185882709,inf,inf,inf,6937.608185882709
N21000302,N21000295,3,6831.3946226475255,inf,inf,inf,6831.3946226475255
N21000302,N21000300,1,7763.8192434425455,inf,inf,inf,7763.8192434425455
N21000302,N21000301,6,3110.178280710452,inf,inf,4625.364565280199,3110.178280710452
N21000302,N21000304,1,8166.880028432222,inf,inf,inf,8166.880028432222
N21000302,N21000305,7,1644.592861379328,inf,inf,3331.7139251718604,1644.592861379328
N21000302,N21000306,7,2219.9080009806144,inf,inf,3338.1364913543994,2219.9080009806144
N21000302,N21000307,5,2410.392595165364,inf,inf,inf,2410.392595165364
N21000302,N21000308,9,3098.8039634516895,inf,inf,inf,3098.8039634516895
N21000302,N21000309,33,2497.720300077449,inf,inf,inf,2497.720300077449
N21000302,N21000310,4,3913.170464182248,inf,inf,inf,3913.170464182248
N21000302,N21000311,2,3672.677756951246,inf,inf,inf,3672.677756951246
N21000302,N21000312,1,4223.059388414585,inf,inf,inf,4223.059388414585
N21000302,N21000314,1,4958.945546200687,inf,inf,inf,4958.945546200687
N21000302,N21000315,7,3648.595589900258,inf,inf,inf,3648.595589900258
N21000302,N21000316,1,4710.932175880735,inf,inf,inf,4710.932175880735
N21000302,N21000322,1,3120.029037150444,inf,inf,4584.685355271349,3120.029037150444
N21000302,N21000324,1,2574.0998111151666,inf,inf,3606.4415603479924,2574.0998111151666
N21000302,N21000325,6,3017.699183781614,inf,inf,4329.332291561888,3017.699183781614
N21000302,N21000328,1,2590.526829334615,inf,inf,3849.467456660849,2590.526829334615
N21000302,N21000329,3,3213.3376237834964,inf,inf,inf,3213.3376237834964
N21000302,N21000331,10,1961.1687026789814,inf,inf,2588.2420520142273,1961.1687026789814
N21000302,N21000332,4,2358.478780917277,inf,inf,3145.131582256875,2358.478780917277
N21000302,N21000333,3,1522.1392354975876,inf,inf,2198.778656699324,1522.1392354975876
N21000302,N21000334,3,2117.0524401299144,inf,inf,2918.3618188835726,2117.0524401299144
N21000302,N21000335,76,1307.9433039782189,inf,inf,1639.947277430521,1307.9433039782189
N21000303,N21000165,2,4240.883664581695,inf,inf,4873.830660224195,4240.883664581695
N21000303,N21000167,1,4088.304859972875,inf,inf,11004.701377316034,4088.304859972875
N21000303,N21000170,1,3622.950282625363,inf,inf,4976.03693946252,3622.950282625363
N21000303,N21000173,2,3092.4290643511013,inf,inf,inf,3092.4290643511013
N21000303,N21000174,2,3415.8728955372876,inf,inf,4048.8198911797886,3415.8728955372876
N21000303,N21000175,9,3248.677406285706,inf,inf,4539.430759596698,3248.677406285706
N21000303,N21000177,3,3282.248179157168,inf,inf,inf,3282.248179157168
N21000303,N21000178,2,2909.536318859311,inf,inf,inf,2909.536318859311
N21000303,N21000181,2,7300.219538854095,inf,inf,inf,7300.219538854095
N21000303,N21000186,1,5933.503066152984,inf,inf,10037.07928331592,5933.503066152984
N21000303,N21000188,1,5472.889335867194,inf,inf,10815.122785079548,5472.889335867194
N21000303,N21000189,4,5080.613187568898,inf,inf,9766.08280793115,5080.613187568898
N21000303,N21000192,20,6710.142526062154,inf,inf,12165.533490604916,6710.142526062154
N21000303,N21000194,1,4374.642348275644,inf,inf,10983.995662059726,4374.642348275644
N21000303,N21000195,4,4282.064298379906,inf,inf,11549.622202107661,4282.064298379906
N21000303,N21000196,1,3943.324214879565,inf,inf,inf,3943.324214879565
N21000303,N21000197,4,7999.387136543373,inf,inf,inf,7999.387136543373
N21000303,N21000198,7,4867.502699269894,inf,inf,inf,4867.502699269894
N21000303,N21000204,1,3979.1362647986552,inf,inf,inf,3979.1362647986552
N21000303,N21000212,1,4208.663692118654,inf,inf,inf,4208.663692118654
N21000303,N21000216,1,5795.418195233022,inf,inf,inf,5795.418195233022
N21000303,N21000221,1,9592.383234577994,inf,inf,inf,9592.383234577994
N21000303,N21000237,1,6540.99501032089,inf,inf,inf,6540.99501032089
N21000303,N21000241,1,4887.824785217171,inf,inf,inf,4887.824785217171
N21000303,N21000247,1,8373.667358968116,inf,inf,inf,8373.667358968116
N21000303,N21000251,59,2041.2237905666202,inf,inf,inf,2041.2237905666202
N21000303,N21000252,5,2994.185840418901,inf,inf,inf,2994.185840418901
N21000303,N21000253,9,2416.9109221284393,inf,inf,inf,2416.9109221284393
N21000303,N21000254,3,3046.682052986439,inf,inf,inf,3046.682052986439
N21000303,N21000256,17,1607.405465792519,inf,inf,inf,1607.405465792519
N21000303,N21000258,3,2389.6824047260943,inf,inf,inf,2389.6824047260943
N21000303,N21000261,3,2292.901537046738,inf,inf,inf,2292.901537046738
N21000303,N21000262,3,3221.127569499417,inf,inf,inf,3221.127569499417
N21000303,N21000263,2,4241.113179923674,inf,inf,inf,4241.113179923674
N21000303,N21000264,4,2909.520685672531,inf,inf,inf,2909.520685672531
N21000303,N21000265,1,2378.47958203227,inf,inf,inf,2378.47958203227
N21000303,N21000266,1,2256.568749734952,inf,inf,inf,2256.568749734952
N21000303,N21000268,22,1886.5816795175906,inf,inf,inf,1886.5816795175906
N21000303,N21000269,5,3847.3702533249943,inf,inf,inf,3847.3702533249943
N21000303,N21000273,1,3796.4503539038237,inf,inf,inf,3796.4503539038237
N21000303,N21000274,8,3922.5102994719778,inf,inf,inf,3922.5102994719778
N21000303,N21000276,1,4637.858864163554,inf,inf,inf,4637.858864163554
N21000303,N21000277,1,4444.2489033289185,inf,inf,inf,4444.2489033289185
N21000303,N21000279,1,4940.587525150904,inf,inf,inf,4940.587525150904
N21000303,N21000280,2,5082.4042518571305,inf,inf,inf,5082.4042518571305
N21000303,N21000284,1,7143.8060858523295,inf,inf,inf,7143.8060858523295
N21000303,N21000286,1,4082.95199980775,inf,inf,inf,4082.95199980775
N21000303,N21000287,5,7147.8628534075,inf,inf,inf,7147.8628534075
N21000303,N21000288,1,4852.885485888418,inf,inf,inf,4852.885485888418
N21000303,N21000290,1,6418.857084197594,inf,inf,inf,6418.857084197594
N21000303,N21000293,1,6462.26838888631,inf,inf,inf,6462.26838888631
N21000303,N21000294,2,6236.903260862014,inf,inf,inf,6236.903260862014
N21000303,N21000295,3,6388.839901997613,inf,inf,inf,6388.839901997613
N21000303,N21000301,3,2667.6235600605373,inf,inf,4149.929821771823,2667.6235600605373
N21000303,N21000304,1,7724.32530778231,inf,inf,inf,7724.32530778231
N21000303,N21000305,7,1202.0381407294137,inf,inf,2856.2791816634845,1202.0381407294137
N21000303,N21000306,1,1777.3532803306994,inf,inf,2862.701747846024,1777.3532803306994
N21000303,N21000307,6,1967.8378745154505,inf,inf,inf,1967.8378745154505
N21000303,N21000308,6,2656.2492428017763,inf,inf,inf,2656.2492428017763
N21000303,N21000309,34,2055.165579427535,inf,inf,inf,2055.165579427535
N21000303,N21000310,1,3470.615743532334,inf,inf,inf,3470.615743532334
N21000303,N21000311,2,3230.1230363013324,inf,inf,inf,3230.1230363013324
N21000303,N21000312,3,3780.5046677646706,inf,inf,inf,3780.5046677646706
N21000303,N21000313,2,4954.307555004201,inf,inf,inf,4954.307555004201
N21000303,N21000315,5,3206.040869250344,inf,inf,inf,3206.040869250344
N21000303,N21000317,2,2813.677633908211,inf,inf,inf,2813.677633908211
N21000303,N21000319,2,2884.4603988903746,inf,inf,3517.4073945328755,2884.4603988903746
N21000303,N21000322,3,2368.0806299494784,inf,inf,3799.1267285426457,2368.0806299494784
N21000303,N21000324,1,2007.5350039892355,inf,inf,2820.8829336192903,2007.5350039892355
N21000303,N21000325,2,2265.7507765806495,inf,inf,3543.7736648331847,2265.7507765806495
N21000303,N21000326,1,2965.517306441454,inf,inf,inf,2965.517306441454
N21000303,N21000327,1,1833.5278267664246,inf,inf,2466.4748224089253,1833.5278267664246
N21000303,N21000329,1,2461.389216582533,inf,inf,inf,2461.389216582533
N21000303,N21000331,3,1209.2202954780175,inf,inf,1802.6834252855251,1209.2202954780175
N21000303,N21000332,3,1791.9139737913454,inf,inf,2359.572955528173,1791.9139737913454
N21000303,N21000333,5,955.5744283716565,inf,inf,1413.2200299706221,955.5744283716565
N21000303,N21000334,2,1365.1040329289506,inf,inf,2132.8031921548704,1365.1040329289506
N21000304,N21000170,2,9544.198674189653,inf,inf,inf,9544.198674189653
N21000304,N21000174,1,9647.41764454968,inf,inf,inf,9647.41764454968
N21000304,N21000251,89,9612.868474495692,inf,inf,inf,9612.868474495692
N21000304,N21000256,20,8873.123840951832,inf,inf,inf,8873.123840951832
N21000304,N21000258,6,9655.400779885404,inf,inf,inf,9655.400779885404
N21000304,N21000261,1,9507.83371132063,inf,inf,inf,9507.83371132063
N21000304,N21000265,5,9593.411756306163,inf,inf,inf,9593.411756306163
N21000304,N21000266,4,9330.973679248731,inf,inf,inf,9330.973679248731
N21000304,N21000268,31,8180.187734120338,inf,inf,inf,8180.187734120338
N21000304,N21000273,1,8639.732049926655,inf,inf,inf,8639.732049926655
N21000304,N21000274,26,8138.0210040070915,inf,inf,inf,8138.0210040070915
N21000304,N21000275,3,8328.705618190195,inf,inf,inf,8328.705618190195
N21000304,N21000276,1,6237.763946560838,inf,inf,inf,6237.763946560838
N21000304,N21000277,2,8772.35006159154,inf,inf,inf,8772.35006159154
N21000304,N21000280,2,6747.268294111482,inf,inf,inf,6747.268294111482
N21000304,N21000283,3,9203.013348053499,inf,inf,inf,9203.013348053499
N21000304,N21000284,3,8585.117578671947,inf,inf,inf,8585.117578671947
N21000304,N21000286,4,5197.553788575303,inf,inf,inf,5197.553788575303
N21000304,N21000287,10,6619.7440089465945,inf,inf,inf,6619.7440089465945
N21000304,N21000288,6,4382.2495586613395,inf,inf,inf,4382.2495586613395
N21000304,N21000290,2,5890.738239736689,inf,inf,inf,5890.738239736689
N21000304,N21000291,2,4586.9870940057235,inf,inf,inf,4586.9870940057235
N21000304,N21000293,3,5934.149544425405,inf,inf,inf,5934.149544425405
N21000304,N21000294,5,7028.200793410666,inf,inf,inf,7028.200793410666
N21000304,N21000295,7,5860.721057536708,inf,inf,inf,5860.721057536708
N21000304,N21000297,2,7996.6014448528285,inf,inf,inf,7996.6014448528285
N21000304,N21000299,2,7096.794004704028,inf,inf,inf,7096.794004704028
N21000304,N21000300,3,7338.104212415334,inf,inf,inf,7338.104212415334
N21000304,N21000301,14,6230.032735668247,inf,inf,inf,6230.032735668247
N21000304,N21000302,1,8166.880028432224,inf,inf,inf,8166.880028432224
N21000304,N21000303,10,7724.325307782307,inf,inf,inf,7724.325307782307
N21000304,N21000305,10,6733.031841471996,inf,inf,inf,6733.031841471996
N21000304,N21000306,11,6461.852952058325,inf,inf,inf,6461.852952058325
N21000304,N21000307,14,5877.341979478515,inf,inf,inf,5877.341979478515
N21000304,N21000308,18,5618.1026148576075,inf,inf,inf,5618.1026148576075
N21000304,N21000309,31,6804.170269684428,inf,inf,inf,6804.170269684428
N21000304,N21000310,9,5021.869226422214,inf,inf,inf,5021.869226422214
N21000304,N21000311,14,5699.93452232923,inf,inf,inf,5699.93452232923
N21000304,N21000312,5,4665.619441206334,inf,inf,inf,4665.619441206334
N21000304,N21000313,13,3820.0132010796556,inf,inf,inf,3820.0132010796556
N21000304,N21000314,2,4530.12594327728,inf,inf,inf,4530.12594327728
N21000304,N21000315,15,5736.429626947924,inf,inf,inf,5736.429626947924
N21000304,N21000316,1,9476.25866197358,inf,inf,inf,9476.25866197358
N21000304,N21000322,1,9417.718620652913,inf,inf,inf,9417.718620652913
N21000304,N21000323,1,8796.191711386058,inf,inf,inf,8796.191711386058
N21000304,N21000325,1,9382.426775594316,inf,inf,inf,9382.426775594316
N21000304,N21000327,4,7874.72961304678,inf,inf,inf,7874.72961304678
N21000304,N21000328,4,8902.561940693278,inf,inf,inf,8902.561940693278
N21000304,N21000330,1,7045.2576448176205,inf,inf,inf,7045.2576448176205
N21000304,N21000331,5,8780.864979407084,inf,inf,inf,8780.864979407084
N21000304,N21000332,8,7404.720532522406,inf,inf,inf,7404.720532522406
N21000304,N21000333,2,8101.929384168189,inf,inf,inf,8101.929384168189
N21000304,N21000334,7,8936.74871685802,inf,inf,inf,8936.74871685802
N21000304,N21000335,62,8094.0293611785855,inf,inf,inf,8094.0293611785855
N21000305,N21000165,1,5271.612033314828,inf,inf,7131.698237329376,5271.612033314828
N21000305,N21000170,2,4653.6786513584975,inf,inf,7233.904516567702,4653.6786513584975
N21000305,N21000174,3,4446.601264270423,inf,inf,6306.687468284971,4446.601264270423
N21000305,N21000175,4,4298.034923161881,inf,inf,6797.2983367018805,4298.034923161881
N21000305,N21000176,1,4296.812901758592,inf,inf,7250.0649227330805,4296.812901758592
N21000305,N21000177,5,4331.605696033342,inf,inf,inf,4331.605696033342
N21000305,N21000178,2,3958.893835735484,inf,inf,inf,3958.893835735484
N21000305,N21000190,2,6043.006908020898,inf,inf,12888.549257375797,6043.006908020898
N21000305,N21000192,34,7759.500042938326,inf,inf,14423.4010677101,7759.500042938326
N21000305,N21000197,5,9048.744653419548,inf,inf,inf,9048.744653419548
N21000305,N21000198,9,5916.860216146069,inf,inf,inf,5916.860216146069
N21000305,N21000201,1,6532.799974688272,inf,inf,inf,6532.799974688272
N21000305,N21000202,1,6173.374975453464,inf,inf,inf,6173.374975453464
N21000305,N21000205,1,6192.8622700054975,inf,inf,inf,6192.8622700054975
N21000305,N21000209,1,4864.19161377335,inf,inf,inf,4864.19161377335
N21000305,N21000223,3,7565.819810179168,inf,inf,inf,7565.819810179168
N21000305,N21000226,1,7485.055073727341,inf,inf,inf,7485.055073727341
N21000305,N21000230,1,9058.156703373674,inf,inf,inf,9058.156703373674
N21000305,N21000240,1,7226.09728020163,inf,inf,inf,7226.09728020163
N21000305,N21000251,48,3090.5813074427933,inf,inf,inf,3090.5813074427933
N21000305,N21000252,3,4043.5433572950747,inf,inf,inf,4043.5433572950747
N21000305,N21000253,8,3304.7187648207337,inf,inf,inf,3304.7187648207337
N21000305,N21000254,3,3911.788220520333,inf,inf,inf,3911.788220520333
N21000305,N21000256,13,2472.5116333264127,inf,inf,inf,2472.5116333264127
N21000305,N21000258,2,3254.7885722599876,inf,inf,inf,3254.7885722599876
N21000305,N21000259,1,3734.821917447526,inf,inf,inf,3734.821917447526
N21000305,N21000264,4,3723.840652321008,inf,inf,inf,3723.840652321008
N21000305,N21000266,2,3070.8887163834283,inf,inf,inf,3070.8887163834283
N21000305,N21000268,18,2700.901646166068,inf,inf,inf,2700.901646166068
N21000305,N21000269,2,4661.69021997347,inf,inf,inf,4661.69021997347
N21000305,N21000270,1,4024.8570409890763,inf,inf,inf,4024.8570409890763
N21000305,N21000274,7,3984.626751004179,inf,inf,inf,3984.626751004179
N21000305,N21000275,1,4294.586885470195,inf,inf,inf,4294.586885470195
N21000305,N21000276,1,4344.591980349784,inf,inf,inf,4344.591980349784
N21000305,N21000277,1,4618.955808588628,inf,inf,inf,4618.955808588628
N21000305,N21000283,1,6637.126574085852,inf,inf,inf,6637.126574085852
N21000305,N21000284,1,7186.462851872808,inf,inf,inf,7186.462851872808
N21000305,N21000286,2,3789.6851159939793,inf,inf,inf,3789.6851159939793
N21000305,N21000287,2,6854.595969593728,inf,inf,inf,6854.595969593728
N21000305,N21000288,2,4559.618602074645,inf,inf,inf,4559.618602074645
N21000305,N21000290,2,6125.590200383823,inf,inf,inf,6125.590200383823
N21000305,N21000294,3,6201.7865814190245,inf,inf,inf,6201.7865814190245
N21000305,N21000295,2,6095.573018183842,inf,inf,inf,6095.573018183842
N21000305,N21000297,1,8231.453405499962,inf,inf,inf,8231.453405499962
N21000305,N21000298,1,6919.705803863024,inf,inf,inf,6919.705803863024
N21000305,N21000300,1,7027.997638978861,inf,inf,inf,7027.997638978861
N21000305,N21000301,9,1676.3300937502258,inf,inf,1724.1884407560854,1676.3300937502258
N21000305,N21000302,6,1644.5928613793278,inf,inf,3331.7139251718604,1644.5928613793278
N21000305,N21000303,9,1202.038140729414,inf,inf,2856.2791816634845,1202.038140729414
N21000305,N21000304,5,6733.031841471999,inf,inf,inf,6733.031841471999
N21000305,N21000306,7,828.7546620487567,inf,inf,828.7546620487567,828.7546620487567
N21000305,N21000307,5,1674.5709907016796,inf,inf,inf,1674.5709907016796
N21000305,N21000308,6,2362.982358988005,inf,inf,inf,2362.982358988005
N21000305,N21000309,49,1761.8986956137642,inf,inf,inf,1761.8986956137642
N21000305,N21000310,3,3177.3488597185633,inf,inf,inf,3177.3488597185633
N21000305,N21000311,5,2936.8561524875618,inf,inf,inf,2936.8561524875618
N21000305,N21000313,2,4661.04067119043,inf,inf,inf,4661.04067119043
N21000305,N21000315,8,2912.773985436573,inf,inf,inf,2912.773985436573
N21000305,N21000323,1,3355.3199737155605,inf,inf,5282.854279038023,3355.3199737155605
N21000305,N21000325,2,3315.1082934568235,inf,inf,5801.641241938367,3315.1082934568235
N21000305,N21000327,5,2864.2561954995595,inf,inf,4724.342399514109,2864.2561954995595
N21000305,N21000328,2,2887.935939009825,inf,inf,5321.7764070373305,2887.935939009825
N21000305,N21000329,3,3510.7467334587063,inf,inf,inf,3510.7467334587063
N21000305,N21000331,5,2258.5778123541904,inf,inf,4060.5510023907104,2258.5778123541904
N21000305,N21000332,7,2744.1149026472267,inf,inf,4617.440532633356,2744.1149026472267
N21000305,N21000333,2,1986.302797104792,inf,inf,3671.0876070758072,1986.302797104792
N21000305,N21000334,6,2414.461549805124,inf,inf,3932.4532728529093,2414.461549805124
N21000305,N21000335,62,1571.7421941256907,inf,inf,3112.256227807004,1571.7421941256907
N21000306,N21000164,1,5972.351380742923,inf,inf,inf,5972.351380742923
N21000306,N21000165,1,5624.894638399851,inf,inf,7138.120803511914,5624.894638399851
N21000306,N21000167,1,5637.620533112505,inf,inf,13268.991520603757,5637.620533112505
N21000306,N21000170,2,4696.664898995421,inf,inf,7240.32708275024,4696.664898995421
N21000306,N21000175,2,4873.350062763168,inf,inf,6803.720902884419,4873.350062763168
N21000306,N21000177,2,4906.920835634627,inf,inf,inf,4906.920835634627
N21000306,N21000178,4,4534.20897533677,inf,inf,inf,4534.20897533677
N21000306,N21000190,1,6618.322047622185,inf,inf,12894.971823558335,6618.322047622185
N21000306,N21000192,22,8334.815182539614,inf,inf,14429.823633892638,8334.815182539614
N21000306,N21000193,2,5950.510285474478,inf,inf,12602.926982487714,5950.510285474478
N21000306,N21000194,1,5999.315004753106,inf,inf,13248.285805347448,5999.315004753106
N21000306,N21000195,2,5906.736954857364,inf,inf,13813.912345395383,5906.736954857364
N21000306,N21000197,6,9624.059793020835,inf,inf,inf,9624.059793020835
N21000306,N21000198,3,6492.1753557473585,inf,inf,inf,6492.1753557473585
N21000306,N21000199,1,8128.805312377633,inf,inf,inf,8128.805312377633
N21000306,N21000204,2,5603.808921276118,inf,inf,inf,5603.808921276118
N21000306,N21000213,1,6154.197668993864,inf,inf,inf,6154.197668993864
N21000306,N21000215,1,6432.056195217969,inf,inf,inf,6432.056195217969
N21000306,N21000223,1,8141.134949780459,inf,inf,inf,8141.134949780459
N21000306,N21000225,1,8630.552623810363,inf,inf,inf,8630.552623810363
N21000306,N21000230,1,9633.471842974965,inf,inf,inf,9633.471842974965
N21000306,N21000238,1,6502.4349836892525,inf,inf,inf,6502.4349836892525
N21000306,N21000240,2,7620.121000681828,inf,inf,inf,7620.121000681828
N21000306,N21000251,50,3665.8964470440787,inf,inf,inf,3665.8964470440787
N21000306,N21000252,7,4618.858496896364,inf,inf,inf,4618.858496896364
N21000306,N21000253,6,3698.7424853009325,inf,inf,inf,3698.7424853009325
N21000306,N21000254,7,4305.811941000532,inf,inf,inf,4305.811941000532
N21000306,N21000256,10,2866.5353538066115,inf,inf,inf,2866.5353538066115
N21000306,N21000259,1,4128.845637927725,inf,inf,inf,4128.845637927725
N21000306,N21000261,1,3501.245224175415,inf,inf,inf,3501.245224175415
N21000306,N21000262,1,4480.25745751351,inf,inf,inf,4480.25745751351
N21000306,N21000263,1,5500.243067937765,inf,inf,inf,5500.243067937765
N21000306,N21000264,1,4117.864372801207,inf,inf,inf,4117.864372801207
N21000306,N21000265,5,3586.8232691609464,inf,inf,inf,3586.8232691609464
N21000306,N21000266,1,3464.9124368636276,inf,inf,inf,3464.9124368636276
N21000306,N21000268,22,3094.925366646268,inf,inf,inf,3094.925366646268
N21000306,N21000271,2,5003.87485270958,inf,inf,inf,5003.87485270958
N21000306,N21000272,1,5805.299299804132,inf,inf,inf,5805.299299804132
N21000306,N21000273,1,4386.31036204399,inf,inf,inf,4386.31036204399
N21000306,N21000274,14,3884.5993161244232,inf,inf,inf,3884.5993161244232
N21000306,N21000277,1,4518.928373708873,inf,inf,inf,4518.928373708873
N21000306,N21000278,1,6640.3062439621835,inf,inf,inf,6640.3062439621835
N21000306,N21000279,4,4996.78865679139,inf,inf,inf,4996.78865679139
N21000306,N21000280,1,4947.260137534387,inf,inf,inf,4947.260137534387
N21000306,N21000286,1,3689.6576811142245,inf,inf,inf,3689.6576811142245
N21000306,N21000287,2,6754.568534713972,inf,inf,inf,6754.568534713972
N21000306,N21000290,2,6025.562765504067,inf,inf,inf,6025.562765504067
N21000306,N21000291,2,4721.8116197731015,inf,inf,inf,4721.8116197731015
N21000306,N21000294,4,6101.75914653927,inf,inf,inf,6101.75914653927
N21000306,N21000295,4,5995.545583304086,inf,inf,inf,5995.545583304086
N21000306,N21000297,1,8131.4259706202065,inf,inf,inf,8131.4259706202065
N21000306,N21000298,2,6819.678368983268,inf,inf,inf,6819.678368983268
N21000306,N21000300,1,6927.970204099106,inf,inf,inf,6927.970204099106
N21000306,N21000301,9,1489.4019484311764,inf,inf,1494.4031923996447,1489.4019484311764
N21000306,N21000302,4,2219.908000980614,inf,inf,3338.1364913543985,2219.908000980614
N21000306,N21000303,7,1777.3532803306996,inf,inf,2862.7017478460225,1777.3532803306996
N21000306,N21000304,7,6461.852952058325,inf,inf,inf,6461.852952058325
N21000306,N21000305,5,828.7546620487566,inf,inf,828.7546620487566,828.7546620487566
N21000306,N21000307,12,1574.5435558219247,inf,inf,inf,1574.5435558219247
N21000306,N21000308,17,2175.677853093379,inf,inf,inf,2175.677853093379
N21000306,N21000309,44,1661.871260734009,inf,inf,inf,1661.871260734009
N21000306,N21000310,2,3077.3214248388085,inf,inf,inf,3077.3214248388085
N21000306,N21000311,6,2836.828717607807,inf,inf,inf,2836.828717607807
N21000306,N21000312,4,3387.210349071145,inf,inf,inf,3387.210349071145
N21000306,N21000313,1,4561.013236310675,inf,inf,inf,4561.013236310675
N21000306,N21000315,14,2812.7465505568184,inf,inf,inf,2812.7465505568184
N21000306,N21000316,1,4628.72488677935,inf,inf,inf,4628.72488677935
N21000306,N21000324,4,2841.6315919481613,inf,inf,5085.173076907014,2841.6315919481613
N21000306,N21000325,2,3890.4234330581103,inf,inf,5808.063808120905,3890.4234330581103
N21000306,N21000327,2,3027.195837852549,inf,inf,4730.764965696648,3027.195837852549
N21000306,N21000328,2,3463.2510786111116,inf,inf,5328.198973219869,3463.2510786111116
N21000306,N21000329,3,4086.0618730599926,inf,inf,inf,4086.0618730599926
N21000306,N21000331,11,2833.892951955477,inf,inf,4066.973568573249,2833.892951955477
N21000306,N21000332,6,2557.1867573281775,inf,inf,4623.863098815895,2557.1867573281775
N21000306,N21000333,3,2561.617936706077,inf,inf,3677.5101732583453,2561.617936706077
N21000306,N21000334,4,2989.776689406409,inf,inf,3938.875839035448,2989.776689406409
N21000306,N21000335,44,2147.057333726976,inf,inf,3118.678793989542,2147.057333726976
N21000307,N21000161,2,7947.435010177674,inf,inf,inf,7947.435010177674
N21000307,N21000164,1,6891.109295022857,inf,inf,inf,6891.109295022857
N21000307,N21000165,1,6037.4117671008635,inf,inf,inf,6037.4117671008635
N21000307,N21000166,1,6208.047990606163,inf,inf,inf,6208.047990606163
N21000307,N21000167,1,5903.462110635087,inf,inf,inf,5903.462110635087
N21000307,N21000170,3,5419.478385144535,inf,inf,inf,5419.478385144535
N21000307,N21000172,1,5150.04287814357,inf,inf,inf,5150.04287814357
N21000307,N21000174,2,5212.400998056459,inf,inf,inf,5212.400998056459
N21000307,N21000175,10,5063.83465694792,inf,inf,inf,5063.83465694792
N21000307,N21000177,3,5097.405429819378,inf,inf,inf,5097.405429819378
N21000307,N21000178,4,4724.693569521521,inf,inf,inf,4724.693569521521
N21000307,N21000184,2,7578.579886015206,inf,inf,inf,7578.579886015206
N21000307,N21000186,3,7748.660316815198,inf,inf,inf,7748.660316815198
N21000307,N21000190,1,6808.8066418069375,inf,inf,inf,6808.8066418069375
N21000307,N21000192,44,8525.299776724363,inf,inf,inf,8525.299776724363
N21000307,N21000193,1,6140.99487965923,inf,inf,inf,6140.99487965923
N21000307,N21000195,3,6097.221549042115,inf,inf,inf,6097.221549042115
N21000307,N21000198,8,6682.659949932109,inf,inf,inf,6682.659949932109
N21000307,N21000203,1,7604.487558013115,inf,inf,inf,7604.487558013115
N21000307,N21000204,1,5794.293515460869,inf,inf,inf,5794.293515460869
N21000307,N21000208,2,6470.291617896033,inf,inf,inf,6470.291617896033
N21000307,N21000209,2,5629.99134755939,inf,inf,inf,5629.99134755939
N21000307,N21000211,1,7724.2833394934405,inf,inf,inf,7724.2833394934405
N21000307,N21000216,1,7610.575445895234,inf,inf,inf,7610.575445895234
N21000307,N21000217,1,6335.475001168773,inf,inf,inf,6335.475001168773
N21000307,N21000223,1,8331.61954396521,inf,inf,inf,8331.61954396521
N21000307,N21000225,1,8821.037217995114,inf,inf,inf,8821.037217995114
N21000307,N21000237,2,8356.152260983103,inf,inf,inf,8356.152260983103
N21000307,N21000241,2,6337.439267416012,inf,inf,inf,6337.439267416012
N21000307,N21000245,1,5973.551232089797,inf,inf,inf,5973.551232089797
N21000307,N21000249,1,6223.114387819531,inf,inf,inf,6223.114387819531
N21000307,N21000251,92,3856.3810412288294,inf,inf,inf,3856.3810412288294
N21000307,N21000252,19,4809.343091081115,inf,inf,inf,4809.343091081115
N21000307,N21000253,6,3889.227079485683,inf,inf,inf,3889.227079485683
N21000307,N21000254,9,4496.296535185282,inf,inf,inf,4496.296535185282
N21000307,N21000256,27,3057.019947991362,inf,inf,inf,3057.019947991362
N21000307,N21000258,5,3839.296886924937,inf,inf,inf,3839.296886924937
N21000307,N21000259,1,4319.330232112476,inf,inf,inf,4319.330232112476
N21000307,N21000264,8,4308.3489669859555,inf,inf,inf,4308.3489669859555
N21000307,N21000265,7,3777.307863345697,inf,inf,inf,3777.307863345697
N21000307,N21000266,1,3655.3970310483783,inf,inf,inf,3655.3970310483783
N21000307,N21000267,1,5280.046001269479,inf,inf,inf,5280.046001269479
N21000307,N21000268,24,2953.573790836669,inf,inf,inf,2953.573790836669
N21000307,N21000269,1,5246.19853463842,inf,inf,inf,5246.19853463842
N21000307,N21000270,6,4208.3036749220355,inf,inf,inf,4208.3036749220355
N21000307,N21000273,7,3413.1181066429867,inf,inf,inf,3413.1181066429867
N21000307,N21000274,21,2911.4070607234203,inf,inf,inf,2911.4070607234203
N21000307,N21000275,5,3221.3671951894353,inf,inf,inf,3221.3671951894353
N21000307,N21000276,1,2942.0804717461647,inf,inf,inf,2942.0804717461647
N21000307,N21000277,1,3545.7361183078697,inf,inf,inf,3545.7361183078697
N21000307,N21000278,2,5667.11398856118,inf,inf,inf,5667.11398856118
N21000307,N21000283,2,5563.9068838050935,inf,inf,inf,5563.9068838050935
N21000307,N21000284,5,5783.951343269192,inf,inf,inf,5783.951343269192
N21000307,N21000286,6,2125.6338172238925,inf,inf,inf,2125.6338172238925
N21000307,N21000287,2,5190.544670823639,inf,inf,inf,5190.544670823639
N21000307,N21000289,1,2641.776864359757,inf,inf,inf,2641.776864359757
N21000307,N21000290,2,4461.538901613733,inf,inf,inf,4461.538901613733
N21000307,N21000291,1,3157.787755882769,inf,inf,inf,3157.787755882769
N21000307,N21000293,3,4504.95020630245,inf,inf,inf,4504.95020630245
N21000307,N21000294,10,4799.275072815409,inf,inf,inf,4799.275072815409
N21000307,N21000295,6,4431.521719413753,inf,inf,inf,4431.521719413753
N21000307,N21000299,1,5667.594666581073,inf,inf,inf,5667.594666581073
N21000307,N21000300,1,5625.486130375245,inf,inf,inf,5625.486130375245
N21000307,N21000301,4,2314.016925847709,inf,inf,inf,2314.016925847709
N21000307,N21000302,4,2410.392595165364,inf,inf,inf,2410.392595165364
N21000307,N21000303,21,1967.8378745154503,inf,inf,inf,1967.8378745154503
N21000307,N21000304,8,5877.341979478515,inf,inf,inf,5877.341979478515
N21000307,N21000305,11,1674.5709907016796,inf,inf,inf,1674.5709907016796
N21000307,N21000306,10,1574.5435558219242,inf,inf,inf,1574.5435558219242
N21000307,N21000309,60,926.8282902059137,inf,inf,inf,926.8282902059137
N21000307,N21000310,9,1502.7778690168839,inf,inf,inf,1502.7778690168839
N21000307,N21000311,14,1262.285161785882,inf,inf,inf,1262.285161785882
N21000307,N21000312,7,1812.6667932492196,inf,inf,inf,1812.6667932492196
N21000307,N21000313,5,2986.4696804887503,inf,inf,inf,2986.4696804887503
N21000307,N21000314,1,2548.552951035322,inf,inf,inf,2548.552951035322
N21000307,N21000315,9,1762.7723505777637,inf,inf,inf,1762.7723505777637
N21000307,N21000317,1,4610.205736427383,inf,inf,inf,4610.205736427383
N21000307,N21000319,1,4680.988501409546,inf,inf,inf,4680.988501409546
N21000307,N21000322,2,4183.237880611691,inf,inf,inf,4183.237880611691
N21000307,N21000324,2,3760.3895062280953,inf,inf,inf,3760.3895062280953
N21000307,N21000325,7,4080.908027242861,inf,inf,inf,4080.908027242861
N21000307,N21000327,6,3630.0559292855955,inf,inf,inf,3630.0559292855955
N21000307,N21000328,4,3653.7356727958622,inf,inf,inf,3653.7356727958622
N21000307,N21000329,3,4276.546467244743,inf,inf,inf,4276.546467244743
N21000307,N21000331,10,3024.377546140228,inf,inf,inf,3024.377546140228
N21000307,N21000332,3,3475.944671608112,inf,inf,inf,3475.944671608112
N21000307,N21000333,4,2752.102530890828,inf,inf,inf,2752.102530890828
N21000307,N21000334,6,3180.2612835911596,inf,inf,inf,3180.2612835911596
N21000307,N21000335,88,2337.541927911727,inf,inf,inf,2337.541927911727
N21000308,N21000173,1,5095.266238473802,inf,inf,inf,5095.266238473802
N21000308,N21000175,1,5752.2460252342435,inf,inf,inf,5752.2460252342435
N21000308,N21000177,1,5785.816798105702,inf,inf,inf,5785.816798105702
N21000308,N21000178,3,5413.104937807845,inf,inf,inf,5413.104937807845
N21000308,N21000184,1,8266.991254301529,inf,inf,inf,8266.991254301529
N21000308,N21000190,1,7497.21801009326,inf,inf,inf,7497.21801009326
N21000308,N21000192,24,9213.711145010686,inf,inf,inf,9213.711145010686
N21000308,N21000193,1,6829.406247945553,inf,inf,inf,6829.406247945553
N21000308,N21000195,3,6785.632917328439,inf,inf,inf,6785.632917328439
N21000308,N21000198,8,7371.071318218432,inf,inf,inf,7371.071318218432
N21000308,N21000203,1,8292.898926299438,inf,inf,inf,8292.898926299438
N21000308,N21000205,1,7647.073372077862,inf,inf,inf,7647.073372077862
N21000308,N21000241,2,7025.85063570234,inf,inf,inf,7025.85063570234
N21000308,N21000249,1,6911.525756105859,inf,inf,inf,6911.525756105859
N21000308,N21000251,42,4544.792409515154,inf,inf,inf,4544.792409515154
N21000308,N21000252,10,5497.754459367438,inf,inf,inf,5497.754459367438
N21000308,N21000253,5,4577.638447772012,inf,inf,inf,4577.638447772012
N21000308,N21000254,4,5184.70790347161,inf,inf,inf,5184.70790347161
N21000308,N21000256,12,3745.4313162776893,inf,inf,inf,3745.4313162776893
N21000308,N21000258,8,4527.708255211265,inf,inf,inf,4527.708255211265
N21000308,N21000259,1,5007.741600398801,inf,inf,inf,5007.741600398801
N21000308,N21000261,1,4380.141186646492,inf,inf,inf,4380.141186646492
N21000308,N21000264,4,4996.760335272284,inf,inf,inf,4996.760335272284
N21000308,N21000265,6,4465.719231632023,inf,inf,inf,4465.719231632023
N21000308,N21000268,17,3074.740693879599,inf,inf,inf,3074.740693879599
N21000308,N21000270,2,4329.470577964966,inf,inf,inf,4329.470577964966
N21000308,N21000272,1,4953.273947446059,inf,inf,inf,4953.273947446059
N21000308,N21000273,1,3534.285009685917,inf,inf,inf,3534.285009685917
N21000308,N21000274,17,3032.57396376635,inf,inf,inf,3032.57396376635
N21000308,N21000275,5,3342.5340982323655,inf,inf,inf,3342.5340982323655
N21000308,N21000277,2,3666.9030213508,inf,inf,inf,3666.9030213508
N21000308,N21000278,1,5788.280891604111,inf,inf,inf,5788.280891604111
N21000308,N21000283,1,5685.073786848024,inf,inf,inf,5685.073786848024
N21000308,N21000284,2,5790.690128213355,inf,inf,inf,5790.690128213355
N21000308,N21000286,5,2132.3726021680554,inf,inf,inf,2132.3726021680554
N21000308,N21000287,2,5197.283455767802,inf,inf,inf,5197.283455767802
N21000308,N21000288,1,2902.3060882487216,inf,inf,inf,2902.3060882487216
N21000308,N21000289,1,2648.51564930392,inf,inf,inf,2648.51564930392
N21000308,N21000291,2,3164.526540826932,inf,inf,inf,3164.526540826932
N21000308,N21000293,1,4511.688991246613,inf,inf,inf,4511.688991246613
N21000308,N21000294,6,4806.013857759572,inf,inf,inf,4806.013857759572
N21000308,N21000295,4,4438.260504357916,inf,inf,inf,4438.260504357916
N21000308,N21000298,1,5262.393290037098,inf,inf,inf,5262.393290037098
N21000308,N21000299,2,5674.333451525236,inf,inf,inf,5674.333451525236
N21000308,N21000301,4,2316.77954260786,inf,inf,inf,2316.77954260786
N21000308,N21000302,3,3098.80396345169,inf,inf,inf,3098.80396345169
N21000308,N21000303,6,2656.249242801776,inf,inf,inf,2656.249242801776
N21000308,N21000304,1,5618.102614857604,inf,inf,inf,5618.102614857604
N21000308,N21000305,2,2362.9823589880057,inf,inf,inf,2362.9823589880057
N21000308,N21000306,9,2175.67785309338,inf,inf,inf,2175.67785309338
N21000308,N21000309,28,1615.2396584922399,inf,inf,inf,1615.2396584922399
N21000308,N21000311,11,1269.023946730045,inf,inf,inf,1269.023946730045
N21000308,N21000313,1,2993.2084654329133,inf,inf,inf,2993.2084654329133
N21000308,N21000315,10,1769.5111355219267,inf,inf,inf,1769.5111355219267
N21000308,N21000323,2,4809.531075787922,inf,inf,inf,4809.531075787922
N21000308,N21000324,2,3763.1521229882464,inf,inf,inf,3763.1521229882464
N21000308,N21000325,1,4769.3193955291845,inf,inf,inf,4769.3193955291845
N21000308,N21000327,3,3948.716368892635,inf,inf,inf,3948.716368892635
N21000308,N21000328,1,4342.147041082188,inf,inf,inf,4342.147041082188
N21000308,N21000329,3,4964.95783553107,inf,inf,inf,4964.95783553107
N21000308,N21000331,2,3712.788914426553,inf,inf,inf,3712.788914426553
N21000308,N21000332,5,3478.707288368263,inf,inf,inf,3478.707288368263
N21000308,N21000334,2,3868.6726518774854,inf,inf,inf,3868.6726518774854
N21000308,N21000335,51,3025.9532961980526,inf,inf,inf,3025.9532961980526
N21000309,N21000170,3,5506.80609005662,inf,inf,inf,5506.80609005662
N21000309,N21000175,9,5151.162361860003,inf,inf,inf,5151.162361860003
N21000309,N21000176,1,5149.940340456712,inf,inf,inf,5149.940340456712
N21000309,N21000177,1,5184.733134731462,inf,inf,inf,5184.733134731462
N21000309,N21000178,5,4812.021274433605,inf,inf,inf,4812.021274433605
N21000309,N21000188,3,7375.374291441487,inf,inf,inf,7375.374291441487
N21000309,N21000192,31,8612.627481636446,inf,inf,inf,8612.627481636446
N21000309,N21000193,1,6228.322584571313,inf,inf,inf,6228.322584571313
N21000309,N21000195,5,6184.549253954199,inf,inf,inf,6184.549253954199
N21000309,N21000196,2,5845.809170453859,inf,inf,inf,5845.809170453859
N21000309,N21000198,11,6769.9876548441935,inf,inf,inf,6769.9876548441935
N21000309,N21000200,1,7941.725446205561,inf,inf,inf,7941.725446205561
N21000309,N21000202,1,7026.502414151588,inf,inf,inf,7026.502414151588
N21000309,N21000203,4,7691.815262925199,inf,inf,inf,7691.815262925199
N21000309,N21000205,1,7045.9897087036225,inf,inf,inf,7045.9897087036225
N21000309,N21000208,1,6557.619322808117,inf,inf,inf,6557.619322808117
N21000309,N21000209,1,5717.319052471475,inf,inf,inf,5717.319052471475
N21000309,N21000216,2,7697.9031508073185,inf,inf,inf,7697.9031508073185
N21000309,N21000224,1,9564.607723929063,inf,inf,inf,9564.607723929063
N21000309,N21000237,2,8443.479965895187,inf,inf,inf,8443.479965895187
N21000309,N21000240,2,7897.933299778665,inf,inf,inf,7897.933299778665
N21000309,N21000243,2,7436.090051507007,inf,inf,inf,7436.090051507007
N21000309,N21000249,1,6310.442092731616,inf,inf,inf,6310.442092731616
N21000309,N21000251,87,3943.7087461409137,inf,inf,inf,3943.7087461409137
N21000309,N21000252,16,4896.670795993199,inf,inf,inf,4896.670795993199
N21000309,N21000253,11,3976.5547843977683,inf,inf,inf,3976.5547843977683
N21000309,N21000254,2,4583.624240097367,inf,inf,inf,4583.624240097367
N21000309,N21000256,16,3144.3476529034474,inf,inf,inf,3144.3476529034474
N21000309,N21000258,2,3926.6245918370223,inf,inf,inf,3926.6245918370223
N21000309,N21000263,1,5778.055367034601,inf,inf,inf,5778.055367034601
N21000309,N21000264,4,4395.676671898041,inf,inf,inf,4395.676671898041
N21000309,N21000265,3,3864.6355682577823,inf,inf,inf,3864.6355682577823
N21000309,N21000266,1,3742.7247359604635,inf,inf,inf,3742.7247359604635
N21000309,N21000268,32,3264.211797880854,inf,inf,inf,3264.211797880854
N21000309,N21000270,2,4518.94168196622,inf,inf,inf,4518.94168196622
N21000309,N21000271,2,5254.85857590789,inf,inf,inf,5254.85857590789
N21000309,N21000272,2,5142.745051447313,inf,inf,inf,5142.745051447313
N21000309,N21000273,3,3723.756113687172,inf,inf,inf,3723.756113687172
N21000309,N21000274,16,3222.0450677676054,inf,inf,inf,3222.0450677676054
N21000309,N21000275,5,3532.005202233621,inf,inf,inf,3532.005202233621
N21000309,N21000276,1,3582.0102971132096,inf,inf,inf,3582.0102971132096
N21000309,N21000278,1,5977.751995605365,inf,inf,inf,5977.751995605365
N21000309,N21000279,1,4334.234408434574,inf,inf,inf,4334.234408434574
N21000309,N21000280,1,4284.70588917757,inf,inf,inf,4284.70588917757
N21000309,N21000283,1,5874.544890849279,inf,inf,inf,5874.544890849279
N21000309,N21000284,1,6423.881168636235,inf,inf,inf,6423.881168636235
N21000309,N21000286,1,3027.1034327574057,inf,inf,inf,3027.1034327574057
N21000309,N21000287,1,6092.014286357154,inf,inf,inf,6092.014286357154
N21000309,N21000288,1,3797.036918838072,inf,inf,inf,3797.036918838072
N21000309,N21000289,1,3543.2464798932706,inf,inf,inf,3543.2464798932706
N21000309,N21000290,3,5363.008517147248,inf,inf,inf,5363.008517147248
N21000309,N21000291,2,4059.2573714162822,inf,inf,inf,4059.2573714162822
N21000309,N21000293,1,5406.419821835964,inf,inf,inf,5406.419821835964
N21000309,N21000294,4,5439.204898182453,inf,inf,inf,5439.204898182453
N21000309,N21000295,2,5332.991334947267,inf,inf,inf,5332.991334947267
N21000309,N21000299,2,6569.0642821145875,inf,inf,inf,6569.0642821145875
N21000309,N21000300,2,6265.415955742289,inf,inf,inf,6265.415955742289
N21000309,N21000301,3,2922.7249458013343,inf,inf,inf,2922.7249458013343
N21000309,N21000302,4,2497.7203000774484,inf,inf,inf,2497.7203000774484
N21000309,N21000303,18,2055.1655794275343,inf,inf,inf,2055.1655794275343
N21000309,N21000304,5,6804.170269684428,inf,inf,inf,6804.170269684428
N21000309,N21000305,11,1761.8986956137642,inf,inf,inf,1761.8986956137642
N21000309,N21000306,10,1661.8712607340087,inf,inf,inf,1661.8712607340087
N21000309,N21000307,4,926.8282902059137,inf,inf,inf,926.8282902059137
N21000309,N21000308,8,1615.2396584922396,inf,inf,inf,1615.2396584922396
N21000309,N21000310,4,2429.606159222798,inf,inf,inf,2429.606159222798
N21000309,N21000311,6,2189.113451991796,inf,inf,inf,2189.113451991796
N21000309,N21000312,2,2739.4950834551346,inf,inf,inf,2739.4950834551346
N21000309,N21000315,5,2150.192302199999,inf,inf,inf,2150.192302199999
N21000309,N21000316,1,6028.22317618606,inf,inf,inf,6028.22317618606
N21000309,N21000321,1,4049.8147109808347,inf,inf,inf,4049.8147109808347
N21000309,N21000322,1,4270.565585523775,inf,inf,inf,4270.565585523775
N21000309,N21000323,2,4208.4474124136805,inf,inf,inf,4208.4474124136805
N21000309,N21000324,1,3891.3908114204914,inf,inf,inf,3891.3908114204914
N21000309,N21000325,3,4168.235732154945,inf,inf,inf,4168.235732154945
N21000309,N21000326,1,4147.544720549898,inf,inf,inf,4147.544720549898
N21000309,N21000327,3,3717.38363419768,inf,inf,inf,3717.38363419768
N21000309,N21000329,6,4363.8741721568285,inf,inf,inf,4363.8741721568285
N21000309,N21000331,12,3111.705251052312,inf,inf,inf,3111.705251052312
N21000309,N21000332,1,3675.769781222601,inf,inf,inf,3675.769781222601
N21000309,N21000333,4,2839.430235802912,inf,inf,inf,2839.430235802912
N21000309,N21000334,6,3267.588988503244,inf,inf,inf,3267.588988503244
N21000309,N21000335,94,2424.869632823811,inf,inf,inf,2424.869632823811
N21000310,N21000161,1,9149.099316404036,inf,inf,inf,9149.099316404036
N21000310,N21000169,1,6923.150133369301,inf,inf,inf,6923.150133369301
N21000310,N21000175,6,6566.612525964801,inf,inf,inf,6566.612525964801
N21000310,N21000177,1,6600.18329883626,inf,inf,inf,6600.18329883626
N21000310,N21000178,5,6227.471438538403,inf,inf,inf,6227.471438538403
N21000310,N21000188,1,8790.824455546282,inf,inf,inf,8790.824455546282
N21000310,N21000189,1,8398.548307247993,inf,inf,inf,8398.548307247993
N21000310,N21000190,1,8311.584510823815,inf,inf,inf,8311.584510823815
N21000310,N21000195,3,7599.999418058997,inf,inf,inf,7599.999418058997
N21000310,N21000198,6,8185.437818948991,inf,inf,inf,8185.437818948991
N21000310,N21000202,1,8441.952578256385,inf,inf,inf,8441.952578256385
N21000310,N21000204,2,7297.071384477751,inf,inf,inf,7297.071384477751
N21000310,N21000205,1,8461.43987280842,inf,inf,inf,8461.43987280842
N21000310,N21000209,1,7132.769216576273,inf,inf,inf,7132.769216576273
N21000310,N21000236,1,8777.007844138332,inf,inf,inf,8777.007844138332
N21000310,N21000240,1,9313.383463883463,inf,inf,inf,9313.383463883463
N21000310,N21000249,1,7725.892256836417,inf,inf,inf,7725.892256836417
N21000310,N21000251,39,5359.158910245713,inf,inf,inf,5359.158910245713
N21000310,N21000252,14,6312.120960097997,inf,inf,inf,6312.120960097997
N21000310,N21000253,4,5392.0049485025675,inf,inf,inf,5392.0049485025675
N21000310,N21000254,3,5999.074404202165,inf,inf,inf,5999.074404202165
N21000310,N21000255,1,4126.685727355007,inf,inf,inf,4126.685727355007
N21000310,N21000256,7,4559.797817008245,inf,inf,inf,4559.797817008245
N21000310,N21000258,6,5342.074755941821,inf,inf,inf,5342.074755941821
N21000310,N21000259,1,5822.108101129357,inf,inf,inf,5822.108101129357
N21000310,N21000264,3,5811.126836002842,inf,inf,inf,5811.126836002842
N21000310,N21000265,2,5280.0857323625805,inf,inf,inf,5280.0857323625805
N21000310,N21000268,13,3845.220463125609,inf,inf,inf,3845.220463125609
N21000310,N21000269,1,6748.976403655306,inf,inf,inf,6748.976403655306
N21000310,N21000270,1,5099.9503472109745,inf,inf,inf,5099.9503472109745
N21000310,N21000273,1,4304.764778931926,inf,inf,inf,4304.764778931926
N21000310,N21000274,8,3803.0537330123598,inf,inf,inf,3803.0537330123598
N21000310,N21000276,2,2699.443533724644,inf,inf,inf,2699.443533724644
N21000310,N21000278,2,6558.76066085012,inf,inf,inf,6558.76066085012
N21000310,N21000279,1,3679.4965637350106,inf,inf,inf,3679.4965637350106
N21000310,N21000286,4,1659.2333757391098,inf,inf,inf,1659.2333757391098
N21000310,N21000288,3,2429.1668618197755,inf,inf,inf,2429.1668618197755
N21000310,N21000289,3,2175.3764228749733,inf,inf,inf,2175.3764228749733
N21000310,N21000290,1,3995.1384601289524,inf,inf,inf,3995.1384601289524
N21000310,N21000291,3,2691.387314397986,inf,inf,inf,2691.387314397986
N21000310,N21000294,8,4556.638134793889,inf,inf,inf,4556.638134793889
N21000310,N21000295,8,3965.121277928971,inf,inf,inf,3965.121277928971
N21000310,N21000303,8,3470.615743532334,inf,inf,inf,3470.615743532334
N21000310,N21000304,13,5021.869226422212,inf,inf,inf,5021.869226422212
N21000310,N21000305,8,3177.348859718563,inf,inf,inf,3177.348859718563
N21000310,N21000306,7,3077.3214248388085,inf,inf,inf,3077.3214248388085
N21000310,N21000307,8,1502.7778690168836,inf,inf,inf,1502.7778690168836
N21000310,N21000308,11,1509.516653961047,inf,inf,inf,1509.516653961047
N21000310,N21000309,22,2429.6061592227975,inf,inf,inf,2429.6061592227975
N21000310,N21000311,9,1565.6594227460655,inf,inf,inf,1565.6594227460655
N21000310,N21000312,3,957.1940401929173,inf,inf,inf,957.1940401929173
N21000310,N21000313,3,2130.996927432447,inf,inf,inf,2130.996927432447
N21000310,N21000314,2,1693.0801979790206,inf,inf,inf,1693.0801979790206
N21000310,N21000315,9,1977.7812827003663,inf,inf,inf,1977.7812827003663
N21000310,N21000317,1,6015.416497497122,inf,inf,inf,6015.416497497122
N21000310,N21000322,1,5686.015749628572,inf,inf,inf,5686.015749628572
N21000310,N21000323,1,5623.8975765184805,inf,inf,inf,5623.8975765184805
N21000310,N21000324,3,4962.053812454456,inf,inf,inf,4962.053812454456
N21000310,N21000325,3,5583.685896259742,inf,inf,inf,5583.685896259742
N21000310,N21000327,3,5132.833798302479,inf,inf,inf,5132.833798302479
N21000310,N21000329,5,5779.324336261628,inf,inf,inf,5779.324336261628
N21000310,N21000331,4,4527.155415157112,inf,inf,inf,4527.155415157112
N21000310,N21000332,6,4677.608977834472,inf,inf,inf,4677.608977834472
N21000310,N21000333,3,4254.880399907712,inf,inf,inf,4254.880399907712
N21000310,N21000334,2,4683.039152608045,inf,inf,inf,4683.039152608045
N21000310,N21000335,40,3840.3197969286107,inf,inf,inf,3840.3197969286107
N21000311,N21000165,1,7299.696928886742,inf,inf,inf,7299.696928886742
N21000311,N21000170,2,6576.594412270716,inf,inf,inf,6576.594412270716
N21000311,N21000171,1,6494.17699838383,inf,inf,inf,6494.17699838383
N21000311,N21000172,4,6412.328039929452,inf,inf,inf,6412.328039929452
N21000311,N21000174,3,6474.6861598423375,inf,inf,inf,6474.6861598423375
N21000311,N21000175,4,6326.119818733799,inf,inf,inf,6326.119818733799
N21000311,N21000177,1,6359.690591605258,inf,inf,inf,6359.690591605258
N21000311,N21000178,3,5986.978731307401,inf,inf,inf,5986.978731307401
N21000311,N21000186,1,9010.945478601077,inf,inf,inf,9010.945478601077
N21000311,N21000190,1,8071.091803592815,inf,inf,inf,8071.091803592815
N21000311,N21000193,2,7403.2800414451085,inf,inf,inf,7403.2800414451085
N21000311,N21000195,2,7359.506710827995,inf,inf,inf,7359.506710827995
N21000311,N21000196,2,7020.7666273276545,inf,inf,inf,7020.7666273276545
N21000311,N21000198,15,7944.945111717989,inf,inf,inf,7944.945111717989
N21000311,N21000200,2,9116.682903079352,inf,inf,inf,9116.682903079352
N21000311,N21000205,3,8220.947165577418,inf,inf,inf,8220.947165577418
N21000311,N21000206,1,8867.975989619177,inf,inf,inf,8867.975989619177
N21000311,N21000208,2,7732.576779681914,inf,inf,inf,7732.576779681914
N21000311,N21000209,2,6892.276509345271,inf,inf,inf,6892.276509345271
N21000311,N21000213,1,7606.967424964495,inf,inf,inf,7606.967424964495
N21000311,N21000218,3,7910.875812069693,inf,inf,inf,7910.875812069693
N21000311,N21000223,1,9593.904705751096,inf,inf,inf,9593.904705751096
N21000311,N21000236,2,8536.51513690733,inf,inf,inf,8536.51513690733
N21000311,N21000237,2,9618.437422768984,inf,inf,inf,9618.437422768984
N21000311,N21000240,1,9047.852628935012,inf,inf,inf,9047.852628935012
N21000311,N21000241,1,7574.686301484446,inf,inf,inf,7574.686301484446
N21000311,N21000248,1,8121.963193430923,inf,inf,inf,8121.963193430923
N21000311,N21000250,1,8897.105453312832,inf,inf,inf,8897.105453312832
N21000311,N21000251,90,5118.666203014711,inf,inf,inf,5118.666203014711
N21000311,N21000252,18,6071.628252866995,inf,inf,inf,6071.628252866995
N21000311,N21000253,5,5151.512241271566,inf,inf,inf,5151.512241271566
N21000311,N21000254,5,5758.581696971164,inf,inf,inf,5758.581696971164
N21000311,N21000255,1,3886.1930201240048,inf,inf,inf,3886.1930201240048
N21000311,N21000256,18,4319.305109777244,inf,inf,inf,4319.305109777244
N21000311,N21000258,1,5101.58204871082,inf,inf,inf,5101.58204871082
N21000311,N21000259,3,5581.615393898356,inf,inf,inf,5581.615393898356
N21000311,N21000262,1,5933.027213484145,inf,inf,inf,5933.027213484145
N21000311,N21000264,5,5405.082682746056,inf,inf,inf,5405.082682746056
N21000311,N21000265,1,4606.980470626777,inf,inf,inf,4606.980470626777
N21000311,N21000268,27,3070.8328849481927,inf,inf,inf,3070.8328849481927
N21000311,N21000270,4,4325.562769033559,inf,inf,inf,4325.562769033559
N21000311,N21000271,1,5061.479662975228,inf,inf,inf,5061.479662975228
N21000311,N21000273,2,3530.3772007545103,inf,inf,inf,3530.3772007545103
N21000311,N21000274,20,3028.6661548349434,inf,inf,inf,3028.6661548349434
N21000311,N21000275,3,3338.6262893009593,inf,inf,inf,3338.6262893009593
N21000311,N21000276,2,2041.005382125143,inf,inf,2246.1153352551314,2041.005382125143
N21000311,N21000277,1,3662.995212419393,inf,inf,inf,3662.995212419393
N21000311,N21000278,2,5784.373082672703,inf,inf,inf,5784.373082672703
N21000311,N21000279,1,3021.0584121355096,inf,inf,3253.8909992881463,3021.0584121355096
N21000311,N21000280,1,2743.700974189504,inf,inf,inf,2743.700974189504
N21000311,N21000283,2,5006.254783617808,inf,inf,inf,5006.254783617808
N21000311,N21000284,1,4882.876253648172,inf,inf,inf,4882.876253648172
N21000311,N21000286,2,1228.2406864528807,inf,inf,3383.6330038378624,1228.2406864528807
N21000311,N21000287,2,4293.151540052628,inf,inf,inf,4293.151540052628
N21000311,N21000288,2,1998.1741725335469,inf,inf,3487.955503515324,1998.1741725335469
N21000311,N21000289,1,1744.3837335887445,inf,inf,2473.991563388112,1744.3837335887445
N21000311,N21000290,2,3564.1457708427233,inf,inf,inf,3564.1457708427233
N21000311,N21000291,1,2260.394625111757,inf,inf,3535.127428111076,2260.394625111757
N21000311,N21000293,2,3607.557075531439,inf,inf,inf,3607.557075531439
N21000311,N21000294,8,3898.199983194389,inf,inf,inf,3898.199983194389
N21000311,N21000295,6,3534.1285886427413,inf,inf,inf,3534.1285886427413
N21000311,N21000298,1,4358.261374321925,inf,inf,inf,4358.261374321925
N21000311,N21000299,1,4770.20153581006,inf,inf,inf,4770.20153581006
N21000311,N21000300,4,4724.411040754225,inf,inf,inf,4724.411040754225
N21000311,N21000301,2,3275.1885248430676,inf,inf,inf,3275.1885248430676
N21000311,N21000302,6,3672.677756951246,inf,inf,inf,3672.677756951246
N21000311,N21000303,7,3230.123036301332,inf,inf,inf,3230.123036301332
N21000311,N21000304,7,5699.934522329231,inf,inf,inf,5699.934522329231
N21000311,N21000305,4,2936.856152487561,inf,inf,inf,2936.856152487561
N21000311,N21000306,5,2836.8287176078065,inf,inf,inf,2836.8287176078065
N21000311,N21000307,11,1262.2851617858817,inf,inf,inf,1262.2851617858817
N21000311,N21000308,27,1269.023946730045,inf,inf,inf,1269.023946730045
N21000311,N21000309,47,2189.1134519917955,inf,inf,inf,2189.1134519917955
N21000311,N21000310,4,1565.6594227460653,inf,inf,inf,1565.6594227460653
N21000311,N21000312,8,1181.4480303534722,1181.4480303534722,1181.4480303534722,1181.4480303534722,1181.4480303534722
N21000311,N21000313,6,2518.816208508788,inf,inf,4376.621518740934,2518.816208508788
N21000311,N21000314,3,2058.4599258894004,inf,inf,3542.992440679813,2058.4599258894004
N21000311,N21000317,1,5774.923790266118,inf,inf,inf,5774.923790266118
N21000311,N21000323,1,5383.404869287477,inf,inf,inf,5383.404869287477
N21000311,N21000324,2,4721.5611052234535,inf,inf,inf,4721.5611052234535
N21000311,N21000325,5,5343.19318902874,inf,inf,inf,5343.19318902874
N21000311,N21000326,1,4590.9510044332355,inf,inf,inf,4590.9510044332355
N21000311,N21000327,3,4892.341091071476,inf,inf,inf,4892.341091071476
N21000311,N21000328,1,4916.020834581744,inf,inf,inf,4916.020834581744
N21000311,N21000329,8,5538.831629030626,inf,inf,inf,5538.831629030626
N21000311,N21000331,11,4286.66270792611,inf,inf,inf,4286.66270792611
N21000311,N21000332,4,4437.116270603469,inf,inf,inf,4437.116270603469
N21000311,N21000333,2,4014.38769267671,inf,inf,inf,4014.38769267671
N21000311,N21000334,2,4442.546445377042,inf,inf,inf,4442.546445377042
N21000311,N21000335,66,3599.8270896976087,inf,inf,inf,3599.8270896976087
N21000312,N21000166,1,7719.601221064861,inf,inf,inf,7719.601221064861
N21000312,N21000167,2,7716.128903884305,inf,inf,inf,7716.128903884305
N21000312,N21000170,1,7126.976043734056,inf,inf,inf,7126.976043734056
N21000312,N21000171,2,7044.558629847167,inf,inf,inf,7044.558629847167
N21000312,N21000172,1,6962.709671392789,inf,inf,inf,6962.709671392789
N21000312,N21000175,7,6876.501450197136,inf,inf,inf,6876.501450197136
N21000312,N21000176,1,6875.279428793846,inf,inf,inf,6875.279428793846
N21000312,N21000178,8,6537.360362770739,inf,inf,inf,6537.360362770739
N21000312,N21000184,1,9391.246679264425,inf,inf,inf,9391.246679264425
N21000312,N21000188,2,9100.71337977862,inf,inf,inf,9100.71337977862
N21000312,N21000191,2,8641.81844633581,inf,inf,inf,8641.81844633581
N21000312,N21000195,1,7909.888342291333,inf,inf,inf,7909.888342291333
N21000312,N21000198,6,8495.326743181324,inf,inf,inf,8495.326743181324
N21000312,N21000202,1,8751.84150248872,inf,inf,inf,8751.84150248872
N21000312,N21000203,2,9417.154351262332,inf,inf,inf,9417.154351262332
N21000312,N21000209,1,7442.6581408086095,inf,inf,inf,7442.6581408086095
N21000312,N21000212,1,7836.487736030085,inf,inf,inf,7836.487736030085
N21000312,N21000239,1,8844.093285092466,inf,inf,inf,8844.093285092466
N21000312,N21000240,1,9623.2723881158,inf,inf,inf,9623.2723881158
N21000312,N21000245,2,7635.451432712027,inf,inf,inf,7635.451432712027
N21000312,N21000251,79,5669.0478344780495,inf,inf,inf,5669.0478344780495
N21000312,N21000252,9,6622.009884330334,inf,inf,inf,6622.009884330334
N21000312,N21000253,10,5701.893872734905,inf,inf,inf,5701.893872734905
N21000312,N21000254,2,6308.963328434503,inf,inf,inf,6308.963328434503
N21000312,N21000255,1,4436.574651587343,inf,inf,inf,4436.574651587343
N21000312,N21000256,13,4869.686741240583,inf,inf,inf,4869.686741240583
N21000312,N21000258,3,5651.963680174159,inf,inf,inf,5651.963680174159
N21000312,N21000259,1,6131.997025361695,inf,inf,inf,6131.997025361695
N21000312,N21000261,1,5504.396611609384,inf,inf,inf,5504.396611609384
N21000312,N21000262,1,6483.408844947484,inf,inf,inf,6483.408844947484
N21000312,N21000264,4,6121.015760235177,inf,inf,inf,6121.015760235177
N21000312,N21000266,2,4944.149325934694,inf,inf,inf,4944.149325934694
N21000312,N21000268,17,3793.3633808063064,inf,inf,inf,3793.3633808063064
N21000312,N21000270,1,5048.093264891672,inf,inf,inf,5048.093264891672
N21000312,N21000273,1,4252.907696612624,inf,inf,inf,4252.907696612624
N21000312,N21000274,18,3751.1966506930576,inf,inf,inf,3751.1966506930576
N21000312,N21000275,2,3967.9059668826153,inf,inf,inf,3967.9059668826153
N21000312,N21000276,5,1876.9642952532577,inf,inf,2544.360289251687,1876.9642952532577
N21000312,N21000277,1,4385.525708277506,inf,inf,inf,4385.525708277506
N21000312,N21000278,1,6506.903578530816,inf,inf,inf,6506.903578530816
N21000312,N21000279,1,2857.0173252636246,inf,inf,3552.1359532847014,2857.0173252636246
N21000312,N21000283,3,4842.213696745924,inf,inf,inf,4842.213696745924
N21000312,N21000284,1,4718.835166776286,inf,inf,inf,4718.835166776286
N21000312,N21000286,7,836.754137267723,inf,inf,3681.877957834419,836.754137267723
N21000312,N21000287,6,3901.6649908674713,inf,inf,inf,3901.6649908674713
N21000312,N21000288,3,1606.6876233483897,inf,inf,3786.2004575118804,1606.6876233483897
N21000312,N21000289,2,1352.8971844035873,inf,inf,2772.2365173846683,1352.8971844035873
N21000312,N21000291,1,1868.9080759265998,inf,inf,3833.3723821076323,1868.9080759265998
N21000312,N21000293,5,3216.070526346282,inf,inf,inf,3216.070526346282
N21000312,N21000294,8,3734.1588963225036,inf,inf,inf,3734.1588963225036
N21000312,N21000295,16,3142.6420394575844,inf,inf,inf,3142.6420394575844
N21000312,N21000297,1,5278.522426773703,inf,inf,inf,5278.522426773703
N21000312,N21000299,3,4378.714986624903,inf,inf,inf,4378.714986624903
N21000312,N21000301,5,3825.5701563064063,inf,inf,inf,3825.5701563064063
N21000312,N21000302,3,4223.059388414584,inf,inf,inf,4223.059388414584
N21000312,N21000303,11,3780.5046677646696,inf,inf,inf,3780.5046677646696
N21000312,N21000304,13,4665.619441206334,inf,inf,inf,4665.619441206334
N21000312,N21000305,6,3487.237783950898,inf,inf,inf,3487.237783950898
N21000312,N21000306,5,3387.2103490711443,inf,inf,inf,3387.2103490711443
N21000312,N21000307,9,1812.6667932492198,inf,inf,inf,1812.6667932492198
N21000312,N21000308,15,1819.4055781933832,inf,inf,inf,1819.4055781933832
N21000312,N21000309,42,2739.495083455133,inf,inf,inf,2739.495083455133
N21000312,N21000310,5,957.1940401929172,inf,inf,inf,957.1940401929172
N21000312,N21000311,18,1181.448030353472,1181.448030353472,1181.448030353472,1181.448030353472,1181.448030353472
N21000312,N21000313,3,1484.501127385889,inf,inf,4674.866472737491,1484.501127385889
N21000312,N21000315,19,1349.6052736338902,inf,inf,1397.8789648463985,1349.6052736338902
N21000312,N21000316,1,7059.036031517982,inf,inf,inf,7059.036031517982
N21000312,N21000319,1,6493.655294658765,inf,inf,inf,6493.655294658765
N21000312,N21000323,1,5933.786500750816,inf,inf,inf,5933.786500750816
N21000312,N21000325,4,5893.5748204920765,inf,inf,inf,5893.5748204920765
N21000312,N21000327,2,5442.722722534816,inf,inf,inf,5442.722722534816
N21000312,N21000328,3,5466.402466045081,inf,inf,inf,5466.402466045081
N21000312,N21000329,2,6089.213260493963,inf,inf,inf,6089.213260493963
N21000312,N21000331,5,4837.0443393894475,inf,inf,inf,4837.0443393894475
N21000312,N21000332,5,4987.497902066809,inf,inf,inf,4987.497902066809
N21000312,N21000333,1,4564.7693241400475,inf,inf,inf,4564.7693241400475
N21000312,N21000335,57,4150.208721160947,inf,inf,inf,4150.208721160947
N21000313,N21000165,1,9023.881447589616,inf,inf,inf,9023.881447589616
N21000313,N21000167,2,8889.931791123836,inf,inf,inf,8889.931791123836
N21000313,N21000170,2,8300.778930973585,inf,inf,inf,8300.778930973585
N21000313,N21000174,1,8198.870678545207,inf,inf,inf,8198.870678545207
N21000313,N21000175,5,8050.304337436665,inf,inf,inf,8050.304337436665
N21000313,N21000177,1,8083.875110308125,inf,inf,inf,8083.875110308125
N21000313,N21000178,4,7711.163250010268,inf,inf,inf,7711.163250010268
N21000313,N21000193,2,9127.464560147977,inf,inf,inf,9127.464560147977
N21000313,N21000195,4,9083.691229530865,inf,inf,inf,9083.691229530865
N21000313,N21000204,2,8780.763195949612,inf,inf,inf,8780.763195949612
N21000313,N21000208,1,9456.761298384772,inf,inf,inf,9456.761298384772
N21000313,N21000209,2,8616.461028048136,inf,inf,inf,8616.461028048136
N21000313,N21000213,3,9331.151943667363,inf,inf,inf,9331.151943667363
N21000313,N21000249,1,9090.72062793535,inf,inf,inf,9090.72062793535
N21000313,N21000251,60,6842.8507217175775,inf,inf,inf,6842.8507217175775
N21000313,N21000252,11,7795.812771569862,inf,inf,inf,7795.812771569862
N21000313,N21000253,5,6875.696759974435,inf,inf,inf,6875.696759974435
N21000313,N21000254,6,7482.7662156740325,inf,inf,inf,7482.7662156740325
N21000313,N21000256,16,6043.4896284801125,inf,inf,inf,6043.4896284801125
N21000313,N21000258,5,6825.766567413689,inf,inf,inf,6825.766567413689
N21000313,N21000259,1,7305.799912601225,inf,inf,inf,7305.799912601225
N21000313,N21000264,5,7294.818647474704,inf,inf,inf,7294.818647474704
N21000313,N21000265,4,6535.217005978476,inf,inf,inf,6535.217005978476
N21000313,N21000266,3,6149.855365428281,inf,inf,inf,6149.855365428281
N21000313,N21000267,1,8147.652241385296,inf,inf,inf,8147.652241385296
N21000313,N21000268,30,4999.069420299895,inf,inf,inf,4999.069420299895
N21000313,N21000269,3,8113.804774754237,inf,inf,inf,8113.804774754237
N21000313,N21000270,3,6253.799304385259,inf,inf,inf,6253.799304385259
N21000313,N21000274,18,4956.902690186648,inf,inf,inf,4956.902690186648
N21000313,N21000275,3,5147.587304369755,inf,inf,inf,5147.587304369755
N21000313,N21000276,3,3056.6456327403957,inf,inf,3479.88081933803,3056.6456327403957
N21000313,N21000280,3,3759.3412248047566,inf,inf,inf,3759.3412248047566
N21000313,N21000283,2,6021.895034233062,inf,inf,inf,6021.895034233062
N21000313,N21000284,2,5668.648075273359,inf,inf,inf,5668.648075273359
N21000313,N21000286,1,2016.4354747548612,inf,inf,2807.1658051756467,2016.4354747548612
N21000313,N21000287,5,3703.274505547998,inf,inf,inf,3703.274505547998
N21000313,N21000288,13,1465.780055262742,inf,inf,1465.780055262742,1465.780055262742
N21000313,N21000289,3,1782.4046339646382,inf,inf,1902.6299553528233,1782.4046339646382
N21000313,N21000290,1,2974.2687363380933,inf,inf,inf,2974.2687363380933
N21000313,N21000291,1,1670.5175906071267,inf,inf,1670.5175906071267,1670.5175906071267
N21000313,N21000293,7,3017.6800410268083,inf,inf,inf,3017.6800410268083
N21000313,N21000294,6,4111.7312900120705,inf,inf,inf,4111.7312900120705
N21000313,N21000295,4,2944.2515541381117,inf,inf,inf,2944.2515541381117
N21000313,N21000297,1,5080.13194145423,inf,inf,inf,5080.13194145423
N21000313,N21000301,2,4999.3730435459365,inf,inf,inf,4999.3730435459365
N21000313,N21000302,2,5396.8622756541145,inf,inf,inf,5396.8622756541145
N21000313,N21000303,13,4954.307555004198,inf,inf,inf,4954.307555004198
N21000313,N21000304,16,3820.0132010796556,inf,inf,inf,3820.0132010796556
N21000313,N21000305,2,4661.040671190428,inf,inf,inf,4661.040671190428
N21000313,N21000306,4,4561.013236310672,inf,inf,inf,4561.013236310672
N21000313,N21000307,9,2986.4696804887494,inf,inf,inf,2986.4696804887494
N21000313,N21000308,11,2993.208465432913,inf,inf,inf,2993.208465432913
N21000313,N21000309,40,3913.2979706946626,inf,inf,inf,3913.2979706946626
N21000313,N21000310,7,2130.996927432447,inf,inf,inf,2130.996927432447
N21000313,N21000311,11,2518.816208508789,inf,inf,4376.621518740937,2518.816208508789
N21000313,N21000312,9,1484.5011273858893,inf,inf,4674.866472737493,1484.5011273858893
N21000313,N21000314,6,1185.7934887663164,inf,inf,1185.7934887663164,1185.7934887663164
N21000313,N21000315,15,2555.3113131274786,inf,inf,4334.66408182117,2555.3113131274786
N21000313,N21000319,1,7667.458181898295,inf,inf,inf,7667.458181898295
N21000313,N21000322,1,7169.707561100437,inf,inf,inf,7169.707561100437
N21000313,N21000324,1,6445.745623926323,inf,inf,inf,6445.745623926323
N21000313,N21000325,2,7067.377707731606,inf,inf,inf,7067.377707731606
N21000313,N21000326,1,6259.846680843918,inf,inf,inf,6259.846680843918
N21000313,N21000327,2,6616.525609774346,inf,inf,inf,6616.525609774346
N21000313,N21000329,5,7263.016147733492,inf,inf,inf,7263.016147733492
N21000313,N21000331,9,6010.847226628976,inf,inf,inf,6010.847226628976
N21000313,N21000332,9,6161.300789306338,inf,inf,inf,6161.300789306338
N21000313,N21000333,2,5738.572211379577,inf,inf,inf,5738.572211379577
N21000313,N21000334,3,6166.730964079909,inf,inf,inf,6166.730964079909
N21000313,N21000335,64,5324.011608400476,inf,inf,inf,5324.011608400476
N21000314,N21000167,2,8452.015061670409,inf,inf,inf,8452.015061670409
N21000314,N21000170,1,7862.862201520157,inf,inf,inf,7862.862201520157
N21000314,N21000174,1,7760.9539490917805,inf,inf,inf,7760.9539490917805
N21000314,N21000175,5,7612.387607983238,inf,inf,inf,7612.387607983238
N21000314,N21000177,1,7645.958380854698,inf,inf,inf,7645.958380854698
N21000314,N21000178,1,7273.246520556841,inf,inf,inf,7273.246520556841
N21000314,N21000195,1,8645.774500077434,inf,inf,inf,8645.774500077434
N21000314,N21000205,1,9507.214954826857,inf,inf,inf,9507.214954826857
N21000314,N21000208,1,9018.844568931347,inf,inf,inf,9018.844568931347
N21000314,N21000215,1,9171.093740438037,inf,inf,inf,9171.093740438037
N21000314,N21000249,1,8570.378359653836,inf,inf,inf,8570.378359653836
N21000314,N21000251,48,6404.93399226415,inf,inf,inf,6404.93399226415
N21000314,N21000252,13,7357.896042116435,inf,inf,inf,7357.896042116435
N21000314,N21000253,2,6437.780030521008,inf,inf,inf,6437.780030521008
N21000314,N21000254,4,7044.849486220605,inf,inf,inf,7044.849486220605
N21000314,N21000256,13,5605.572899026685,inf,inf,inf,5605.572899026685
N21000314,N21000258,2,6387.8498379602615,inf,inf,inf,6387.8498379602615
N21000314,N21000260,1,5771.374473411525,inf,inf,inf,5771.374473411525
N21000314,N21000261,2,6240.282769395484,inf,inf,inf,6240.282769395484
N21000314,N21000264,4,6812.976949816244,inf,inf,inf,6812.976949816244
N21000314,N21000268,22,4478.727152018382,inf,inf,inf,4478.727152018382
N21000314,N21000274,29,4436.560421905135,inf,inf,inf,4436.560421905135
N21000314,N21000276,2,2536.3033644588822,inf,inf,2646.2517412769075,2536.3033644588822
N21000314,N21000277,1,5070.889479489584,inf,inf,inf,5070.889479489584
N21000314,N21000279,2,3516.3563944692487,inf,inf,3654.027405309922,3516.3563944692487
N21000314,N21000280,1,3207.473321695762,inf,inf,inf,3207.473321695762
N21000314,N21000283,3,5501.552765951547,inf,inf,inf,5501.552765951547
N21000314,N21000284,1,5173.744634217174,inf,inf,inf,5173.744634217174
N21000314,N21000286,5,1223.7176327504064,inf,inf,1973.5367271145249,1223.7176327504064
N21000314,N21000287,3,3339.132077882383,inf,inf,inf,3339.132077882383
N21000314,N21000288,12,903.4505862312785,inf,inf,903.4505862312785,903.4505862312785
N21000314,N21000291,2,1306.375162941511,inf,inf,1421.6766402662834,1306.375162941511
N21000314,N21000293,2,2653.5376133611935,inf,inf,inf,2653.5376133611935
N21000314,N21000294,5,3488.4058209949458,inf,inf,inf,3488.4058209949458
N21000314,N21000295,6,2580.109126472496,inf,inf,inf,2580.109126472496
N21000314,N21000298,2,3404.2419121516787,inf,inf,inf,3404.2419121516787
N21000314,N21000299,1,3816.182073639814,inf,inf,inf,3816.182073639814
N21000314,N21000300,5,4057.4922813511243,inf,inf,inf,4057.4922813511243
N21000314,N21000301,2,4561.456314092509,inf,inf,inf,4561.456314092509
N21000314,N21000302,2,4958.945546200687,inf,inf,inf,4958.945546200687
N21000314,N21000303,8,4516.39082555077,inf,inf,inf,4516.39082555077
N21000314,N21000304,9,4530.12594327728,inf,inf,inf,4530.12594327728
N21000314,N21000305,5,4223.123941737,inf,inf,inf,4223.123941737
N21000314,N21000306,2,4123.096506857246,inf,inf,inf,4123.096506857246
N21000314,N21000307,8,2548.5529510353217,inf,inf,inf,2548.5529510353217
N21000314,N21000308,5,2555.291735979485,inf,inf,inf,2555.291735979485
N21000314,N21000309,21,3475.381241241235,inf,inf,inf,3475.381241241235
N21000314,N21000310,6,1693.0801979790199,inf,inf,inf,1693.0801979790199
N21000314,N21000311,8,2058.4599258894004,inf,inf,3542.9924406798145,2058.4599258894004
N21000314,N21000312,4,1046.584397932462,inf,inf,3841.237394676369,1046.584397932462
N21000314,N21000313,5,1185.7934887663164,inf,inf,1185.7934887663164,1185.7934887663164
N21000314,N21000315,14,2034.969044845966,inf,inf,3501.035003760047,2034.969044845966
N21000314,N21000322,1,6731.790831647009,inf,inf,inf,6731.790831647009
N21000314,N21000323,1,6669.672658536919,inf,inf,inf,6669.672658536919
N21000314,N21000325,1,6629.460978278179,inf,inf,inf,6629.460978278179
N21000314,N21000327,1,6178.608880320919,inf,inf,inf,6178.608880320919
N21000314,N21000329,3,6825.099418280065,inf,inf,inf,6825.099418280065
N21000314,N21000331,3,5572.930497175549,inf,inf,inf,5572.930497175549
N21000314,N21000332,6,5723.3840598529105,inf,inf,inf,5723.3840598529105
N21000314,N21000333,1,5300.65548192615,inf,inf,inf,5300.65548192615
N21000314,N21000334,3,5728.814234626482,inf,inf,inf,5728.814234626482
N21000314,N21000335,40,4886.0948789470485,inf,inf,inf,4886.0948789470485
N21000315,N21000165,1,7275.614761835755,inf,inf,inf,7275.614761835755
N21000315,N21000167,1,7141.66510536998,inf,inf,inf,7141.66510536998
N21000315,N21000170,4,6657.68137987943,inf,inf,inf,6657.68137987943
N21000315,N21000171,1,6470.094831332842,inf,inf,inf,6470.094831332842
N21000315,N21000174,2,6450.603992791351,inf,inf,inf,6450.603992791351
N21000315,N21000175,8,6302.03765168281,inf,inf,inf,6302.03765168281
N21000315,N21000177,3,6335.60842455427,inf,inf,inf,6335.60842455427
N21000315,N21000178,8,5962.896564256413,inf,inf,inf,5962.896564256413
N21000315,N21000184,1,8816.782880750097,inf,inf,inf,8816.782880750097
N21000315,N21000189,4,8133.973432966002,inf,inf,inf,8133.973432966002
N21000315,N21000190,1,8047.009636541827,inf,inf,inf,8047.009636541827
N21000315,N21000191,2,8067.354647821485,inf,inf,inf,8067.354647821485
N21000315,N21000193,1,7379.19787439412,inf,inf,inf,7379.19787439412
N21000315,N21000195,5,7335.424543777007,inf,inf,inf,7335.424543777007
N21000315,N21000196,2,6996.684460276666,inf,inf,inf,6996.684460276666
N21000315,N21000198,15,7920.862944667,inf,inf,inf,7920.862944667
N21000315,N21000202,2,8177.3777039743945,inf,inf,inf,8177.3777039743945
N21000315,N21000204,2,7032.4965101957605,inf,inf,inf,7032.4965101957605
N21000315,N21000205,2,8196.86499852643,inf,inf,inf,8196.86499852643
N21000315,N21000209,3,6868.194342294282,inf,inf,inf,6868.194342294282
N21000315,N21000215,1,7860.743784137611,inf,inf,inf,7860.743784137611
N21000315,N21000216,1,8848.778440630125,inf,inf,inf,8848.778440630125
N21000315,N21000217,1,7573.677995903664,inf,inf,inf,7573.677995903664
N21000315,N21000226,1,9489.057802248275,inf,inf,inf,9489.057802248275
N21000315,N21000237,3,9594.355255717996,inf,inf,inf,9594.355255717996
N21000315,N21000240,3,8748.616526011276,inf,inf,inf,8748.616526011276
N21000315,N21000241,2,7275.450198560709,inf,inf,inf,7275.450198560709
N21000315,N21000243,1,8207.980021487105,inf,inf,inf,8207.980021487105
N21000315,N21000248,1,7822.727090507186,inf,inf,inf,7822.727090507186
N21000315,N21000249,1,6863.24798965991,inf,inf,inf,6863.24798965991
N21000315,N21000251,77,5094.584035963722,inf,inf,inf,5094.584035963722
N21000315,N21000252,21,6047.546085816007,inf,inf,inf,6047.546085816007
N21000315,N21000253,4,5127.430074220578,inf,inf,inf,5127.430074220578
N21000315,N21000254,5,5734.4995299201755,inf,inf,inf,5734.4995299201755
N21000315,N21000256,9,4295.2229427262555,inf,inf,inf,4295.2229427262555
N21000315,N21000258,1,5077.499881659832,inf,inf,inf,5077.499881659832
N21000315,N21000261,1,4672.831476531582,inf,inf,inf,4672.831476531582
N21000315,N21000262,1,5864.3339919019945,inf,inf,inf,5864.3339919019945
N21000315,N21000264,7,5105.846579822318,inf,inf,inf,5105.846579822318
N21000315,N21000265,1,4307.744367703037,inf,inf,inf,4307.744367703037
N21000315,N21000266,2,3922.3827271528444,inf,inf,inf,3922.3827271528444
N21000315,N21000267,2,5920.179603109858,inf,inf,inf,5920.179603109858
N21000315,N21000268,24,2771.5967820244546,inf,inf,inf,2771.5967820244546
N21000315,N21000270,6,4026.3266661098214,inf,inf,inf,4026.3266661098214
N21000315,N21000272,1,4650.130035590913,inf,inf,inf,4650.130035590913
N21000315,N21000273,2,3231.141097830772,inf,inf,inf,3231.141097830772
N21000315,N21000274,27,2729.4300519112053,inf,inf,inf,2729.4300519112053
N21000315,N21000275,8,3039.390186377221,inf,inf,inf,3039.390186377221
N21000315,N21000276,6,1759.6566697652484,inf,inf,2204.1578983353634,1759.6566697652484
N21000315,N21000277,3,3363.7591094956547,inf,inf,inf,3363.7591094956547
N21000315,N21000278,1,5485.136979748965,inf,inf,inf,5485.136979748965
N21000315,N21000279,2,2739.709699775615,inf,inf,3211.9335623683783,2739.709699775615
N21000315,N21000280,1,2462.352261829609,inf,inf,inf,2462.352261829609
N21000315,N21000283,3,4724.906071257914,inf,inf,inf,4724.906071257914
N21000315,N21000284,5,4601.527541288277,inf,inf,inf,4601.527541288277
N21000315,N21000286,9,1204.7498054094463,inf,inf,3341.675566918095,1204.7498054094463
N21000315,N21000287,5,4269.660659009194,inf,inf,inf,4269.660659009194
N21000315,N21000288,7,1974.6832914901124,inf,inf,3445.998066595557,1974.6832914901124
N21000315,N21000289,2,1720.89285254531,inf,inf,2432.0341264683443,1720.89285254531
N21000315,N21000290,3,3540.6548897992893,inf,inf,inf,3540.6548897992893
N21000315,N21000291,1,2236.903744068323,inf,inf,3493.169991191309,2236.903744068323
N21000315,N21000293,5,3584.0661944880044,inf,inf,inf,3584.0661944880044
N21000315,N21000294,9,3616.851270834494,inf,inf,inf,3616.851270834494
N21000315,N21000295,6,3510.6377075993078,inf,inf,inf,3510.6377075993078
N21000315,N21000299,1,4746.710654766626,inf,inf,inf,4746.710654766626
N21000315,N21000301,3,3775.67571363495,inf,inf,inf,3775.67571363495
N21000315,N21000302,2,3648.5955899002574,inf,inf,inf,3648.5955899002574
N21000315,N21000303,7,3206.0408692503433,inf,inf,inf,3206.0408692503433
N21000315,N21000304,11,5736.429626947924,inf,inf,inf,5736.429626947924
N21000315,N21000305,5,2912.773985436572,inf,inf,inf,2912.773985436572
N21000315,N21000306,6,2812.746550556818,inf,inf,inf,2812.746550556818
N21000315,N21000307,12,1762.7723505777637,inf,inf,inf,1762.7723505777637
N21000315,N21000308,18,1769.5111355219271,inf,inf,inf,1769.5111355219271
N21000315,N21000309,32,2150.1923021999996,inf,inf,inf,2150.1923021999996
N21000315,N21000310,9,1977.781282700366,inf,inf,inf,1977.781282700366
N21000315,N21000312,9,1349.60527363389,inf,inf,1397.8789648463985,1349.60527363389
N21000315,N21000313,4,2555.3113131274795,inf,inf,4334.664081821167,2555.3113131274795
N21000315,N21000319,1,5919.191496144438,inf,inf,inf,5919.191496144438
N21000315,N21000322,1,5421.440875346581,inf,inf,inf,5421.440875346581
N21000315,N21000323,2,5359.322702236489,inf,inf,inf,5359.322702236489
N21000315,N21000324,2,5042.266101243301,inf,inf,inf,5042.266101243301
N21000315,N21000325,2,5319.111021977751,inf,inf,inf,5319.111021977751
N21000315,N21000327,7,4868.258924020489,inf,inf,inf,4868.258924020489
N21000315,N21000328,4,4891.938667530755,inf,inf,inf,4891.938667530755
N21000315,N21000329,6,5514.749461979637,inf,inf,inf,5514.749461979637
N21000315,N21000331,7,4262.580540875121,inf,inf,inf,4262.580540875121
N21000315,N21000332,2,4826.645071045409,inf,inf,inf,4826.645071045409
N21000315,N21000333,1,3990.305525625721,inf,inf,inf,3990.305525625721
N21000315,N21000334,2,4418.464278326052,inf,inf,inf,4418.464278326052
N21000315,N21000335,53,3575.74492264662,inf,inf,inf,3575.74492264662
N21000316,N21000161,4,2789.885230574092,inf,inf,5802.755542620118,2789.885230574092
N21000316,N21000163,1,1880.971293924089,inf,inf,inf,1880.971293924089
N21000316,N21000164,1,1733.5595154192754,inf,inf,inf,1733.5595154192754
N21000316,N21000165,1,1826.0827755210923,inf,inf,inf,1826.0827755210923
N21000316,N21000166,10,1050.4982110025828,inf,inf,inf,1050.4982110025828
N21000316,N21000167,1,3327.8088590811385,inf,inf,inf,3327.8088590811385
N21000316,N21000168,3,2635.271358925236,inf,inf,inf,2635.271358925236
N21000316,N21000169,2,1836.50198302968,inf,inf,inf,1836.50198302968
N21000316,N21000170,13,1542.9366237007105,inf,inf,inf,1542.9366237007105
N21000316,N21000172,2,2903.719868994901,inf,inf,inf,2903.719868994901
N21000316,N21000173,2,1999.2305279574293,inf,inf,inf,1999.2305279574293
N21000316,N21000174,1,2839.4578442626193,inf,inf,inf,2839.4578442626193
N21000316,N21000175,8,3871.272139277125,inf,inf,inf,3871.272139277125
N21000316,N21000176,1,4163.481139266548,inf,inf,inf,4163.481139266548
N21000316,N21000177,4,4559.942971881567,inf,inf,inf,4559.942971881567
N21000316,N21000178,1,3905.9369033890034,inf,inf,inf,3905.9369033890034
N21000316,N21000184,1,4055.4373281562794,inf,inf,inf,4055.4373281562794
N21000316,N21000186,2,4486.7039677156445,inf,inf,inf,4486.7039677156445
N21000316,N21000187,1,3076.2464176866515,inf,inf,inf,3076.2464176866515
N21000316,N21000188,2,5151.9829951713955,inf,inf,inf,5151.9829951713955
N21000316,N21000189,1,3965.763534716629,inf,inf,inf,3965.763534716629
N21000316,N21000192,27,6615.158175004638,inf,inf,inf,6615.158175004638
N21000316,N21000193,1,4003.596182461292,inf,inf,inf,4003.596182461292
N21000316,N21000195,3,5034.000048379141,inf,inf,inf,5034.000048379141
N21000316,N21000196,2,4472.2980011302825,inf,inf,inf,4472.2980011302825
N21000316,N21000198,12,6895.797199183031,inf,inf,inf,6895.797199183031
N21000316,N21000202,1,7152.311958490425,inf,inf,inf,7152.311958490425
N21000316,N21000226,2,8688.225802296605,inf,inf,inf,8688.225802296605
N21000316,N21000237,1,9099.429337162604,inf,inf,inf,9099.429337162604
N21000316,N21000240,1,8857.41658009261,inf,inf,inf,8857.41658009261
N21000316,N21000241,2,8123.546889405386,inf,inf,inf,8123.546889405386
N21000316,N21000245,3,7984.066515310642,inf,inf,inf,7984.066515310642
N21000316,N21000249,1,8454.473021161857,inf,inf,inf,8454.473021161857
N21000316,N21000251,56,4960.534107749547,inf,inf,inf,4960.534107749547
N21000316,N21000252,10,5666.1478358405,inf,inf,inf,5666.1478358405
N21000316,N21000253,5,5455.344372180853,inf,inf,inf,5455.344372180853
N21000316,N21000254,8,6133.698914824278,inf,inf,inf,6133.698914824278
N21000316,N21000256,6,5672.2964481798135,inf,inf,inf,5672.2964481798135
N21000316,N21000258,4,5985.690715102446,inf,inf,inf,5985.690715102446
N21000316,N21000260,1,5888.884223450073,inf,inf,inf,5888.884223450073
N21000316,N21000263,2,7476.835284111889,inf,inf,inf,7476.835284111889
N21000316,N21000264,1,6827.531539390695,inf,inf,inf,6827.531539390695
N21000316,N21000265,3,6443.370564419563,inf,inf,inf,6443.370564419563
N21000316,N21000266,2,6321.4597321222445,inf,inf,inf,6321.4597321222445
N21000316,N21000267,2,7340.754994695871,inf,inf,inf,7340.754994695871
N21000316,N21000268,13,5951.472661904889,inf,inf,inf,5951.472661904889
N21000316,N21000270,2,7275.428056727894,inf,inf,inf,7275.428056727894
N21000316,N21000272,1,8759.231101475192,inf,inf,inf,8759.231101475192
N21000316,N21000273,2,7861.341336291116,inf,inf,inf,7861.341336291116
N21000316,N21000274,2,7987.401281859279,inf,inf,inf,7987.401281859279
N21000316,N21000275,1,8203.249301337253,inf,inf,inf,8203.249301337253
N21000316,N21000302,1,4710.932175880736,inf,inf,inf,4710.932175880736
N21000316,N21000304,1,9476.258661973578,inf,inf,inf,9476.258661973578
N21000316,N21000307,1,5547.482801059283,inf,inf,inf,5547.482801059283
N21000316,N21000309,3,6028.223176186059,inf,inf,inf,6028.223176186059
N21000316,N21000311,1,6508.654400054643,inf,inf,inf,6508.654400054643
N21000316,N21000315,1,7009.141588846524,inf,inf,inf,7009.141588846524
N21000316,N21000317,9,1949.4323975210707,inf,inf,inf,1949.4323975210707
N21000316,N21000318,8,3138.536661283297,inf,inf,3138.536661283297,3138.536661283297
N21000316,N21000319,5,2656.808993254911,inf,inf,inf,2656.808993254911
N21000316,N21000321,2,2274.8803504679154,inf,inf,inf,2274.8803504679154
N21000316,N21000322,7,3411.7059073240052,inf,inf,inf,3411.7059073240052
N21000316,N21000323,5,3142.082564977531,inf,inf,inf,3142.082564977531
N21000316,N21000324,8,2757.143230793533,inf,inf,inf,2757.143230793533
N21000316,N21000325,16,3779.0465170520524,inf,inf,inf,3779.0465170520524
N21000316,N21000326,3,2191.315500746874,inf,inf,inf,2191.315500746874
N21000316,N21000327,1,2873.162538013901,inf,inf,inf,2873.162538013901
N21000316,N21000329,3,4515.766395027928,inf,inf,inf,4515.766395027928
N21000316,N21000330,2,2696.3838816387033,inf,inf,inf,2696.3838816387033
N21000316,N21000331,4,4069.0367878783445,inf,inf,inf,4069.0367878783445
N21000316,N21000332,3,3326.588102267774,inf,inf,inf,3326.588102267774
N21000316,N21000334,1,4418.277897306123,inf,inf,inf,4418.277897306123
N21000316,N21000335,14,4027.1571074504745,inf,inf,inf,4027.1571074504745
N21000317,N21000161,2,3426.082877760173,inf,inf,inf,3426.082877760173
N21000317,N21000162,1,2287.1054803369743,inf,inf,inf,2287.1054803369743
N21000317,N21000165,3,1866.0313781605455,inf,inf,inf,1866.0313781605455
N21000317,N21000166,3,1686.6958581886634,inf,inf,inf,1686.6958581886634
N21000317,N21000167,3,2050.574594749937,inf,inf,inf,2050.574594749937
N21000317,N21000168,1,1204.2197192027095,inf,inf,inf,1204.2197192027095
N21000317,N21000170,5,879.9370787799912,inf,inf,inf,879.9370787799912
N21000317,N21000174,4,1212.8379309928757,inf,inf,inf,1212.8379309928757
N21000317,N21000175,17,2244.6522260073825,inf,inf,inf,2244.6522260073825
N21000317,N21000177,7,2933.323058611824,inf,inf,inf,2933.323058611824
N21000317,N21000178,4,2279.3169901192605,inf,inf,inf,2279.3169901192605
N21000317,N21000179,1,7494.556427838344,inf,inf,inf,7494.556427838344
N21000317,N21000181,1,5390.844577458576,inf,inf,inf,5390.844577458576
N21000317,N21000182,2,5052.390782205564,inf,inf,inf,5052.390782205564
N21000317,N21000184,1,3854.047673957474,inf,inf,inf,3854.047673957474
N21000317,N21000186,2,4185.4385382817,inf,inf,inf,4185.4385382817
N21000317,N21000187,1,3280.1548338095085,inf,inf,inf,3280.1548338095085
N21000317,N21000189,2,3041.242178776398,inf,inf,inf,3041.242178776398
N21000317,N21000190,2,3340.014315559964,inf,inf,inf,3340.014315559964
N21000317,N21000192,38,5728.90746698507,inf,inf,inf,5728.90746698507
N21000317,N21000194,1,2990.5152751983724,inf,inf,inf,2990.5152751983724
N21000317,N21000195,5,3556.141815246307,inf,inf,inf,3556.141815246307
N21000317,N21000196,1,2978.4196625270456,inf,inf,inf,2978.4196625270456
N21000317,N21000197,9,8401.061723186769,inf,inf,inf,8401.061723186769
N21000317,N21000198,7,5269.17728591329,inf,inf,inf,5269.17728591329
N21000317,N21000200,1,6527.269601517084,inf,inf,inf,6527.269601517084
N21000317,N21000202,5,5525.692045220685,inf,inf,inf,5525.692045220685
N21000317,N21000205,3,5815.553557469122,inf,inf,inf,5815.553557469122
N21000317,N21000206,1,6416.441909346778,inf,inf,inf,6416.441909346778
N21000317,N21000212,1,5176.827613626707,inf,inf,inf,5176.827613626707
N21000317,N21000213,1,5497.688934024455,inf,inf,inf,5497.688934024455
N21000317,N21000215,1,5775.54746024856,inf,inf,inf,5775.54746024856
N21000317,N21000219,1,8902.782307443535,inf,inf,inf,8902.782307443535
N21000317,N21000222,1,7710.02643220682,inf,inf,inf,7710.02643220682
N21000317,N21000223,2,7142.370625478692,inf,inf,inf,7142.370625478692
N21000317,N21000224,1,8288.031100530467,inf,inf,inf,8288.031100530467
N21000317,N21000226,1,7061.605889026865,inf,inf,inf,7061.605889026865
N21000317,N21000237,3,7472.809423892862,inf,inf,inf,7472.809423892862
N21000317,N21000240,1,7254.3753902800545,inf,inf,inf,7254.3753902800545
N21000317,N21000241,1,6553.417692189407,inf,inf,inf,6553.417692189407
N21000317,N21000249,1,6884.343823945878,inf,inf,inf,6884.343823945878
N21000317,N21000251,56,3390.4049105335685,inf,inf,inf,3390.4049105335685
N21000317,N21000252,17,4066.7717507671514,inf,inf,inf,4066.7717507671514
N21000317,N21000253,5,3885.2151749648747,inf,inf,inf,3885.2151749648747
N21000317,N21000254,4,4563.5697176082995,inf,inf,inf,4563.5697176082995
N21000317,N21000256,7,4289.306972763727,inf,inf,inf,4289.306972763727
N21000317,N21000258,2,4425.438812925007,inf,inf,inf,4425.438812925007
N21000317,N21000259,1,4810.814580017133,inf,inf,inf,4810.814580017133
N21000317,N21000264,4,5267.279637213256,inf,inf,inf,5267.279637213256
N21000317,N21000265,2,5060.381089003478,inf,inf,inf,5060.381089003478
N21000317,N21000267,3,5770.625797479892,inf,inf,inf,5770.625797479892
N21000317,N21000268,8,4568.483186488802,inf,inf,inf,4568.483186488802
N21000317,N21000270,4,5892.438581311809,inf,inf,inf,5892.438581311809
N21000317,N21000273,1,6478.351860875031,inf,inf,inf,6478.351860875031
N21000317,N21000274,6,6604.411806443192,inf,inf,inf,6604.411806443192
N21000317,N21000275,1,6820.259825921166,inf,inf,inf,6820.259825921166
N21000317,N21000277,1,7126.15041030013,inf,inf,inf,7126.15041030013
N21000317,N21000280,1,7764.305758828345,inf,inf,inf,7764.305758828345
N21000317,N21000294,1,8918.804767833231,inf,inf,inf,8918.804767833231
N21000317,N21000295,1,8944.160347893989,inf,inf,inf,8944.160347893989
N21000317,N21000303,1,2813.677633908211,inf,inf,inf,2813.677633908211
N21000317,N21000304,1,8742.528052185053,inf,inf,inf,8742.528052185053
N21000317,N21000308,3,4816.514808030909,inf,inf,inf,4816.514808030909
N21000317,N21000309,6,4697.533441339468,inf,inf,inf,4697.533441339468
N21000317,N21000314,3,7061.1915795155555,inf,inf,inf,7061.1915795155555
N21000317,N21000316,4,1949.4323975210705,inf,inf,inf,1949.4323975210705
N21000317,N21000318,5,2574.041547434974,inf,inf,inf,2574.041547434974
N21000317,N21000319,4,1030.189079985168,inf,inf,inf,1030.189079985168
N21000317,N21000320,2,1486.9121576414761,inf,inf,inf,1486.9121576414761
N21000317,N21000322,2,1785.0859940542618,inf,inf,inf,1785.0859940542618
N21000317,N21000323,11,1515.4626517077882,inf,inf,inf,1515.4626517077882
N21000317,N21000324,11,1475.5754927175174,inf,inf,inf,1475.5754927175174
N21000317,N21000325,18,2208.917319836073,inf,inf,inf,2208.917319836073
N21000317,N21000326,4,1501.6180384876423,inf,inf,inf,1501.6180384876423
N21000317,N21000328,3,1729.0524849350354,inf,inf,inf,1729.0524849350354
N21000317,N21000329,3,2945.637197811949,inf,inf,inf,2945.637197811949
N21000317,N21000331,6,2498.9075906623657,inf,inf,inf,2498.9075906623657
N21000317,N21000332,3,2483.6638110657896,inf,inf,inf,2483.6638110657896
N21000317,N21000335,20,2644.167632034389,inf,inf,inf,2644.167632034389
N21000318,N21000161,2,2664.218881336821,inf,inf,2664.218881336821,2664.218881336821
N21000318,N21000163,2,4005.0299761858128,inf,inf,inf,4005.0299761858128
N21000318,N21000165,1,3997.8912038377725,inf,inf,inf,3997.8912038377725
N21000318,N21000170,1,3331.67902191028,inf,inf,inf,3331.67902191028
N21000318,N21000174,3,3664.5798741231642,inf,inf,inf,3664.5798741231642
N21000318,N21000175,5,4583.107379594461,inf,inf,inf,4583.107379594461
N21000318,N21000177,1,5271.778212198903,inf,inf,inf,5271.778212198903
N21000318,N21000178,6,4617.772143706338,inf,inf,inf,4617.772143706338
N21000318,N21000181,1,7716.292913919107,inf,inf,inf,7716.292913919107
N21000318,N21000189,1,5492.984121906684,inf,inf,inf,5492.984121906684
N21000318,N21000192,20,8180.649410115354,inf,inf,inf,8180.649410115354
N21000318,N21000195,3,6007.883758376598,inf,inf,inf,6007.883758376598
N21000318,N21000196,3,5395.862831121594,inf,inf,inf,5395.862831121594
N21000318,N21000198,10,7282.760780762623,inf,inf,inf,7282.760780762623
N21000318,N21000199,1,9005.745261635324,inf,inf,inf,9005.745261635324
N21000318,N21000205,2,7773.754620701564,inf,inf,inf,7773.754620701564
N21000318,N21000207,1,7103.121157858084,inf,inf,inf,7103.121157858084
N21000318,N21000208,1,7543.508224363442,inf,inf,inf,7543.508224363442
N21000318,N21000209,2,6703.2079540268,inf,inf,inf,6703.2079540268
N21000318,N21000214,2,7547.142575581576,inf,inf,inf,7547.142575581576
N21000318,N21000237,4,9429.368867450516,inf,inf,inf,9429.368867450516
N21000318,N21000239,1,8125.459796945507,inf,inf,inf,8125.459796945507
N21000318,N21000240,1,9174.585325901622,inf,inf,inf,9174.585325901622
N21000318,N21000241,2,8440.715635214396,inf,inf,inf,8440.715635214396
N21000318,N21000245,1,8301.235261119653,inf,inf,inf,8301.235261119653
N21000318,N21000251,34,5277.70285355856,inf,inf,inf,5277.70285355856
N21000318,N21000252,13,5983.316581649511,inf,inf,inf,5983.316581649511
N21000318,N21000253,5,5772.513117989865,inf,inf,inf,5772.513117989865
N21000318,N21000254,5,6450.867660633289,inf,inf,inf,6450.867660633289
N21000318,N21000256,11,5989.4651939888245,inf,inf,inf,5989.4651939888245
N21000318,N21000258,3,6302.859460911458,inf,inf,inf,6302.859460911458
N21000318,N21000261,1,6674.961265243042,inf,inf,inf,6674.961265243042
N21000318,N21000263,1,7794.0040299209,inf,inf,inf,7794.0040299209
N21000318,N21000264,3,7144.700285199707,inf,inf,inf,7144.700285199707
N21000318,N21000268,7,6268.6414077139,inf,inf,inf,6268.6414077139
N21000318,N21000269,2,7913.125418241281,inf,inf,inf,7913.125418241281
N21000318,N21000270,2,7592.596802536905,inf,inf,inf,7592.596802536905
N21000318,N21000272,1,9076.399847284207,inf,inf,inf,9076.399847284207
N21000318,N21000274,6,8304.570027668291,inf,inf,inf,8304.570027668291
N21000318,N21000280,1,9208.314047888294,inf,inf,inf,9208.314047888294
N21000318,N21000286,1,7689.1718013016625,inf,inf,inf,7689.1718013016625
N21000318,N21000301,2,3981.2808214601737,inf,inf,inf,3981.2808214601737
N21000318,N21000307,1,5864.651546868293,inf,inf,inf,5864.651546868293
N21000318,N21000308,1,5867.414163628442,inf,inf,inf,5867.414163628442
N21000318,N21000309,6,6345.39192199507,inf,inf,inf,6345.39192199507
N21000318,N21000316,12,3138.5366612832963,inf,inf,3138.5366612832963,3138.5366612832963
N21000318,N21000317,6,2574.0415474349743,inf,inf,inf,2574.0415474349743
N21000318,N21000319,4,3424.7525841098263,inf,inf,inf,3424.7525841098263
N21000318,N21000321,3,2592.049096276926,inf,inf,inf,2592.049096276926
N21000318,N21000322,6,3925.2653907763533,inf,inf,inf,3925.2653907763533
N21000318,N21000323,5,3480.988491109359,inf,inf,inf,3480.988491109359
N21000318,N21000324,11,3074.311976602544,inf,inf,inf,3074.311976602544
N21000318,N21000325,14,4096.215262861064,inf,inf,inf,4096.215262861064
N21000318,N21000326,3,2508.4842465558845,inf,inf,inf,2508.4842465558845
N21000318,N21000327,3,3190.3312838229112,inf,inf,inf,3190.3312838229112
N21000318,N21000328,1,3616.350427960025,inf,inf,inf,3616.350427960025
N21000318,N21000329,1,4832.93514083694,inf,inf,inf,4832.93514083694
N21000318,N21000331,6,4386.2055336873555,inf,inf,inf,4386.2055336873555
N21000318,N21000335,10,4344.3258532594855,inf,inf,inf,4344.3258532594855
N21000319,N21000161,1,4133.459473494015,inf,inf,inf,4133.459473494015
N21000319,N21000163,3,2611.9981206842986,inf,inf,inf,2611.9981206842986
N21000319,N21000164,2,3077.1337583391974,inf,inf,inf,3077.1337583391974
N21000319,N21000165,1,1930.5330916495595,inf,inf,1930.5330916495595,1930.5330916495595
N21000319,N21000166,2,2394.072453922505,inf,inf,inf,2394.072453922505
N21000319,N21000167,1,1923.1511727897152,inf,inf,8061.403808741398,1923.1511727897152
N21000319,N21000170,2,1587.313674513832,inf,inf,2032.739370887887,1587.313674513832
N21000319,N21000174,4,1105.5223226051532,inf,inf,1105.5223226051532,1105.5223226051532
N21000319,N21000175,11,1597.104855772113,inf,inf,2273.938414218451,1597.104855772113
N21000319,N21000177,1,2285.7756883765546,inf,inf,inf,2285.7756883765546
N21000319,N21000178,4,1631.769619883991,inf,inf,inf,1631.769619883991
N21000319,N21000184,1,3906.4388690107376,inf,inf,6579.595729771315,3906.4388690107376
N21000319,N21000189,1,3105.7438922654114,inf,inf,6822.785239356517,3105.7438922654114
N21000319,N21000192,15,5619.9882285141,inf,inf,9222.235922030279,5619.9882285141
N21000319,N21000193,3,2468.853862654761,inf,inf,7395.339270625355,2468.853862654761
N21000319,N21000194,1,2517.658581933388,inf,inf,8040.698093485094,2517.658581933388
N21000319,N21000195,2,3025.7115452686294,inf,inf,8606.324633533031,3025.7115452686294
N21000319,N21000197,9,7753.514352951497,inf,inf,inf,7753.514352951497
N21000319,N21000198,9,4621.629915678019,inf,inf,inf,4621.629915678019
N21000319,N21000203,1,5767.691269291326,inf,inf,inf,5767.691269291326
N21000319,N21000205,1,5168.00618723385,inf,inf,inf,5168.00618723385
N21000319,N21000207,3,4535.3638520012455,inf,inf,inf,4535.3638520012455
N21000319,N21000208,1,4954.482839513008,inf,inf,inf,4954.482839513008
N21000319,N21000209,3,4135.45064816996,inf,inf,inf,4135.45064816996
N21000319,N21000216,2,6116.034746505805,inf,inf,inf,6116.034746505805
N21000319,N21000217,1,4840.934301779343,inf,inf,inf,4840.934301779343
N21000319,N21000219,2,8255.234937208264,inf,inf,inf,8255.234937208264
N21000319,N21000221,2,9570.744196518419,inf,inf,inf,9570.744196518419
N21000319,N21000223,2,6494.82325524342,inf,inf,inf,6494.82325524342
N21000319,N21000224,2,7640.483730295195,inf,inf,inf,7640.483730295195
N21000319,N21000226,1,6414.058518791593,inf,inf,inf,6414.058518791593
N21000319,N21000236,1,5779.689275732021,inf,inf,inf,5779.689275732021
N21000319,N21000237,3,6825.26205365759,inf,inf,inf,6825.26205365759
N21000319,N21000239,1,5557.702491088668,inf,inf,inf,5557.702491088668
N21000319,N21000240,2,6606.828020044784,inf,inf,inf,6606.828020044784
N21000319,N21000241,2,5985.757820421086,inf,inf,inf,5985.757820421086
N21000319,N21000251,41,2961.0550677908554,inf,inf,inf,2961.0550677908554
N21000319,N21000252,8,3419.2243805318813,inf,inf,inf,3419.2243805318813
N21000319,N21000253,11,3455.8653322221617,inf,inf,inf,3455.8653322221617
N21000319,N21000254,1,3995.9098458399785,inf,inf,inf,3995.9098458399785
N21000319,N21000256,11,4135.812661585163,inf,inf,inf,4135.812661585163
N21000319,N21000258,5,4008.432149011808,inf,inf,inf,4008.432149011808
N21000319,N21000259,3,4381.464737274421,inf,inf,inf,4381.464737274421
N21000319,N21000261,1,4691.856765007798,inf,inf,inf,4691.856765007798
N21000319,N21000262,1,4619.0539034765325,inf,inf,inf,4619.0539034765325
N21000319,N21000264,4,4850.272973300058,inf,inf,inf,4850.272973300058
N21000319,N21000265,1,5120.574454995362,inf,inf,inf,5120.574454995362
N21000319,N21000266,4,4998.663622698044,inf,inf,inf,4998.663622698044
N21000319,N21000268,11,4628.676552480687,inf,inf,inf,4628.676552480687
N21000319,N21000271,1,5756.98319140308,inf,inf,inf,5756.98319140308
N21000319,N21000274,3,6664.605172435077,inf,inf,inf,6664.605172435077
N21000319,N21000276,1,7351.009491057648,inf,inf,inf,7351.009491057648
N21000319,N21000278,1,7616.979479542603,inf,inf,inf,7616.979479542603
N21000319,N21000294,1,8978.998133825115,inf,inf,inf,8978.998133825115
N21000319,N21000303,1,2884.460398890374,inf,inf,3517.407394532874,2884.460398890374
N21000319,N21000305,1,3915.188767623509,inf,inf,5775.2749716380595,3915.188767623509
N21000319,N21000309,5,4768.3162063216305,inf,inf,inf,4768.3162063216305
N21000319,N21000311,1,5943.273663195428,inf,inf,inf,5943.273663195428
N21000319,N21000315,1,5919.191496144438,inf,inf,inf,5919.191496144438
N21000319,N21000316,2,2656.80899325491,inf,inf,inf,2656.80899325491
N21000319,N21000317,7,1030.189079985168,inf,inf,inf,1030.189079985168
N21000319,N21000318,4,3424.7525841098263,inf,inf,inf,3424.7525841098263
N21000319,N21000321,2,913.2253891917368,inf,inf,1050.9199122712387,913.2253891917368
N21000319,N21000322,5,1137.5386238189928,inf,inf,2485.4768711069787,1137.5386238189928
N21000319,N21000323,9,867.9152814725189,inf,inf,1429.7477565346537,867.9152814725189
N21000319,N21000324,15,1849.052588435228,inf,inf,1885.6514341087448,1849.052588435228
N21000319,N21000325,15,1677.4224220151657,inf,inf,2230.123807397518,1677.4224220151657
N21000319,N21000326,1,2352.3290751624945,inf,inf,inf,2352.3290751624945
N21000319,N21000327,7,1483.2422844492357,inf,inf,1483.2422844492357,1483.2422844492357
N21000319,N21000329,1,2516.287355069236,inf,inf,inf,2516.287355069236
N21000319,N21000330,2,2762.529753053283,inf,inf,inf,2762.529753053283
N21000319,N21000331,4,2259.263702367789,inf,inf,2596.666884210288,2259.263702367789
N21000319,N21000332,5,2766.177142779033,inf,inf,2776.458856643444,2766.177142779033
N21000319,N21000335,4,2704.3609980262736,inf,inf,2873.173345071513,2704.3609980262736
N21000320,N21000161,5,4576.561829019099,inf,inf,inf,4576.561829019099
N21000320,N21000162,2,3651.7180336737656,inf,inf,inf,3651.7180336737656
N21000320,N21000163,2,3509.110884484122,inf,inf,inf,3509.110884484122
N21000320,N21000165,2,3230.6439314973363,inf,inf,inf,3230.6439314973363
N21000320,N21000167,2,3415.187148086728,inf,inf,inf,3415.187148086728
N21000320,N21000169,1,2350.612645984364,inf,inf,inf,2350.612645984364
N21000320,N21000170,4,2244.549632116782,inf,inf,inf,2244.549632116782
N21000320,N21000171,1,3206.562383319006,inf,inf,inf,3206.562383319006
N21000320,N21000174,4,2577.450484329667,inf,inf,inf,2577.450484329667
N21000320,N21000175,11,3495.9779898009633,inf,inf,inf,3495.9779898009633
N21000320,N21000177,2,4184.648822405405,inf,inf,inf,4184.648822405405
N21000320,N21000178,5,3530.6427539128413,inf,inf,inf,3530.6427539128413
N21000320,N21000179,1,8859.168981175135,inf,inf,inf,8859.168981175135
N21000320,N21000180,1,7141.726572091218,inf,inf,inf,7141.726572091218
N21000320,N21000181,1,6755.4571307953665,inf,inf,inf,6755.4571307953665
N21000320,N21000185,1,4281.638589175085,inf,inf,inf,4281.638589175085
N21000320,N21000186,5,5550.0510916184885,inf,inf,inf,5550.0510916184885
N21000320,N21000188,6,5564.473192536934,inf,inf,inf,5564.473192536934
N21000320,N21000190,3,4704.626868896754,inf,inf,inf,4704.626868896754
N21000320,N21000192,53,7093.520020321858,inf,inf,inf,7093.520020321858
N21000320,N21000193,1,4286.468317601368,inf,inf,inf,4286.468317601368
N21000320,N21000194,1,4355.127828535164,inf,inf,inf,4355.127828535164
N21000320,N21000195,5,4920.754368583099,inf,inf,inf,4920.754368583099
N21000320,N21000196,2,4308.733441328096,inf,inf,inf,4308.733441328096
N21000320,N21000197,26,9327.515828242602,inf,inf,inf,9327.515828242602
N21000320,N21000198,26,6195.6313909691235,inf,inf,inf,6195.6313909691235
N21000320,N21000199,2,7918.615871841825,inf,inf,inf,7918.615871841825
N21000320,N21000200,1,7453.723706572917,inf,inf,inf,7453.723706572917
N21000320,N21000202,3,6452.146150276518,inf,inf,inf,6452.146150276518
N21000320,N21000204,1,5525.131712358678,inf,inf,inf,5525.131712358678
N21000320,N21000205,2,6686.625230908065,inf,inf,inf,6686.625230908065
N21000320,N21000208,1,6456.378834569943,inf,inf,inf,6456.378834569943
N21000320,N21000209,3,5616.0785642333,inf,inf,inf,5616.0785642333
N21000320,N21000210,1,7187.628213710368,inf,inf,inf,7187.628213710368
N21000320,N21000211,1,7486.260551244297,inf,inf,inf,7486.260551244297
N21000320,N21000212,2,6009.908159454776,inf,inf,inf,6009.908159454776
N21000320,N21000213,2,6330.7694798525245,inf,inf,inf,6330.7694798525245
N21000320,N21000216,1,7596.662662569144,inf,inf,inf,7596.662662569144
N21000320,N21000226,1,7932.677562465808,inf,inf,inf,7932.677562465808
N21000320,N21000232,2,9115.598074305135,inf,inf,inf,9115.598074305135
N21000320,N21000236,2,7260.317191795361,inf,inf,inf,7260.317191795361
N21000320,N21000237,5,8342.239477657013,inf,inf,inf,8342.239477657013
N21000320,N21000239,1,7038.330407152008,inf,inf,inf,7038.330407152008
N21000320,N21000240,14,8087.455936108125,inf,inf,inf,8087.455936108125
N21000320,N21000241,2,7202.108955903782,inf,inf,inf,7202.108955903782
N21000320,N21000243,1,7979.571858224806,inf,inf,inf,7979.571858224806
N21000320,N21000245,2,7062.628581809038,inf,inf,inf,7062.628581809038
N21000320,N21000251,79,4008.648718698262,inf,inf,inf,4008.648718698262
N21000320,N21000252,16,4896.187191856012,inf,inf,inf,4896.187191856012
N21000320,N21000253,5,4384.335850260081,inf,inf,inf,4384.335850260081
N21000320,N21000254,6,5212.2609813226745,inf,inf,inf,5212.2609813226745
N21000320,N21000255,2,4153.4354222810425,inf,inf,inf,4153.4354222810425
N21000320,N21000256,25,4586.547511934281,inf,inf,inf,4586.547511934281
N21000320,N21000257,1,3919.271210512618,inf,inf,inf,3919.271210512618
N21000320,N21000258,4,4899.941778856915,inf,inf,inf,4899.941778856915
N21000320,N21000259,1,5309.935255312343,inf,inf,inf,5309.935255312343
N21000320,N21000261,2,5272.0435831885015,inf,inf,inf,5272.0435831885015
N21000320,N21000263,2,6555.397350610286,inf,inf,inf,6555.397350610286
N21000320,N21000264,3,5741.782603145164,inf,inf,inf,5741.782603145164
N21000320,N21000265,3,5357.6216281740335,inf,inf,inf,5357.6216281740335
N21000320,N21000266,3,5235.710795876715,inf,inf,inf,5235.710795876715
N21000320,N21000268,37,4865.723725659357,inf,inf,inf,4865.723725659357
N21000320,N21000269,2,6636.308132221717,inf,inf,inf,6636.308132221717
N21000320,N21000270,3,6189.679120482364,inf,inf,inf,6189.679120482364
N21000320,N21000271,1,6648.492821248186,inf,inf,inf,6648.492821248186
N21000320,N21000272,2,7673.482165229658,inf,inf,inf,7673.482165229658
N21000320,N21000273,4,6775.592400045586,inf,inf,inf,6775.592400045586
N21000320,N21000274,4,6799.216103365653,inf,inf,inf,6799.216103365653
N21000320,N21000275,1,7109.176237831668,inf,inf,inf,7109.176237831668
N21000320,N21000278,2,8508.489109387709,inf,inf,inf,8508.489109387709
N21000320,N21000283,2,9451.715926447328,inf,inf,inf,9451.715926447328
N21000320,N21000287,3,9095.360420927638,inf,inf,inf,9095.360420927638
N21000320,N21000291,2,7062.603505986767,inf,inf,inf,7062.603505986767
N21000320,N21000294,1,8704.090822919403,inf,inf,inf,8704.090822919403
N21000320,N21000300,3,9530.301880479237,inf,inf,inf,9530.301880479237
N21000320,N21000302,8,3625.1832396352015,inf,inf,inf,3625.1832396352015
N21000320,N21000303,1,3058.618432509271,inf,inf,inf,3058.618432509271
N21000320,N21000304,2,8043.228453900627,inf,inf,inf,8043.228453900627
N21000320,N21000305,2,3474.099543933635,inf,inf,inf,3474.099543933635
N21000320,N21000307,1,4205.929312894521,inf,inf,inf,4205.929312894521
N21000320,N21000308,1,4208.69192965467,inf,inf,inf,4208.69192965467
N21000320,N21000309,5,4723.694628006541,inf,inf,inf,4723.694628006541
N21000320,N21000312,1,5662.193701061031,inf,inf,inf,5662.193701061031
N21000320,N21000316,5,2176.6096199007075,inf,inf,inf,2176.6096199007075
N21000320,N21000317,4,1486.9121576414761,inf,inf,inf,1486.9121576414761
N21000320,N21000318,3,2493.778365709718,inf,inf,inf,2493.778365709718
N21000320,N21000319,2,2337.623194316329,inf,inf,inf,2337.623194316329
N21000320,N21000321,14,1504.919706483427,inf,inf,inf,1504.919706483427
N21000320,N21000322,2,2838.1360009828554,inf,inf,inf,2838.1360009828554
N21000320,N21000323,21,2393.859101315861,inf,inf,inf,2393.859101315861
N21000320,N21000324,20,1671.3942945480014,inf,inf,inf,1671.3942945480014
N21000320,N21000325,35,3009.0858730675645,inf,inf,inf,3009.0858730675645
N21000320,N21000327,3,1997.321161794528,inf,inf,inf,1997.321161794528
N21000320,N21000328,1,2529.2210381665263,inf,inf,inf,2529.2210381665263
N21000320,N21000329,8,3745.8057510434405,inf,inf,inf,3745.8057510434405
N21000320,N21000330,3,1339.7935513207265,inf,inf,inf,1339.7935513207265
N21000320,N21000331,8,2988.236602194629,inf,inf,inf,2988.236602194629
N21000320,N21000332,2,2240.839166022242,inf,inf,inf,2240.839166022242
N21000320,N21000333,1,2336.955243692911,inf,inf,inf,2336.955243692911
N21000320,N21000335,38,2941.4081712049438,inf,inf,inf,2941.4081712049438
N21000321,N21000161,3,4058.9218115039725,inf,inf,inf,4058.9218115039725
N21000321,N21000163,2,2777.33726489113,inf,inf,inf,2777.33726489113
N21000321,N21000164,1,3002.5960963491557,inf,inf,inf,3002.5960963491557
N21000321,N21000165,2,2269.6486548830567,inf,inf,2407.3431779625585,2269.6486548830567
N21000321,N21000166,3,2319.534791932463,inf,inf,inf,2319.534791932463
N21000321,N21000167,1,2282.3745495957114,inf,inf,8538.213895054398,2282.3745495957114
N21000321,N21000170,1,1512.7760125237908,inf,inf,2509.5494572008856,1512.7760125237908
N21000321,N21000172,1,1508.8999105709313,inf,inf,1646.5944336504335,1508.8999105709313
N21000321,N21000174,5,1444.63788583865,inf,inf,1582.3324089181522,1444.63788583865
N21000321,N21000175,10,2059.2821393126032,inf,inf,2259.3003186286414,2059.2821393126032
N21000321,N21000177,3,2747.9529719170446,inf,inf,inf,2747.9529719170446
N21000321,N21000178,3,2093.9469034244817,inf,inf,inf,2093.9469034244817
N21000321,N21000179,1,7898.173704560856,inf,inf,9026.86378741983,7898.173704560856
N21000321,N21000181,1,5794.461854181089,inf,inf,inf,5794.461854181089
N21000321,N21000184,1,4257.664950679986,inf,inf,7056.405816084313,4257.664950679986
N21000321,N21000186,2,4589.055815004211,inf,inf,7570.591801054281,4589.055815004211
N21000321,N21000189,1,3444.8594554989086,inf,inf,7299.595325669516,3444.8594554989086
N21000321,N21000190,1,3667.2493042443048,inf,inf,8164.194198008975,3667.2493042443048
N21000321,N21000192,27,6132.5247437075805,inf,inf,9699.046008343277,6132.5247437075805
N21000321,N21000195,4,3556.2952247104668,inf,inf,9083.134719846026,3556.2952247104668
N21000321,N21000197,6,7869.039145662198,inf,inf,inf,7869.039145662198
N21000321,N21000198,9,4737.15470838872,inf,inf,inf,4737.15470838872
N21000321,N21000201,2,5353.094466930925,inf,inf,inf,5353.094466930925
N21000321,N21000202,1,4993.669467696116,inf,inf,inf,4993.669467696116
N21000321,N21000204,1,4066.655029778279,inf,inf,inf,4066.655029778279
N21000321,N21000206,1,5829.0369002053185,inf,inf,inf,5829.0369002053185
N21000321,N21000207,1,4557.515085484182,inf,inf,inf,4557.515085484182
N21000321,N21000208,1,4997.9021519895405,inf,inf,inf,4997.9021519895405
N21000321,N21000221,2,9630.886557612232,inf,inf,inf,9630.886557612232
N21000321,N21000223,1,6554.965616337233,inf,inf,inf,6554.965616337233
N21000321,N21000225,1,7044.383290367138,inf,inf,inf,7044.383290367138
N21000321,N21000231,1,8916.19720404343,inf,inf,inf,8916.19720404343
N21000321,N21000237,1,6883.76279507661,inf,inf,inf,6883.76279507661
N21000321,N21000240,5,6628.979253527721,inf,inf,inf,6628.979253527721
N21000321,N21000251,31,2732.09678118466,inf,inf,inf,2732.09678118466
N21000321,N21000252,13,3437.71050927561,inf,inf,inf,3437.71050927561
N21000321,N21000253,4,3226.907045615966,inf,inf,inf,3226.907045615966
N21000321,N21000254,1,3905.26158825939,inf,inf,inf,3905.26158825939
N21000321,N21000256,7,3630.9988434148177,inf,inf,inf,3630.9988434148177
N21000321,N21000258,5,3767.130683576096,inf,inf,inf,3767.130683576096
N21000321,N21000259,1,4152.506450668225,inf,inf,inf,4152.506450668225
N21000321,N21000264,4,4608.971507864343,inf,inf,inf,4608.971507864343
N21000321,N21000265,1,4402.072959654567,inf,inf,inf,4402.072959654567
N21000321,N21000266,1,4280.162127357249,inf,inf,inf,4280.162127357249
N21000321,N21000267,2,5112.317668130982,inf,inf,inf,5112.317668130982
N21000321,N21000268,8,3910.1750571398907,inf,inf,inf,3910.1750571398907
N21000321,N21000269,1,5367.519345867382,inf,inf,inf,5367.519345867382
N21000321,N21000270,2,5234.130451962898,inf,inf,inf,5234.130451962898
N21000321,N21000274,4,5946.10367709428,inf,inf,inf,5946.10367709428
N21000321,N21000283,4,8504.491385187908,inf,inf,inf,8504.491385187908
N21000321,N21000300,1,9086.707696044155,inf,inf,inf,9086.707696044155
N21000321,N21000303,1,2165.9589035495796,inf,inf,2827.5029747331373,2165.9589035495796
N21000321,N21000309,5,4049.8147109808356,inf,inf,inf,4049.8147109808356
N21000321,N21000316,1,2274.880350467914,inf,inf,inf,2274.880350467914
N21000321,N21000318,4,2592.0490962769254,inf,inf,inf,2592.0490962769254
N21000321,N21000319,3,913.2253891917368,inf,inf,1050.9199122712391,913.2253891917368
N21000321,N21000322,2,1401.4401504944967,inf,inf,1834.5593297376797,1401.4401504944967
N21000321,N21000323,4,957.1632508275013,inf,inf,1060.4193031278735,957.1632508275013
N21000321,N21000324,4,935.8271992434904,inf,inf,1195.747014309007,935.8271992434904
N21000321,N21000325,10,1550.609190487163,inf,inf,1579.20626602822,1550.609190487163
N21000321,N21000326,2,1519.6255873295934,inf,inf,inf,1519.6255873295934
N21000321,N21000328,1,1070.7443555861255,inf,inf,1099.3414311271822,1070.7443555861255
N21000321,N21000329,1,2287.3290684630406,inf,inf,inf,2287.3290684630406
N21000321,N21000332,2,1943.9155175917626,inf,inf,2086.5544368437063,1943.9155175917626
N21000321,N21000333,1,1381.4065751734465,inf,inf,1710.7751127660372,1381.4065751734465
N21000321,N21000335,2,1985.8595026854798,inf,inf,2183.268925271776,1985.8595026854798
N21000322,N21000161,1,4888.356387563109,inf,inf,inf,4888.356387563109
N21000322,N21000166,1,3148.969367991599,inf,inf,inf,3148.969367991599
N21000322,N21000171,1,1244.5478711842484,inf,inf,inf,1244.5478711842484
N21000322,N21000174,7,1429.1235654162954,inf,inf,3016.8893677538917,1429.1235654162954
N21000322,N21000175,7,1073.2048015673129,inf,inf,2578.6949832754385,1073.2048015673129
N21000322,N21000177,3,1461.5558346129435,inf,inf,inf,1461.5558346129435
N21000322,N21000178,7,807.5497661203806,inf,inf,inf,807.5497661203806
N21000322,N21000181,1,5124.7469341357,inf,inf,inf,5124.7469341357
N21000322,N21000183,1,4564.871045138746,inf,inf,inf,4564.871045138746
N21000322,N21000184,1,3587.950030634599,inf,inf,8490.962774920052,3587.950030634599
N21000322,N21000185,1,3719.613369679137,inf,inf,6214.077636455933,3719.613369679137
N21000322,N21000187,1,3353.525599160448,inf,inf,7180.792350502817,3353.525599160448
N21000322,N21000188,3,3601.3502823310205,inf,inf,9783.19226165365,3601.3502823310205
N21000322,N21000192,17,4986.179080690331,inf,inf,11133.602967179018,4986.179080690331
N21000322,N21000194,1,2199.1697435572496,inf,inf,9952.065138633829,2199.1697435572496
N21000322,N21000195,4,2410.525244843735,inf,inf,10517.691678681764,2410.525244843735
N21000322,N21000197,6,6929.294499187888,inf,inf,inf,6929.294499187888
N21000322,N21000198,5,3797.4100619144074,inf,inf,inf,3797.4100619144074
N21000322,N21000200,1,5055.502377518205,inf,inf,inf,5055.502377518205
N21000322,N21000202,1,4053.9248212218045,inf,inf,inf,4053.9248212218045
N21000322,N21000204,1,3217.917326483285,inf,inf,inf,3217.917326483285
N21000322,N21000208,1,4130.262985749397,inf,inf,inf,4130.262985749397
N21000322,N21000221,1,8746.524342754812,inf,inf,inf,8746.524342754812
N21000322,N21000225,2,6160.021075509719,inf,inf,inf,6160.021075509719
N21000322,N21000236,1,4955.4694219684125,inf,inf,inf,4955.4694219684125
N21000322,N21000237,3,6001.042199893983,inf,inf,inf,6001.042199893983
N21000322,N21000240,1,5782.608166281176,inf,inf,inf,5782.608166281176
N21000322,N21000251,30,1908.2149658778064,inf,inf,inf,1908.2149658778064
N21000322,N21000252,5,2595.0045267682717,inf,inf,inf,2595.0045267682717
N21000322,N21000253,2,2403.025230309113,inf,inf,inf,2403.025230309113
N21000322,N21000254,3,3081.379772952535,inf,inf,inf,3081.379772952535
N21000322,N21000255,1,3267.877805016518,inf,inf,inf,3267.877805016518
N21000322,N21000256,6,3190.8820629972547,inf,inf,inf,3190.8820629972547
N21000322,N21000261,1,3662.574401109938,inf,inf,inf,3662.574401109938
N21000322,N21000264,1,3797.432871387007,inf,inf,inf,3797.432871387007
N21000322,N21000265,3,4161.9230778271085,inf,inf,inf,4161.9230778271085
N21000322,N21000268,7,3980.1661083948306,inf,inf,inf,3980.1661083948306
N21000322,N21000270,3,4479.6226148752485,inf,inf,inf,4479.6226148752485
N21000322,N21000274,8,6016.09472834922,inf,inf,inf,6016.09472834922
N21000322,N21000278,1,6564.139377629551,inf,inf,inf,6564.139377629551
N21000322,N21000283,1,8303.122951801772,inf,inf,inf,8303.122951801772
N21000322,N21000300,2,9156.698747299095,inf,inf,inf,9156.698747299095
N21000322,N21000303,2,2368.0806299494793,inf,inf,3799.126728542644,2368.0806299494793
N21000322,N21000309,2,4270.565585523774,inf,inf,inf,4270.565585523774
N21000322,N21000316,1,3411.7059073240052,inf,inf,inf,3411.7059073240052
N21000322,N21000317,3,1785.0859940542623,inf,inf,inf,1785.0859940542623
N21000322,N21000319,5,1137.5386238189928,inf,inf,2485.4768711069787,1137.5386238189928
N21000322,N21000324,1,2287.196651198476,inf,inf,2507.2578698493394,2287.196651198476
N21000322,N21000326,1,2852.8418818290224,inf,inf,inf,2852.8418818290224
N21000322,N21000327,2,1792.5073834620405,inf,inf,2012.5686021129034,1792.5073834620405
N21000322,N21000328,1,1198.431485729243,inf,inf,1418.4927043801058,1198.431485729243
N21000322,N21000329,3,1463.4472531561867,inf,inf,inf,1463.4472531561867
N21000322,N21000331,3,1419.9116623647133,inf,inf,2878.386218220058,1419.9116623647133
N21000322,N21000332,1,2827.83525813794,inf,inf,3058.1781906532137,2827.83525813794
N21000322,N21000335,12,2055.8505539404196,inf,inf,3154.8926790812825,2055.8505539404196
N21000323,N21000161,1,4618.733045216635,inf,inf,inf,4618.733045216635
N21000323,N21000162,1,3374.9670758087236,inf,inf,3986.971196527915,3374.9670758087236
N21000323,N21000163,1,3097.271692406919,inf,inf,inf,3097.271692406919
N21000323,N21000165,1,2415.8066633721796,inf,inf,2786.171022225973,2415.8066633721796
N21000323,N21000166,3,2879.346025645125,inf,inf,inf,2879.346025645125
N21000323,N21000170,1,2072.587246236452,inf,inf,2888.377301464301,2072.587246236452
N21000323,N21000174,2,1590.7958943277733,inf,inf,1961.1602531815672,1590.7958943277733
N21000323,N21000175,11,1635.3089288549781,inf,inf,1712.6371953983796,1635.3089288549781
N21000323,N21000177,4,2249.0871702916425,inf,inf,inf,2249.0871702916425
N21000323,N21000178,2,1595.0811017990795,inf,inf,inf,1595.0811017990795
N21000323,N21000181,1,5686.851061423367,inf,inf,inf,5686.851061423367
N21000323,N21000183,1,5126.9751724264115,inf,inf,inf,5126.9751724264115
N21000323,N21000188,2,4334.556689640704,inf,inf,8727.463147081324,4334.556689640704
N21000323,N21000189,1,3467.2447101381704,inf,inf,7678.42316993293,3467.2447101381704
N21000323,N21000190,1,3380.2809137139943,inf,inf,8543.022042272389,3380.2809137139943
N21000323,N21000192,29,5773.7104163690265,inf,inf,10077.873852606692,5773.7104163690265
N21000323,N21000193,1,2712.469151566288,inf,inf,8250.97720120177,2712.469151566288
N21000323,N21000195,3,3172.708117733158,inf,inf,9461.962564109439,3172.708117733158
N21000323,N21000197,1,7520.795653554613,inf,inf,inf,7520.795653554613
N21000323,N21000198,10,4388.9112162811325,inf,inf,inf,4388.9112162811325
N21000323,N21000201,1,5004.850974823339,inf,inf,inf,5004.850974823339
N21000323,N21000203,1,5479.590138277553,inf,inf,inf,5479.590138277553
N21000323,N21000205,2,4879.905056220077,inf,inf,inf,4879.905056220077
N21000323,N21000208,1,4649.658659881954,inf,inf,inf,4649.658659881954
N21000323,N21000215,1,4801.907831388641,inf,inf,inf,4801.907831388641
N21000323,N21000216,1,5789.942487881156,inf,inf,inf,5789.942487881156
N21000323,N21000221,5,9282.643065504646,inf,inf,inf,9282.643065504646
N21000323,N21000226,2,6125.95738777782,inf,inf,inf,6125.95738777782
N21000323,N21000231,1,8567.953711935848,inf,inf,inf,8567.953711935848
N21000323,N21000240,3,6280.7357614201355,inf,inf,inf,6280.7357614201355
N21000323,N21000251,52,2383.8532890770734,inf,inf,inf,2383.8532890770734
N21000323,N21000252,8,3089.467017168024,inf,inf,inf,3089.467017168024
N21000323,N21000253,7,2878.6635535083797,inf,inf,inf,2878.6635535083797
N21000323,N21000254,3,3557.0180961518035,inf,inf,inf,3557.0180961518035
N21000323,N21000256,10,3466.6498912825505,inf,inf,inf,3466.6498912825505
N21000323,N21000258,5,3418.88719146851,inf,inf,inf,3418.88719146851
N21000323,N21000259,2,3804.2629585606387,inf,inf,inf,3804.2629585606387
N21000323,N21000263,1,4900.154465439414,inf,inf,inf,4900.154465439414
N21000323,N21000264,2,4260.7280157567575,inf,inf,inf,4260.7280157567575
N21000323,N21000266,2,4438.7948287900945,inf,inf,inf,4438.7948287900945
N21000323,N21000267,2,4764.074176023395,inf,inf,inf,4764.074176023395
N21000323,N21000268,9,4068.807758572736,inf,inf,inf,4068.807758572736
N21000323,N21000269,2,5019.275853759795,inf,inf,inf,5019.275853759795
N21000323,N21000272,1,6192.427577841251,inf,inf,inf,6192.427577841251
N21000323,N21000274,5,6104.736378527125,inf,inf,inf,6104.736378527125
N21000323,N21000278,1,7027.434521999304,inf,inf,inf,7027.434521999304
N21000323,N21000280,1,7264.630330912279,inf,inf,inf,7264.630330912279
N21000323,N21000302,1,2891.1564121083557,inf,inf,3810.545328661539,2891.1564121083557
N21000323,N21000307,1,4121.119707501596,inf,inf,inf,4121.119707501596
N21000323,N21000309,4,4208.447412413681,inf,inf,inf,4208.447412413681
N21000323,N21000316,3,3142.0825649775306,inf,inf,inf,3142.0825649775306
N21000323,N21000317,7,1515.4626517077882,inf,inf,inf,1515.4626517077882
N21000323,N21000318,2,3480.9884911093595,inf,inf,inf,3480.9884911093595
N21000323,N21000319,12,867.9152814725188,inf,inf,1429.747756534654,867.9152814725188
N21000323,N21000321,6,957.1632508275015,inf,inf,1060.4193031278735,957.1632508275015
N21000323,N21000324,6,1665.6697419316208,inf,inf,1733.117843239533,1665.6697419316208
N21000323,N21000325,36,1195.6940214680328,inf,inf,1218.837983698935,1195.6940214680328
N21000323,N21000326,3,2408.5649821620277,inf,inf,inf,2408.5649821620277
N21000323,N21000327,4,1170.980474195185,inf,inf,1238.428575503097,1170.980474195185
N21000323,N21000329,3,1939.0855763554546,inf,inf,inf,1939.0855763554546
N21000323,N21000330,1,2442.716316536579,inf,inf,inf,2442.716316536579
N21000323,N21000331,6,1520.6219646133834,inf,inf,2104.2461916102507,1520.6219646133834
N21000323,N21000332,4,2206.308348871084,inf,inf,2284.038164043407,2206.308348871084
N21000323,N21000333,2,1540.0392766062919,inf,inf,1908.258839965738,1540.0392766062919
N21000323,N21000335,6,2144.492204118325,inf,inf,2380.7526524714767,2144.492204118325
N21000324,N21000161,3,4830.993940414852,inf,inf,inf,4830.993940414852
N21000324,N21000165,3,3205.475854126547,inf,inf,3242.0746998000627,3205.475854126547
N21000324,N21000166,5,3091.606920843342,inf,inf,inf,3091.606920843342
N21000324,N21000167,3,3218.2017488392016,inf,inf,9372.945416891902,3218.2017488392016
N21000324,N21000169,1,2390.911155302251,inf,inf,3212.86004803368,2390.911155302251
N21000324,N21000170,5,2284.848141434669,inf,inf,3344.280979038391,2284.848141434669
N21000324,N21000171,1,2717.991777437904,inf,inf,inf,2717.991777437904
N21000324,N21000172,1,2444.7271098144215,inf,inf,2481.3259554879382,2444.7271098144215
N21000324,N21000174,3,2380.46508508214,inf,inf,2417.0639307556567,2380.46508508214
N21000324,N21000175,8,2995.109338556093,inf,inf,3092.1607630456774,2995.109338556093
N21000324,N21000177,2,3462.987964095102,inf,inf,inf,3462.987964095102
N21000324,N21000178,1,2927.029424440353,inf,inf,inf,2927.029424440353
N21000324,N21000181,6,6730.289053424577,inf,inf,inf,6730.289053424577
N21000324,N21000184,2,5193.492149923474,inf,inf,7891.137337921818,5193.492149923474
N21000324,N21000186,2,5524.8830142477,inf,inf,8405.323322891785,5524.8830142477
N21000324,N21000187,4,4619.599309775512,inf,inf,6580.966913504581,4619.599309775512
N21000324,N21000189,2,4380.686654742398,inf,inf,8134.32684750702,4380.686654742398
N21000324,N21000190,2,4603.076503487795,inf,inf,8998.92571984648,4603.076503487795
N21000324,N21000192,39,6962.74276483176,inf,inf,10533.777530180781,6962.74276483176
N21000324,N21000195,5,4462.804083317841,inf,inf,9917.866241683529,4462.804083317841
N21000324,N21000197,7,8570.334761314914,inf,inf,inf,8570.334761314914
N21000324,N21000198,9,5438.450324041435,inf,inf,inf,5438.450324041435
N21000324,N21000199,2,7161.434804914139,inf,inf,inf,7161.434804914139
N21000324,N21000200,1,6696.542639645231,inf,inf,inf,6696.542639645231
N21000324,N21000202,3,5694.965083348832,inf,inf,inf,5694.965083348832
N21000324,N21000204,1,4767.950645430992,inf,inf,inf,4767.950645430992
N21000324,N21000205,3,5929.444163980379,inf,inf,inf,5929.444163980379
N21000324,N21000206,2,6530.332515858035,inf,inf,inf,6530.332515858035
N21000324,N21000207,1,5131.08880034007,inf,inf,inf,5131.08880034007
N21000324,N21000209,4,4731.175596508785,inf,inf,inf,4731.175596508785
N21000324,N21000219,1,9070.152086592167,inf,inf,inf,9070.152086592167
N21000324,N21000220,2,8958.333235307799,inf,inf,inf,8958.333235307799
N21000324,N21000222,2,7823.917038718077,inf,inf,inf,7823.917038718077
N21000324,N21000224,1,8401.921707041723,inf,inf,inf,8401.921707041723
N21000324,N21000225,2,7745.678906019854,inf,inf,inf,7745.678906019854
N21000324,N21000226,1,7175.496495538122,inf,inf,inf,7175.496495538122
N21000324,N21000230,1,8748.598125184455,inf,inf,inf,8748.598125184455
N21000324,N21000237,2,7457.336509932497,inf,inf,inf,7457.336509932497
N21000324,N21000238,1,5929.65522417355,inf,inf,inf,5929.65522417355
N21000324,N21000240,4,7202.5529683836085,inf,inf,inf,7202.5529683836085
N21000324,N21000243,2,7094.66889050029,inf,inf,inf,7094.66889050029
N21000324,N21000248,1,7220.587409866013,inf,inf,inf,7220.587409866013
N21000324,N21000249,1,6481.951659140218,inf,inf,inf,6481.951659140218
N21000324,N21000251,72,2957.5652901782278,inf,inf,inf,2957.5652901782278
N21000324,N21000252,11,3910.527340030509,inf,inf,inf,3910.527340030509
N21000324,N21000253,11,3333.2524217400473,inf,inf,inf,3333.2524217400473
N21000324,N21000254,6,4161.177552802638,inf,inf,inf,4161.177552802638
N21000324,N21000256,21,3535.464083414246,inf,inf,inf,3535.464083414246
N21000324,N21000258,10,3848.8583503368795,inf,inf,inf,3848.8583503368795
N21000324,N21000259,1,4258.851826792306,inf,inf,inf,4258.851826792306
N21000324,N21000261,1,4220.960154668467,inf,inf,inf,4220.960154668467
N21000324,N21000264,6,4690.699174625128,inf,inf,inf,4690.699174625128
N21000324,N21000265,2,4306.538199653996,inf,inf,inf,4306.538199653996
N21000324,N21000266,2,4184.627367356678,inf,inf,inf,4184.627367356678
N21000324,N21000268,13,3814.6402971393195,inf,inf,inf,3814.6402971393195
N21000324,N21000270,5,5138.595691962327,inf,inf,inf,5138.595691962327
N21000324,N21000271,1,5597.40939272815,inf,inf,inf,5597.40939272815
N21000324,N21000274,7,5850.56891709371,inf,inf,inf,5850.56891709371
N21000324,N21000275,1,6066.416936571684,inf,inf,inf,6066.416936571684
N21000324,N21000278,1,7457.405680867673,inf,inf,inf,7457.405680867673
N21000324,N21000283,1,8408.956625187338,inf,inf,inf,8408.956625187338
N21000324,N21000289,1,6101.0528077973295,inf,inf,inf,6101.0528077973295
N21000324,N21000294,2,8164.961878483746,inf,inf,inf,8164.961878483746
N21000324,N21000295,1,7890.797662851328,inf,inf,inf,7890.797662851328
N21000324,N21000299,1,9126.870610018646,inf,inf,inf,9126.870610018646
N21000324,N21000300,1,8991.172936043586,inf,inf,inf,8991.172936043586
N21000324,N21000304,3,7689.165367142392,inf,inf,inf,7689.165367142392
N21000324,N21000305,1,3028.55973726721,inf,inf,5078.750510724476,3028.55973726721
N21000324,N21000308,1,3763.1521229882464,inf,inf,inf,3763.1521229882464
N21000324,N21000309,6,3891.390811420492,inf,inf,inf,3891.390811420492
N21000324,N21000310,1,4962.053812454457,inf,inf,inf,4962.053812454457
N21000324,N21000315,1,5042.2661012433,inf,inf,inf,5042.2661012433
N21000324,N21000316,5,2757.1432307935324,inf,inf,inf,2757.1432307935324
N21000324,N21000317,5,1475.5754927175167,inf,inf,inf,1475.5754927175167
N21000324,N21000318,4,3074.3119766025434,inf,inf,inf,3074.3119766025434
N21000324,N21000319,8,1849.052588435227,inf,inf,1885.6514341087436,1849.052588435227
N21000324,N21000321,6,935.8271992434904,inf,inf,1195.7470143090063,935.8271992434904
N21000324,N21000322,1,2287.1966511984756,inf,inf,2507.25786984934,2287.1966511984756
N21000324,N21000323,8,1665.6697419316208,inf,inf,1733.117843239532,1665.6697419316208
N21000324,N21000325,13,2251.904806139879,inf,inf,2251.904806139879,2251.904806139879
N21000324,N21000326,4,1611.405986270929,inf,inf,inf,1611.405986270929
N21000324,N21000327,3,890.3175224153546,inf,890.3175224153546,890.3175224153546,890.3175224153546
N21000324,N21000329,3,2988.624684115755,inf,inf,inf,2988.624684115755
N21000324,N21000331,6,1937.1531736745937,inf,inf,2096.8199751716634,1937.1531736745937
N21000324,N21000332,5,1430.3011260231258,inf,inf,2079.9343957298593,1430.3011260231258
N21000324,N21000333,3,1285.8718151728754,inf,inf,1704.1550716521901,1285.8718151728754
N21000324,N21000335,22,1890.3247426849086,inf,inf,2176.648884157929,1890.3247426849086
N21000325,N21000165,2,2902.2577323963274,inf,inf,3586.547073088838,2902.2577323963274
N21000325,N21000166,4,3688.853166187771,inf,inf,inf,3688.853166187771
N21000325,N21000170,1,2882.094386779098,inf,inf,3688.753352327166,2882.094386779098
N21000325,N21000174,4,1969.0073636124682,inf,inf,2761.5363040444313,1969.0073636124682
N21000325,N21000175,12,1481.2952709133904,inf,inf,2323.341919565978,1481.2952709133904
N21000325,N21000177,1,1486.2023116577832,inf,inf,inf,1486.2023116577832
N21000325,N21000178,2,863.2324235157458,inf,inf,inf,863.2324235157458
N21000325,N21000179,1,7923.698590783774,inf,inf,10206.067682546109,7923.698590783774
N21000325,N21000181,1,5485.458667072337,inf,inf,inf,5485.458667072337
N21000325,N21000186,2,4118.742194371227,inf,inf,8749.795696180563,4118.742194371227
N21000325,N21000188,2,3659.5291052060966,inf,inf,9527.839197944191,3659.5291052060966
N21000325,N21000189,3,3265.85231578714,inf,inf,8478.799220795792,3265.85231578714
N21000325,N21000192,28,4985.957112394443,inf,inf,10878.24990346956,4985.957112394443
N21000325,N21000195,3,2468.704067718811,inf,inf,10262.338614972303,2468.704067718811
N21000325,N21000196,4,1896.3085970437403,inf,inf,inf,1896.3085970437403
N21000325,N21000197,4,6593.549108877595,inf,inf,inf,6593.549108877595
N21000325,N21000198,9,3461.664671604115,inf,inf,inf,3461.664671604115
N21000325,N21000202,1,3718.179430911511,inf,inf,inf,3718.179430911511
N21000325,N21000204,2,2791.1649929936743,inf,inf,inf,2791.1649929936743
N21000325,N21000205,3,3952.6585115430603,inf,inf,inf,3952.6585115430603
N21000325,N21000208,1,3722.412115204935,inf,inf,inf,3722.412115204935
N21000325,N21000209,2,2882.1118448682923,inf,inf,inf,2882.1118448682923
N21000325,N21000213,1,3596.802760487517,inf,inf,inf,3596.802760487517
N21000325,N21000216,1,4862.695943204135,inf,inf,inf,4862.695943204135
N21000325,N21000220,1,6981.547582870481,inf,inf,inf,6981.547582870481
N21000325,N21000221,1,8355.396520827628,inf,inf,inf,8355.396520827628
N21000325,N21000225,1,5768.893253582534,inf,inf,inf,5768.893253582534
N21000325,N21000226,1,5198.710843100802,inf,inf,inf,5198.710843100802
N21000325,N21000230,1,6771.812472747134,inf,inf,inf,6771.812472747134
N21000325,N21000235,1,7127.805582011019,inf,inf,inf,7127.805582011019
N21000325,N21000236,1,4526.350472430356,inf,inf,inf,4526.350472430356
N21000325,N21000237,2,5608.272758292003,inf,inf,inf,5608.272758292003
N21000325,N21000240,6,5353.489216743119,inf,inf,inf,5353.489216743119
N21000325,N21000251,26,1456.606744400056,inf,inf,inf,1456.606744400056
N21000325,N21000252,9,2162.220472491006,inf,inf,inf,2162.220472491006
N21000325,N21000253,5,1951.4170088313617,inf,inf,inf,1951.4170088313617
N21000325,N21000254,2,2629.7715514747842,inf,inf,inf,2629.7715514747842
N21000325,N21000255,1,3165.5479516476885,inf,inf,inf,3165.5479516476885
N21000325,N21000256,7,2768.366266197419,inf,inf,inf,2768.366266197419
N21000325,N21000258,1,2503.9838256210087,inf,inf,inf,2503.9838256210087
N21000325,N21000259,1,2877.016413883621,inf,inf,inf,2877.016413883621
N21000325,N21000260,1,3546.40252553152,inf,inf,inf,3546.40252553152
N21000325,N21000261,2,3210.9661796321875,inf,inf,inf,3210.9661796321875
N21000325,N21000264,2,3345.824649909256,inf,inf,inf,3345.824649909256
N21000325,N21000265,2,3710.3148563493573,inf,inf,inf,3710.3148563493573
N21000325,N21000266,1,3688.567516722455,inf,inf,inf,3688.567516722455
N21000325,N21000268,5,3877.8362550260013,inf,inf,inf,3877.8362550260013
N21000325,N21000270,1,4028.0143933974987,inf,inf,inf,4028.0143933974987
N21000325,N21000272,3,5277.524211993749,inf,inf,inf,5277.524211993749
N21000325,N21000274,3,5913.764874980391,inf,inf,inf,5913.764874980391
N21000325,N21000277,1,5856.94335675961,inf,inf,inf,5856.94335675961
N21000325,N21000278,2,6112.531156151802,inf,inf,inf,6112.531156151802
N21000325,N21000283,1,7851.514730324023,inf,inf,inf,7851.514730324023
N21000325,N21000287,1,9260.93300613491,inf,inf,inf,9260.93300613491
N21000325,N21000291,2,7228.176091194037,inf,inf,inf,7228.176091194037
N21000325,N21000303,1,2265.75077658065,inf,inf,3543.7736648331834,2265.75077658065
N21000325,N21000304,1,9382.426775594318,inf,inf,inf,9382.426775594318
N21000325,N21000307,2,4080.908027242859,inf,inf,inf,4080.908027242859
N21000325,N21000309,6,4168.235732154944,inf,inf,inf,4168.235732154944
N21000325,N21000311,1,5343.1931890287415,inf,inf,inf,5343.1931890287415
N21000325,N21000317,5,2208.9173198360727,inf,inf,inf,2208.9173198360727
N21000325,N21000318,1,4096.215262861062,inf,inf,inf,4096.215262861062
N21000325,N21000319,3,1677.422422015165,inf,inf,2230.123807397518,1677.422422015165
N21000325,N21000321,2,1550.6091904871626,inf,inf,1579.2062660282195,1550.6091904871626
N21000325,N21000323,5,1195.6940214680324,inf,inf,1218.837983698935,1195.6940214680324
N21000325,N21000324,2,2251.904806139879,inf,inf,2251.904806139879,2251.904806139879
N21000325,N21000326,1,3023.79175391373,inf,inf,inf,3023.79175391373
N21000325,N21000327,1,1757.215538403443,inf,inf,1757.215538403443,1757.215538403443
N21000325,N21000328,2,1163.1396406706453,inf,inf,1163.1396406706453,1163.1396406706453
N21000325,N21000329,2,1011.8390316784364,inf,inf,inf,1011.8390316784364
N21000325,N21000330,1,3028.9513807448384,inf,inf,inf,3028.9513807448384
N21000325,N21000331,4,1317.5818089958836,inf,inf,2623.0331545105973,1317.5818089958836
N21000325,N21000332,2,2792.5434130793424,inf,inf,2802.8251269437533,2792.5434130793424
N21000325,N21000335,4,1953.5207005715902,inf,inf,2899.539615371822,1953.5207005715902
N21000326,N21000161,2,4591.267709865265,inf,inf,inf,4591.267709865265
N21000326,N21000165,3,3245.3498123435024,inf,inf,inf,3245.3498123435024
N21000326,N21000170,1,2259.255512962948,inf,inf,inf,2259.255512962948
N21000326,N21000172,1,2656.4183899081145,inf,inf,inf,2656.4183899081145
N21000326,N21000173,2,1751.9290488706433,inf,inf,inf,1751.9290488706433
N21000326,N21000174,2,2592.156365175833,inf,inf,inf,2592.156365175833
N21000326,N21000175,5,3510.6838706471294,inf,inf,inf,3510.6838706471294
N21000326,N21000176,1,3802.8928706365527,inf,inf,inf,3802.8928706365527
N21000326,N21000177,2,4199.354703251571,inf,inf,inf,4199.354703251571
N21000326,N21000188,1,5579.1790733831,inf,inf,inf,5579.1790733831
N21000326,N21000189,2,4420.560612959353,inf,inf,inf,4420.560612959353
N21000326,N21000190,1,4719.33274974292,inf,inf,inf,4719.33274974292
N21000326,N21000191,1,5421.77584994383,inf,inf,inf,5421.77584994383
N21000326,N21000192,27,7108.225901168024,inf,inf,inf,7108.225901168024
N21000326,N21000193,2,4301.174198447534,inf,inf,inf,4301.174198447534
N21000326,N21000195,1,4935.460249429265,inf,inf,inf,4935.460249429265
N21000326,N21000197,10,9342.221709088768,inf,inf,inf,9342.221709088768
N21000326,N21000198,14,6210.33727181529,inf,inf,inf,6210.33727181529
N21000326,N21000201,1,6826.277030357493,inf,inf,inf,6826.277030357493
N21000326,N21000204,1,5539.837593204844,inf,inf,inf,5539.837593204844
N21000326,N21000205,1,6701.331111754231,inf,inf,inf,6701.331111754231
N21000326,N21000207,1,6030.697648910751,inf,inf,inf,6030.697648910751
N21000326,N21000208,1,6471.084715416109,inf,inf,inf,6471.084715416109
N21000326,N21000209,3,5630.784445079466,inf,inf,inf,5630.784445079466
N21000326,N21000230,1,9520.485072958307,inf,inf,inf,9520.485072958307
N21000326,N21000236,2,7275.0230726415275,inf,inf,inf,7275.0230726415275
N21000326,N21000240,4,8102.161816954291,inf,inf,inf,8102.161816954291
N21000326,N21000241,2,7142.120647626711,inf,inf,inf,7142.120647626711
N21000326,N21000249,1,7473.046779383182,inf,inf,inf,7473.046779383182
N21000326,N21000251,52,3948.660410421191,inf,inf,inf,3948.660410421191
N21000326,N21000252,3,4901.6224602734765,inf,inf,inf,4901.6224602734765
N21000326,N21000253,1,4324.34754198301,inf,inf,inf,4324.34754198301
N21000326,N21000254,5,5152.272673045603,inf,inf,inf,5152.272673045603
N21000326,N21000256,18,4526.559203657209,inf,inf,inf,4526.559203657209
N21000326,N21000258,3,4839.953470579843,inf,inf,inf,4839.953470579843
N21000326,N21000259,1,5249.9469470352715,inf,inf,inf,5249.9469470352715
N21000326,N21000261,1,5212.0552749114295,inf,inf,inf,5212.0552749114295
N21000326,N21000264,4,5681.794294868092,inf,inf,inf,5681.794294868092
N21000326,N21000265,1,5297.633319896961,inf,inf,inf,5297.633319896961
N21000326,N21000266,4,5175.722487599643,inf,inf,inf,5175.722487599643
N21000326,N21000268,16,4805.735417382285,inf,inf,inf,4805.735417382285
N21000326,N21000269,2,6576.319823944646,inf,inf,inf,6576.319823944646
N21000326,N21000270,3,6129.690812205292,inf,inf,inf,6129.690812205292
N21000326,N21000272,1,7613.493856952586,inf,inf,inf,7613.493856952586
N21000326,N21000273,1,6715.604091768514,inf,inf,inf,6715.604091768514
N21000326,N21000274,6,6223.066195909009,inf,inf,inf,6223.066195909009
N21000326,N21000276,2,6270.746314393518,inf,inf,inf,6270.746314393518
N21000326,N21000278,1,8448.500801110637,inf,inf,inf,8448.500801110637
N21000326,N21000279,1,7250.799344403886,inf,inf,inf,7250.799344403886
N21000326,N21000280,2,6973.441906457877,inf,inf,inf,6973.441906457877
N21000326,N21000283,1,8875.566018990681,inf,inf,inf,8875.566018990681
N21000326,N21000284,1,9112.61718591654,inf,inf,inf,9112.61718591654
N21000326,N21000294,1,8127.94091546276,inf,inf,inf,8127.94091546276
N21000326,N21000298,1,8584.320347740291,inf,inf,inf,8584.320347740291
N21000326,N21000304,1,7467.078546443985,inf,inf,inf,7467.078546443985
N21000326,N21000305,1,2897.949636476992,inf,inf,inf,2897.949636476992
N21000326,N21000306,2,2711.021491157942,inf,inf,inf,2711.021491157942
N21000326,N21000307,1,3629.779405437877,inf,inf,inf,3629.779405437877
N21000326,N21000308,1,3632.542022198028,inf,inf,inf,3632.542022198028
N21000326,N21000309,3,4147.544720549897,inf,inf,inf,4147.544720549897
N21000326,N21000316,3,2191.3155007468736,inf,inf,inf,2191.3155007468736
N21000326,N21000317,1,1501.6180384876423,inf,inf,inf,1501.6180384876423
N21000326,N21000318,1,2508.484246555884,inf,inf,inf,2508.484246555884
N21000326,N21000319,4,2352.329075162495,inf,inf,inf,2352.329075162495
N21000326,N21000321,4,1519.6255873295934,inf,inf,inf,1519.6255873295934
N21000326,N21000322,4,2852.8418818290215,inf,inf,inf,2852.8418818290215
N21000326,N21000323,10,2408.5649821620273,inf,inf,inf,2408.5649821620273
N21000326,N21000324,13,1611.4059862709296,inf,inf,inf,1611.4059862709296
N21000326,N21000325,22,3023.7917539137306,inf,inf,inf,3023.7917539137306
N21000326,N21000327,1,1937.3328535174562,inf,inf,inf,1937.3328535174562
N21000326,N21000328,1,2543.9269190126925,inf,inf,inf,2543.9269190126925
N21000326,N21000329,2,3760.5116318896066,inf,inf,inf,3760.5116318896066
N21000326,N21000331,2,2928.248293917557,inf,inf,inf,2928.248293917557
N21000326,N21000332,6,1725.7255519468695,inf,inf,inf,1725.7255519468695
N21000326,N21000335,15,2881.419862927872,inf,inf,inf,2881.419862927872
N21000327,N21000162,1,3639.4899687314874,inf,inf,4040.465724442496,3639.4899687314874
N21000327,N21000163,1,3496.8828195418437,inf,inf,inf,3496.8828195418437
N21000327,N21000164,1,3722.141650999869,inf,inf,inf,3722.141650999869
N21000327,N21000165,1,2839.6655501405544,inf,inf,2839.6655501405544,2839.6655501405544
N21000327,N21000167,1,2852.39144485321,inf,inf,8970.536267232395,2852.39144485321
N21000327,N21000170,2,2232.3215671745033,inf,inf,2941.8718293788825,2232.3215671745033
N21000327,N21000174,1,2014.6547810961486,inf,inf,2014.6547810961486,2014.6547810961486
N21000327,N21000175,3,2629.299034570102,inf,inf,2689.751613386169,2629.299034570102
N21000327,N21000177,2,2968.2986963586673,inf,inf,inf,2968.2986963586673
N21000327,N21000178,1,2432.3401567039177,inf,inf,inf,2432.3401567039177
N21000327,N21000185,1,4269.410524232807,inf,inf,5211.843049798189,4269.410524232807
N21000327,N21000190,1,4237.2661995018025,inf,inf,8596.51657018697,4237.2661995018025
N21000327,N21000192,34,6468.053497095324,inf,inf,10131.368380521273,6468.053497095324
N21000327,N21000193,1,3569.454437354096,inf,inf,8304.47172911635,3569.454437354096
N21000327,N21000195,1,3968.114815581405,inf,inf,9515.45709202402,3968.114815581405
N21000327,N21000196,3,3454.3525314610038,inf,inf,inf,3454.3525314610038
N21000327,N21000197,4,8065.2862225995195,inf,inf,inf,8065.2862225995195
N21000327,N21000198,13,4933.40178532604,inf,inf,inf,4933.40178532604
N21000327,N21000199,1,6656.386266198744,inf,inf,inf,6656.386266198744
N21000327,N21000203,1,6015.775346015421,inf,inf,inf,6015.775346015421
N21000327,N21000205,2,5416.090263957945,inf,inf,inf,5416.090263957945
N21000327,N21000208,2,5185.843867619825,inf,inf,inf,5185.843867619825
N21000327,N21000209,1,4345.543597283181,inf,inf,inf,4345.543597283181
N21000327,N21000216,1,6326.127695619026,inf,inf,inf,6326.127695619026
N21000327,N21000219,1,8556.798186569733,inf,inf,inf,8556.798186569733
N21000327,N21000237,2,7071.704510706894,inf,inf,inf,7071.704510706894
N21000327,N21000240,3,6816.920969158005,inf,inf,inf,6816.920969158005
N21000327,N21000242,2,7800.147532637378,inf,inf,inf,7800.147532637378
N21000327,N21000243,1,6709.036891274687,inf,inf,inf,6709.036891274687
N21000327,N21000248,1,6928.612077900383,inf,inf,inf,6928.612077900383
N21000327,N21000251,59,2612.5640169271614,inf,inf,inf,2612.5640169271614
N21000327,N21000252,5,3548.948621968056,inf,inf,inf,3548.948621968056
N21000327,N21000253,6,3069.792090645073,inf,inf,inf,3069.792090645073
N21000327,N21000254,3,3869.20222083701,inf,inf,inf,3869.20222083701
N21000327,N21000255,3,2865.4556769784217,inf,inf,inf,2865.4556769784217
N21000327,N21000256,13,3298.567766631661,inf,inf,inf,3298.567766631661
N21000327,N21000258,5,3585.398019241905,inf,inf,inf,3585.398019241905
N21000327,N21000261,1,3984.0638378858816,inf,inf,inf,3984.0638378858816
N21000327,N21000262,1,4356.913920282034,inf,inf,inf,4356.913920282034
N21000327,N21000263,1,5212.33859012462,inf,inf,inf,5212.33859012462
N21000327,N21000264,3,4427.238843530153,inf,inf,inf,4427.238843530153
N21000327,N21000265,2,4069.641882871413,inf,inf,inf,4069.641882871413
N21000327,N21000266,1,3947.7310505740943,inf,inf,inf,3947.7310505740943
N21000327,N21000268,19,3577.7439803567345,inf,inf,inf,3577.7439803567345
N21000327,N21000274,8,5613.672600311124,inf,inf,inf,5613.672600311124
N21000327,N21000275,1,5829.520619789099,inf,inf,inf,5829.520619789099
N21000327,N21000283,2,8172.060308404754,inf,inf,inf,8172.060308404754
N21000327,N21000286,1,5745.170054577896,inf,inf,inf,5745.170054577896
N21000327,N21000288,1,6515.103540658562,inf,inf,inf,6515.103540658562
N21000327,N21000291,1,6777.323993236773,inf,inf,inf,6777.323993236773
N21000327,N21000293,2,8124.486443656455,inf,inf,inf,8124.486443656455
N21000327,N21000294,2,7928.065561701161,inf,inf,inf,7928.065561701161
N21000327,N21000295,1,8051.057956767758,inf,inf,inf,8051.057956767758
N21000327,N21000301,1,2062.5830267243637,inf,inf,6017.993039622447,2062.5830267243637
N21000327,N21000302,1,2400.092633892355,inf,inf,3252.0334491376266,2400.092633892355
N21000327,N21000303,8,1833.527826766424,inf,inf,2466.474822408926,1833.527826766424
N21000327,N21000304,5,7874.7296130467785,inf,inf,inf,7874.7296130467785
N21000327,N21000305,3,2864.256195499559,inf,inf,4724.342399514111,2864.256195499559
N21000327,N21000307,1,3630.055929285595,inf,inf,inf,3630.055929285595
N21000327,N21000308,2,3948.716368892634,inf,inf,inf,3948.716368892634
N21000327,N21000309,8,3717.38363419768,inf,inf,inf,3717.38363419768
N21000327,N21000310,4,5132.833798302478,inf,inf,inf,5132.833798302478
N21000327,N21000311,1,4892.3410910714765,inf,inf,inf,4892.3410910714765
N21000327,N21000312,5,5442.722722534812,inf,inf,inf,5442.722722534812
N21000327,N21000315,1,4868.258924020488,inf,inf,inf,4868.258924020488
N21000327,N21000319,6,1483.2422844492355,inf,inf,1483.2422844492355,1483.2422844492355
N21000327,N21000320,1,1997.3211617945278,inf,inf,inf,1997.3211617945278
N21000327,N21000323,6,1170.9804741951853,inf,inf,1238.4285755030967,1170.9804741951853
N21000327,N21000324,6,890.3175224153545,inf,890.3175224153545,890.3175224153545,890.3175224153545
N21000327,N21000325,10,1757.2155384034434,inf,inf,1757.2155384034434,1757.2155384034434
N21000327,N21000326,5,1937.3328535174562,inf,inf,inf,1937.3328535174562
N21000327,N21000328,3,1277.3507035024056,inf,inf,1277.3507035024056,1277.3507035024056
N21000327,N21000329,2,2493.9354163793205,inf,inf,inf,2493.9354163793205
N21000327,N21000331,5,1545.7343120863382,inf,inf,1545.7343120863382,1545.7343120863382
N21000327,N21000332,8,1615.8653719275142,inf,inf,1725.5262845194936,1615.8653719275142
N21000327,N21000333,3,1048.9754983902908,inf,inf,1349.7469604418243,1048.9754983902908
N21000327,N21000334,2,2044.5492157579736,inf,inf,2371.37488459963,2044.5492157579736
N21000327,N21000335,41,1653.428425902324,inf,inf,1822.2407729475647,1653.428425902324
N21000328,N21000161,1,5084.47093263237,inf,inf,inf,5084.47093263237
N21000328,N21000172,1,1920.3874948503237,inf,inf,2384.9203723061146,1920.3874948503237
N21000328,N21000175,8,2050.758268241761,inf,inf,2158.7967354341577,2050.758268241761
N21000328,N21000178,5,1838.2642589711202,inf,inf,inf,1838.2642589711202
N21000328,N21000184,1,4565.503497309047,inf,inf,7794.731754739995,4565.503497309047
N21000328,N21000187,1,4331.079065834897,inf,inf,6484.561330322757,4331.079065834897
N21000328,N21000192,19,5873.977599362525,inf,inf,10437.37194699896,5873.977599362525
N21000328,N21000193,1,3127.918490953071,inf,inf,8610.475295594038,3127.918490953071
N21000328,N21000195,1,3374.038917848607,inf,inf,9821.460658501708,3374.038917848607
N21000328,N21000197,6,7409.961365062069,inf,inf,inf,7409.961365062069
N21000328,N21000198,7,4278.076927788589,inf,inf,inf,4278.076927788589
N21000328,N21000204,1,3599.2718878711116,inf,inf,inf,3599.2718878711116
N21000328,N21000206,1,5361.653758298152,inf,inf,inf,5361.653758298152
N21000328,N21000207,1,4090.131943577015,inf,inf,inf,4090.131943577015
N21000328,N21000213,1,4404.909655364954,inf,inf,inf,4404.909655364954
N21000328,N21000216,2,5670.802838081574,inf,inf,inf,5670.802838081574
N21000328,N21000223,1,6087.582474430066,inf,inf,inf,6087.582474430066
N21000328,N21000224,1,7233.242949481841,inf,inf,inf,7233.242949481841
N21000328,N21000231,1,8448.814062136267,inf,inf,inf,8448.814062136267
N21000328,N21000237,2,6416.3796531694425,inf,inf,inf,6416.3796531694425
N21000328,N21000239,1,5112.4705826644395,inf,inf,inf,5112.4705826644395
N21000328,N21000240,3,6161.596111620554,inf,inf,inf,6161.596111620554
N21000328,N21000248,1,6273.287220362932,inf,inf,inf,6273.287220362932
N21000328,N21000251,36,1957.23915938971,inf,inf,inf,1957.23915938971
N21000328,N21000252,13,2893.6237644306043,inf,inf,inf,2893.6237644306043
N21000328,N21000253,4,2414.4672331076204,inf,inf,inf,2414.4672331076204
N21000328,N21000254,3,3213.8773632995585,inf,inf,inf,3213.8773632995585
N21000328,N21000256,11,2977.835861518493,inf,inf,inf,2977.835861518493
N21000328,N21000258,4,2930.0731617044526,inf,inf,inf,2930.0731617044526
N21000328,N21000259,1,3340.0666381598794,inf,inf,inf,3340.0666381598794
N21000328,N21000262,1,3701.5890627445806,inf,inf,inf,3701.5890627445806
N21000328,N21000264,1,3771.9139859927004,inf,inf,inf,3771.9139859927004
N21000328,N21000268,9,3450.663900579003,inf,inf,inf,3450.663900579003
N21000328,N21000273,1,5360.532574965232,inf,inf,inf,5360.532574965232
N21000328,N21000274,3,5486.592520533392,inf,inf,inf,5486.592520533392
N21000328,N21000277,1,6008.331124390329,inf,inf,inf,6008.331124390329
N21000328,N21000278,2,6538.620492235244,inf,inf,inf,6538.620492235244
N21000328,N21000280,1,6646.486472918546,inf,inf,inf,6646.486472918546
N21000328,N21000282,2,7960.002424259033,inf,inf,inf,7960.002424259033
N21000328,N21000291,1,6801.0037367470395,inf,inf,inf,6801.0037367470395
N21000328,N21000294,2,7800.985481923429,inf,inf,inf,7800.985481923429
N21000328,N21000302,1,2590.526829334615,inf,inf,3849.467456660848,2590.526829334615
N21000328,N21000307,2,3653.7356727958613,inf,inf,inf,3653.7356727958613
N21000328,N21000308,2,4342.147041082187,inf,inf,inf,4342.147041082187
N21000328,N21000309,1,3741.063377707946,inf,inf,inf,3741.063377707946
N21000328,N21000310,2,5156.513541812744,inf,inf,inf,5156.513541812744
N21000328,N21000311,2,4916.020834581743,inf,inf,inf,4916.020834581743
N21000328,N21000313,1,6640.2053532846085,inf,inf,inf,6640.2053532846085
N21000328,N21000315,1,4891.938667530754,inf,inf,inf,4891.938667530754
N21000328,N21000317,3,1729.0524849350354,inf,inf,inf,1729.0524849350354
N21000328,N21000318,6,3616.3504279600247,inf,inf,inf,3616.3504279600247
N21000328,N21000319,1,1505.2406048574826,inf,inf,1789.2458509269197,1505.2406048574826
N21000328,N21000320,1,2529.221038166527,inf,inf,inf,2529.221038166527
N21000328,N21000321,6,1070.7443555861255,inf,inf,1099.3414311271824,1070.7443555861255
N21000328,N21000322,4,1198.4314857292434,inf,inf,1418.4927043801056,1198.4314857292434
N21000328,N21000324,7,1772.0399712388414,inf,inf,1772.0399712388414,1772.0399712388414
N21000328,N21000325,13,1163.1396406706453,inf,inf,1163.1396406706453,1163.1396406706453
N21000328,N21000326,3,2543.926919012693,inf,inf,inf,2543.926919012693
N21000328,N21000327,2,1277.3507035024058,inf,inf,1277.3507035024058,1277.3507035024058
N21000328,N21000329,1,1871.9634451012273,inf,inf,inf,1871.9634451012273
N21000328,N21000331,8,890.4094545488858,inf,inf,2143.1683196095596,890.4094545488858
N21000328,N21000332,4,2312.678578178305,inf,inf,2322.960292042716,2312.678578178305
N21000328,N21000333,1,1606.7873493472491,inf,inf,1947.1809679650469,1606.7873493472491
N21000328,N21000334,3,1429.6008736633773,inf,inf,2968.808892122852,1429.6008736633773
N21000328,N21000335,25,1526.3483461245924,inf,inf,2419.6747804707857,1526.3483461245924
N21000329,N21000170,1,3720.9593198331695,inf,inf,inf,3720.9593198331695
N21000329,N21000174,1,2807.8722966665387,inf,inf,inf,2807.8722966665387
N21000329,N21000175,4,1849.802522959754,inf,inf,inf,1849.802522959754
N21000329,N21000177,3,1285.74660507111,inf,inf,inf,1285.74660507111
N21000329,N21000178,6,913.0347447732531,inf,inf,inf,913.0347447732531
N21000329,N21000181,2,5713.936847766543,inf,inf,inf,5713.936847766543
N21000329,N21000182,1,6874.777862058134,inf,inf,inf,6874.777862058134
N21000329,N21000188,1,3476.387761781133,inf,inf,inf,3476.387761781133
N21000329,N21000189,1,3634.359567833504,inf,inf,inf,3634.359567833504
N21000329,N21000190,1,3547.395771409328,inf,inf,inf,3547.395771409328
N21000329,N21000192,34,4694.303114238478,inf,inf,inf,4694.303114238478
N21000329,N21000195,4,2285.5627242938476,inf,inf,inf,2285.5627242938476
N21000329,N21000197,3,6288.891502463991,inf,inf,inf,6288.891502463991
N21000329,N21000198,11,3157.0070651905107,inf,inf,inf,3157.0070651905107
N21000329,N21000204,1,2486.50738658007,inf,inf,inf,2486.50738658007
N21000329,N21000205,1,3648.0009051294564,inf,inf,inf,3648.0009051294564
N21000329,N21000206,1,4248.889257007112,inf,inf,inf,4248.889257007112
N21000329,N21000216,2,4558.038336790529,inf,inf,inf,4558.038336790529
N21000329,N21000219,2,6788.70882774124,inf,inf,inf,6788.70882774124
N21000329,N21000226,1,4894.053236687199,inf,inf,inf,4894.053236687199
N21000329,N21000230,1,6467.15486633353,inf,inf,inf,6467.15486633353
N21000329,N21000237,1,5303.615151878397,inf,inf,inf,5303.615151878397
N21000329,N21000240,2,5048.831610329515,inf,inf,inf,5048.831610329515
N21000329,N21000245,1,3996.1534773082726,inf,inf,inf,3996.1534773082726
N21000329,N21000251,39,890.3175174804733,inf,inf,inf,890.3175174804733
N21000329,N21000252,5,1816.4440196822543,inf,inf,inf,1816.4440196822543
N21000329,N21000253,8,1385.127781911779,inf,inf,inf,1385.127781911779
N21000329,N21000254,2,2145.78587682191,inf,inf,inf,2145.78587682191
N21000329,N21000256,9,2202.077039277836,inf,inf,inf,2202.077039277836
N21000329,N21000258,1,1937.6945987014262,inf,inf,inf,1937.6945987014262
N21000329,N21000259,3,2310.7271869640394,inf,inf,inf,2310.7271869640394
N21000329,N21000260,1,2980.1132986119374,inf,inf,inf,2980.1132986119374
N21000329,N21000264,4,2779.5354229896734,inf,inf,inf,2779.5354229896734
N21000329,N21000267,1,3352.841956693503,inf,inf,inf,3352.841956693503
N21000329,N21000268,9,4030.6748925389156,inf,inf,inf,4030.6748925389156
N21000329,N21000270,1,3461.725166477916,inf,inf,inf,3461.725166477916
N21000329,N21000274,5,5705.260204819203,inf,inf,inf,5705.260204819203
N21000329,N21000275,1,5621.200290785416,inf,inf,inf,5621.200290785416
N21000329,N21000276,1,6881.838736091962,inf,inf,inf,6881.838736091962
N21000329,N21000286,3,6391.660592537041,inf,inf,inf,6391.660592537041
N21000329,N21000290,1,8727.565676926886,inf,inf,inf,8727.565676926886
N21000329,N21000295,1,8697.548494726905,inf,inf,inf,8697.548494726905
N21000329,N21000301,3,4255.5092949930795,inf,inf,inf,4255.5092949930795
N21000329,N21000302,1,3213.337623783496,inf,inf,inf,3213.337623783496
N21000329,N21000303,3,2461.3892165825337,inf,inf,inf,2461.3892165825337
N21000329,N21000305,2,3510.7467334587063,inf,inf,inf,3510.7467334587063
N21000329,N21000306,1,4086.061873059993,inf,inf,inf,4086.061873059993
N21000329,N21000307,2,4276.546467244742,inf,inf,inf,4276.546467244742
N21000329,N21000308,1,4964.957835531068,inf,inf,inf,4964.957835531068
N21000329,N21000309,11,4363.874172156828,inf,inf,inf,4363.874172156828
N21000329,N21000312,1,6089.213260493961,inf,inf,inf,6089.213260493961
N21000329,N21000315,1,5514.749461979633,inf,inf,inf,5514.749461979633
N21000329,N21000319,1,2516.287355069236,inf,inf,inf,2516.287355069236
N21000329,N21000323,3,1939.085576355454,inf,inf,inf,1939.085576355454
N21000329,N21000324,1,2988.6246841157554,inf,inf,inf,2988.6246841157554
N21000329,N21000328,1,1871.9634451012273,inf,inf,inf,1871.9634451012273
N21000329,N21000331,5,1513.2202489977674,inf,inf,inf,1513.2202489977674
N21000329,N21000332,3,3284.1382143407977,inf,inf,inf,3284.1382143407977
N21000329,N21000333,1,2229.5981437961304,inf,inf,inf,2229.5981437961304
N21000329,N21000334,10,1369.8754249918845,inf,inf,inf,1369.8754249918845
N21000329,N21000335,34,2149.1591405734735,inf,inf,inf,2149.1591405734735
N21000330,N21000161,3,5096.336090757094,inf,inf,inf,5096.336090757094
N21000330,N21000164,1,4040.0103756022772,inf,inf,inf,4040.0103756022772
N21000330,N21000165,4,3750.4181932353326,inf,inf,inf,3750.4181932353326
N21000330,N21000166,4,3356.9490711855847,inf,inf,inf,3356.9490711855847
N21000330,N21000167,1,3934.9614098247243,inf,inf,inf,3934.9614098247243
N21000330,N21000170,1,2764.323893854779,inf,inf,inf,2764.323893854779
N21000330,N21000171,1,3631.4689420559594,inf,inf,inf,3631.4689420559594
N21000330,N21000174,2,3097.224746067663,inf,inf,inf,3097.224746067663
N21000330,N21000175,9,3908.586503174149,inf,inf,inf,3908.586503174149
N21000330,N21000181,1,7275.231392533363,inf,inf,inf,7275.231392533363
N21000330,N21000185,1,4801.412850913082,inf,inf,inf,4801.412850913082
N21000330,N21000187,2,5164.541648884297,inf,inf,inf,5164.541648884297
N21000330,N21000188,1,6084.2474542749305,inf,inf,inf,6084.2474542749305
N21000330,N21000189,2,4925.628993851184,inf,inf,inf,4925.628993851184
N21000330,N21000192,34,7613.294282059854,inf,inf,inf,7613.294282059854
N21000330,N21000193,1,4806.242579339365,inf,inf,inf,4806.242579339365
N21000330,N21000195,1,5239.8506579228,inf,inf,inf,5239.8506579228
N21000330,N21000197,4,9252.178406426854,inf,inf,inf,9252.178406426854
N21000330,N21000198,9,6120.293969153376,inf,inf,inf,6120.293969153376
N21000330,N21000202,2,6376.80872846077,inf,inf,inf,6376.80872846077
N21000330,N21000203,1,7202.667529842757,inf,inf,inf,7202.667529842757
N21000330,N21000205,3,6602.982447785282,inf,inf,inf,6602.982447785282
N21000330,N21000208,2,6128.502285960461,inf,inf,inf,6128.502285960461
N21000330,N21000209,1,5288.202015623819,inf,inf,inf,5288.202015623819
N21000330,N21000220,1,9631.871519112701,inf,inf,inf,9631.871519112701
N21000330,N21000237,2,8014.362929047531,inf,inf,inf,8014.362929047531
N21000330,N21000241,4,6708.051946498778,inf,inf,inf,6708.051946498778
N21000330,N21000249,2,7038.97807825525,inf,inf,inf,7038.97807825525
N21000330,N21000251,42,3514.5917092932586,inf,inf,inf,3514.5917092932586
N21000330,N21000252,6,4467.553759145543,inf,inf,inf,4467.553759145543
N21000330,N21000253,5,3890.278840855078,inf,inf,inf,3890.278840855078
N21000330,N21000254,3,4718.203971917671,inf,inf,inf,4718.203971917671
N21000330,N21000255,1,3520.933320488273,inf,inf,inf,3520.933320488273
N21000330,N21000256,8,3954.045410141512,inf,inf,inf,3954.045410141512
N21000330,N21000258,1,4405.884769451911,inf,inf,inf,4405.884769451911
N21000330,N21000261,1,4639.541481395731,inf,inf,inf,4639.541481395731
N21000330,N21000263,1,6061.340341205282,inf,inf,inf,6061.340341205282
N21000330,N21000264,5,5247.72559374016,inf,inf,inf,5247.72559374016
N21000330,N21000265,2,4725.119526381263,inf,inf,inf,4725.119526381263
N21000330,N21000267,1,5925.260051789263,inf,inf,inf,5925.260051789263
N21000330,N21000268,16,4233.221623866586,inf,inf,inf,4233.221623866586
N21000330,N21000269,1,6142.251122816711,inf,inf,inf,6142.251122816711
N21000330,N21000271,1,6142.171109929899,inf,inf,inf,6142.171109929899
N21000330,N21000274,10,5709.76857437446,inf,inf,inf,5709.76857437446
N21000330,N21000278,2,8002.167398069422,inf,inf,inf,8002.167398069422
N21000330,N21000280,1,6460.144284923324,inf,inf,inf,6460.144284923324
N21000330,N21000283,4,8362.26839745613,inf,inf,inf,8362.26839745613
N21000330,N21000289,1,5457.145085472558,inf,inf,inf,5457.145085472558
N21000330,N21000302,4,2952.0459442626384,inf,inf,inf,2952.0459442626384
N21000330,N21000304,1,7045.257644817619,inf,inf,inf,7045.257644817619
N21000330,N21000306,1,2197.723869623389,inf,inf,inf,2197.723869623389
N21000330,N21000309,2,3634.247099015344,inf,inf,inf,3634.247099015344
N21000330,N21000311,1,4077.653382898684,inf,inf,inf,4077.653382898684
N21000330,N21000316,5,2696.3838816387033,inf,inf,inf,2696.3838816387033
N21000330,N21000317,3,2006.6864193794722,inf,inf,inf,2006.6864193794722
N21000330,N21000318,4,3013.552627447714,inf,inf,inf,3013.552627447714
N21000330,N21000319,1,2762.529753053282,inf,inf,inf,2762.529753053282
N21000330,N21000321,3,1849.3043638615457,inf,inf,inf,1849.3043638615457
N21000330,N21000323,5,2442.716316536579,inf,inf,inf,2442.716316536579
N21000330,N21000324,13,1335.6899722929097,inf,inf,inf,1335.6899722929097
N21000330,N21000325,20,3028.951380744838,inf,inf,inf,3028.951380744838
N21000330,N21000327,3,1521.2542181972972,inf,inf,inf,1521.2542181972972
N21000330,N21000328,2,2549.0865458437997,inf,inf,inf,2549.0865458437997
N21000330,N21000331,3,2512.169658597398,inf,inf,inf,2512.169658597398
N21000330,N21000332,4,1145.6893826421233,inf,inf,inf,1145.6893826421233
N21000330,N21000335,12,2308.906069412174,inf,inf,inf,2308.906069412174
N21000331,N21000161,1,5854.326038359701,inf,inf,inf,5854.326038359701
N21000331,N21000162,1,4439.382007329344,inf,inf,5153.890324203549,4439.382007329344
N21000331,N21000166,2,4114.93901878819,inf,inf,inf,4114.93901878819
N21000331,N21000169,1,3414.2432532470993,inf,inf,3923.875498135224,3414.2432532470993
N21000331,N21000174,2,2653.141312583018,inf,inf,3128.0793808572007,2653.141312583018
N21000331,N21000175,5,2300.508438700941,inf,inf,3618.6902492741096,2300.508438700941
N21000331,N21000177,2,2334.0792115724016,inf,inf,inf,2334.0792115724016
N21000331,N21000178,3,1961.3673512745445,inf,inf,inf,1961.3673512745445
N21000331,N21000181,1,6352.050571269329,inf,inf,inf,6352.050571269329
N21000331,N21000182,1,7089.6440556820635,inf,inf,8034.71729536496,7089.6440556820635
N21000331,N21000188,1,4524.720368282425,inf,inf,9894.38227475696,4524.720368282425
N21000331,N21000190,2,4045.4804235599568,inf,inf,9709.941169948024,4045.4804235599568
N21000331,N21000191,1,4065.825434839615,inf,inf,10655.39299497222,4065.825434839615
N21000331,N21000192,20,5761.973558477389,inf,inf,11244.792980282327,5761.973558477389
N21000331,N21000195,2,3333.895330795139,inf,inf,10628.881691785073,3333.895330795139
N21000331,N21000197,7,7051.218168958609,inf,inf,inf,7051.218168958609
N21000331,N21000198,7,3919.3337316851284,inf,inf,inf,3919.3337316851284
N21000331,N21000200,1,5177.4260472889255,inf,inf,inf,5177.4260472889255
N21000331,N21000202,1,4175.8484909925255,inf,inf,inf,4175.8484909925255
N21000331,N21000204,1,3240.528691767651,inf,inf,inf,3240.528691767651
N21000331,N21000205,1,4402.022210317036,inf,inf,inf,4402.022210317036
N21000331,N21000209,3,3331.475543642269,inf,inf,inf,3331.475543642269
N21000331,N21000220,1,7430.911281644457,inf,inf,inf,7430.911281644457
N21000331,N21000222,1,6296.495085054734,inf,inf,inf,6296.495085054734
N21000331,N21000223,1,5728.839278326606,inf,inf,inf,5728.839278326606
N21000331,N21000224,1,6874.499753378381,inf,inf,inf,6874.499753378381
N21000331,N21000225,1,6218.256952356512,inf,inf,inf,6218.256952356512
N21000331,N21000228,1,5982.385740785288,inf,inf,inf,5982.385740785288
N21000331,N21000230,1,7221.176171521111,inf,inf,inf,7221.176171521111
N21000331,N21000241,1,4844.982141777206,inf,inf,inf,4844.982141777206
N21000331,N21000247,1,7890.3088057132045,inf,inf,inf,7890.3088057132045
N21000331,N21000249,2,5175.908273533678,inf,inf,inf,5175.908273533678
N21000331,N21000251,52,1598.4959632862501,inf,inf,inf,1598.4959632862501
N21000331,N21000252,9,2534.8805683271444,inf,inf,inf,2534.8805683271444
N21000331,N21000253,7,2055.72403700416,inf,inf,inf,2055.72403700416
N21000331,N21000254,1,2855.1341671960986,inf,inf,inf,2855.1341671960986
N21000331,N21000256,21,2542.129560198297,inf,inf,inf,2542.129560198297
N21000331,N21000258,2,2571.3299656009926,inf,inf,inf,2571.3299656009926
N21000331,N21000264,2,3413.1707898892405,inf,inf,inf,3413.1707898892405
N21000331,N21000266,2,3191.2928441407294,inf,inf,inf,3191.2928441407294
N21000331,N21000268,31,2821.3057739233686,inf,inf,inf,2821.3057739233686
N21000331,N21000272,1,5344.870351973734,inf,inf,inf,5344.870351973734
N21000331,N21000274,9,4857.234393877757,inf,inf,inf,4857.234393877757
N21000331,N21000275,1,5073.082413355733,inf,inf,inf,5073.082413355733
N21000331,N21000276,1,5694.39853578833,inf,inf,inf,5694.39853578833
N21000331,N21000283,1,7415.622101971388,inf,inf,inf,7415.622101971388
N21000331,N21000284,1,8078.530180258107,inf,inf,inf,8078.530180258107
N21000331,N21000286,1,5139.491671432527,inf,inf,inf,5139.491671432527
N21000331,N21000287,2,8204.402525032276,inf,inf,inf,8204.402525032276
N21000331,N21000294,1,7171.627355267794,inf,inf,inf,7171.627355267794
N21000331,N21000295,2,7445.379573622389,inf,inf,inf,7445.379573622389
N21000331,N21000300,1,7997.83841282763,inf,inf,inf,7997.83841282763
N21000331,N21000301,1,3016.601885935411,inf,inf,5354.201642499047,3016.601885935411
N21000331,N21000302,2,1961.168702678981,inf,inf,2588.242052014227,1961.168702678981
N21000331,N21000303,8,1209.2202954780175,inf,inf,1802.6834252855256,1209.2202954780175
N21000331,N21000307,4,3024.377546140226,inf,inf,inf,3024.377546140226
N21000331,N21000308,5,3712.7889144265514,inf,inf,inf,3712.7889144265514
N21000331,N21000309,16,3111.705251052311,inf,inf,inf,3111.705251052311
N21000331,N21000310,1,4527.15541515711,inf,inf,inf,4527.15541515711
N21000331,N21000311,1,4286.662707926108,inf,inf,inf,4286.662707926108
N21000331,N21000312,3,4837.044339389445,inf,inf,inf,4837.044339389445
N21000331,N21000315,2,4262.580540875119,inf,inf,inf,4262.580540875119
N21000331,N21000318,1,4386.205533687355,inf,inf,inf,4386.205533687355
N21000331,N21000321,2,1840.5994613134555,inf,inf,1906.7624644105504,1840.5994613134555
N21000331,N21000322,1,1419.9116623647137,inf,inf,2878.3862182200587,1419.9116623647137
N21000331,N21000323,7,1520.621964613383,inf,inf,2104.2461916102507,1520.621964613383
N21000331,N21000324,2,1937.1531736745937,inf,inf,2096.819975171664,1937.1531736745937
N21000331,N21000325,8,1317.5818089958839,inf,inf,2623.033154510598,1317.5818089958839
N21000331,N21000327,4,1545.7343120863382,inf,inf,1545.7343120863382,1545.7343120863382
N21000331,N21000328,6,890.409454548886,inf,inf,2143.16831960956,890.409454548886
N21000331,N21000329,1,1513.2202489977674,inf,inf,inf,1513.2202489977674
N21000331,N21000332,3,1976.1501590321802,inf,2340.6024746032963,1976.1501590321802,1976.1501590321802
N21000331,N21000333,9,977.429222691615,inf,inf,977.429222691615,977.429222691615
N21000331,N21000334,10,1057.2746874849647,inf,inf,1086.6919004065437,1057.2746874849647
N21000331,N21000335,75,896.990219468958,inf,inf,1158.4493758241642,896.990219468958
N21000332,N21000175,5,3680.1620406504567,inf,inf,3798.4822217072656,3680.1620406504567
N21000332,N21000177,1,4003.626571034565,inf,inf,inf,4003.626571034565
N21000332,N21000178,4,3467.668031379816,inf,inf,inf,3467.668031379816
N21000332,N21000188,3,6194.267727744591,inf,inf,10074.174247190116,6194.267727744591
N21000332,N21000192,14,7503.381371771221,inf,inf,11424.584952715484,7503.381371771221
N21000332,N21000193,1,4729.4351648146485,inf,inf,9597.68830131056,4729.4351648146485
N21000332,N21000195,3,5003.442690257304,inf,inf,10808.67366421823,5003.442690257304
N21000332,N21000196,1,4500.744204907811,inf,inf,inf,4500.744204907811
N21000332,N21000197,3,8822.13613430164,inf,inf,inf,8822.13613430164
N21000332,N21000198,6,5690.25169702816,inf,inf,inf,5690.25169702816
N21000332,N21000201,1,6306.191455570364,inf,inf,inf,6306.191455570364
N21000332,N21000203,1,6669.131062732179,inf,inf,inf,6669.131062732179
N21000332,N21000205,1,6023.3055085106025,inf,inf,inf,6023.3055085106025
N21000332,N21000225,1,7885.680722714179,inf,inf,inf,7885.680722714179
N21000332,N21000226,1,7315.498312232447,inf,inf,inf,7315.498312232447
N21000332,N21000230,1,8888.59994187878,inf,inf,inf,8888.59994187878
N21000332,N21000241,1,6114.484783153416,inf,inf,inf,6114.484783153416
N21000332,N21000251,52,2921.0245459478974,inf,inf,inf,2921.0245459478974
N21000332,N21000252,13,3873.9865958001787,inf,inf,inf,3873.9865958001787
N21000332,N21000253,7,3296.711677509717,inf,inf,inf,3296.711677509717
N21000332,N21000254,7,4124.636808572309,inf,inf,inf,4124.636808572309
N21000332,N21000256,18,3360.478246796149,inf,inf,inf,3360.478246796149
N21000332,N21000258,3,3812.317606106549,inf,inf,inf,3812.317606106549
N21000332,N21000259,1,4222.311082561975,inf,inf,inf,4222.311082561975
N21000332,N21000264,1,4654.1584303947975,inf,inf,inf,4654.1584303947975
N21000332,N21000265,1,4131.552363035901,inf,inf,inf,4131.552363035901
N21000332,N21000266,2,4009.6415307385823,inf,inf,inf,4009.6415307385823
N21000332,N21000268,12,3639.6544605212225,inf,inf,inf,3639.6544605212225
N21000332,N21000270,1,4963.60985534423,inf,inf,inf,4963.60985534423
N21000332,N21000274,8,5675.583080475612,inf,inf,inf,5675.583080475612
N21000332,N21000275,2,5891.431099953587,inf,inf,inf,5891.431099953587
N21000332,N21000276,3,6116.911580563753,inf,inf,inf,6116.911580563753
N21000332,N21000277,4,6197.32168433255,inf,inf,inf,6197.32168433255
N21000332,N21000284,3,8896.87886685596,inf,inf,inf,8896.87886685596
N21000332,N21000286,1,5300.464926041483,inf,inf,inf,5300.464926041483
N21000332,N21000287,1,8365.375779641232,inf,inf,inf,8365.375779641232
N21000332,N21000288,1,6070.398412122148,inf,inf,inf,6070.398412122148
N21000332,N21000292,1,7575.840035324657,inf,inf,inf,7575.840035324657
N21000332,N21000293,2,7679.781315120042,inf,inf,inf,7679.781315120042
N21000332,N21000295,1,7606.352828231345,inf,inf,inf,7606.352828231345
N21000332,N21000301,2,1592.5739461999913,inf,inf,5911.091172741694,1592.5739461999913
N21000332,N21000302,3,2358.4787809172763,inf,inf,3145.1315822568736,2358.4787809172763
N21000332,N21000303,12,1791.9139737913454,inf,inf,2359.5729555281728,1791.9139737913454
N21000332,N21000304,3,7404.720532522408,inf,inf,inf,7404.720532522408
N21000332,N21000305,5,2744.1149026472267,inf,inf,4617.440532633358,2744.1149026472267
N21000332,N21000307,4,3475.9446716081115,inf,inf,inf,3475.9446716081115
N21000332,N21000308,2,3478.7072883682627,inf,inf,inf,3478.7072883682627
N21000332,N21000309,22,3675.769781222602,inf,inf,inf,3675.769781222602
N21000332,N21000310,3,4677.608977834473,inf,inf,inf,4677.608977834473
N21000332,N21000311,8,4437.116270603471,inf,inf,inf,4437.116270603471
N21000332,N21000312,3,4987.497902066808,inf,inf,inf,4987.497902066808
N21000332,N21000313,1,6161.300789306338,inf,inf,inf,6161.300789306338
N21000332,N21000315,3,4826.64507104541,inf,inf,inf,4826.64507104541
N21000332,N21000323,1,2206.308348871083,inf,inf,2284.0381640434066,2206.308348871083
N21000332,N21000324,1,1430.3011260231265,inf,inf,2079.9343957298593,1430.3011260231265
N21000332,N21000325,6,2792.543413079342,inf,inf,2802.8251269437533,2792.543413079342
N21000332,N21000327,4,1615.865371927514,inf,inf,1725.5262845194936,1615.865371927514
N21000332,N21000328,3,2312.678578178304,inf,inf,2322.9602920427155,2312.678578178304
N21000332,N21000329,3,3284.1382143407973,inf,inf,inf,3284.1382143407973
N21000332,N21000331,7,1976.15015903218,inf,2340.602474603296,1976.15015903218,1976.15015903218
N21000332,N21000333,11,1249.331070942545,inf,inf,1249.331070942545,1249.331070942545
N21000332,N21000334,4,2244.9047883102276,inf,inf,2528.5140158582926,2244.9047883102276
N21000332,N21000335,82,1715.3389060668121,inf,inf,1715.3389060668121,1715.3389060668121
N21000333,N21000161,1,5395.1331522196915,inf,inf,inf,5395.1331522196915
N21000333,N21000162,1,4256.155754796492,inf,inf,4957.902972559035,4256.155754796492
N21000333,N21000167,1,3469.057230918215,inf,inf,9887.973515348931,3469.057230918215
N21000333,N21000170,1,2848.987353239508,inf,inf,3859.3090774954208,2848.987353239508
N21000333,N21000172,1,2695.582591893435,inf,inf,2996.354053944968,2695.582591893435
N21000333,N21000173,1,2318.4661349652465,inf,inf,inf,2318.4661349652465
N21000333,N21000174,1,2631.3205671611536,inf,inf,2932.0920292126866,2631.3205671611536
N21000333,N21000175,6,3013.8929683856645,inf,inf,3422.7028976295956,3013.8929683856645
N21000333,N21000177,1,3050.4571063707654,inf,inf,inf,3050.4571063707654
N21000333,N21000178,2,2677.7452460729082,inf,inf,inf,2677.7452460729082
N21000333,N21000189,1,4631.542136821412,inf,inf,8649.354945964047,4631.542136821412
N21000333,N21000192,13,6478.35145327575,inf,inf,11048.805628637812,6478.35145327575
N21000333,N21000193,1,4063.166092549857,inf,inf,9221.908977232888,4063.166092549857
N21000333,N21000197,4,7767.5960637569715,inf,inf,inf,7767.5960637569715
N21000333,N21000198,4,4635.711626483493,inf,inf,inf,4635.711626483493
N21000333,N21000201,1,5251.651385025698,inf,inf,inf,5251.651385025698
N21000333,N21000204,1,3774.139002234615,inf,inf,inf,3774.139002234615
N21000333,N21000209,2,3609.8368343331363,inf,inf,inf,3609.8368343331363
N21000333,N21000234,1,9154.900842945812,inf,inf,inf,9154.900842945812
N21000333,N21000240,1,6081.214206207962,inf,inf,inf,6081.214206207962
N21000333,N21000247,1,8168.670096404074,inf,inf,inf,8168.670096404074
N21000333,N21000251,46,1836.2265280025802,inf,inf,inf,1836.2265280025802
N21000333,N21000252,5,2789.188577854861,inf,inf,inf,2789.188577854861
N21000333,N21000253,8,2211.9136595643995,inf,inf,inf,2211.9136595643995
N21000333,N21000254,2,3039.838790626992,inf,inf,inf,3039.838790626992
N21000333,N21000256,9,2414.1253212385996,inf,inf,inf,2414.1253212385996
N21000333,N21000258,4,2727.5195881612317,inf,inf,inf,2727.5195881612317
N21000333,N21000260,1,2630.713096508859,inf,inf,inf,2630.713096508859
N21000333,N21000264,3,3569.360412449479,inf,inf,inf,3569.360412449479
N21000333,N21000266,2,3063.288605181032,inf,inf,inf,3063.288605181032
N21000333,N21000268,9,2693.3015349636717,inf,inf,inf,2693.3015349636717
N21000333,N21000269,2,4463.885941526033,inf,inf,inf,4463.885941526033
N21000333,N21000274,7,4729.23015491806,inf,inf,inf,4729.23015491806
N21000333,N21000275,2,4945.078174396035,inf,inf,inf,4945.078174396035
N21000333,N21000276,2,5422.123520538931,inf,inf,inf,5422.123520538931
N21000333,N21000283,1,7287.61786301169,inf,inf,inf,7287.61786301169
N21000333,N21000289,1,5383.359703318992,inf,inf,inf,5383.359703318992
N21000333,N21000294,2,7043.6231163080965,inf,inf,inf,7043.6231163080965
N21000333,N21000302,1,1522.1392354975876,inf,inf,2198.7786566993245,1522.1392354975876
N21000333,N21000303,11,955.5744283716565,inf,inf,1413.2200299706224,955.5744283716565
N21000333,N21000304,3,8101.929384168188,inf,inf,inf,8101.929384168188
N21000333,N21000305,1,1986.302797104792,inf,inf,3671.0876070758077,1986.302797104792
N21000333,N21000306,3,2561.6179367060786,inf,inf,3677.5101732583466,2561.6179367060786
N21000333,N21000307,3,2752.102530890828,inf,inf,inf,2752.102530890828
N21000333,N21000308,2,3440.5138991771532,inf,inf,inf,3440.5138991771532
N21000333,N21000309,14,2839.4302358029126,inf,inf,inf,2839.4302358029126
N21000333,N21000310,4,4254.880399907712,inf,inf,inf,4254.880399907712
N21000333,N21000311,2,4014.38769267671,inf,inf,inf,4014.38769267671
N21000333,N21000315,1,3990.3055256257217,inf,inf,inf,3990.3055256257217
N21000333,N21000317,1,2039.714704522356,inf,inf,inf,2039.714704522356
N21000333,N21000319,1,2099.90807051424,inf,inf,2400.6795325657736,2099.90807051424
N21000333,N21000322,1,2136.289557163076,inf,inf,2682.398866575544,2136.289557163076
N21000333,N21000323,1,1540.039276606292,inf,inf,1908.2588399657368,1540.039276606292
N21000333,N21000324,1,1285.8718151728754,inf,inf,1704.15507165219,1285.8718151728754
N21000333,N21000327,5,1048.9754983902903,inf,inf,1349.746960441824,1048.9754983902903
N21000333,N21000328,1,1606.7873493472491,inf,inf,1947.180967965046,1606.7873493472491
N21000333,N21000329,6,2229.5981437961304,inf,inf,inf,2229.5981437961304
N21000333,N21000331,4,977.4292226916149,inf,inf,977.4292226916149,977.4292226916149
N21000333,N21000332,3,1249.3310709425448,inf,inf,1249.3310709425448,1249.3310709425448
N21000333,N21000334,1,1160.1067703649105,inf,inf,1459.6564622310177,1160.1067703649105
N21000334,N21000170,2,3734.239173601082,inf,inf,4880.937001653225,3734.239173601082
N21000334,N21000171,1,2694.5869210953015,inf,inf,inf,2694.5869210953015
N21000334,N21000175,9,2523.243851478366,inf,inf,4444.330821787403,2523.243851478366
N21000334,N21000177,3,2210.0722253041404,inf,inf,inf,2210.0722253041404
N21000334,N21000189,2,4355.1796327615575,inf,inf,9670.982870121858,4355.1796327615575
N21000334,N21000192,15,5618.628734471505,inf,inf,12070.433552795621,5618.628734471505
N21000334,N21000195,1,3209.888344526878,inf,inf,11454.522264298368,3209.888344526878
N21000334,N21000197,8,6875.858162864966,inf,inf,inf,6875.858162864966
N21000334,N21000198,4,3765.2989289944326,inf,inf,inf,3765.2989289944326
N21000334,N21000211,1,4702.769358541407,inf,inf,inf,4702.769358541407
N21000334,N21000215,1,3601.0268084506843,inf,inf,inf,3601.0268084506843
N21000334,N21000221,1,8386.026504288175,inf,inf,inf,8386.026504288175
N21000334,N21000223,2,5310.105563013177,inf,inf,inf,5310.105563013177
N21000334,N21000225,1,5799.52323704308,inf,inf,inf,5799.52323704308
N21000334,N21000237,1,5334.638280031068,inf,inf,inf,5334.638280031068
N21000334,N21000240,3,5079.854738482185,inf,inf,inf,5079.854738482185
N21000334,N21000241,1,4028.3272974823203,inf,inf,inf,4028.3272974823203
N21000334,N21000249,1,4359.253429238793,inf,inf,inf,4359.253429238793
N21000334,N21000251,50,834.8670602767996,inf,inf,inf,834.8670602767996
N21000334,N21000252,6,1787.8291101290815,inf,inf,inf,1787.8291101290815
N21000334,N21000253,4,1210.5541918386186,inf,inf,inf,1210.5541918386186
N21000334,N21000254,3,2038.4793229012125,inf,inf,inf,2038.4793229012125
N21000334,N21000256,11,1773.9228202494915,inf,inf,inf,1773.9228202494915
N21000334,N21000258,5,1726.1601204354515,inf,inf,inf,1726.1601204354515
N21000334,N21000259,2,2136.1535968908793,inf,inf,inf,2136.1535968908793
N21000334,N21000261,1,2329.966923672125,inf,inf,inf,2329.966923672125
N21000334,N21000264,4,2568.0009447236994,inf,inf,inf,2568.0009447236994
N21000334,N21000265,1,2903.7318891128075,inf,inf,inf,2903.7318891128075
N21000334,N21000266,3,2807.5682607623926,inf,inf,inf,2807.5682607623926
N21000334,N21000268,26,2751.0687818887764,inf,inf,inf,2751.0687818887764
N21000334,N21000270,5,3250.190688211942,inf,inf,inf,3250.190688211942
N21000334,N21000273,2,4376.776606296361,inf,inf,inf,4376.776606296361
N21000334,N21000274,4,4786.997401843165,inf,inf,inf,4786.997401843165
N21000334,N21000277,1,5079.119651574054,inf,inf,inf,5079.119651574054
N21000334,N21000279,1,5805.074627522092,inf,inf,inf,5805.074627522092
N21000334,N21000280,1,5946.891354228318,inf,inf,inf,5946.891354228318
N21000334,N21000283,2,7073.691025138467,inf,inf,inf,7073.691025138467
N21000334,N21000284,1,8008.293188223515,inf,inf,inf,8008.293188223515
N21000334,N21000287,2,8360.28626248321,inf,inf,inf,8360.28626248321
N21000334,N21000289,1,5811.518456019324,inf,inf,inf,5811.518456019324
N21000334,N21000291,1,6327.529347542338,inf,inf,inf,6327.529347542338
N21000334,N21000293,1,7591.64553085526,inf,inf,inf,7591.64553085526
N21000334,N21000295,2,7601.263311073322,inf,inf,inf,7601.263311073322
N21000334,N21000300,1,7927.6014207930375,inf,inf,inf,7927.6014207930375
N21000334,N21000301,1,3285.356515213458,inf,inf,5226.1039129612445,3285.356515213458
N21000334,N21000302,1,2117.052440129914,inf,inf,2918.3618188835717,2117.052440129914
N21000334,N21000303,9,1365.1040329289506,inf,inf,2132.803192154871,1365.1040329289506
N21000334,N21000304,1,8936.74871685802,inf,inf,inf,8936.74871685802
N21000334,N21000305,2,2414.461549805123,inf,inf,3932.4532728529084,2414.461549805123
N21000334,N21000306,1,2989.7766894064093,inf,inf,3938.8758390354474,2989.7766894064093
N21000334,N21000307,6,3180.261283591159,inf,inf,inf,3180.261283591159
N21000334,N21000308,4,3868.6726518774844,inf,inf,inf,3868.6726518774844
N21000334,N21000309,20,3267.588988503244,inf,inf,inf,3267.588988503244
N21000334,N21000311,3,4442.546445377041,inf,inf,inf,4442.546445377041
N21000334,N21000315,5,4418.464278326052,inf,inf,inf,4418.464278326052
N21000334,N21000323,1,1918.4149034274346,inf,inf,2929.886764123544,1918.4149034274346
N21000334,N21000324,3,2281.445532540558,inf,inf,2907.800286980021,2281.445532540558
N21000334,N21000325,5,1540.3172217733102,inf,inf,3448.67372702389,1540.3172217733102
N21000334,N21000327,3,2044.5492157579736,inf,inf,2371.37488459963,2044.5492157579736
N21000334,N21000328,3,1429.6008736633773,inf,inf,2968.808892122852,1429.6008736633773
N21000334,N21000329,6,1369.8754249918843,inf,inf,inf,1369.8754249918843
N21000334,N21000331,16,1057.2746874849647,inf,inf,1086.6919004065435,1057.2746874849647
N21000334,N21000332,5,2244.9047883102276,inf,inf,2528.5140158582935,2244.9047883102276
N21000334,N21000333,1,1160.1067703649107,inf,inf,1459.6564622310182,1160.1067703649107
N21000334,N21000335,64,875.3653148880305,inf,inf,1592.5434772620822,875.3653148880305
N21000335,N21000166,1,4260.199060160214,inf,inf,inf,4260.199060160214
N21000335,N21000170,1,3453.440280751541,inf,inf,4331.80289000116,3453.440280751541
N21000335,N21000171,1,3104.5045099266767,inf,inf,inf,3104.5045099266767
N21000335,N21000172,1,3022.6555514722986,inf,inf,3468.8478664507084,3022.6555514722986
N21000335,N21000175,7,2936.447330276646,inf,inf,3895.1967101353357,2936.447330276646
N21000335,N21000176,1,2935.2253088733582,inf,inf,4347.963296166536,2935.2253088733582
N21000335,N21000177,1,2970.018103148108,inf,inf,inf,2970.018103148108
N21000335,N21000178,2,2597.306242850251,inf,inf,inf,2597.306242850251
N21000335,N21000182,1,7625.893984177115,inf,inf,8311.223756226187,7625.893984177115
N21000335,N21000189,2,4768.383111559838,inf,inf,9121.84875846979,4768.383111559838
N21000335,N21000192,20,6397.912450053093,inf,inf,11521.299441143554,6397.912450053093
N21000335,N21000193,1,4013.6075529879554,inf,inf,9694.402789738631,4013.6075529879554
N21000335,N21000195,1,3969.8342223708455,inf,inf,10905.388152646301,3969.8342223708455
N21000335,N21000197,7,7590.507932104442,inf,inf,inf,7590.507932104442
N21000335,N21000198,9,4544.635871899394,inf,inf,inf,4544.635871899394
N21000335,N21000201,1,4998.26508625537,inf,inf,inf,4998.26508625537
N21000335,N21000204,1,3487.4293037483058,inf,inf,inf,3487.4293037483058
N21000335,N21000207,1,3723.0403396781126,inf,inf,inf,3723.0403396781126
N21000335,N21000208,1,4163.42740618347,inf,inf,inf,4163.42740618347
N21000335,N21000212,2,3716.956731068304,inf,inf,inf,3716.956731068304
N21000335,N21000220,1,7726.827335570496,inf,inf,inf,7726.827335570496
N21000335,N21000221,1,9100.676273527644,inf,inf,inf,9100.676273527644
N21000335,N21000225,1,6514.173006282551,inf,inf,inf,6514.173006282551
N21000335,N21000226,1,5943.9905958008185,inf,inf,inf,5943.9905958008185
N21000335,N21000237,1,6049.288049270538,inf,inf,inf,6049.288049270538
N21000335,N21000241,1,4742.977066721791,inf,inf,inf,4742.977066721791
N21000335,N21000251,68,1549.5168295162707,inf,inf,inf,1549.5168295162707
N21000335,N21000252,16,2502.4788793685516,inf,inf,inf,2502.4788793685516
N21000335,N21000253,8,1925.2039610780896,inf,inf,inf,1925.2039610780896
N21000335,N21000254,2,2753.129092140683,inf,inf,inf,2753.129092140683
N21000335,N21000256,15,1855.2939419697962,inf,inf,inf,1855.2939419697962
N21000335,N21000258,3,2440.809889674922,inf,inf,inf,2440.809889674922
N21000335,N21000263,1,4096.265461428294,inf,inf,inf,4096.265461428294
N21000335,N21000264,4,3157.4091618498087,inf,inf,inf,3157.4091618498087
N21000335,N21000265,2,2626.368058209548,inf,inf,inf,2626.368058209548
N21000335,N21000266,2,2504.457225912229,inf,inf,inf,2504.457225912229
N21000335,N21000268,24,2134.470155694868,inf,inf,inf,2134.470155694868
N21000335,N21000270,1,3458.425550517877,inf,inf,inf,3458.425550517877
N21000335,N21000271,2,4043.419641758183,inf,inf,inf,4043.419641758183
N21000335,N21000274,9,4170.398775649255,inf,inf,inf,4170.398775649255
N21000335,N21000276,1,5007.562917559831,inf,inf,inf,5007.562917559831
N21000335,N21000279,1,5188.476001328182,inf,inf,inf,5188.476001328182
N21000335,N21000280,1,5330.292728034408,inf,inf,inf,5330.292728034408
N21000335,N21000284,3,7391.6945620296065,inf,inf,inf,7391.6945620296065
N21000335,N21000286,2,4452.656053204027,inf,inf,inf,4452.656053204027
N21000335,N21000287,1,7517.566906803775,inf,inf,inf,7517.566906803775
N21000335,N21000289,1,4968.79910033989,inf,inf,inf,4968.79910033989
N21000335,N21000295,2,6758.543955393889,inf,inf,inf,6758.543955393889
N21000335,N21000301,4,2755.790632970042,inf,inf,4405.9068679153415,2755.790632970042
N21000335,N21000302,5,1307.9433039782186,inf,inf,1639.9472774305204,1307.9433039782186
N21000335,N21000304,9,8094.0293611785855,inf,inf,inf,8094.0293611785855
N21000335,N21000305,7,1571.7421941256905,inf,inf,3112.256227807004,1571.7421941256905
N21000335,N21000306,2,2147.057333726976,inf,inf,3118.678793989543,2147.057333726976
N21000335,N21000307,1,2337.541927911727,inf,inf,inf,2337.541927911727
N21000335,N21000308,2,3025.9532961980526,inf,inf,inf,3025.9532961980526
N21000335,N21000309,24,2424.869632823811,inf,inf,inf,2424.869632823811
N21000335,N21000310,4,3840.3197969286102,inf,inf,inf,3840.3197969286102
N21000335,N21000311,1,3599.8270896976087,inf,inf,inf,3599.8270896976087
N21000335,N21000314,1,4886.094878947049,inf,inf,inf,4886.094878947049
N21000335,N21000315,3,3575.744922646621,inf,inf,inf,3575.744922646621
N21000335,N21000318,3,4344.325853259486,inf,inf,inf,4344.325853259486
N21000335,N21000323,2,2144.4922041183254,inf,inf,2380.752652471477,2144.4922041183254
N21000335,N21000324,3,1890.3247426849089,inf,inf,2176.6488841579294,1890.3247426849089
N21000335,N21000325,4,1953.5207005715902,inf,inf,2899.5396153718234,1953.5207005715902
N21000335,N21000326,2,2881.4198629278735,inf,inf,inf,2881.4198629278735
N21000335,N21000327,5,1653.428425902324,inf,inf,1822.2407729475638,1653.428425902324
N21000335,N21000328,2,1526.3483461245921,inf,inf,2419.674780470785,1526.3483461245921
N21000335,N21000329,7,2149.159140573474,inf,inf,inf,2149.159140573474
N21000335,N21000331,9,896.9902194689579,inf,inf,1158.449375824164,896.9902194689579
N21000335,N21000332,8,1715.3389060668114,inf,inf,1715.3389060668114,1715.3389060668114
N21000335,N21000334,9,875.3653148880305,inf,inf,1592.5434772620822,875.3653148880305
