origin_sdz,dest_sdz,place_of_work_ind_code,count,origin_vid,dest_vid,dist_full,connected_lts1,connected_lts2,connected_lts3,connected_lts4
N21000161,N21000162,4,1,4145,7448,2488.035482970002,False,False,False,True
N21000161,N21000163,4,9,4145,20140,2899.932487683348,False,False,False,True
N21000161,N21000164,4,26,4145,26366,1249.2686190718673,False,False,False,True
N21000161,N21000165,4,16,4145,19703,3094.1730068162847,False,False,False,True
N21000161,N21000166,4,18,4145,23646,2040.1845681309505,False,False,False,True
N21000161,N21000167,4,3,4145,23946,4619.426555973972,False,False,False,True
N21000161,N21000168,4,2,4145,4451,4111.921839164339,False,False,False,True
N21000161,N21000169,4,3,4145,623,3189.318615071264,False,False,False,True
N21000161,N21000170,4,1,4145,23278,2997.7969044176957,False,False,False,True
N21000161,N21000171,4,5,4145,18303,4868.091534638747,False,False,False,True
N21000161,N21000172,4,1,4145,18162,4341.866461668174,False,False,False,True
N21000161,N21000173,4,2,4145,24908,3475.881008196532,False,False,False,True
N21000161,N21000174,4,4,4145,19652,4316.1083245017235,False,False,False,True
N21000161,N21000175,4,20,4145,27201,5297.68866633883,False,False,False,True
N21000161,N21000176,4,1,4145,15329,5640.1316195056515,False,False,False,True
N21000161,N21000177,4,6,4145,22862,6036.593452120667,False,False,False,True
N21000161,N21000178,4,5,4145,12747,5382.5873836281025,False,False,False,True
N21000161,N21000179,4,2,4145,1275,6657.338079342524,False,False,False,True
N21000161,N21000181,4,1,4145,10525,5802.927394059407,False,False,False,True
N21000161,N21000182,4,4,4145,8586,4478.151634605713,False,False,False,True
N21000161,N21000183,4,1,4145,14990,5503.055537084709,False,False,False,True
N21000161,N21000184,4,3,4145,4165,4424.4752500941195,False,False,False,True
N21000161,N21000185,4,1,4145,26396,2843.9065327817025,False,False,False,True
N21000161,N21000186,4,3,4145,13768,4855.741889653484,False,False,False,True
N21000161,N21000187,4,2,4145,23892,3481.45545917418,False,False,False,True
N21000161,N21000188,4,4,4145,9768,5633.785391417112,False,False,False,True
N21000161,N21000189,4,5,4145,4448,4370.972576204158,False,False,False,True
N21000161,N21000190,4,4,4145,9490,5081.611942200649,False,False,False,True
N21000161,N21000191,4,1,4145,10156,5820.459917675025,False,False,False,True
N21000161,N21000192,4,53,4145,17614,6984.196096942477,False,False,False,True
N21000161,N21000193,4,1,4145,24443,4884.6550282599355,False,False,False,True
N21000161,N21000195,4,5,4145,22584,6050.120770118935,False,False,False,True
N21000161,N21000196,4,3,4145,8754,5769.162856373114,False,False,False,True
N21000161,N21000198,4,23,4145,15611,8372.447679422126,False,False,False,True
N21000161,N21000202,4,3,4145,15786,8628.962438729523,False,False,False,True
N21000161,N21000203,4,1,4145,15685,9518.50903303544,False,False,False,True
N21000161,N21000204,4,1,4145,26239,7792.954943990999,False,False,False,True
N21000161,N21000205,4,1,4145,27396,8918.823950977965,False,False,False,True
N21000161,N21000209,4,3,4145,9382,7886.268411914071,False,False,False,True
N21000161,N21000251,4,72,4145,15928,6711.872831534967,False,False,False,True
N21000161,N21000252,4,18,4145,6604,7170.042144275995,False,False,False,True
N21000161,N21000253,4,7,4145,7436,7206.683095966273,False,False,False,True
N21000161,N21000254,4,4,4145,17102,7746.727609584089,False,False,False,True
N21000161,N21000256,4,15,4145,24260,7644.725420461062,False,False,False,True
N21000161,N21000258,4,5,4145,27783,7759.249912755922,False,False,False,True
N21000161,N21000261,4,3,4145,1844,8330.22149171528,False,False,False,True
N21000161,N21000262,4,2,4145,8231,8369.871667220641,False,False,False,True
N21000161,N21000264,4,8,4145,24247,8601.090737044171,False,False,False,True
N21000161,N21000265,4,4,4145,27041,8415.799536700813,False,False,False,True
N21000161,N21000266,4,3,4145,18253,8293.888704403495,False,False,False,True
N21000161,N21000267,4,1,4145,21949,8953.78368945568,False,False,False,True
N21000161,N21000268,4,24,4145,1126,7923.901634186137,False,False,False,True
N21000161,N21000269,4,2,4145,1407,9208.98536719208,False,False,False,True
N21000161,N21000270,4,6,4145,1364,9247.857029009145,False,False,False,True
N21000161,N21000301,4,2,4145,22078,6064.064284769554,False,False,False,True
N21000161,N21000302,4,3,4145,6864,6735.6608887314815,False,False,False,True
N21000161,N21000303,4,1,4145,6397,6169.0960816055485,False,False,False,True
N21000161,N21000305,4,1,4145,6602,7199.824450338683,False,False,False,True
N21000161,N21000309,4,10,4145,2721,8052.9518890368045,False,False,False,True
N21000161,N21000310,4,2,4145,15134,9149.099316404037,False,False,False,True
N21000161,N21000316,4,2,4145,23306,2789.8852305740916,False,False,False,True
N21000161,N21000317,4,1,4145,25675,3426.0828777601737,False,False,False,True
N21000161,N21000318,4,1,4145,29337,2664.2188813368207,False,False,True,True
N21000161,N21000319,4,2,4145,20953,4133.459473494016,False,False,False,True
N21000161,N21000321,4,5,4145,19488,4058.9218115039725,False,False,False,True
N21000161,N21000322,4,3,4145,3303,4888.356387563106,False,False,False,True
N21000161,N21000323,4,5,4145,10135,4618.733045216635,False,False,False,True
N21000161,N21000324,4,3,4145,25636,4830.993940414849,False,False,False,True
N21000161,N21000325,4,22,4145,14225,5428.240185759278,False,False,False,True
N21000161,N21000326,4,2,4145,3406,4591.267709865263,False,False,False,True
N21000161,N21000327,4,1,4145,12871,4778.467366154687,False,False,False,True
N21000161,N21000328,4,1,4145,25177,5084.470932632369,False,False,False,True
N21000161,N21000329,4,3,4145,7369,6267.105118813348,False,False,False,True
N21000161,N21000331,4,8,4145,13387,5854.3260383597,False,False,False,True
N21000161,N21000332,4,6,4145,23473,5726.540311386163,False,False,False,True
N21000161,N21000333,4,3,4145,3340,5395.133152219689,False,False,False,True
N21000161,N21000334,4,1,4145,27702,6280.384972581264,False,False,False,True
N21000161,N21000335,4,36,4145,18611,5999.586079731723,False,False,False,True
N21000162,N21000161,4,10,7448,4145,2488.0354829700022,False,False,False,True
N21000162,N21000164,4,2,7448,26366,1885.1091304795368,False,False,False,True
N21000162,N21000165,4,12,7448,19703,1005.6402476025689,False,False,True,True
N21000162,N21000166,4,16,7448,23646,991.8570764380745,False,False,False,True
N21000162,N21000167,4,2,7448,23946,2207.580540063712,False,False,False,True
N21000162,N21000168,4,1,7448,4451,2189.323010585117,False,False,True,True
N21000162,N21000169,4,1,7448,623,1778.7529546064288,False,False,True,True
N21000162,N21000170,4,3,7448,23278,1587.23124395286,False,False,False,True
N21000162,N21000171,4,1,7448,18303,2514.2017276048437,False,False,False,True
N21000162,N21000174,4,4,7448,19652,2498.364726025736,False,False,True,True
N21000162,N21000175,4,6,7448,27201,2887.8582461284946,False,False,False,True
N21000162,N21000177,4,1,7448,22862,3760.702281778223,False,False,False,True
N21000162,N21000182,4,2,7448,8586,2880.826971161411,True,True,True,True
N21000162,N21000186,4,2,7448,13768,2875.6374421364835,False,False,False,True
N21000162,N21000187,4,2,7448,23892,1465.1798921074922,False,False,False,True
N21000162,N21000188,4,6,7448,9768,3653.680943900113,False,False,False,True
N21000162,N21000192,4,36,7448,17614,5004.091649425477,False,False,True,True
N21000162,N21000194,4,2,7448,25109,3355.4079433636994,False,False,False,True
N21000162,N21000195,4,9,7448,22584,3921.034483411634,False,False,False,True
N21000162,N21000198,4,14,7448,15611,6694.490825106852,False,False,False,True
N21000162,N21000202,4,4,7448,15786,6951.005584414246,False,False,False,True
N21000162,N21000205,4,3,7448,27396,7240.867096662683,False,False,False,True
N21000162,N21000208,4,1,7448,5457,7027.34374894184,False,False,False,True
N21000162,N21000209,4,4,7448,9382,6208.311557598795,False,False,False,True
N21000162,N21000216,4,2,7448,14179,8188.895655934639,False,False,False,True
N21000162,N21000223,4,1,7448,22810,8567.684164672253,False,False,False,True
N21000162,N21000237,4,5,7448,5957,8898.122963086424,False,False,False,True
N21000162,N21000238,4,1,7448,26190,7406.791185263561,False,False,False,True
N21000162,N21000240,4,3,7448,17764,8679.68892947362,False,False,False,True
N21000162,N21000248,4,1,7448,14259,9128.180612332188,False,False,False,True
N21000162,N21000249,4,1,7448,28796,8389.544861606391,False,False,False,True
N21000162,N21000251,4,47,7448,15928,5038.880704134483,False,False,False,True
N21000162,N21000252,4,13,7448,6604,5492.085289960716,False,False,False,True
N21000162,N21000253,4,2,7448,7436,5533.690968565788,False,False,False,True
N21000162,N21000254,4,1,7448,17102,6068.770755268812,False,False,False,True
N21000162,N21000256,4,10,7448,24260,6213.638297928791,False,False,False,True
N21000162,N21000257,4,1,7448,60,5838.471721616197,False,False,False,True
N21000162,N21000258,4,9,7448,27783,6086.257785355438,False,False,False,True
N21000162,N21000259,4,2,7448,15492,6459.29037361805,False,False,False,True
N21000162,N21000260,4,3,7448,17259,6722.335798308121,False,False,False,True
N21000162,N21000263,4,2,7448,6770,7411.907124556423,False,False,False,True
N21000162,N21000264,4,3,7448,24247,6928.098609643686,False,False,False,True
N21000162,N21000265,4,3,7448,27041,7276.822139277612,False,False,False,True
N21000162,N21000266,4,5,7448,18253,7154.911306980293,False,False,False,True
N21000162,N21000267,4,1,7448,21949,7275.826835140404,False,False,False,True
N21000162,N21000268,4,13,7448,1126,6784.924236762938,False,False,False,True
N21000162,N21000270,4,1,7448,1364,7610.28835313193,False,False,False,True
N21000162,N21000273,4,2,7448,2383,8694.792911149165,False,False,False,True
N21000162,N21000274,4,3,7448,391,8820.852856717327,False,False,False,True
N21000162,N21000275,4,2,7448,24042,9036.700876195298,False,False,False,True
N21000162,N21000276,4,2,7448,6161,9496.667776349617,False,False,False,True
N21000162,N21000277,4,1,7448,6659,9342.59146057427,False,False,False,True
N21000162,N21000302,4,1,7448,6864,5596.68349130828,False,False,True,True
N21000162,N21000305,4,1,7448,6602,6060.847052915482,False,False,False,True
N21000162,N21000306,4,1,7448,28173,6103.833300552404,False,False,False,True
N21000162,N21000309,4,3,7448,2721,6913.974491613603,False,False,False,True
N21000162,N21000316,4,5,7448,23306,1951.748488505986,False,False,False,True
N21000162,N21000317,4,2,7448,25675,2287.1054803369743,False,False,False,True
N21000162,N21000318,4,1,7448,29337,3845.1530426558415,False,False,False,True
N21000162,N21000319,4,4,7448,20953,2889.693504086104,False,False,True,True
N21000162,N21000322,4,2,7448,3303,3215.3642601626207,False,False,False,True
N21000162,N21000323,4,6,7448,10135,3374.967075808724,False,False,True,True
N21000162,N21000324,4,2,7448,25636,3692.0165429916515,False,False,True,True
N21000162,N21000325,4,13,7448,14225,3755.2480583587926,False,False,False,True
N21000162,N21000326,4,5,7448,3406,3666.4239145199313,False,False,False,True
N21000162,N21000327,4,2,7448,12871,3639.489968731486,False,False,True,True
N21000162,N21000328,4,2,7448,25177,3945.4935352091697,False,False,True,True
N21000162,N21000329,4,3,7448,7369,4594.112991412864,False,False,False,True
N21000162,N21000331,4,2,7448,13387,4439.382007329343,False,False,True,True
N21000162,N21000332,4,2,7448,23473,4700.104861339923,False,False,True,True
N21000162,N21000335,4,11,7448,18611,4860.608682308524,False,False,True,True
N21000163,N21000161,4,15,20140,4145,2899.932487683348,False,False,False,True
N21000163,N21000164,4,1,20140,26366,2044.9860640095073,False,False,False,True
N21000163,N21000166,4,14,20140,23646,1151.7340099680448,False,False,False,True
N21000163,N21000167,4,2,20140,23946,1929.885156661907,False,False,False,True
N21000163,N21000169,4,2,20140,623,1617.632727429945,False,False,False,True
N21000163,N21000171,4,2,20140,18303,2236.5063442030387,False,False,False,True
N21000163,N21000174,4,3,20140,19652,2220.6693426239312,False,False,False,True
N21000163,N21000175,4,18,20140,27201,2610.162862726689,False,False,False,True
N21000163,N21000177,4,8,20140,22862,3483.006898376417,False,False,False,True
N21000163,N21000178,4,2,20140,12747,3426.9351459110176,False,False,False,True
N21000163,N21000181,4,2,20140,10525,3866.2402838122507,False,False,False,True
N21000163,N21000184,4,2,20140,4165,2329.4433803111483,False,False,False,True
N21000163,N21000185,4,1,20140,26396,927.5050507699211,False,False,False,True
N21000163,N21000187,4,4,20140,23892,1350.2524698415218,False,False,False,True
N21000163,N21000188,4,8,20140,9768,3538.753521634142,False,False,False,True
N21000163,N21000189,4,3,20140,4448,2239.769586871499,False,False,False,True
N21000163,N21000190,4,3,20140,9490,2894.212969111982,False,False,False,True
N21000163,N21000192,4,60,20140,17614,4889.164227159506,False,False,False,True
N21000163,N21000193,4,4,20140,24443,2605.6724800420593,False,False,False,True
N21000163,N21000195,4,10,20140,22584,3643.339100009829,False,False,False,True
N21000163,N21000196,4,2,20140,8754,3081.637052760974,False,False,False,True
N21000163,N21000197,4,11,20140,11265,9548.679878978524,False,False,False,True
N21000163,N21000198,4,26,20140,15611,6416.795441705046,False,False,False,True
N21000163,N21000202,4,1,20140,15786,6673.31020101244,False,False,False,True
N21000163,N21000203,4,1,20140,15685,7562.856795318353,False,False,False,True
N21000163,N21000204,4,2,20140,26239,5837.302706273917,False,False,False,True
N21000163,N21000205,4,3,20140,27396,6963.171713260877,False,False,False,True
N21000163,N21000208,4,1,20140,5457,6749.648365540034,False,False,False,True
N21000163,N21000211,4,1,20140,7197,7762.80703359711,False,False,False,True
N21000163,N21000212,4,2,20140,26189,6324.445769418465,False,False,False,True
N21000163,N21000213,4,2,20140,9502,6645.307089816213,False,False,False,True
N21000163,N21000216,4,3,20140,14179,7911.200272532833,False,False,False,True
N21000163,N21000224,4,2,20140,15583,9435.649256322216,False,False,False,True
N21000163,N21000226,4,1,20140,7766,8209.22404481862,False,False,False,True
N21000163,N21000237,4,4,20140,5957,8620.427579684618,False,False,False,True
N21000163,N21000240,4,6,20140,17764,8401.993546071813,False,False,False,True
N21000163,N21000243,4,1,20140,1454,8294.109468188495,False,False,False,True
N21000163,N21000246,4,1,20140,1102,8739.304024080802,False,False,False,True
N21000163,N21000249,4,2,20140,28796,8111.849478204584,False,False,False,True
N21000163,N21000251,4,76,20140,15928,4761.1853207326785,False,False,False,True
N21000163,N21000252,4,13,20140,6604,5214.389906558911,False,False,False,True
N21000163,N21000253,4,16,20140,7436,5255.995585163984,False,False,False,True
N21000163,N21000254,4,7,20140,17102,5791.075371867005,False,False,False,True
N21000163,N21000256,4,15,20140,24260,5935.942914526986,False,False,False,True
N21000163,N21000258,4,2,20140,27783,5808.5624019536335,False,False,False,True
N21000163,N21000261,4,2,20140,1844,6491.987017949622,False,False,False,True
N21000163,N21000263,4,1,20140,6770,7134.211741154616,False,False,False,True
N21000163,N21000264,4,2,20140,24247,6650.403226241882,False,False,False,True
N21000163,N21000265,4,3,20140,27041,7014.893432681985,False,False,False,True
N21000163,N21000266,4,2,20140,18253,6969.5883550398885,False,False,False,True
N21000163,N21000268,4,24,20140,1126,6642.317087573294,False,False,False,True
N21000163,N21000270,4,2,20140,1364,7332.592969730126,False,False,False,True
N21000163,N21000271,4,1,20140,15197,7557.113444344905,False,False,False,True
N21000163,N21000273,4,1,20140,2383,8518.596289414098,False,False,False,True
N21000163,N21000274,4,16,20140,391,8678.245707527683,False,False,False,True
N21000163,N21000288,4,1,20140,18650,9474.437806156731,False,False,False,True
N21000163,N21000302,4,1,20140,6864,5454.076342118636,False,False,False,True
N21000163,N21000307,4,1,20140,2710,6684.039637511874,False,False,False,True
N21000163,N21000309,4,4,20140,2721,6771.36734242396,False,False,False,True
N21000163,N21000310,4,1,20140,15134,8081.648371869056,False,False,False,True
N21000163,N21000311,4,3,20140,2072,7841.155664638055,False,False,False,True
N21000163,N21000312,4,1,20140,18228,8391.537296101389,False,False,False,True
N21000163,N21000313,4,1,20140,24972,9565.34018334092,False,False,False,True
N21000163,N21000316,4,2,20140,23306,1880.9712939240887,False,False,False,True
N21000163,N21000317,4,8,20140,25675,2144.49833114733,False,False,False,True
N21000163,N21000319,4,3,20140,20953,2611.9981206842986,False,False,False,True
N21000163,N21000321,4,2,20140,19488,2777.3372648911295,False,False,False,True
N21000163,N21000322,4,5,20140,3303,2937.6688767608157,False,False,False,True
N21000163,N21000323,4,4,20140,10135,3097.2716924069186,False,False,False,True
N21000163,N21000324,4,5,20140,25636,3549.409393802008,False,False,False,True
N21000163,N21000325,4,13,20140,14225,3477.5526749569876,False,False,False,True
N21000163,N21000329,4,2,20140,7369,4316.417608011058,False,False,False,True
N21000163,N21000331,4,2,20140,13387,4161.68662392754,False,False,False,True
N21000163,N21000332,4,2,20140,23473,4557.49771215028,False,False,False,True
N21000163,N21000335,4,21,20140,18611,4718.00153311888,False,False,False,True
N21000164,N21000161,4,4,26366,4145,1249.2686190718673,False,False,False,True
N21000164,N21000162,4,3,26366,7448,1885.109130479537,False,False,False,True
N21000164,N21000163,4,1,26366,20140,2044.9860640095071,False,False,False,True
N21000164,N21000165,4,9,26366,19703,2037.847291661467,False,False,False,True
N21000164,N21000166,4,3,26366,23646,983.8588529761332,False,False,False,True
N21000164,N21000167,4,3,26366,23946,3563.1008408191556,False,False,False,True
N21000164,N21000169,4,1,26366,623,2132.9928999164463,False,False,False,True
N21000164,N21000170,4,6,26366,23278,1941.4711892628775,False,False,False,True
N21000164,N21000171,4,2,26366,18303,3811.765819483929,False,False,False,True
N21000164,N21000173,4,1,26366,24908,2419.555293041715,False,False,False,True
N21000164,N21000174,4,6,26366,19652,3259.782609346905,False,False,False,True
N21000164,N21000175,4,22,26366,27201,4241.3629511840145,False,False,False,True
N21000164,N21000176,4,2,26366,15329,4583.805904350836,False,False,False,True
N21000164,N21000177,4,6,26366,22862,4980.267736965854,False,False,False,True
N21000164,N21000178,4,7,26366,12747,4326.261668473289,False,False,False,True
N21000164,N21000181,4,4,26366,10525,5756.249001742801,False,False,False,True
N21000164,N21000186,4,2,26366,13768,4650.718737801062,False,False,False,True
N21000164,N21000187,4,3,26366,23892,3240.26118777207,False,False,False,True
N21000164,N21000188,4,3,26366,9768,5387.274976909412,False,False,False,True
N21000164,N21000189,4,2,26366,4448,4129.778304802047,False,False,False,True
N21000164,N21000190,4,2,26366,9490,4527.428653269231,False,False,False,True
N21000164,N21000192,4,40,26366,17614,6779.172945090056,False,False,False,True
N21000164,N21000193,4,6,26366,24443,4238.888164199309,False,False,False,True
N21000164,N21000195,4,3,26366,22584,5274.539188467156,False,False,False,True
N21000164,N21000196,4,7,26366,8754,4712.837141218298,False,False,False,True
N21000164,N21000198,4,9,26366,15611,7316.121964267315,False,False,False,True
N21000164,N21000203,4,1,26366,15685,8462.183317880623,False,False,False,True
N21000164,N21000204,4,5,26366,26239,6736.629228836186,False,False,False,True
N21000164,N21000213,4,2,26366,9502,7544.633612378482,False,False,False,True
N21000164,N21000216,4,1,26366,14179,8810.526795095102,False,False,False,True
N21000164,N21000240,4,4,26366,17764,9301.32006863408,False,False,False,True
N21000164,N21000241,4,3,26366,20619,8680.249869010384,False,False,False,True
N21000164,N21000245,4,1,26366,8653,8540.769494915638,False,False,False,True
N21000164,N21000251,4,67,26366,15928,5655.547116380152,False,False,False,True
N21000164,N21000252,4,19,26366,6604,6113.716429121182,False,False,False,True
N21000164,N21000253,4,8,26366,7436,6150.357380811458,False,False,False,True
N21000164,N21000254,4,5,26366,17102,6690.401894429276,False,False,False,True
N21000164,N21000256,4,16,26366,24260,6588.399705306245,False,False,False,True
N21000164,N21000257,4,1,26366,60,5921.12340388458,False,False,False,True
N21000164,N21000258,4,1,26366,27783,6702.924197601107,False,False,False,True
N21000164,N21000259,4,1,26366,15492,7075.956785863719,False,False,False,True
N21000164,N21000260,4,1,26366,17259,6804.987480576504,False,False,False,True
N21000164,N21000263,4,4,26366,6770,8033.538263716887,False,False,False,True
N21000164,N21000264,4,4,26366,24247,7544.765021889356,False,False,False,True
N21000164,N21000265,4,2,26366,27041,7359.473821545995,False,False,False,True
N21000164,N21000266,4,2,26366,18253,7237.562989248676,False,False,False,True
N21000164,N21000267,4,1,26366,21949,7897.457974300868,False,False,False,True
N21000164,N21000268,4,13,26366,1126,6867.57591903132,False,False,False,True
N21000164,N21000269,4,3,26366,1407,8152.659652037268,False,False,False,True
N21000164,N21000270,4,5,26366,1364,8191.531313854325,False,False,False,True
N21000164,N21000271,4,1,26366,15197,8451.475239992376,False,False,False,True
N21000164,N21000272,4,1,26366,20779,9476.464583973853,False,False,False,True
N21000164,N21000273,4,1,26366,2383,8777.44459341755,False,False,False,True
N21000164,N21000274,4,12,26366,391,8903.504538985706,False,False,False,True
N21000164,N21000275,4,3,26366,24042,9119.352558463679,False,False,False,True
N21000164,N21000286,4,2,26366,16479,8715.629549456227,False,False,False,True
N21000164,N21000301,4,2,26366,22078,5007.738569614737,False,False,False,True
N21000164,N21000303,4,4,26366,6397,5112.77036645073,False,False,False,True
N21000164,N21000305,4,4,26366,6602,6143.4987351838645,False,False,False,True
N21000164,N21000308,4,1,26366,13508,6893.871911783004,False,False,False,True
N21000164,N21000309,4,10,26366,2721,6996.626173881986,False,False,False,True
N21000164,N21000310,4,1,26366,15134,8092.773601249216,False,False,False,True
N21000164,N21000311,4,1,26366,2072,7852.280894018215,False,False,False,True
N21000164,N21000316,4,2,26366,23306,1733.559515419275,False,False,False,True
N21000164,N21000317,4,5,26366,25675,2369.7571626053564,False,False,False,True
N21000164,N21000318,4,2,26366,29337,2308.2161888523333,False,False,False,True
N21000164,N21000322,4,2,26366,3303,3832.0306724082916,False,False,False,True
N21000164,N21000325,4,4,26366,14225,4371.914470604463,False,False,False,True
N21000164,N21000329,4,2,26366,7369,5210.779403658534,False,False,False,True
N21000164,N21000331,4,3,26366,13387,4798.000323204883,False,False,False,True
N21000164,N21000332,4,2,26366,23473,4670.214596231346,False,False,False,True
N21000164,N21000334,4,1,26366,27702,5224.059257426449,False,False,False,True
N21000164,N21000335,4,63,26366,18611,4943.260364576906,False,False,False,True
N21000165,N21000161,4,3,19703,4145,3094.1730068162838,False,False,False,True
N21000165,N21000162,4,1,19703,7448,1005.6402476025689,False,False,True,True
N21000165,N21000164,4,2,19703,26366,2037.8472916614671,False,False,False,True
N21000165,N21000166,4,12,19703,23646,1144.5952376200048,False,False,False,True
N21000165,N21000167,4,11,19703,23946,1525.253549157689,False,False,False,True
N21000165,N21000168,4,3,19703,4451,1230.162598148573,False,False,True,True
N21000165,N21000169,4,3,19703,623,936.1676983952063,True,True,True,True
N21000165,N21000170,4,7,19703,23278,1353.5847447609963,False,False,True,True
N21000165,N21000171,4,2,19703,18303,1831.8747366988205,False,False,False,True
N21000165,N21000172,4,8,19703,18162,1362.3108704414874,False,False,True,True
N21000165,N21000173,4,2,19703,24908,1787.8655982814569,False,False,False,True
N21000165,N21000174,4,1,19703,19652,1579.7490664373242,False,False,True,True
N21000165,N21000175,4,24,19703,27201,2205.531255222472,False,False,False,True
N21000165,N21000177,4,3,19703,22862,3078.3752908721995,False,False,False,True
N21000165,N21000178,4,8,19703,12747,2856.604930265153,False,False,False,True
N21000165,N21000179,4,2,19703,1275,6212.345683591583,False,False,True,True
N21000165,N21000180,4,1,19703,19753,4918.26373015846,False,False,False,True
N21000165,N21000182,4,1,19703,8586,3739.2719946564857,False,False,True,True
N21000165,N21000184,4,3,19703,4165,2995.1973853615073,False,False,False,True
N21000165,N21000185,4,1,19703,26396,1593.2590558202808,False,False,False,True
N21000165,N21000186,4,5,19703,13768,3335.005584329499,False,False,False,True
N21000165,N21000187,4,6,19703,23892,2016.0064748918815,False,False,False,True
N21000165,N21000188,4,3,19703,9768,3349.4276852479456,False,False,False,True
N21000165,N21000189,4,10,19703,4448,2190.809224824198,False,False,False,True
N21000165,N21000190,4,2,19703,9490,2489.5813616077635,False,False,False,True
N21000165,N21000192,4,56,19703,17614,4878.474513032869,False,False,False,True
N21000165,N21000193,4,5,19703,24443,2201.0408725378416,False,False,False,True
N21000165,N21000194,4,2,19703,25109,2673.0809524576766,False,False,False,True
N21000165,N21000195,4,10,19703,22584,3238.7074925056113,False,False,False,True
N21000165,N21000196,4,8,19703,8754,2677.005445256756,False,False,False,True
N21000165,N21000197,4,11,19703,11265,8978.349663332661,False,False,False,True
N21000165,N21000198,4,26,19703,15611,5846.465226059183,False,False,False,True
N21000165,N21000199,4,2,19703,8027,7569.449706931884,False,False,False,True
N21000165,N21000200,4,1,19703,16344,7104.557541662976,False,False,False,True
N21000165,N21000203,4,3,19703,15685,6992.52657967249,False,False,False,True
N21000165,N21000204,4,1,19703,26239,5266.9724906280535,False,False,False,True
N21000165,N21000206,4,1,19703,4787,6993.72984949267,False,False,False,True
N21000165,N21000208,4,1,19703,5457,6179.318149894171,False,False,False,True
N21000165,N21000209,4,2,19703,9382,5360.285958551125,False,False,False,True
N21000165,N21000210,4,3,19703,23126,6893.844480417318,False,False,False,True
N21000165,N21000213,4,1,19703,9502,6074.976874170349,False,False,False,True
N21000165,N21000215,4,2,19703,25962,6352.835400394454,False,False,False,True
N21000165,N21000216,4,1,19703,14179,7340.870056886969,False,False,False,True
N21000165,N21000220,4,1,19703,9614,9409.571908163596,False,False,False,True
N21000165,N21000226,4,1,19703,7766,7638.893829172757,False,False,False,True
N21000165,N21000232,4,2,19703,26582,8821.814341012083,False,False,False,True
N21000165,N21000237,4,3,19703,5957,8050.097364038754,False,False,False,True
N21000165,N21000239,4,1,19703,22166,6782.537801469832,False,False,False,True
N21000165,N21000240,4,3,19703,17764,7831.6633304259485,False,False,False,True
N21000165,N21000241,4,2,19703,20619,7210.593130802247,False,False,False,True
N21000165,N21000251,4,85,19703,15928,4185.890378172016,False,False,False,True
N21000165,N21000252,4,15,19703,6604,4644.0596909130445,False,False,False,True
N21000165,N21000253,4,6,19703,7436,4680.700642603322,False,False,False,True
N21000165,N21000254,4,4,19703,17102,5220.74515622114,False,False,False,True
N21000165,N21000256,4,10,19703,24260,5360.647971966326,False,False,False,True
N21000165,N21000258,4,1,19703,27783,5233.267459392971,False,False,False,True
N21000165,N21000259,4,1,19703,15492,5606.3000476555835,False,False,False,True
N21000165,N21000260,4,1,19703,17259,5922.51137971719,False,False,False,True
N21000165,N21000262,4,1,19703,8231,5843.889213857694,False,False,False,True
N21000165,N21000263,4,1,19703,6770,6563.881525508751,False,False,False,True
N21000165,N21000264,4,4,19703,24247,6075.10828368122,False,False,False,True
N21000165,N21000265,4,1,19703,27041,6439.598490121323,False,False,False,True
N21000165,N21000266,4,1,19703,18253,6355.086888389362,False,False,False,True
N21000165,N21000267,4,1,19703,21949,6427.801236092732,False,False,False,True
N21000165,N21000268,4,23,19703,1126,5985.099818172006,False,False,False,True
N21000165,N21000269,4,1,19703,1407,6683.002913829132,False,False,False,True
N21000165,N21000270,4,3,19703,1364,6757.298027169464,False,False,False,True
N21000165,N21000271,4,3,19703,15197,6981.8185017842425,False,False,False,True
N21000165,N21000272,4,1,19703,20779,8006.807845765714,False,False,False,True
N21000165,N21000274,4,4,19703,391,8021.028438126396,False,False,False,True
N21000165,N21000275,4,1,19703,24042,8236.87645760437,False,False,False,True
N21000165,N21000276,4,2,19703,6161,8707.432756748965,False,False,False,True
N21000165,N21000277,4,1,19703,6659,8542.767041983336,False,False,False,True
N21000165,N21000278,4,1,19703,25468,8841.814789923765,False,False,False,True
N21000165,N21000286,4,2,19703,16479,8152.525892393165,False,False,False,True
N21000165,N21000288,4,3,19703,18650,8922.45937847383,False,False,False,True
N21000165,N21000303,4,2,19703,6397,4240.883664581694,False,False,True,True
N21000165,N21000305,4,2,19703,6602,5271.612033314828,False,False,False,True
N21000165,N21000307,4,1,19703,2710,6037.411767100865,False,False,False,True
N21000165,N21000308,4,2,19703,13508,6546.415169439935,False,False,False,True
N21000165,N21000309,4,4,19703,2721,6124.73947201295,False,False,False,True
N21000165,N21000310,4,1,19703,15134,7540.189636117749,False,False,False,True
N21000165,N21000316,4,2,19703,23306,1826.0827755210923,False,False,False,True
N21000165,N21000317,4,1,19703,25675,1866.0313781605455,False,False,False,True
N21000165,N21000322,4,2,19703,3303,2362.373934200155,False,False,False,True
N21000165,N21000323,4,5,19703,10135,2415.8066633721787,False,False,True,True
N21000165,N21000324,4,3,19703,25636,3205.4758541265455,False,False,True,True
N21000165,N21000325,4,8,19703,14225,2902.257732396327,False,False,True,True
N21000165,N21000326,4,2,19703,3406,3245.3498123435024,False,False,False,True
N21000165,N21000327,4,2,19703,12871,2839.6655501405553,False,False,True,True
N21000165,N21000328,4,1,19703,25177,3053.1319867571424,False,False,True,True
N21000165,N21000329,4,1,19703,7369,3741.1226654503976,False,False,False,True
N21000165,N21000331,4,3,19703,13387,3586.391681366878,False,False,True,True
N21000165,N21000332,4,3,19703,23473,4122.600408470351,False,False,True,True
N21000165,N21000333,4,1,19703,3340,3456.3313362055596,False,False,True,True
N21000165,N21000335,4,23,19703,18611,4060.7842637175922,False,False,True,True
N21000166,N21000161,4,1,23646,4145,2040.1845681309496,False,False,False,True
N21000166,N21000163,4,2,23646,20140,1151.7340099680448,False,False,False,True
N21000166,N21000164,4,2,23646,26366,983.8588529761332,False,False,False,True
N21000166,N21000165,4,5,23646,19703,1144.5952376200048,False,False,False,True
N21000166,N21000167,4,1,23646,23946,2669.848786777694,False,False,False,True
N21000166,N21000169,4,3,23646,623,1239.740845874984,False,False,False,True
N21000166,N21000170,4,8,23646,23278,1048.2191352214152,False,False,False,True
N21000166,N21000174,4,1,23646,19652,2549.3023986356975,False,False,False,True
N21000166,N21000175,4,12,23646,27201,3348.1108971425515,False,False,False,True
N21000166,N21000177,4,1,23646,22862,4220.9549327922805,False,False,False,True
N21000166,N21000178,4,4,23646,12747,3643.2003640565963,False,False,False,True
N21000166,N21000181,4,1,23646,10525,4862.9969477013365,False,False,False,True
N21000166,N21000182,4,3,23646,8586,3872.684047599485,False,False,False,True
N21000166,N21000183,4,1,23646,14990,4446.2424582539015,False,False,False,True
N21000166,N21000184,4,1,23646,4165,3326.2000442002345,False,False,False,True
N21000166,N21000186,4,1,23646,13768,3757.466683759599,False,False,False,True
N21000166,N21000187,4,3,23646,23892,2347.009133730608,False,False,False,True
N21000166,N21000188,4,3,23646,9768,4494.022922867951,False,False,False,True
N21000166,N21000189,4,1,23646,4448,3236.5262507605853,False,False,False,True
N21000166,N21000190,4,2,23646,9490,3634.1765992277697,False,False,False,True
N21000166,N21000192,4,26,23646,17614,5885.920891048593,False,False,False,True
N21000166,N21000193,4,1,23646,24443,3345.636110157847,False,False,False,True
N21000166,N21000195,4,4,23646,22584,4381.287134425691,False,False,False,True
N21000166,N21000196,4,1,23646,8754,3819.5850871768357,False,False,False,True
N21000166,N21000198,4,10,23646,15611,6633.060659850624,False,False,False,True
N21000166,N21000202,4,2,23646,15786,6889.575419158018,False,False,False,True
N21000166,N21000204,4,2,23646,26239,6053.567924419494,False,False,False,True
N21000166,N21000205,4,1,23646,27396,7179.436931406455,False,False,False,True
N21000166,N21000213,4,1,23646,9502,6861.572307961791,False,False,False,True
N21000166,N21000224,4,1,23646,15583,9651.914474467794,False,False,False,True
N21000166,N21000226,4,2,23646,7766,8425.489262964198,False,False,False,True
N21000166,N21000232,4,1,23646,26582,9608.409774803527,False,False,False,True
N21000166,N21000237,4,3,23646,5957,8836.692797830196,False,False,False,True
N21000166,N21000240,4,2,23646,17764,8618.258764217391,False,False,False,True
N21000166,N21000241,4,1,23646,20619,7997.188564593692,False,False,False,True
N21000166,N21000251,4,28,23646,15928,4972.485811963459,False,False,False,True
N21000166,N21000252,4,13,23646,6604,5430.65512470449,False,False,False,True
N21000166,N21000253,4,5,23646,7436,5467.296076394765,False,False,False,True
N21000166,N21000254,4,5,23646,17102,6007.3405900125845,False,False,False,True
N21000166,N21000256,4,13,23646,24260,5905.338400889552,False,False,False,True
N21000166,N21000258,4,5,23646,27783,6019.862893184414,False,False,False,True
N21000166,N21000259,4,1,23646,15492,6392.895481447026,False,False,False,True
N21000166,N21000262,4,1,23646,8231,6630.484647649138,False,False,False,True
N21000166,N21000264,4,3,23646,24247,6861.703717472663,False,False,False,True
N21000166,N21000268,4,10,23646,1126,6184.514614614627,False,False,False,True
N21000166,N21000269,4,1,23646,1407,7469.5983476205765,False,False,False,True
N21000166,N21000272,4,4,23646,20779,8793.40327955716,False,False,False,True
N21000166,N21000273,4,2,23646,2383,8094.383289000854,False,False,False,True
N21000166,N21000274,4,6,23646,391,8220.443234569018,False,False,False,True
N21000166,N21000276,4,1,23646,6161,8849.014899561798,False,False,False,True
N21000166,N21000278,4,1,23646,25468,9628.410223715211,False,False,False,True
N21000166,N21000279,4,1,23646,4115,9238.52046024794,False,False,False,True
N21000166,N21000309,4,2,23646,2721,6313.564869465293,False,False,False,True
N21000166,N21000316,4,1,23646,23306,1050.4982110025826,False,False,False,True
N21000166,N21000317,4,5,23646,25675,1686.6958581886636,False,False,False,True
N21000166,N21000319,4,1,23646,20953,2394.072453922504,False,False,False,True
N21000166,N21000322,4,1,23646,3303,3148.969367991598,False,False,False,True
N21000166,N21000323,4,10,23646,10135,2879.346025645124,False,False,False,True
N21000166,N21000324,4,4,23646,25636,3091.6069208433414,False,False,False,True
N21000166,N21000325,4,11,23646,14225,3688.85316618777,False,False,False,True
N21000166,N21000326,4,1,23646,3406,2851.8806902937545,False,False,False,True
N21000166,N21000327,4,1,23646,12871,3039.080346583176,False,False,False,True
N21000166,N21000329,4,3,23646,7369,4527.718099241841,False,False,False,True
N21000166,N21000331,4,1,23646,13387,4114.93901878819,False,False,False,True
N21000166,N21000332,4,2,23646,23473,3987.1532918146545,False,False,False,True
N21000166,N21000334,4,2,23646,27702,4540.997953009757,False,False,False,True
N21000166,N21000335,4,11,23646,18611,4260.199060160213,False,False,False,True
N21000167,N21000164,4,1,23946,26366,3563.1008408191556,False,False,False,True
N21000167,N21000165,4,1,23946,19703,1525.253549157689,False,False,False,True
N21000167,N21000166,4,1,23946,23646,2669.848786777694,False,False,False,True
N21000167,N21000169,4,1,23946,623,1615.9034713309006,False,False,False,True
N21000167,N21000170,4,5,23946,23278,2033.3205176966908,False,False,False,True
N21000167,N21000171,4,3,23946,18303,982.1959381398925,False,False,False,True
N21000167,N21000172,4,5,23946,18162,916.0550814627195,False,False,False,True
N21000167,N21000173,4,1,23946,24908,1897.868604754796,False,False,False,True
N21000167,N21000174,4,1,23946,19652,1202.791879460188,False,False,False,True
N21000167,N21000175,4,19,23946,27201,1355.8524566635438,False,False,False,True
N21000167,N21000176,4,5,23946,15329,1839.8014379692092,False,False,False,True
N21000167,N21000177,4,14,23946,22862,2228.6964923132728,False,False,False,True
N21000167,N21000178,4,11,23946,12747,2172.6247398478727,False,False,False,True
N21000167,N21000179,4,2,23946,1275,5896.6400109452425,False,False,True,True
N21000167,N21000181,4,3,23946,10525,3792.928160565475,False,False,False,True
N21000167,N21000184,4,8,23946,4165,2256.131257064373,False,False,False,True
N21000167,N21000186,4,2,23946,13768,2587.522121388597,False,False,True,True
N21000167,N21000187,4,1,23946,23892,1682.238416916407,False,False,False,True
N21000167,N21000188,4,5,23946,9768,2601.9442223070437,False,False,True,True
N21000167,N21000189,4,1,23946,4448,1443.325761883296,False,False,True,True
N21000167,N21000190,4,3,23946,9490,1742.0978986668624,False,False,True,True
N21000167,N21000192,4,36,23946,17614,4130.991050091968,False,False,True,True
N21000167,N21000193,4,5,23946,24443,1313.261695609402,False,False,True,True
N21000167,N21000194,4,4,23946,25109,1381.9212065431977,False,False,False,True
N21000167,N21000195,4,6,23946,22584,1947.5477465911324,False,False,False,True
N21000167,N21000196,4,13,23946,8754,1414.2839753376823,False,False,False,True
N21000167,N21000197,4,3,23946,11265,8294.369472915381,False,False,False,True
N21000167,N21000198,4,11,23946,15611,5162.485035641902,False,False,False,True
N21000167,N21000199,4,1,23946,8027,6885.469516514604,False,False,False,True
N21000167,N21000201,4,1,23946,24818,5778.424794184106,False,False,False,True
N21000167,N21000203,4,2,23946,15685,6308.54638925521,False,False,False,True
N21000167,N21000205,4,1,23946,27396,5708.861307197734,False,False,False,True
N21000167,N21000208,4,2,23946,5457,5495.337959476891,False,False,False,True
N21000167,N21000209,4,1,23946,9382,4676.305768133843,False,False,False,True
N21000167,N21000211,4,2,23946,7197,6508.496627533967,False,False,False,True
N21000167,N21000219,4,1,23946,2333,8796.090057172147,False,False,False,True
N21000167,N21000222,4,1,23946,11993,7603.334181935432,False,False,False,True
N21000167,N21000223,4,2,23946,22810,7035.678375207304,False,False,False,True
N21000167,N21000224,4,3,23946,15583,8181.338850259079,False,False,False,True
N21000167,N21000230,4,1,23946,5611,8528.01526840181,False,False,False,True
N21000167,N21000237,4,2,23946,5957,7366.117173621474,False,False,False,True
N21000167,N21000240,4,5,23946,17764,7147.683140008667,False,False,False,True
N21000167,N21000241,4,1,23946,20619,6526.612940384968,False,False,False,True
N21000167,N21000242,4,2,23946,13928,8130.90970348804,False,False,False,True
N21000167,N21000245,4,2,23946,8653,6387.1325662902245,False,False,False,True
N21000167,N21000251,4,90,23946,15928,3520.587238435233,False,False,False,True
N21000167,N21000252,4,21,23946,6604,3960.0795004957636,False,False,False,True
N21000167,N21000253,4,15,23946,7436,4015.397502866539,False,False,False,True
N21000167,N21000254,4,7,23946,17102,4536.764965803861,False,False,False,True
N21000167,N21000256,4,12,23946,24260,4832.3467602325945,False,False,False,True
N21000167,N21000258,4,9,23946,27783,4567.9643196561865,False,False,False,True
N21000167,N21000263,4,2,23946,6770,5879.901335091472,False,False,False,True
N21000167,N21000264,4,3,23946,24247,5409.805143944435,False,False,False,True
N21000167,N21000265,4,1,23946,27041,5774.295350384538,False,False,False,True
N21000167,N21000268,4,9,23946,1126,5700.39033841823,False,False,False,True
N21000167,N21000269,4,1,23946,1407,5999.022723411853,False,False,False,True
N21000167,N21000270,4,1,23946,1364,6091.994887432679,False,False,False,True
N21000167,N21000271,4,2,23946,15197,6316.5153620474575,False,False,False,True
N21000167,N21000273,4,4,23946,2383,7277.998207116648,False,False,False,True
N21000167,N21000274,4,4,23946,391,7736.318958372621,False,False,False,True
N21000167,N21000275,4,1,23946,24042,7952.166977850595,False,False,False,True
N21000167,N21000277,4,1,23946,6659,7920.92385079479,False,False,False,True
N21000167,N21000286,4,2,23946,16479,8018.576235927385,False,False,False,True
N21000167,N21000301,4,1,23946,22078,4673.007721984323,False,False,False,True
N21000167,N21000302,4,1,23946,6864,4820.174366420282,False,False,False,True
N21000167,N21000303,4,5,23946,6397,4088.304859972877,False,False,False,True
N21000167,N21000305,4,2,23946,6602,5137.662376849048,False,False,False,True
N21000167,N21000308,4,6,23946,13508,6559.141064152591,False,False,False,True
N21000167,N21000309,4,11,23946,2721,5990.789815547169,False,False,False,True
N21000167,N21000310,4,3,23946,15134,7406.2399796519685,False,False,False,True
N21000167,N21000315,4,1,23946,2055,7141.665105369977,False,False,False,True
N21000167,N21000317,4,5,23946,25675,2050.574594749937,False,False,False,True
N21000167,N21000323,4,1,23946,10135,2192.0896043912608,False,False,False,True
N21000167,N21000324,4,2,23946,25636,3218.201748839201,False,False,False,True
N21000167,N21000325,4,1,23946,14225,2456.0019434175597,False,False,False,True
N21000167,N21000326,4,1,23946,3406,3429.893028932894,False,False,False,True
N21000167,N21000327,4,2,23946,12871,2852.391444853211,False,False,False,True
N21000167,N21000329,4,2,23946,7369,3085.472970518301,False,False,False,True
N21000167,N21000331,4,7,23946,13387,3140.13589238811,False,False,False,True
N21000167,N21000333,4,2,23946,3340,3469.0572309182153,False,False,False,True
N21000167,N21000334,4,1,23946,27702,3366.1571951324427,False,False,False,True
N21000167,N21000335,4,31,23946,18611,3776.0747839638166,False,False,False,True
N21000168,N21000163,4,1,4451,20140,1911.627627183312,False,False,False,True
N21000168,N21000165,4,7,4451,19703,1230.162598148573,False,False,True,True
N21000168,N21000166,4,2,4451,23646,2167.7867917838857,False,False,False,True
N21000168,N21000167,4,6,4451,23946,1468.82844947434,False,False,False,True
N21000168,N21000169,4,1,4451,623,1200.9479463821904,False,False,True,True
N21000168,N21000170,4,5,4451,23278,1362.8519612756356,False,False,True,True
N21000168,N21000171,4,4,4451,18303,1364.3693199689815,False,False,False,True
N21000168,N21000172,4,3,4451,18162,838.1442469984096,False,True,True,True
N21000168,N21000173,4,1,4451,24908,1126.053939323621,False,False,False,True
N21000168,N21000174,4,10,4451,19652,810.1203103743793,False,True,True,True
N21000168,N21000175,4,11,4451,27201,1941.2194326875706,False,False,False,True
N21000168,N21000177,4,8,4451,22862,2814.0634683372987,False,False,False,True
N21000168,N21000178,4,7,4451,12747,2332.4383068220754,False,False,False,True
N21000168,N21000181,4,1,4451,10525,4710.7521550099345,False,False,False,True
N21000168,N21000184,4,2,4451,4165,3173.955251508832,False,False,False,True
N21000168,N21000187,4,2,4451,23892,2600.0624113608665,False,False,False,True
N21000168,N21000188,4,1,4451,9768,3519.7682167515036,False,False,False,True
N21000168,N21000189,4,4,4451,4448,2361.1497563277558,False,False,False,True
N21000168,N21000190,4,3,4451,9490,2659.9218931113214,False,False,False,True
N21000168,N21000192,4,23,4451,17614,5048.815044536427,False,False,False,True
N21000168,N21000193,4,5,4451,24443,2340.10961898898,False,False,False,True
N21000168,N21000194,4,3,4451,25109,2408.7691299227754,False,False,False,True
N21000168,N21000195,4,6,4451,22584,2974.39566997071,False,False,False,True
N21000168,N21000196,4,5,4451,8754,2412.6936227218553,False,False,False,True
N21000168,N21000197,4,5,4451,11265,8454.183039889584,False,False,False,True
N21000168,N21000198,4,8,4451,15611,5322.298602616104,False,False,False,True
N21000168,N21000199,4,1,4451,8027,7045.283083488808,False,False,False,True
N21000168,N21000209,4,1,4451,9382,4836.1193351080465,False,False,False,True
N21000168,N21000216,4,1,4451,14179,6816.70343344389,False,False,False,True
N21000168,N21000224,4,1,4451,15583,8341.152417233283,False,False,False,True
N21000168,N21000226,4,1,4451,7766,7114.727205729681,False,False,False,True
N21000168,N21000237,4,1,4451,5957,7525.930740595678,False,False,False,True
N21000168,N21000238,4,1,4451,26190,6034.598962772812,False,False,False,True
N21000168,N21000240,4,1,4451,17764,7307.496706982871,False,False,False,True
N21000168,N21000248,4,1,4451,14259,7755.988389841437,False,False,False,True
N21000168,N21000251,4,33,4451,15928,3661.723754728939,False,False,False,True
N21000168,N21000252,4,3,4451,6604,4119.893067469966,False,False,False,True
N21000168,N21000253,4,1,4451,7436,4156.5340191602445,False,False,False,True
N21000168,N21000254,4,5,4451,17102,4696.578532778063,False,False,False,True
N21000168,N21000256,4,4,4451,24260,4836.481348523247,False,False,False,True
N21000168,N21000258,4,4,4451,27783,4709.100835949894,False,False,False,True
N21000168,N21000259,4,1,4451,15492,5082.133424212506,False,False,False,True
N21000168,N21000262,4,1,4451,8231,5319.722590414617,False,False,False,True
N21000168,N21000264,4,2,4451,24247,5550.9416602381425,False,False,False,True
N21000168,N21000265,4,1,4451,27041,5794.425383823371,False,False,False,True
N21000168,N21000268,4,9,4451,1126,5302.527481308696,False,False,False,True
N21000168,N21000270,4,2,4451,1364,6233.131403726386,False,False,False,True
N21000168,N21000274,4,2,4451,391,7338.456101263087,False,False,False,True
N21000168,N21000302,4,1,4451,6864,4124.876134844313,False,False,True,True
N21000168,N21000303,4,1,4451,6397,3558.3113277183825,False,False,True,True
N21000168,N21000306,4,2,4451,28173,4942.322301536543,False,False,False,True
N21000168,N21000308,4,5,4451,13508,5863.842832576627,False,False,False,True
N21000168,N21000309,4,7,4451,2721,5442.16713514964,False,False,False,True
N21000168,N21000315,4,3,4451,2055,6593.042424972447,False,False,False,True
N21000168,N21000316,4,3,4451,23306,2635.2713589252353,False,False,False,True
N21000168,N21000317,4,2,4451,25675,1204.2197192027097,False,False,False,True
N21000168,N21000318,4,1,4451,29337,3655.961662332999,False,False,False,True
N21000168,N21000322,4,5,4451,3303,1838.2073107570773,False,False,False,True
N21000168,N21000323,4,1,4451,10135,1733.2343265088698,False,False,True,True
N21000168,N21000326,4,1,4451,3406,2583.538153385667,False,False,False,True
N21000168,N21000329,4,1,4451,7369,3216.9560420073203,False,False,False,True
N21000168,N21000331,4,1,4451,13387,3062.2250579238,False,False,True,True
N21000168,N21000332,4,1,4451,23473,3440.0280716070415,False,False,True,True
N21000168,N21000335,4,14,4451,18611,3378.211926854282,False,False,True,True
N21000169,N21000161,4,4,623,4145,3189.3186150712622,False,False,False,True
N21000169,N21000164,4,2,623,26366,2132.992899916446,False,False,False,True
N21000169,N21000165,4,5,623,19703,936.1676983952062,True,True,True,True
N21000169,N21000166,4,1,623,23646,1239.7408458749833,False,False,False,True
N21000169,N21000167,4,9,623,23946,1615.9034713309004,False,False,False,True
N21000169,N21000168,4,2,623,4451,1200.9479463821901,False,False,True,True
N21000169,N21000171,4,2,623,18303,1859.3212916456764,False,False,False,True
N21000169,N21000172,4,4,623,18162,1333.0962186751046,False,False,True,True
N21000169,N21000173,4,6,623,24908,1035.7982230839314,False,False,False,True
N21000169,N21000174,4,7,623,19652,1550.5344146709415,False,False,True,True
N21000169,N21000175,4,12,623,27201,2288.918423345761,False,False,False,True
N21000169,N21000177,4,6,623,22862,3161.762458995489,False,False,False,True
N21000169,N21000178,4,3,623,12747,2827.3902784987704,False,False,False,True
N21000169,N21000184,4,3,623,4165,3094.2646421784857,False,False,False,True
N21000169,N21000187,4,3,623,23892,2520.37180203052,False,False,False,True
N21000169,N21000188,4,2,623,9768,3440.0776074211567,False,False,False,True
N21000169,N21000189,4,1,623,4448,2281.4591469974093,False,False,False,True
N21000169,N21000190,4,4,623,9490,2580.231283780975,False,False,False,True
N21000169,N21000192,4,35,623,17614,4969.124435206079,False,False,False,True
N21000169,N21000193,4,2,623,24443,2291.690794711053,False,False,False,True
N21000169,N21000194,4,1,623,25109,2756.468120580965,False,False,False,True
N21000169,N21000195,4,2,623,22584,3322.0946606289,False,False,False,True
N21000169,N21000196,4,4,623,8754,2760.3926133800446,False,False,False,True
N21000169,N21000197,4,4,623,11265,8949.135011566279,False,False,False,True
N21000169,N21000198,4,8,623,15611,5817.2505742928,False,False,False,True
N21000169,N21000207,4,1,623,26051,5730.9845106160265,False,False,False,True
N21000169,N21000211,4,1,623,7197,7163.2621661848625,False,False,False,True
N21000169,N21000236,4,1,623,20050,6975.309934346803,False,False,False,True
N21000169,N21000237,4,2,623,5957,8020.88271227237,False,False,False,True
N21000169,N21000238,4,1,623,26190,6529.550934449508,False,False,False,True
N21000169,N21000240,4,1,623,17764,7802.448678659566,False,False,False,True
N21000169,N21000241,4,1,623,20619,7181.378479035866,False,False,False,True
N21000169,N21000243,4,1,623,1454,7694.564600776248,False,False,False,True
N21000169,N21000251,4,36,623,15928,4156.675726405634,False,False,False,True
N21000169,N21000252,4,5,623,6604,4614.845039146662,False,False,False,True
N21000169,N21000253,4,6,623,7436,4651.48599083694,False,False,False,True
N21000169,N21000254,4,1,623,17102,5191.530504454759,False,False,False,True
N21000169,N21000256,4,5,623,24260,5204.64263534846,False,False,False,True
N21000169,N21000258,4,2,623,27783,5204.052807626589,False,False,False,True
N21000169,N21000259,4,1,623,15492,5577.085395889201,False,False,False,True
N21000169,N21000264,4,1,623,24247,6045.893631914838,False,False,False,True
N21000169,N21000265,4,2,623,27041,5975.71675158821,False,False,False,True
N21000169,N21000266,4,1,623,18253,5853.805919290891,False,False,False,True
N21000169,N21000268,4,9,623,1126,5483.818849073536,False,False,False,True
N21000169,N21000270,4,2,623,1364,6728.083375403082,False,False,False,True
N21000169,N21000273,4,2,623,2383,7393.687523459763,False,False,False,True
N21000169,N21000274,4,5,623,391,7519.747469027926,False,False,False,True
N21000169,N21000275,4,1,623,24042,7735.5954885059,False,False,False,True
N21000169,N21000278,4,2,623,25468,8812.600138157382,False,False,False,True
N21000169,N21000286,4,1,623,16479,7546.006081576309,False,False,False,True
N21000169,N21000304,4,1,623,2229,9650.261688057233,False,False,False,True
N21000169,N21000305,4,1,623,6602,4759.741665226079,False,False,False,True
N21000169,N21000308,4,1,623,13508,5724.248443903089,False,False,False,True
N21000169,N21000309,4,2,623,2721,5612.869103924201,False,False,False,True
N21000169,N21000316,4,4,623,23306,1836.5019830296799,False,False,False,True
N21000169,N21000317,4,7,623,25675,986.0000926475726,False,False,False,True
N21000169,N21000322,4,1,623,3303,2333.159282433772,False,False,False,True
N21000169,N21000323,4,1,623,10135,2178.650260104033,False,False,False,True
N21000169,N21000324,4,2,623,25636,2390.9111553022503,False,False,False,True
N21000169,N21000325,4,5,623,14225,2873.043080629944,False,False,True,True
N21000169,N21000326,4,1,623,3406,2365.31852683053,False,False,False,True
N21000169,N21000329,4,2,623,7369,3711.908013684015,False,False,False,True
N21000169,N21000331,4,1,623,13387,3414.2432532470993,False,False,True,True
N21000169,N21000334,4,1,623,27702,3783.1983323448276,False,False,False,True
N21000169,N21000335,4,9,623,18611,3559.503294619122,False,False,True,True
N21000170,N21000161,4,7,23278,4145,2997.796904417694,False,False,False,True
N21000170,N21000163,4,1,23278,20140,1444.6240947632164,False,False,False,True
N21000170,N21000165,4,5,23278,19703,1353.584744760996,False,False,True,True
N21000170,N21000166,4,9,23278,23646,1048.219135221415,False,False,False,True
N21000170,N21000167,4,1,23278,23946,2033.3205176966906,False,False,False,True
N21000170,N21000171,4,2,23278,18303,2276.7383380114666,False,False,False,True
N21000170,N21000172,4,3,23278,18162,1750.5132650408948,False,False,True,True
N21000170,N21000174,4,8,23278,19652,1744.3675681274478,False,False,True,True
N21000170,N21000175,4,19,23278,27201,2706.33546971155,False,False,False,True
N21000170,N21000176,4,1,23278,15329,3093.985820525469,False,False,False,True
N21000170,N21000177,4,9,23278,22862,3490.4476531404866,False,False,False,True
N21000170,N21000178,4,6,23278,12747,2836.4415846479237,False,False,False,True
N21000170,N21000184,4,1,23278,4165,3511.681688544276,False,False,False,True
N21000170,N21000186,4,1,23278,13768,3843.072552868501,False,False,False,True
N21000170,N21000188,4,2,23278,9768,3857.4946537869478,False,False,False,True
N21000170,N21000189,4,1,23278,4448,2698.8761933631995,False,False,False,True
N21000170,N21000190,4,2,23278,9490,2997.6483301467656,False,False,False,True
N21000170,N21000192,4,21,23278,17614,5386.541481571871,False,False,False,True
N21000170,N21000193,4,4,23278,24443,2709.1078410768428,False,False,False,True
N21000170,N21000195,4,1,23278,22584,3739.51170699469,False,False,False,True
N21000170,N21000196,4,2,23278,8754,3177.809659745835,False,False,False,True
N21000170,N21000197,4,3,23278,11265,8958.186317715434,False,False,False,True
N21000170,N21000198,4,13,23278,15611,5826.3018804419535,False,False,False,True
N21000170,N21000202,4,1,23278,15786,6082.816639749348,False,False,False,True
N21000170,N21000203,4,1,23278,15685,6972.36323405526,False,False,False,True
N21000170,N21000204,4,1,23278,26239,5246.809145010824,False,False,False,True
N21000170,N21000205,4,2,23278,27396,6372.678151997785,False,False,False,True
N21000170,N21000207,4,1,23278,26051,5740.035816765179,False,False,False,True
N21000170,N21000215,4,2,23278,25962,6332.672054777224,False,False,False,True
N21000170,N21000226,4,2,23278,7766,7618.730483555528,False,False,False,True
N21000170,N21000230,4,1,23278,5611,9191.832113201861,False,False,False,True
N21000170,N21000237,4,2,23278,5957,8029.934018421524,False,False,False,True
N21000170,N21000239,4,2,23278,22166,6762.374455852602,False,False,False,True
N21000170,N21000240,4,5,23278,17764,7811.499984808719,False,False,False,True
N21000170,N21000248,4,2,23278,14259,8259.991667667286,False,False,False,True
N21000170,N21000251,4,72,23278,15928,4165.727032554787,False,False,False,True
N21000170,N21000252,4,14,23278,6604,4623.896345295815,False,False,False,True
N21000170,N21000253,4,4,23278,7436,4660.537296986093,False,False,False,True
N21000170,N21000254,4,3,23278,17102,5200.581810603911,False,False,False,True
N21000170,N21000256,4,8,23278,24260,5098.57962148088,False,False,False,True
N21000170,N21000257,4,1,23278,60,4431.3033200592145,False,False,False,True
N21000170,N21000258,4,1,23278,27783,5213.104113775742,False,False,False,True
N21000170,N21000259,4,2,23278,15492,5586.136702038354,False,False,False,True
N21000170,N21000260,4,1,23278,17259,5315.167396751139,False,False,False,True
N21000170,N21000261,4,1,23278,1844,5784.075692735098,False,False,False,True
N21000170,N21000263,4,1,23278,6770,6543.718179891523,False,False,False,True
N21000170,N21000264,4,1,23278,24247,6054.944938063991,False,False,False,True
N21000170,N21000265,4,3,23278,27041,5869.65373772063,False,False,False,True
N21000170,N21000266,4,2,23278,18253,5747.742905423311,False,False,False,True
N21000170,N21000268,4,12,23278,1126,5377.755835205955,False,False,False,True
N21000170,N21000271,4,2,23278,15197,6961.655156167013,False,False,False,True
N21000170,N21000274,4,2,23278,391,7413.684455160345,False,False,False,True
N21000170,N21000277,4,2,23278,6659,7935.423059017283,False,False,False,True
N21000170,N21000278,4,1,23278,25468,8821.651444306535,False,False,False,True
N21000170,N21000280,4,1,23278,9328,8573.5784075455,False,False,False,True
N21000170,N21000289,4,1,23278,25081,7956.086114844592,False,False,False,True
N21000170,N21000301,4,1,23278,22078,3732.0520878672387,False,False,False,True
N21000170,N21000303,4,4,23278,6397,3622.950282625363,False,False,False,True
N21000170,N21000304,4,1,23278,2229,9544.198674189653,False,False,False,True
N21000170,N21000307,4,2,23278,2710,5419.4783851445345,False,False,False,True
N21000170,N21000308,4,1,23278,13508,5618.185430035508,False,False,False,True
N21000170,N21000309,4,5,23278,2721,5506.806090056619,False,False,False,True
N21000170,N21000310,4,1,23278,15134,6817.08711950172,False,False,False,True
N21000170,N21000315,4,2,23278,2055,6657.6813798794265,False,False,False,True
N21000170,N21000316,4,4,23278,23306,1542.9366237007102,False,False,False,True
N21000170,N21000317,4,5,23278,25675,879.9370787799913,False,False,False,True
N21000170,N21000319,4,2,23278,20953,1587.3136745138322,False,False,True,True
N21000170,N21000321,4,2,23278,19488,1512.7760125237903,False,False,False,True
N21000170,N21000322,4,7,23278,3303,2342.2105885829255,False,False,False,True
N21000170,N21000323,4,3,23278,10135,2072.587246236452,False,False,False,True
N21000170,N21000324,4,3,23278,25636,2284.8481414346693,False,False,False,True
N21000170,N21000325,4,8,23278,14225,2882.0943867790975,False,False,False,True
N21000170,N21000327,4,3,23278,12871,2232.321567174504,False,False,False,True
N21000170,N21000328,4,2,23278,25177,2538.3251336521876,False,False,False,True
N21000170,N21000329,4,1,23278,7369,3720.959319833168,False,False,False,True
N21000170,N21000331,4,4,23278,13387,3308.180239379518,False,False,True,True
N21000170,N21000332,4,3,23278,23473,3292.9364597829417,False,False,False,True
N21000170,N21000334,4,2,23278,27702,3734.2391736010845,False,False,False,True
N21000170,N21000335,4,18,23278,18611,3453.440280751541,False,False,False,True
N21000171,N21000161,4,1,18303,4145,4868.091534638747,False,False,False,True
N21000171,N21000163,4,1,18303,20140,2236.5063442030396,False,False,False,True
N21000171,N21000165,4,3,18303,19703,1831.8747366988212,False,False,False,True
N21000171,N21000166,4,1,18303,23646,2918.513765442468,False,False,False,True
N21000171,N21000167,4,9,18303,23946,982.1959381398926,False,False,False,True
N21000171,N21000168,4,2,18303,4451,1364.3693199689815,False,False,False,True
N21000171,N21000169,4,1,18303,623,1859.3212916456769,False,False,False,True
N21000171,N21000170,4,2,18303,23278,2276.7383380114666,False,False,False,True
N21000171,N21000173,4,1,18303,24908,1723.5426145228123,False,False,False,True
N21000171,N21000174,4,5,18303,19652,971.7334351265298,False,False,False,True
N21000171,N21000175,4,25,18303,27201,850.0553018227641,False,False,False,True
N21000171,N21000176,4,2,18303,15329,1334.0042831284293,False,False,False,True
N21000171,N21000177,4,14,18303,22862,1722.8993374724923,False,False,False,True
N21000171,N21000178,4,13,18303,12747,1666.827585007093,False,False,False,True
N21000171,N21000182,4,1,18303,8586,5164.4637759575635,False,False,False,True
N21000171,N21000184,4,2,18303,4165,2899.8378672461663,False,False,False,True
N21000171,N21000186,4,4,18303,13768,3069.9182980461596,False,False,False,True
N21000171,N21000188,4,1,18303,9768,3084.3403989646063,False,False,False,True
N21000171,N21000189,4,7,18303,4448,2217.028419462072,False,False,False,True
N21000171,N21000190,4,2,18303,9490,2130.064623037898,False,False,False,True
N21000171,N21000192,4,37,18303,17614,4613.387226749529,False,False,False,True
N21000171,N21000193,4,5,18303,24443,1462.2528608901907,False,False,False,True
N21000171,N21000194,4,5,18303,25109,1511.057580168818,False,False,False,True
N21000171,N21000195,4,6,18303,22584,2019.11054350406,False,False,False,True
N21000171,N21000196,4,7,18303,8754,1347.1509549970995,False,False,False,True
N21000171,N21000197,4,7,18303,11265,7788.572318074599,False,False,False,True
N21000171,N21000198,4,4,18303,15611,4656.6878808011215,False,False,False,True
N21000171,N21000202,4,3,18303,15786,4913.202640108517,False,False,False,True
N21000171,N21000205,4,3,18303,27396,5203.064152356952,False,False,False,True
N21000171,N21000216,4,1,18303,14179,6151.092711628907,False,False,False,True
N21000171,N21000219,4,1,18303,2333,8290.292902331366,False,False,False,True
N21000171,N21000220,4,1,18303,9614,8219.794562905538,False,False,False,True
N21000171,N21000221,4,4,18303,22550,9605.80216164152,False,False,False,True
N21000171,N21000224,4,1,18303,15583,7675.5416954182965,False,False,False,True
N21000171,N21000230,4,1,18303,5611,8022.218113561027,False,False,False,True
N21000171,N21000232,4,2,18303,26582,7632.0369957540215,False,False,False,True
N21000171,N21000235,4,1,18303,15632,8416.20235043579,False,False,False,True
N21000171,N21000237,4,1,18303,5957,6860.3200187806915,False,False,False,True
N21000171,N21000240,4,1,18303,17764,6641.885985167886,False,False,False,True
N21000171,N21000241,4,2,18303,20619,6020.815785544188,False,False,False,True
N21000171,N21000247,4,1,18303,18676,8729.341875364,False,False,False,True
N21000171,N21000249,4,1,18303,28796,6351.741917300659,False,False,False,True
N21000171,N21000251,4,59,18303,15928,3014.790083594453,False,False,False,True
N21000171,N21000252,4,9,18303,6604,3454.282345654983,False,False,False,True
N21000171,N21000253,4,6,18303,7436,3509.600348025759,False,False,False,True
N21000171,N21000254,4,4,18303,17102,4030.9678109630804,False,False,False,True
N21000171,N21000255,4,1,18303,11696,4316.531761002776,False,False,False,True
N21000171,N21000256,4,10,18303,24260,4242.821908950418,False,False,False,True
N21000171,N21000258,4,1,18303,27783,4062.1671648154056,False,False,False,True
N21000171,N21000259,4,3,18303,15492,4435.199753078018,False,False,False,True
N21000171,N21000260,4,1,18303,17259,4966.231625926276,False,False,False,True
N21000171,N21000264,4,1,18303,24247,4904.007989103656,False,False,False,True
N21000171,N21000265,4,2,18303,27041,5268.498195543759,False,False,False,True
N21000171,N21000266,4,4,18303,18253,5246.750855916851,False,False,False,True
N21000171,N21000268,4,6,18303,1126,5028.820064381092,False,False,False,True
N21000171,N21000269,4,1,18303,1407,5493.2255685710725,False,False,False,True
N21000171,N21000270,4,1,18303,1364,5586.1977325919,False,False,False,True
N21000171,N21000274,4,9,18303,391,7064.748684335483,False,False,False,True
N21000171,N21000275,4,1,18303,24042,7280.596703813457,False,False,False,True
N21000171,N21000276,4,1,18303,6161,7901.912826246051,False,False,False,True
N21000171,N21000277,4,2,18303,6659,7415.126695954011,False,False,False,True
N21000171,N21000295,4,2,18303,8555,9652.893864080115,False,False,False,True
N21000171,N21000301,4,1,18303,22078,4172.797750583027,False,False,False,True
N21000171,N21000302,4,1,18303,6864,4168.6829931367,False,False,False,True
N21000171,N21000303,4,2,18303,6397,3416.734585935738,False,False,False,True
N21000171,N21000306,4,1,18303,28173,5041.407242413198,False,False,False,True
N21000171,N21000308,4,4,18303,13508,5920.303204884273,False,False,False,True
N21000171,N21000309,4,6,18303,2721,5319.219541510033,False,False,False,True
N21000171,N21000310,4,1,18303,15134,6734.669705614831,False,False,False,True
N21000171,N21000312,4,2,18303,18228,7044.558629847166,False,False,False,True
N21000171,N21000315,4,2,18303,2055,6470.094831332841,False,False,False,True
N21000171,N21000316,4,1,18303,23306,3502.868517787696,False,False,False,True
N21000171,N21000317,4,2,18303,25675,1876.2486045179535,False,False,False,True
N21000171,N21000319,4,2,18303,20953,1251.5808987525763,False,False,False,True
N21000171,N21000322,4,5,18303,3303,1244.5478711842484,False,False,False,True
N21000171,N21000324,4,1,18303,25636,2717.9917774379046,False,False,False,True
N21000171,N21000325,4,2,18303,14225,1784.431669380421,False,False,False,True
N21000171,N21000327,4,2,18303,12871,2352.181473451913,False,False,False,True
N21000171,N21000332,4,4,18303,23473,3512.162200912465,False,False,False,True
N21000171,N21000334,4,1,18303,27702,2694.586921095303,False,False,False,True
N21000171,N21000335,4,17,18303,18611,3104.5045099266777,False,False,False,True
N21000172,N21000161,4,1,18162,4145,4341.866461668174,False,False,False,True
N21000172,N21000163,4,1,18162,20140,1937.6058130021495,False,False,False,True
N21000172,N21000164,4,1,18162,26366,3285.540746513357,False,False,False,True
N21000172,N21000165,4,9,18162,19703,1362.3108704414874,False,False,True,True
N21000172,N21000166,4,3,18162,23646,2392.2886924718955,False,False,False,True
N21000172,N21000167,4,7,18162,23946,916.0550814627195,False,False,False,True
N21000172,N21000168,4,2,18162,4451,838.1442469984094,False,True,True,True
N21000172,N21000169,4,1,18162,623,1333.0962186751049,False,False,True,True
N21000172,N21000170,4,9,18162,23278,1750.513265040895,False,False,True,True
N21000172,N21000173,4,3,18162,24908,1124.393965730016,False,False,False,True
N21000172,N21000175,4,18,18162,27201,1301.046868310199,False,False,False,True
N21000172,N21000176,4,2,18162,15329,1783.2438804301182,False,False,False,True
N21000172,N21000177,4,15,18162,22862,2173.8909039599275,False,False,False,True
N21000172,N21000178,4,6,18162,12747,1656.9299087948682,False,False,False,True
N21000172,N21000179,4,1,18162,1275,6812.695092407961,False,False,True,True
N21000172,N21000181,4,1,18162,10525,4708.983242028194,False,False,False,True
N21000172,N21000182,4,2,18162,8586,4865.563244756673,False,False,True,True
N21000172,N21000183,4,1,18162,14990,4201.842271837482,False,False,False,True
N21000172,N21000184,4,3,18162,4165,3172.1863385270917,False,False,False,True
N21000172,N21000186,4,6,18162,13768,3395.001688133328,False,False,False,True
N21000172,N21000188,4,3,18162,9768,3409.4237890517747,False,False,False,True
N21000172,N21000189,4,5,18162,4448,2359.3808433460154,False,False,False,True
N21000172,N21000190,4,2,18162,9490,2455.1480131250664,False,False,False,True
N21000172,N21000192,4,36,18162,17614,4938.470616836698,False,False,False,True
N21000172,N21000194,4,3,18162,25109,1855.9957619111551,False,False,False,True
N21000172,N21000195,4,2,18162,22584,2421.62230195909,False,False,False,True
N21000172,N21000196,4,6,18162,8754,1807.479840449197,False,False,False,True
N21000172,N21000197,4,4,18162,11265,7778.674641862374,False,False,False,True
N21000172,N21000198,4,13,18162,15611,4646.790204588897,False,False,False,True
N21000172,N21000199,4,1,18162,8027,6369.7746854616,False,False,False,True
N21000172,N21000202,4,1,18162,15786,4903.304963896292,False,False,False,True
N21000172,N21000205,4,3,18162,27396,5193.166476144728,False,False,False,True
N21000172,N21000208,4,1,18162,5457,4979.643128423885,False,False,False,True
N21000172,N21000211,4,2,18162,7197,5992.801796480961,False,False,False,True
N21000172,N21000221,4,2,18162,22550,9595.904485429297,False,False,False,True
N21000172,N21000224,4,1,18162,15583,7665.644019206073,False,False,False,True
N21000172,N21000225,4,1,18162,25527,7009.401218184204,False,False,False,True
N21000172,N21000230,4,1,18162,5611,8012.320437348803,False,False,False,True
N21000172,N21000231,4,1,18162,16315,8881.2151318605,False,False,False,True
N21000172,N21000237,4,1,18162,5957,6850.422342568468,False,False,False,True
N21000172,N21000240,4,2,18162,17764,6631.988308955662,False,False,False,True
N21000172,N21000241,4,2,18162,20619,6010.918109331963,False,False,False,True
N21000172,N21000245,4,1,18162,8653,5871.437735237219,False,False,False,True
N21000172,N21000247,4,1,18162,18676,8719.444199151776,False,False,False,True
N21000172,N21000251,4,64,18162,15928,2986.2153567017326,False,False,False,True
N21000172,N21000252,4,12,18162,6604,3444.3846694427584,False,False,False,True
N21000172,N21000253,4,6,18162,7436,3481.025621133039,False,False,False,True
N21000172,N21000254,4,7,18162,17102,4021.0701347508557,False,False,False,True
N21000172,N21000256,4,8,18162,24260,4160.9729504960405,False,False,False,True
N21000172,N21000258,4,6,18162,27783,4033.5924379226853,False,False,False,True
N21000172,N21000261,4,1,18162,1844,4717.017053918676,False,False,False,True
N21000172,N21000263,4,4,18162,6770,5364.206504038467,False,False,False,True
N21000172,N21000264,4,3,18162,24247,4875.433262210935,False,False,False,True
N21000172,N21000268,4,4,18162,1126,4946.971105926713,False,False,False,True
N21000172,N21000270,4,1,18162,1364,5557.623005699179,False,False,False,True
N21000172,N21000274,4,4,18162,391,6982.899725881102,False,False,False,True
N21000172,N21000275,4,1,18162,24042,7198.747745359077,False,False,False,True
N21000172,N21000280,4,1,18162,9328,8142.7936782662555,False,False,False,True
N21000172,N21000288,4,1,18162,18650,8035.090489516536,False,False,False,True
N21000172,N21000289,4,1,18162,25081,7781.300050571733,False,False,False,True
N21000172,N21000294,4,2,18162,22846,9297.292687271143,False,False,False,True
N21000172,N21000295,4,1,18162,8555,9571.044905625737,False,False,False,True
N21000172,N21000302,4,1,18162,6864,4046.6997273954976,False,False,True,True
N21000172,N21000303,4,1,18162,6397,3334.88562748136,False,False,True,True
N21000172,N21000305,4,3,18162,6602,4384.243144357532,False,False,False,True
N21000172,N21000306,4,2,18162,28173,4864.145894087727,False,False,False,True
N21000172,N21000307,4,1,18162,2710,5150.04287814357,False,False,False,True
N21000172,N21000308,4,3,18162,13508,5785.6664251278125,False,False,False,True
N21000172,N21000309,4,14,18162,2721,5237.370583055655,False,False,False,True
N21000172,N21000311,4,1,18162,2072,6412.328039929453,False,False,False,True
N21000172,N21000313,4,1,18162,24972,8136.512558632318,False,False,False,True
N21000172,N21000314,4,1,18162,23517,7698.595829178891,False,False,False,True
N21000172,N21000316,4,1,18162,23306,2903.719868994899,False,False,False,True
N21000172,N21000319,4,1,18162,20953,1169.7319402981984,False,False,True,True
N21000172,N21000322,4,2,18162,3303,1162.6989127298702,False,False,False,True
N21000172,N21000323,4,1,18162,10135,1438.670371899744,False,False,False,True
N21000172,N21000325,4,3,18162,14225,1702.5827109260429,False,False,False,True
N21000172,N21000326,4,1,18162,3406,2656.4183899081145,False,False,False,True
N21000172,N21000329,4,3,18162,7369,2541.4476439801138,False,False,False,True
N21000172,N21000331,4,2,18162,13387,2386.7166598965932,False,False,False,True
N21000172,N21000333,4,3,18162,3340,2695.582591893434,False,False,True,True
N21000172,N21000334,4,3,18162,27702,2612.7379626409247,False,False,False,True
N21000172,N21000335,4,15,18162,18611,3022.6555514723,False,False,True,True
N21000173,N21000163,4,2,24908,20140,2194.296461583689,False,False,False,True
N21000173,N21000164,4,7,24908,26366,2419.5552930417152,False,False,False,True
N21000173,N21000165,4,4,24908,19703,1787.865598281457,False,False,False,True
N21000173,N21000167,4,4,24908,23946,1897.8686047547963,False,False,False,True
N21000173,N21000169,4,1,24908,623,1035.7982230839311,False,False,False,True
N21000173,N21000170,4,12,24908,23278,929.7352092163499,False,False,False,True
N21000173,N21000171,4,1,24908,18303,1723.5426145228123,False,False,False,True
N21000173,N21000172,4,10,24908,18162,1124.3939657300161,False,False,False,True
N21000173,N21000174,4,10,24908,19652,1060.1319409977343,False,False,False,True
N21000173,N21000175,4,11,24908,27201,2076.1702507970667,False,False,False,True
N21000173,N21000177,4,5,24908,22862,2764.841083401508,False,False,False,True
N21000173,N21000178,4,8,24908,12747,2110.8350149089447,False,False,False,True
N21000173,N21000183,4,1,24908,14990,4895.924308132053,False,False,False,True
N21000173,N21000186,4,1,24908,13768,4107.272758402611,False,False,False,True
N21000173,N21000187,4,1,24908,23892,3201.9890539304197,False,False,False,True
N21000173,N21000188,4,3,24908,9768,4121.694859321056,False,False,False,True
N21000173,N21000190,4,2,24908,9490,3261.848535680875,False,False,False,True
N21000173,N21000192,4,24,24908,17614,5650.74168710598,False,False,False,True
N21000173,N21000193,4,5,24908,24443,2769.149774269436,False,False,False,True
N21000173,N21000195,4,4,24908,22584,3403.435825251166,False,False,False,True
N21000173,N21000196,4,3,24908,8754,2825.7136725319037,False,False,False,True
N21000173,N21000197,4,6,24908,11265,8232.579747976451,False,False,False,True
N21000173,N21000198,4,7,24908,15611,5100.695310702973,False,False,False,True
N21000173,N21000209,4,1,24908,9382,4614.516043194915,False,False,False,True
N21000173,N21000215,4,1,24908,25962,5607.065485038244,False,False,False,True
N21000173,N21000220,4,2,24908,9614,8663.80199280739,False,False,False,True
N21000173,N21000237,4,1,24908,5957,7304.327448682546,False,False,False,True
N21000173,N21000238,4,1,24908,26190,5812.99567085968,False,False,False,True
N21000173,N21000240,4,1,24908,17764,7085.893415069739,False,False,False,True
N21000173,N21000241,4,1,24908,20619,6464.823215446039,False,False,False,True
N21000173,N21000251,4,39,24908,15928,3440.120462815808,False,False,False,True
N21000173,N21000252,4,8,24908,6604,3898.2897755568356,False,False,False,True
N21000173,N21000253,4,3,24908,7436,3934.930727247114,False,False,False,True
N21000173,N21000254,4,2,24908,17102,4474.975240864932,False,False,False,True
N21000173,N21000256,4,6,24908,24260,4568.058403206616,False,False,False,True
N21000173,N21000258,4,1,24908,27783,4487.497544036762,False,False,False,True
N21000173,N21000259,4,1,24908,15492,4860.530132299373,False,False,False,True
N21000173,N21000262,4,1,24908,8231,5098.119298501486,False,False,False,True
N21000173,N21000264,4,1,24908,24247,5329.33836832501,False,False,False,True
N21000173,N21000268,4,5,24908,1126,4847.2346169316925,False,False,False,True
N21000173,N21000269,4,1,24908,1407,5937.232998472924,False,False,False,True
N21000173,N21000270,4,1,24908,1364,6011.528111813254,False,False,False,True
N21000173,N21000274,4,4,24908,391,6883.163236886082,False,False,False,True
N21000173,N21000278,4,1,24908,25468,8096.044874567556,False,False,False,True
N21000173,N21000280,4,1,24908,9328,8043.057189271235,False,False,False,True
N21000173,N21000286,4,1,24908,16479,6917.023876147018,False,False,False,True
N21000173,N21000295,4,1,24908,8555,9222.911778336884,False,False,False,True
N21000173,N21000301,4,1,24908,22078,3209.1328963055294,False,False,False,True
N21000173,N21000303,4,1,24908,6397,3092.4290643511013,False,False,False,True
N21000173,N21000304,4,2,24908,2229,9021.279482627944,False,False,False,True
N21000173,N21000305,4,1,24908,6602,4123.157433084237,False,False,False,True
N21000173,N21000306,4,2,24908,28173,4173.745707433715,False,False,False,True
N21000173,N21000309,4,3,24908,2721,4976.284871782359,False,False,False,True
N21000173,N21000311,4,1,24908,2072,6053.6752207090085,False,False,False,True
N21000173,N21000316,4,2,24908,23306,1999.2305279574293,False,False,False,True
N21000173,N21000319,4,1,24908,20953,861.7071047748522,False,False,False,True
N21000173,N21000324,4,1,24908,25636,1754.326923160408,False,False,False,True
N21000173,N21000325,4,6,24908,14225,2156.4878170401184,False,False,False,True
N21000173,N21000328,4,2,24908,25177,1984.3059998824363,False,False,False,True
N21000173,N21000331,4,1,24908,13387,2738.329097392742,False,False,False,True
N21000173,N21000334,4,1,24908,27702,3066.6430687550005,False,False,False,True
N21000173,N21000335,4,26,24908,18611,2922.919062477279,False,False,False,True
N21000174,N21000165,4,2,19652,19703,1579.749066437324,False,False,True,True
N21000174,N21000166,4,3,19652,23646,2549.302398635698,False,False,False,True
N21000174,N21000167,4,4,19652,23946,1202.7918794601883,False,False,False,True
N21000174,N21000168,4,1,19652,4451,810.1203103743793,False,True,True,True
N21000174,N21000169,4,2,19652,623,1550.5344146709413,False,False,True,True
N21000174,N21000170,4,8,19652,23278,1744.367568127448,False,False,True,True
N21000174,N21000171,4,5,19652,18303,971.7334351265299,False,False,False,True
N21000174,N21000173,4,6,19652,24908,1060.1319409977343,False,False,False,True
N21000174,N21000175,4,15,19652,27201,1567.4715209966248,False,False,False,True
N21000174,N21000177,4,9,19652,22862,2440.3155566463543,False,False,False,True
N21000174,N21000178,4,6,19652,12747,1923.3545614812938,False,False,False,True
N21000174,N21000181,4,2,19652,10525,4995.720040025662,False,False,False,True
N21000174,N21000184,4,2,19652,4165,3458.9231365245605,False,False,False,True
N21000174,N21000186,4,2,19652,13768,3681.738486130797,False,False,False,True
N21000174,N21000187,4,2,19652,23892,2885.030296376595,False,False,False,True
N21000174,N21000188,4,4,19652,9768,3696.1605870492435,False,False,False,True
N21000174,N21000189,4,6,19652,4448,2646.117641343484,False,False,False,True
N21000174,N21000190,4,2,19652,9490,2741.8848111225343,False,False,False,True
N21000174,N21000192,4,27,19652,17614,5225.207414834166,False,False,False,True
N21000174,N21000193,4,1,19652,24443,2074.073048974828,False,False,False,True
N21000174,N21000194,4,1,19652,25109,2142.732559908624,False,False,False,True
N21000174,N21000195,4,4,19652,22584,2708.3590999565586,False,False,False,True
N21000174,N21000197,4,1,19652,11265,8045.099294548801,False,False,False,True
N21000174,N21000198,4,6,19652,15611,4913.214857275321,False,False,False,True
N21000174,N21000203,4,1,19652,15685,6059.27621088863,False,False,False,True
N21000174,N21000208,4,3,19652,5457,5246.067781110311,False,False,False,True
N21000174,N21000210,4,1,19652,23126,5960.594111633458,False,False,False,True
N21000174,N21000213,4,1,19652,9502,5141.7265053864885,False,False,False,True
N21000174,N21000220,4,1,19652,9614,8476.321539379738,False,False,False,True
N21000174,N21000225,4,1,19652,25527,7275.82587087063,False,False,False,True
N21000174,N21000240,4,1,19652,17764,6898.412961642089,False,False,False,True
N21000174,N21000242,4,1,19652,13928,7881.639525121462,False,False,False,True
N21000174,N21000249,4,1,19652,28796,6608.26889377486,False,False,False,True
N21000174,N21000251,4,50,19652,15928,3252.640009388157,False,False,False,True
N21000174,N21000252,4,10,19652,6604,3710.8093221291842,False,False,False,True
N21000174,N21000253,4,9,19652,7436,3747.4502738194633,False,False,False,True
N21000174,N21000254,4,2,19652,17102,4287.494787437281,False,False,False,True
N21000174,N21000256,4,5,19652,24260,4427.397603182464,False,False,False,True
N21000174,N21000258,4,2,19652,27783,4300.017090609111,False,False,False,True
N21000174,N21000259,4,4,19652,15492,4673.049678871723,False,False,False,True
N21000174,N21000261,4,1,19652,1844,4983.4417066051,False,False,False,True
N21000174,N21000263,4,2,19652,6770,5630.631156724892,False,False,False,True
N21000174,N21000264,4,2,19652,24247,5141.8579148973595,False,False,False,True
N21000174,N21000265,4,2,19652,27041,5506.3481213374625,False,False,False,True
N21000174,N21000266,4,2,19652,18253,5461.043043695367,False,False,False,True
N21000174,N21000268,4,8,19652,1126,5160.0890491276,False,False,False,True
N21000174,N21000269,4,1,19652,1407,5749.752545045273,False,False,False,True
N21000174,N21000270,4,2,19652,1364,5824.047658385603,False,False,False,True
N21000174,N21000274,4,2,19652,391,7196.017669081991,False,False,False,True
N21000174,N21000280,4,2,19652,9328,8355.911621467141,False,False,False,True
N21000174,N21000286,4,1,19652,16479,7327.515123348758,False,False,False,True
N21000174,N21000294,4,1,19652,22846,9510.410630472028,False,False,False,True
N21000174,N21000301,4,1,19652,22078,3835.271058227262,False,False,False,True
N21000174,N21000304,4,1,19652,2229,9647.417644549676,False,False,False,True
N21000174,N21000307,4,1,19652,2710,5212.400998056458,False,False,False,True
N21000174,N21000308,4,3,19652,13508,5721.404400395531,False,False,False,True
N21000174,N21000309,4,5,19652,2721,5299.728702968542,False,False,False,True
N21000174,N21000311,4,1,19652,2072,6474.68615984234,False,False,False,True
N21000174,N21000315,4,1,19652,2055,6450.60399279135,False,False,False,True
N21000174,N21000316,4,3,19652,23306,2839.457844262618,False,False,False,True
N21000174,N21000317,4,8,19652,25675,1212.837930992876,False,False,False,True
N21000174,N21000318,4,1,19652,29337,3664.579874123165,False,False,False,True
N21000174,N21000319,4,2,19652,20953,1105.5223226051532,False,False,True,True
N21000174,N21000322,4,2,19652,3303,1429.1235654162954,False,False,False,True
N21000174,N21000323,4,2,19652,10135,1590.7958943277733,False,False,True,True
N21000174,N21000324,4,1,19652,25636,2380.46508508214,False,False,True,True
N21000174,N21000325,4,3,19652,14225,1969.0073636124682,False,False,False,True
N21000174,N21000327,4,1,19652,12871,2014.6547810961483,False,False,True,True
N21000174,N21000329,4,2,19652,7369,2807.872296666538,False,False,False,True
N21000174,N21000331,4,3,19652,13387,2653.141312583018,False,False,True,True
N21000174,N21000332,4,1,19652,23473,3297.589639425945,False,False,True,True
N21000174,N21000335,4,13,19652,18611,3235.7734946731853,False,False,True,True
N21000175,N21000165,4,3,27201,19703,2205.531255222472,False,False,False,True
N21000175,N21000166,4,3,27201,23646,3348.1108971425524,False,False,False,True
N21000175,N21000167,4,6,27201,23946,1355.8524566635438,False,False,False,True
N21000175,N21000168,4,1,27201,4451,1941.2194326875701,False,False,False,True
N21000175,N21000169,4,1,27201,623,2288.918423345761,False,False,False,True
N21000175,N21000170,4,2,27201,23278,2706.335469711551,False,False,False,True
N21000175,N21000171,4,4,27201,18303,850.0553018227641,False,False,False,True
N21000175,N21000172,4,3,27201,18162,1301.0468683101988,False,False,False,True
N21000175,N21000174,4,2,27201,19652,1567.4715209966241,False,False,False,True
N21000175,N21000177,4,18,27201,22862,1042.9302290558574,False,False,False,True
N21000175,N21000178,4,21,27201,12747,936.9542922893252,False,False,False,True
N21000175,N21000179,4,1,27201,1275,6890.458922769884,False,False,False,True
N21000175,N21000181,4,2,27201,10525,4452.218999058447,False,False,False,True
N21000175,N21000182,4,1,27201,8586,5473.030941997881,False,False,False,True
N21000175,N21000184,4,4,27201,4165,2915.422095557345,False,False,False,True
N21000175,N21000186,4,1,27201,13768,3085.5025263573375,False,False,False,True
N21000175,N21000187,4,1,27201,23892,2680.997664083194,False,False,False,True
N21000175,N21000188,4,3,27201,9768,2803.4557651526657,False,False,False,True
N21000175,N21000190,4,3,27201,9490,2145.6488513490763,False,False,False,True
N21000175,N21000192,4,44,27201,17614,4414.862922864144,False,False,False,True
N21000175,N21000193,4,5,27201,24443,1477.837089201369,False,False,False,True
N21000175,N21000194,4,1,27201,25109,1526.6418084799964,False,False,False,True
N21000175,N21000195,4,2,27201,22584,1612.63072766538,False,False,False,True
N21000175,N21000196,4,8,27201,8754,991.8182070069226,False,False,False,True
N21000175,N21000197,4,6,27201,11265,7058.699025356833,False,False,False,True
N21000175,N21000198,4,6,27201,15611,3926.8145880833517,False,False,False,True
N21000175,N21000203,4,1,27201,15685,5072.875941696663,False,False,False,True
N21000175,N21000208,4,1,27201,5457,4259.667511918342,False,False,False,True
N21000175,N21000209,4,2,27201,9382,3440.635320575294,False,False,False,True
N21000175,N21000211,4,2,27201,7197,5272.82617997542,False,False,False,True
N21000175,N21000215,4,1,27201,25962,4433.184762418622,False,False,False,True
N21000175,N21000216,4,1,27201,14179,5421.219418911137,False,False,False,True
N21000175,N21000222,4,2,27201,11993,6367.663734376885,False,False,False,True
N21000175,N21000225,4,1,27201,25527,6289.425601678663,False,False,False,True
N21000175,N21000237,4,3,27201,5957,6130.446726062927,False,False,False,True
N21000175,N21000240,4,1,27201,17764,5912.01269245012,False,False,False,True
N21000175,N21000251,4,52,27201,15928,2284.916790876685,False,False,False,True
N21000175,N21000252,4,10,27201,6604,2724.409052937216,False,False,False,True
N21000175,N21000253,4,6,27201,7436,2779.727055307991,False,False,False,True
N21000175,N21000254,4,13,27201,17102,3301.0945182453115,False,False,False,True
N21000175,N21000256,4,7,27201,24260,3596.6763126740475,False,False,False,True
N21000175,N21000258,4,4,27201,27783,3332.2938720976376,False,False,False,True
N21000175,N21000259,4,2,27201,15492,3705.32646036025,False,False,False,True
N21000175,N21000264,4,5,27201,24247,4174.134696385885,False,False,False,True
N21000175,N21000265,4,2,27201,27041,4538.624902825987,False,False,False,True
N21000175,N21000266,4,3,27201,18253,4516.877563199084,False,False,False,True
N21000175,N21000267,4,1,27201,21949,4508.150598116904,False,False,False,True
N21000175,N21000268,4,8,27201,1126,4860.76288473106,False,False,False,True
N21000175,N21000272,4,3,27201,20779,6105.834258470378,False,False,False,True
N21000175,N21000273,4,2,27201,2383,6042.327759558098,False,False,False,True
N21000175,N21000274,4,6,27201,391,6896.691504685449,False,False,False,True
N21000175,N21000277,4,3,27201,6659,6685.253403236239,False,False,False,True
N21000175,N21000279,4,1,27201,4115,7818.028770382578,False,False,False,True
N21000175,N21000280,4,1,27201,9328,7959.845497088804,False,False,False,True
N21000175,N21000290,4,1,27201,18971,9514.853866630063,False,False,False,True
N21000175,N21000293,4,1,27201,25505,9558.265171318777,False,False,False,True
N21000175,N21000294,4,2,27201,22846,9114.34450609369,False,False,False,True
N21000175,N21000295,4,2,27201,8555,9484.836684430084,False,False,False,True
N21000175,N21000307,4,2,27201,2710,5063.834656947917,False,False,False,True
N21000175,N21000309,4,6,27201,2721,5151.1623618600015,False,False,False,True
N21000175,N21000317,4,1,27201,25675,2244.652226007381,False,False,False,True
N21000175,N21000322,4,3,27201,3303,1073.2048015673129,False,False,False,True
N21000175,N21000323,4,1,27201,10135,1635.3089288549786,False,False,True,True
N21000175,N21000324,4,2,27201,25636,2995.1093385560935,False,False,True,True
N21000175,N21000325,4,2,27201,14225,1481.2952709133904,False,False,False,True
N21000175,N21000327,4,1,27201,12871,2629.299034570102,False,False,True,True
N21000175,N21000329,4,2,27201,7369,1849.8025229597536,False,False,False,True
N21000175,N21000331,4,3,27201,13387,2300.5084387009406,False,False,False,True
N21000175,N21000332,4,2,27201,23473,3680.1620406504576,False,False,True,True
N21000175,N21000333,4,1,27201,3340,3013.8929683856654,False,False,True,True
N21000175,N21000335,4,10,27201,18611,2936.447330276647,False,False,False,True
N21000176,N21000165,4,3,15329,19703,2689.4802365281375,False,False,False,True
N21000176,N21000166,4,1,15329,23646,3832.0598784482177,False,False,False,True
N21000176,N21000167,4,2,15329,23946,1839.8014379692095,False,False,False,True
N21000176,N21000170,4,2,15329,23278,3093.9858205254686,False,False,False,True
N21000176,N21000171,4,2,15329,18303,1334.0042831284297,False,False,False,True
N21000176,N21000172,4,1,15329,18162,1783.243880430118,False,False,False,True
N21000176,N21000174,4,1,15329,19652,2049.6685331165436,False,False,False,True
N21000176,N21000181,4,1,15329,10525,4608.294386569606,False,False,False,True
N21000176,N21000182,4,1,15329,8586,5629.106329509041,False,False,False,True
N21000176,N21000184,4,2,15329,4165,3071.497483068505,False,False,False,True
N21000176,N21000186,4,1,15329,13768,3241.577913868498,False,False,False,True
N21000176,N21000188,4,2,15329,9768,2606.9150767040687,False,False,False,True
N21000176,N21000189,4,3,15329,4448,2388.688035284411,False,False,False,True
N21000176,N21000192,4,29,15329,17614,4032.4452853216017,False,False,False,True
N21000176,N21000195,4,4,15329,22584,1416.0900392167825,False,False,False,True
N21000176,N21000196,4,5,15329,8754,830.2691705514163,False,False,False,True
N21000176,N21000197,4,2,15329,11265,6777.8435214900355,False,False,False,True
N21000176,N21000198,4,8,15329,15611,3645.9590842165553,False,False,False,True
N21000176,N21000202,4,1,15329,15786,3902.4738435239524,False,False,False,True
N21000176,N21000204,4,2,15329,26239,3066.4663487854327,False,False,False,True
N21000176,N21000212,4,1,15329,26189,3553.609411929975,False,False,False,True
N21000176,N21000223,4,2,15329,22810,5519.15242378196,False,False,False,True
N21000176,N21000224,4,1,15329,15583,6664.812898833735,False,False,False,True
N21000176,N21000237,4,1,15329,5957,5849.591222196131,False,False,False,True
N21000176,N21000240,4,5,15329,17764,5631.1571885833255,False,False,False,True
N21000176,N21000251,4,41,15329,15928,2004.0612870098885,False,False,False,True
N21000176,N21000252,4,8,15329,6604,2443.5535490704196,False,False,False,True
N21000176,N21000253,4,4,15329,7436,2498.8715514411947,False,False,False,True
N21000176,N21000254,4,1,15329,17102,3020.239014378515,False,False,False,True
N21000176,N21000256,4,9,15329,24260,3315.820808807251,False,False,False,True
N21000176,N21000261,4,1,15329,1844,3758.4207222420196,False,False,False,True
N21000176,N21000264,4,2,15329,24247,3893.279192519089,False,False,False,True
N21000176,N21000265,4,2,15329,27041,4257.769398959191,False,False,False,True
N21000176,N21000266,4,2,15329,18253,4236.022059332286,False,False,False,True
N21000176,N21000267,4,3,15329,21949,4227.295094250108,False,False,False,True
N21000176,N21000268,4,3,15329,1126,4859.540863327771,False,False,False,True
N21000176,N21000274,4,8,15329,391,6819.003974348615,False,False,False,True
N21000176,N21000276,4,1,15329,6161,7732.633625192731,False,False,False,True
N21000176,N21000279,4,1,15329,4115,7537.17326651578,False,False,False,True
N21000176,N21000283,4,1,15329,9205,8398.969272933855,False,False,False,True
N21000176,N21000303,4,1,15329,6397,3247.4553848824185,False,False,False,True
N21000176,N21000309,4,2,15329,2721,5149.940340456714,False,False,False,True
N21000176,N21000319,4,3,15329,20953,1889.3138557615353,False,False,False,True
N21000176,N21000322,4,9,15329,3303,1093.8438941881304,False,False,False,True
N21000176,N21000323,4,2,15329,10135,1881.3752298668292,False,False,True,True
N21000176,N21000325,4,2,15329,14225,1200.4397670465933,False,False,False,True
N21000176,N21000329,4,4,15329,7369,1568.947019092957,False,False,False,True
N21000176,N21000331,4,3,15329,13387,2299.2864172976515,False,False,False,True
N21000176,N21000332,4,3,15329,23473,3804.875374910664,False,False,True,True
N21000176,N21000334,4,2,15329,27702,2443.38734158812,False,False,False,True
N21000176,N21000335,4,11,15329,18611,2935.2253088733582,False,False,False,True
N21000177,N21000166,4,1,22862,23646,4220.95493279228,False,False,False,True
N21000177,N21000167,4,1,22862,23946,2228.6964923132723,False,False,False,True
N21000177,N21000168,4,1,22862,4451,2814.0634683372987,False,False,False,True
N21000177,N21000172,4,2,22862,18162,2173.890903959928,False,False,False,True
N21000177,N21000173,4,1,22862,24908,2764.841083401507,False,False,False,True
N21000177,N21000174,4,1,22862,19652,2440.315556646353,False,False,False,True
N21000177,N21000175,4,19,22862,27201,1042.9302290558571,False,False,False,True
N21000177,N21000181,4,4,22862,10525,4645.466010527519,False,False,False,True
N21000177,N21000184,4,3,22862,4165,3460.3925374125683,False,False,False,True
N21000177,N21000186,4,4,22862,13768,3148.561625832496,False,False,False,True
N21000177,N21000187,4,2,22862,23892,3225.9681059384175,False,False,False,True
N21000177,N21000188,4,1,22862,9768,2407.9169245421076,False,False,False,True
N21000177,N21000189,4,4,22862,4448,2777.583089628474,False,False,False,True
N21000177,N21000190,4,1,22862,9490,2513.77579317794,False,False,False,True
N21000177,N21000192,4,35,22862,17614,3790.2495574217046,False,False,False,True
N21000177,N21000193,4,3,22862,24443,2022.8075310565919,False,False,False,True
N21000177,N21000195,4,2,22862,22584,1217.091887054821,False,False,False,True
N21000177,N21000196,4,7,22862,8754,1157.3569558841716,False,False,False,True
N21000177,N21000197,4,5,22862,11265,6346.995960440349,False,False,False,True
N21000177,N21000198,4,5,22862,15611,3215.111523166869,False,False,False,True
N21000177,N21000205,4,1,22862,27396,3761.4877947227046,False,False,False,True
N21000177,N21000216,4,1,22862,14179,4723.745217889992,False,False,False,True
N21000177,N21000222,4,1,22862,11993,5655.960669460404,False,False,False,True
N21000177,N21000240,4,2,22862,17764,5214.538491428977,False,False,False,True
N21000177,N21000245,4,2,22862,8653,4566.016808946278,False,False,False,True
N21000177,N21000251,4,47,22862,15928,1720.860872988042,False,False,False,True
N21000177,N21000252,4,5,22862,6604,2068.330115113398,False,False,False,True
N21000177,N21000253,4,6,22862,7436,2215.6711374193483,False,False,False,True
N21000177,N21000254,4,3,22862,17102,2715.6492084599145,False,False,False,True
N21000177,N21000256,4,1,22862,24260,3032.620394785405,False,False,False,True
N21000177,N21000258,4,1,22862,27783,2768.237954208995,False,False,False,True
N21000177,N21000261,4,2,22862,1844,3475.2203082201736,False,False,False,True
N21000177,N21000265,4,1,22862,27041,3974.5689849373434,False,False,False,True
N21000177,N21000266,4,1,22862,18253,3952.821645310441,False,False,False,True
N21000177,N21000268,4,3,22862,1126,4870.871692851174,False,False,False,True
N21000177,N21000270,4,3,22862,1364,4292.268521985485,False,False,False,True
N21000177,N21000272,4,1,22862,20779,5541.778340581734,False,False,False,True
N21000177,N21000273,4,1,22862,2383,5478.271841669454,False,False,False,True
N21000177,N21000274,4,7,22862,391,6535.80356032677,False,False,False,True
N21000177,N21000293,4,1,22862,25505,9040.543755827104,False,False,False,True
N21000177,N21000302,4,1,22862,6864,4034.196586358131,False,False,False,True
N21000177,N21000303,4,3,22862,6397,3282.2481791571686,False,False,False,True
N21000177,N21000305,4,1,22862,6602,4331.605696033341,False,False,False,True
N21000177,N21000307,4,1,22862,2710,5097.405429819379,False,False,False,True
N21000177,N21000309,4,5,22862,2721,5184.733134731464,False,False,False,True
N21000177,N21000318,4,1,22862,29337,5271.778212198902,False,False,False,True
N21000177,N21000321,4,1,22862,19488,2747.9529719170437,False,False,False,True
N21000177,N21000322,4,4,22862,3303,1461.555834612943,False,False,False,True
N21000177,N21000325,4,3,22862,14225,1486.2023116577834,False,False,False,True
N21000177,N21000326,4,1,22862,3406,4199.35470325157,False,False,False,True
N21000177,N21000331,4,2,22862,13387,2334.079211572402,False,False,False,True
N21000177,N21000332,4,3,22862,23473,4003.6265710345665,False,False,False,True
N21000177,N21000333,4,1,22862,3340,3050.457106370766,False,False,False,True
N21000177,N21000335,4,10,22862,18611,2970.0181031481084,False,False,False,True
N21000178,N21000167,4,1,12747,23946,2172.6247398478727,False,False,False,True
N21000178,N21000170,4,2,12747,23278,2836.4415846479233,False,False,False,True
N21000178,N21000173,4,1,12747,24908,2110.8350149089433,False,False,False,True
N21000178,N21000174,4,1,12747,19652,1923.3545614812936,False,False,False,True
N21000178,N21000175,4,26,12747,27201,936.9542922893253,False,False,False,True
N21000178,N21000181,4,1,12747,10525,4941.117688448271,False,False,False,True
N21000178,N21000182,4,1,12747,8586,5961.929631387705,False,False,False,True
N21000178,N21000184,4,2,12747,4165,3404.320784947169,False,False,False,True
N21000178,N21000186,4,3,12747,13768,3574.401215747161,False,False,False,True
N21000178,N21000188,4,3,12747,9768,2888.7775474383575,False,False,False,True
N21000178,N21000189,4,1,12747,4448,2721.511337163075,False,False,False,True
N21000178,N21000190,4,3,12747,9490,2634.547540738899,False,False,False,True
N21000178,N21000192,4,23,12747,17614,4202.208020482648,False,False,False,True
N21000178,N21000194,4,1,12747,25109,2015.5404978698195,False,False,False,True
N21000178,N21000195,4,4,12747,22584,1697.9525099510715,False,False,False,True
N21000178,N21000196,4,5,12747,8754,1351.9676184196753,False,False,False,True
N21000178,N21000197,4,2,12747,11265,6121.9312471703315,False,False,False,True
N21000178,N21000198,4,9,12747,15611,2990.0468098968513,False,False,False,True
N21000178,N21000199,4,3,12747,8027,4713.031290769555,False,False,False,True
N21000178,N21000205,4,1,12747,27396,3536.4230814526873,False,False,False,True
N21000178,N21000207,4,1,12747,26051,2903.78074622008,False,False,False,True
N21000178,N21000208,4,2,12747,5457,3322.8997337318406,False,False,False,True
N21000178,N21000209,4,2,12747,9382,2503.8675423887944,False,False,False,True
N21000178,N21000213,4,1,12747,9502,3218.5584580080185,False,False,False,True
N21000178,N21000215,4,1,12747,25962,3496.4169842321207,False,False,False,True
N21000178,N21000221,4,1,12747,22550,7939.161090737257,False,False,False,True
N21000178,N21000225,4,1,12747,25527,5352.657823492163,False,False,False,True
N21000178,N21000237,4,2,12747,5957,5193.678947876425,False,False,False,True
N21000178,N21000240,4,3,12747,17764,4975.2449142636215,False,False,False,True
N21000178,N21000243,4,2,12747,1454,4867.360836380304,False,False,False,True
N21000178,N21000245,4,1,12747,8653,4214.694340545176,False,False,False,True
N21000178,N21000251,4,68,12747,15928,1348.1490126901851,False,False,False,True
N21000178,N21000252,4,7,12747,6604,1787.6412747507159,False,False,False,True
N21000178,N21000253,4,3,12747,7436,1842.9592771214907,False,False,False,True
N21000178,N21000254,4,4,12747,17102,2364.326740058812,False,False,False,True
N21000178,N21000255,4,1,12747,11696,3201.391805547075,False,False,False,True
N21000178,N21000256,4,10,12747,24260,2659.908534487548,False,False,False,True
N21000178,N21000258,4,5,12747,27783,2395.526093911138,False,False,False,True
N21000178,N21000262,4,2,12747,8231,2987.4707976953637,False,False,False,True
N21000178,N21000263,4,3,12747,6770,3707.4631093464236,False,False,False,True
N21000178,N21000265,4,1,12747,27041,3601.857124639487,False,False,False,True
N21000178,N21000266,4,1,12747,18253,3580.109785012584,False,False,False,True
N21000178,N21000268,4,6,12747,1126,4498.159832553317,False,False,False,True
N21000178,N21000269,4,1,12747,1407,3826.584497666804,False,False,False,True
N21000178,N21000273,4,1,12747,2383,5105.559981371599,False,False,False,True
N21000178,N21000274,4,2,12747,391,6163.091700028914,False,False,False,True
N21000178,N21000275,4,2,12747,24042,6079.0317859951265,False,False,False,True
N21000178,N21000278,4,1,12747,25468,6004.073424441932,False,False,False,True
N21000178,N21000283,4,1,12747,9205,7743.056998614154,False,False,False,True
N21000178,N21000288,4,2,12747,18650,7609.741180894486,False,False,False,True
N21000178,N21000289,4,1,12747,25081,7355.950741949683,False,False,False,True
N21000178,N21000295,4,1,12747,8555,9145.695597003685,False,False,False,True
N21000178,N21000302,4,1,12747,6864,3661.4847260602733,False,False,False,True
N21000178,N21000307,4,3,12747,2710,4724.693569521521,False,False,False,True
N21000178,N21000308,4,1,12747,13508,5413.104937807846,False,False,False,True
N21000178,N21000309,4,3,12747,2721,4812.021274433605,False,False,False,True
N21000178,N21000312,4,1,12747,18228,6537.360362770739,False,False,False,True
N21000178,N21000319,4,1,12747,20953,1631.7696198839903,False,False,False,True
N21000178,N21000322,4,4,12747,3303,807.5497661203804,False,False,False,True
N21000178,N21000326,4,1,12747,3406,3545.3486347590074,False,False,False,True
N21000178,N21000327,4,1,12747,12871,2432.340156703918,False,False,False,True
N21000178,N21000329,4,2,12747,7369,913.0347447732529,False,False,False,True
N21000178,N21000331,4,2,12747,13387,1961.3673512745445,False,False,False,True
N21000178,N21000332,4,1,12747,23473,3467.668031379816,False,False,False,True
N21000178,N21000334,4,2,12747,27702,1837.360365006283,False,False,False,True
N21000178,N21000335,4,11,12747,18611,2597.306242850251,False,False,False,True
N21000179,N21000166,4,2,1275,23646,6410.577511593404,False,False,False,True
N21000179,N21000167,4,4,1275,23946,5896.64001094524,False,False,True,True
N21000179,N21000168,4,1,1275,4451,6814.4640053897,False,False,True,True
N21000179,N21000172,4,1,1275,18162,6812.6950924079565,False,False,True,True
N21000179,N21000173,4,1,1275,24908,7416.390647959253,False,False,False,True
N21000179,N21000175,4,18,1275,27201,6890.458922769885,False,False,False,True
N21000179,N21000177,4,8,1275,22862,7435.429364625108,False,False,False,True
N21000179,N21000178,4,4,1275,12747,7379.35761215971,False,False,False,True
N21000179,N21000180,4,2,1275,19753,2775.093501264042,False,False,False,True
N21000179,N21000181,4,8,1275,10525,3262.1428047170093,False,False,False,True
N21000179,N21000182,4,4,1275,8586,2557.63690127661,False,True,True,True
N21000179,N21000184,4,3,1275,4165,3975.0368272125397,False,False,True,True
N21000179,N21000186,4,4,1275,13768,4645.5736273878,False,False,True,True
N21000179,N21000187,4,3,1275,23892,4622.246580905764,False,False,False,True
N21000179,N21000188,4,5,1275,9768,5423.617129151428,False,False,True,True
N21000179,N21000189,4,4,1275,4448,4984.6405999309745,False,True,True,True
N21000179,N21000190,4,3,1275,9490,5239.176024342495,False,False,True,True
N21000179,N21000191,4,2,1275,10156,5930.164358839328,False,False,True,True
N21000179,N21000192,4,49,1275,17614,6343.236713765985,False,False,True,True
N21000179,N21000193,4,2,1275,24443,5412.621833568516,False,False,True,True
N21000179,N21000194,4,1,1275,25109,6057.980656428255,False,False,True,True
N21000179,N21000195,4,4,1275,22584,6616.693207910653,False,False,True,True
N21000179,N21000196,4,5,1275,8754,6509.217557392756,False,False,False,True
N21000179,N21000251,4,47,1275,15928,8727.32011074707,False,False,False,True
N21000179,N21000252,4,10,1275,6604,9166.8123728076,False,False,False,True
N21000179,N21000253,4,3,1275,7436,9222.130375178378,False,False,False,True
N21000179,N21000316,4,1,1275,23306,7272.585626386353,False,False,False,True
N21000179,N21000317,4,4,1275,25675,7494.55642783834,False,False,False,True
N21000179,N21000321,4,1,1275,19488,7898.173704560851,False,False,True,True
N21000179,N21000322,4,1,1275,3303,7562.986857847138,False,False,False,True
N21000179,N21000323,4,2,1275,10135,8044.3317130499745,False,False,True,True
N21000179,N21000324,4,1,1275,25636,8834.00090380434,False,False,True,True
N21000179,N21000325,4,5,1275,14225,7923.698590783773,False,False,False,True
N21000179,N21000328,4,1,1275,25177,8540.540324521588,False,False,True,True
N21000179,N21000329,4,3,1275,7369,8292.205842830137,False,False,False,True
N21000179,N21000331,4,1,1275,13387,8790.290494980767,False,False,True,True
N21000179,N21000333,4,1,1275,3340,9084.856385883355,False,False,True,True
N21000179,N21000334,4,4,1275,27702,9013.025907758189,False,False,False,True
N21000179,N21000335,4,11,1275,18611,9426.229386556473,False,False,True,True
N21000180,N21000161,4,2,19753,4145,6189.196835355259,False,False,False,True
N21000180,N21000163,4,1,19753,20140,4252.509725108101,False,False,False,True
N21000180,N21000164,4,1,19753,26366,6142.51844303865,False,False,False,True
N21000180,N21000165,4,2,19753,19703,4918.263730158461,False,False,False,True
N21000180,N21000166,4,1,19753,23646,5249.266388997186,False,False,False,True
N21000180,N21000167,4,3,19753,23946,4179.197601861326,False,False,False,True
N21000180,N21000170,4,1,19753,23278,5434.7480333412295,False,False,False,True
N21000180,N21000171,4,1,19753,18303,4822.90421204312,False,False,False,True
N21000180,N21000175,4,8,19753,27201,4838.488440354298,False,False,False,True
N21000180,N21000177,4,4,19753,22862,5383.458882209521,False,False,False,True
N21000180,N21000178,4,7,19753,12747,5327.387129744123,False,False,False,True
N21000180,N21000179,4,3,19753,1275,2775.093501264043,False,False,False,True
N21000180,N21000181,4,12,19753,10525,1210.1723223014221,False,False,False,True
N21000180,N21000182,4,3,19753,8586,2681.2153644649648,False,False,False,True
N21000180,N21000184,4,3,19753,4165,1923.0663447969525,False,False,False,True
N21000180,N21000186,4,5,19753,13768,2593.6031449722127,False,False,False,True
N21000180,N21000188,4,3,19753,9768,3147.660646812839,False,False,False,True
N21000180,N21000189,4,2,19753,4448,2932.6701175153876,False,False,False,True
N21000180,N21000190,4,6,19753,9490,3187.205541926908,False,False,False,True
N21000180,N21000192,4,50,19753,17614,3987.4341319109253,False,False,False,True
N21000180,N21000193,4,4,19753,24443,3360.6513511529292,False,False,False,True
N21000180,N21000194,4,3,19753,25109,4006.0101740126656,False,False,False,True
N21000180,N21000195,4,3,19753,22584,4327.038910437081,False,False,False,True
N21000180,N21000196,4,8,19753,8754,4457.247074977169,False,False,False,True
N21000180,N21000198,4,17,19753,15611,8087.059851867372,False,False,False,True
N21000180,N21000203,4,1,19753,15685,9233.121205480684,False,False,False,True
N21000180,N21000204,4,1,19753,26239,7507.567116436243,False,False,False,True
N21000180,N21000209,4,1,19753,9382,7620.872193470211,False,False,False,True
N21000180,N21000213,4,2,19753,9502,8335.563109089439,False,False,False,True
N21000180,N21000216,4,2,19753,14179,9601.456291806055,False,False,False,True
N21000180,N21000245,4,1,19753,8653,9541.894956186474,False,False,False,True
N21000180,N21000251,4,44,19753,15928,6675.349628331482,False,False,False,True
N21000180,N21000252,4,18,19753,6604,6965.66648604652,False,False,False,True
N21000180,N21000253,4,6,19753,7436,7170.159892762787,False,False,False,True
N21000180,N21000254,4,5,19753,17102,7691.527355700109,False,False,False,True
N21000180,N21000256,4,7,19753,24260,7987.109150128844,False,False,False,True
N21000180,N21000259,4,2,19753,15492,8095.759297815049,False,False,False,True
N21000180,N21000261,4,1,19753,1844,8429.709063563614,False,False,False,True
N21000180,N21000263,4,2,19753,6770,8868.682382308049,False,False,False,True
N21000180,N21000264,4,2,19753,24247,8564.567533840685,False,False,False,True
N21000180,N21000265,4,1,19753,27041,8929.057740280788,False,False,False,True
N21000180,N21000267,4,2,19753,21949,8898.583435571703,False,False,False,True
N21000180,N21000268,4,14,19753,1126,9298.574458595294,False,False,False,True
N21000180,N21000270,4,4,19753,1364,9246.757277328928,False,False,False,True
N21000180,N21000303,4,1,19753,6397,7686.488980149947,False,False,False,True
N21000180,N21000307,4,3,19753,2710,9501.646230812152,False,False,False,True
N21000180,N21000309,4,2,19753,2721,9588.973935724234,False,False,False,True
N21000180,N21000317,4,1,19753,25675,5777.114018754426,False,False,False,True
N21000180,N21000318,4,1,19753,29337,8102.562355214955,False,False,False,True
N21000180,N21000322,4,2,19753,3303,5511.016375431551,False,False,False,True
N21000180,N21000323,4,1,19753,10135,6073.120502719217,False,False,False,True
N21000180,N21000324,4,2,19753,25636,7116.558494720427,False,False,False,True
N21000180,N21000325,4,5,19753,14225,5871.728108368186,False,False,False,True
N21000180,N21000327,4,1,19753,12871,6750.748190734435,False,False,False,True
N21000180,N21000329,4,3,19753,7369,6240.235360414551,False,False,False,True
N21000180,N21000331,4,3,19753,13387,6738.32001256518,False,False,False,True
N21000180,N21000332,4,2,19753,23473,8033.68304906423,False,False,False,True
N21000180,N21000335,4,21,19753,18611,7374.258904140886,False,False,False,True
N21000181,N21000161,4,1,10525,4145,5802.927394059408,False,False,False,True
N21000181,N21000164,4,1,10525,26366,5756.249001742801,False,False,False,True
N21000181,N21000165,4,2,10525,19703,4531.994288862611,False,False,False,True
N21000181,N21000167,4,1,10525,23946,3792.928160565475,False,False,False,True
N21000181,N21000170,4,1,10525,23278,5048.478592045378,False,False,False,True
N21000181,N21000172,4,1,10525,18162,4708.983242028193,False,False,False,True
N21000181,N21000174,4,3,10525,19652,4995.7200400256625,False,False,False,True
N21000181,N21000175,4,6,10525,27201,4452.218999058447,False,False,False,True
N21000181,N21000176,4,4,10525,15329,4608.294386569607,False,False,False,True
N21000181,N21000177,4,7,10525,22862,4645.466010527518,False,False,False,True
N21000181,N21000178,4,5,10525,12747,4941.117688448271,False,False,False,True
N21000181,N21000179,4,5,10525,1275,3262.142804717009,False,False,False,True
N21000181,N21000180,4,1,10525,19753,1210.1723223014221,False,False,False,True
N21000181,N21000182,4,3,10525,8586,2294.9459231691135,False,False,False,True
N21000181,N21000183,4,1,10525,14990,1508.589378290384,False,False,False,True
N21000181,N21000184,4,3,10525,4165,1536.7969035011015,False,False,False,True
N21000181,N21000186,4,6,10525,13768,2207.3337036763614,False,False,False,True
N21000181,N21000187,4,1,10525,23892,2925.671210772444,False,False,False,True
N21000181,N21000188,4,6,10525,9768,2401.7243357851694,False,False,False,True
N21000181,N21000189,4,5,10525,4448,2546.4006762195363,False,False,False,True
N21000181,N21000192,4,22,10525,17614,3241.4978208832563,False,False,False,True
N21000181,N21000194,4,1,10525,25109,3619.7407327168144,False,False,False,True
N21000181,N21000195,4,4,10525,22584,3581.102599409411,False,False,False,True
N21000181,N21000196,4,2,10525,8754,4070.9776336813197,False,False,False,True
N21000181,N21000198,4,11,10525,15611,7341.123540839706,False,False,False,True
N21000181,N21000204,4,1,10525,26239,6761.630805408577,False,False,False,True
N21000181,N21000206,4,1,10525,4787,8488.388164273196,False,False,False,True
N21000181,N21000215,4,1,10525,25962,7867.4853242858735,False,False,False,True
N21000181,N21000216,4,1,10525,14179,8855.519980778387,False,False,False,True
N21000181,N21000223,4,1,10525,22810,9214.316880405111,False,False,False,True
N21000181,N21000226,4,3,10525,7766,9133.552143953282,False,False,False,True
N21000181,N21000240,4,1,10525,17764,9346.313254317367,False,False,False,True
N21000181,N21000251,4,51,10525,15928,6149.051115683475,False,False,False,True
N21000181,N21000252,4,7,10525,6604,6219.7301750188535,False,False,False,True
N21000181,N21000253,4,5,10525,7436,6643.86138011478,False,False,False,True
N21000181,N21000254,4,1,10525,17102,6977.654189437702,False,False,False,True
N21000181,N21000256,4,8,10525,24260,7460.810637480837,False,False,False,True
N21000181,N21000258,4,4,10525,27783,7196.42819690443,False,False,False,True
N21000181,N21000259,4,3,10525,15492,7536.314431216917,False,False,False,True
N21000181,N21000264,4,2,10525,24247,8038.269021192678,False,False,False,True
N21000181,N21000266,4,2,10525,18253,8381.011888005876,False,False,False,True
N21000181,N21000267,4,2,10525,21949,8184.710269309295,False,False,False,True
N21000181,N21000268,4,15,10525,1126,8912.305017299444,False,False,False,True
N21000181,N21000270,4,1,10525,1364,8720.458764680921,False,False,False,True
N21000181,N21000271,4,1,10525,15197,8944.979239295702,False,False,False,True
N21000181,N21000303,4,1,10525,6397,7300.219538854095,False,False,False,True
N21000181,N21000307,4,1,10525,2710,9115.3767895163,False,False,False,True
N21000181,N21000309,4,3,10525,2721,9202.704494428383,False,False,False,True
N21000181,N21000321,4,1,10525,19488,5794.461854181085,False,False,False,True
N21000181,N21000322,4,2,10525,3303,5124.746934135699,False,False,False,True
N21000181,N21000325,4,4,10525,14225,5485.458667072335,False,False,False,True
N21000181,N21000327,4,2,10525,12871,6364.478749438584,False,False,False,True
N21000181,N21000329,4,4,10525,7369,5713.936847766543,False,False,False,True
N21000181,N21000331,4,1,10525,13387,6352.050571269328,False,False,False,True
N21000181,N21000332,4,3,10525,23473,7647.413607768378,False,False,False,True
N21000181,N21000335,4,12,10525,18611,6987.989462845035,False,False,False,True
N21000182,N21000161,4,2,8586,4145,4478.151634605714,False,False,False,True
N21000182,N21000164,4,3,8586,26366,4765.936101640948,False,False,False,True
N21000182,N21000165,4,3,8586,19703,3739.2719946564866,False,False,True,True
N21000182,N21000166,4,1,8586,23646,3872.6840475994863,False,False,False,True
N21000182,N21000167,4,2,8586,23946,4474.271694831094,False,False,True,True
N21000182,N21000173,4,2,8586,24908,5102.188912641924,False,False,False,True
N21000182,N21000175,4,20,8586,27201,5473.030941997879,False,False,False,True
N21000182,N21000176,4,1,8586,15329,5629.10632950904,False,False,False,True
N21000182,N21000178,4,12,8586,12747,5961.929631387704,False,False,False,True
N21000182,N21000180,4,1,8586,19753,2681.2153644649648,False,False,False,True
N21000182,N21000181,4,1,8586,10525,2294.9459231691135,False,False,False,True
N21000182,N21000184,4,6,8586,4165,2601.546774509161,False,False,True,True
N21000182,N21000186,4,6,8586,13768,3272.083574684421,False,False,True,True
N21000182,N21000187,4,3,8586,23892,3084.383147994933,True,True,True,True
N21000182,N21000188,4,3,8586,9768,4050.1270764480505,False,False,True,True
N21000182,N21000189,4,5,8586,4448,3611.150547227596,False,True,True,True
N21000182,N21000192,4,28,8586,17614,5400.537781973414,False,False,True,True
N21000182,N21000193,4,1,8586,24443,4039.1317808651374,False,False,True,True
N21000182,N21000194,4,2,8586,25109,4684.490603724876,False,False,True,True
N21000182,N21000195,4,11,8586,22584,5243.203155207272,False,False,True,True
N21000182,N21000196,4,5,8586,8754,5091.78957662075,False,False,False,True
N21000182,N21000198,4,14,8586,15611,8951.789927181726,False,False,False,True
N21000182,N21000202,4,2,8586,15786,9208.304686489124,False,False,False,True
N21000182,N21000205,4,1,8586,27396,9498.166198737565,False,False,False,True
N21000182,N21000208,4,1,8586,5457,9284.642851016713,False,False,False,True
N21000182,N21000215,4,2,8586,25962,9458.160101516996,False,False,False,True
N21000182,N21000251,4,44,8586,15928,7309.892129975064,False,False,False,True
N21000182,N21000252,4,19,8586,6604,7749.384392035597,False,False,False,True
N21000182,N21000253,4,9,8586,7436,7804.702394406369,False,False,False,True
N21000182,N21000254,4,1,8586,17102,8326.069857343691,False,False,False,True
N21000182,N21000256,4,9,8586,24260,8621.651651772427,False,False,False,True
N21000182,N21000258,4,2,8586,27783,8357.269211196019,False,False,False,True
N21000182,N21000259,4,2,8586,15492,8730.30179945863,False,False,False,True
N21000182,N21000261,4,1,8586,1844,9064.251565207198,False,False,False,True
N21000182,N21000264,4,1,8586,24247,9199.110035484267,False,False,False,True
N21000182,N21000265,4,4,8586,27041,9563.600241924369,False,False,False,True
N21000182,N21000301,4,1,8586,22078,7904.505791292813,False,False,False,True
N21000182,N21000303,4,1,8586,6397,7795.403986050942,False,False,True,True
N21000182,N21000305,4,2,8586,6602,8826.132354784075,False,False,False,True
N21000182,N21000307,4,1,8586,2710,9591.932088570109,False,False,False,True
N21000182,N21000316,4,2,8586,23306,4788.863744982324,False,False,False,True
N21000182,N21000317,4,1,8586,25675,5052.390782205564,False,False,False,True
N21000182,N21000319,4,1,8586,20953,5539.955552438822,False,False,True,True
N21000182,N21000325,4,3,8586,14225,6405.510106711512,False,False,True,True
N21000182,N21000329,4,3,8586,7369,6874.777862058132,False,False,False,True
N21000182,N21000331,4,2,8586,13387,7089.644055682066,False,False,True,True
N21000182,N21000335,4,27,8586,18611,7625.893984177116,False,False,True,True
N21000183,N21000161,4,1,14990,4145,5503.055537084708,False,False,False,True
N21000183,N21000165,4,1,14990,19703,4115.239799415175,False,False,False,True
N21000183,N21000166,4,2,14990,23646,4446.242458253902,False,False,False,True
N21000183,N21000172,4,1,14990,18162,4201.842271837478,False,False,False,True
N21000183,N21000175,4,5,14990,27201,3892.3431100614885,False,False,False,True
N21000183,N21000177,4,5,14990,22862,3603.284295675388,False,False,False,True
N21000183,N21000178,4,1,14990,12747,4084.144918571639,False,False,False,True
N21000183,N21000180,4,1,14990,19753,2254.5256893180535,False,False,False,True
N21000183,N21000181,4,4,14990,10525,1508.589378290384,False,False,False,True
N21000183,N21000182,4,3,14990,8586,3395.9510186527386,False,False,False,True
N21000183,N21000186,4,18,14990,13768,1241.1193431529996,False,False,False,True
N21000183,N21000187,4,1,14990,23892,2508.916721325008,False,False,False,True
N21000183,N21000188,4,10,14990,9768,1359.5426209330392,False,False,False,True
N21000183,N21000190,4,4,14990,9490,2030.580655618543,False,False,False,True
N21000183,N21000191,4,2,14990,10156,1813.688701879622,False,False,False,True
N21000183,N21000192,4,55,14990,17614,2199.3161060311254,False,False,False,True
N21000183,N21000193,4,3,14990,24443,2414.50602086012,False,False,False,True
N21000183,N21000194,4,1,14990,25109,2865.3954762771245,False,False,False,True
N21000183,N21000195,4,10,14990,22584,2538.920884557281,False,False,False,True
N21000183,N21000196,4,5,14990,8754,3261.6445209261074,False,False,False,True
N21000183,N21000197,4,4,14990,11265,9430.826263261053,False,False,False,True
N21000183,N21000198,4,9,14990,15611,6298.941825987576,False,False,False,True
N21000183,N21000203,4,3,14990,15685,7445.003179600882,False,False,False,True
N21000183,N21000205,4,1,14990,27396,6845.318097543406,False,False,False,True
N21000183,N21000208,4,1,14990,5457,6631.794749822563,False,False,False,True
N21000183,N21000209,4,2,14990,9382,5832.754167590414,False,False,False,True
N21000183,N21000213,4,1,14990,9502,6547.445083209638,False,False,False,True
N21000183,N21000223,4,2,14990,22810,8172.135165552976,False,False,False,True
N21000183,N21000225,4,2,14990,25527,8661.55283958288,False,False,False,True
N21000183,N21000236,4,1,14990,20050,7476.992795152474,False,False,False,True
N21000183,N21000237,4,1,14990,5957,8502.573963967146,False,False,False,True
N21000183,N21000240,4,6,14990,17764,8304.131539465237,False,False,False,True
N21000183,N21000251,4,41,14990,15928,5106.869400831347,False,False,False,True
N21000183,N21000252,4,12,14990,6604,5177.548460166723,False,False,False,True
N21000183,N21000253,4,7,14990,7436,5601.679665262653,False,False,False,True
N21000183,N21000254,4,3,14990,17102,5935.472474585574,False,False,False,True
N21000183,N21000256,4,6,14990,24260,6418.628922628709,False,False,False,True
N21000183,N21000257,4,1,14990,60,7243.456782499258,False,False,False,True
N21000183,N21000258,4,3,14990,27783,6154.246482052302,False,False,False,True
N21000183,N21000260,4,1,14990,17259,7196.665181962813,False,False,False,True
N21000183,N21000261,4,2,14990,1844,6861.22883606348,False,False,False,True
N21000183,N21000264,4,8,14990,24247,6996.087306340551,False,False,False,True
N21000183,N21000265,4,1,14990,27041,7360.577512780654,False,False,False,True
N21000183,N21000266,4,1,14990,18253,7338.830173153747,False,False,False,True
N21000183,N21000268,4,7,14990,1126,8256.880220694475,False,False,False,True
N21000183,N21000270,4,2,14990,1364,7678.277049828795,False,False,False,True
N21000183,N21000271,4,1,14990,15197,7902.797524443573,False,False,False,True
N21000183,N21000302,4,1,14990,6864,7420.205114201437,False,False,False,True
N21000183,N21000303,4,2,14990,6397,6668.2567070004725,False,False,False,True
N21000183,N21000316,4,1,14990,23306,5175.4797422099455,False,False,False,True
N21000183,N21000317,4,1,14990,25675,4974.090088011139,False,False,False,True
N21000183,N21000318,4,1,14990,29337,7299.538424471671,False,False,False,True
N21000183,N21000319,4,1,14990,20953,4883.35988351488,False,False,False,True
N21000183,N21000322,4,1,14990,3303,4564.871045138741,False,False,False,True
N21000183,N21000323,4,4,14990,10135,5126.975172426407,False,False,False,True
N21000183,N21000325,4,2,14990,14225,4854.896476339376,False,False,False,True
N21000183,N21000327,4,1,14990,12871,5947.724259991148,False,False,False,True
N21000183,N21000329,4,3,14990,7369,4671.755132914415,False,False,False,True
N21000183,N21000332,4,2,14990,23473,7143.941185674767,False,False,False,True
N21000183,N21000335,4,11,14990,18611,6356.026630991412,False,False,False,True
N21000184,N21000163,4,1,4165,20140,2329.4433803111488,False,False,False,True
N21000184,N21000165,4,3,4165,19703,2995.197385361508,False,False,False,True
N21000184,N21000170,4,1,4165,23278,3511.681688544276,False,False,False,True
N21000184,N21000171,4,1,4165,18303,2899.8378672461668,False,False,False,True
N21000184,N21000174,4,1,4165,19652,3458.9231365245614,False,False,False,True
N21000184,N21000175,4,15,4165,27201,2915.4220955573446,False,False,False,True
N21000184,N21000177,4,3,4165,22862,3460.392537412568,False,False,False,True
N21000184,N21000178,4,5,4165,12747,3404.3207849471687,False,False,False,True
N21000184,N21000179,4,1,4165,1275,3975.0368272125397,False,False,True,True
N21000184,N21000181,4,6,4165,10525,1536.7969035011017,False,False,False,True
N21000184,N21000182,4,7,4165,8586,2601.5467745091614,False,False,True,True
N21000184,N21000187,4,3,4165,23892,1388.8743072713416,False,False,False,True
N21000184,N21000188,4,1,4165,9768,1448.5803019388895,False,False,True,True
N21000184,N21000189,4,4,4165,4448,1009.6037727184353,False,False,False,True
N21000184,N21000190,4,4,4165,9490,1264.1391971299545,True,True,True,True
N21000184,N21000192,4,24,4165,17614,2798.9910074642544,False,False,True,True
N21000184,N21000193,4,3,4165,24443,1437.5850063559762,False,False,True,True
N21000184,N21000194,4,1,4165,25109,2082.9438292157133,False,False,True,True
N21000184,N21000195,4,7,4165,22584,2641.6563806981103,False,False,True,True
N21000184,N21000196,4,4,4165,8754,2534.180730180218,False,False,False,True
N21000184,N21000197,4,2,4165,11265,9526.065518014675,False,False,False,True
N21000184,N21000198,4,8,4165,15611,6394.181080741197,False,False,False,True
N21000184,N21000204,4,1,4165,26239,5814.688345310067,False,False,False,True
N21000184,N21000209,4,1,4165,9382,5908.00181323314,False,False,False,True
N21000184,N21000211,4,1,4165,7197,7740.19267263326,False,False,False,True
N21000184,N21000213,4,1,4165,9502,6622.692728852364,False,False,False,True
N21000184,N21000225,4,1,4165,25527,8756.792094336502,False,False,False,True
N21000184,N21000240,4,2,4165,17764,8379.379185107964,False,False,False,True
N21000184,N21000241,4,1,4165,20619,7758.308985484264,False,False,False,True
N21000184,N21000248,4,2,4165,14259,8827.87086796653,False,False,False,True
N21000184,N21000251,4,44,4165,15928,4752.283283534527,False,False,False,True
N21000184,N21000252,4,18,4165,6604,5191.775545595063,False,False,False,True
N21000184,N21000253,4,10,4165,7436,5247.093547965833,False,False,False,True
N21000184,N21000254,4,3,4165,17102,5768.461010903156,False,False,False,True
N21000184,N21000256,4,10,4165,24260,6064.042805331889,False,False,False,True
N21000184,N21000258,4,1,4165,27783,5799.660364755482,False,False,False,True
N21000184,N21000259,4,1,4165,15492,6172.692953018094,False,False,False,True
N21000184,N21000260,4,1,4165,17259,6842.079064665993,False,False,False,True
N21000184,N21000264,4,6,4165,24247,6641.501189043731,False,False,False,True
N21000184,N21000265,4,3,4165,27041,7005.991395483834,False,False,False,True
N21000184,N21000266,4,1,4165,18253,6984.244055856927,False,False,False,True
N21000184,N21000268,4,6,4165,1126,7375.508113798345,False,False,False,True
N21000184,N21000270,4,2,4165,1364,7323.690932531975,False,False,False,True
N21000184,N21000271,4,2,4165,15197,7548.211407146753,False,False,False,True
N21000184,N21000274,4,5,4165,391,9411.436733752731,False,False,False,True
N21000184,N21000277,4,1,4165,6659,9152.61989589409,False,False,False,True
N21000184,N21000301,4,1,4165,22078,6648.2981230686,False,False,False,True
N21000184,N21000303,4,3,4165,6397,5763.422635352992,False,False,False,True
N21000184,N21000307,4,1,4165,2710,7578.579886015201,False,False,False,True
N21000184,N21000308,4,3,4165,13508,8266.991254301527,False,False,False,True
N21000184,N21000309,4,2,4165,2721,7665.907590927286,False,False,False,True
N21000184,N21000315,4,1,4165,2055,8816.782880750094,False,False,False,True
N21000184,N21000317,4,1,4165,25675,3854.0476739574738,False,False,False,True
N21000184,N21000319,4,1,4165,20953,3906.438869010736,False,False,False,True
N21000184,N21000323,4,1,4165,10135,4150.054157922263,False,False,False,True
N21000184,N21000324,4,1,4165,25636,5193.492149923474,False,False,False,True
N21000184,N21000325,4,3,4165,14225,3948.6617635712337,False,False,False,True
N21000184,N21000329,4,1,4165,7369,4317.169015617597,False,False,False,True
N21000184,N21000331,4,1,4165,13387,4815.253667768226,False,False,False,True
N21000184,N21000332,4,2,4165,23473,6110.616704267279,False,False,False,True
N21000184,N21000335,4,20,4165,18611,5451.192559343932,False,False,False,True
N21000185,N21000161,4,8,26396,4145,2843.906532781703,False,False,False,True
N21000185,N21000162,4,2,26396,7448,1042.4324730358921,True,True,True,True
N21000185,N21000163,4,3,26396,20140,927.5050507699214,False,False,False,True
N21000185,N21000164,4,1,26396,26366,2817.51376870047,False,False,False,True
N21000185,N21000165,4,14,26396,19703,1593.2590558202812,False,False,False,True
N21000185,N21000166,4,4,26396,23646,1924.2617146590078,False,False,False,True
N21000185,N21000167,4,2,26396,23946,2344.0137687201413,False,False,False,True
N21000185,N21000168,4,2,26396,4451,2693.572120101631,False,False,False,True
N21000185,N21000169,4,1,26396,623,2399.577220348264,False,False,False,True
N21000185,N21000170,4,3,26396,23278,2217.15179945418,False,False,False,True
N21000185,N21000171,4,6,26396,18303,3018.4508371213587,False,False,False,True
N21000185,N21000172,4,1,26396,18162,2719.550305920469,False,False,False,True
N21000185,N21000174,4,4,26396,19652,3002.613835542251,False,False,False,True
N21000185,N21000175,4,21,26396,27201,3342.773015886927,False,False,False,True
N21000185,N21000177,4,5,26396,22862,3887.7434577421504,False,False,False,True
N21000185,N21000178,4,6,26396,12747,3831.6717052767513,False,False,False,True
N21000185,N21000179,4,1,26396,1275,4619.0866277713,False,True,True,True
N21000185,N21000181,4,3,26396,10525,2959.0208612777033,False,False,False,True
N21000185,N21000182,4,1,26396,8586,2422.607796191199,True,True,True,True
N21000185,N21000184,4,3,26396,4165,1604.795142723674,False,False,False,True
N21000185,N21000186,4,5,26396,13768,2036.0617822830384,False,False,False,True
N21000185,N21000188,4,2,26396,9768,2814.1052840466677,False,False,False,True
N21000185,N21000189,4,11,26396,4448,1551.2924688337118,False,False,False,True
N21000185,N21000190,4,8,26396,9490,2261.931834830203,False,False,False,True
N21000185,N21000192,4,65,26396,17614,4164.515989572033,False,False,False,True
N21000185,N21000193,4,5,26396,24443,2064.9749208894896,False,False,False,True
N21000185,N21000194,4,2,26396,25109,2664.814122700552,False,False,False,True
N21000185,N21000195,4,12,26396,22584,3230.440662748487,False,False,False,True
N21000185,N21000196,4,5,26396,8754,2961.5316505098003,False,False,False,True
N21000185,N21000198,4,18,26396,15611,6821.532001070778,False,False,False,True
N21000185,N21000200,4,1,26396,16344,8079.624316674572,False,False,False,True
N21000185,N21000201,4,1,26396,24818,7437.471759612981,False,False,False,True
N21000185,N21000202,4,1,26396,15786,7078.046760378173,False,False,False,True
N21000185,N21000203,4,1,26396,15685,7967.593354684085,False,False,False,True
N21000185,N21000206,4,1,26396,4787,7968.796624504265,False,False,False,True
N21000185,N21000207,4,1,26396,26051,6735.265937394006,False,False,False,True
N21000185,N21000208,4,1,26396,5457,7154.384924905767,False,False,False,True
N21000185,N21000209,4,1,26396,9382,6335.352733562721,False,False,False,True
N21000185,N21000210,4,1,26396,23126,7868.911255428913,False,False,False,True
N21000185,N21000217,4,1,26396,19481,7040.836387172104,False,False,False,True
N21000185,N21000225,4,1,26396,25527,9184.143014666088,False,False,False,True
N21000185,N21000237,4,2,26396,5957,9025.16413905035,False,False,False,True
N21000185,N21000239,4,2,26396,22166,7757.604576481429,False,False,False,True
N21000185,N21000240,4,8,26396,17764,8806.730105437544,False,False,False,True
N21000185,N21000241,4,1,26396,20619,8185.659905813846,False,False,False,True
N21000185,N21000249,4,1,26396,28796,8516.586037570318,False,False,False,True
N21000185,N21000251,4,70,26396,15928,5179.6342038641105,False,False,False,True
N21000185,N21000252,4,24,26396,6604,5619.126465924644,False,False,False,True
N21000185,N21000253,4,10,26396,7436,5674.444468295416,False,False,False,True
N21000185,N21000254,4,4,26396,17102,6195.811931232739,False,False,False,True
N21000185,N21000256,4,22,26396,24260,6491.393725661473,False,False,False,True
N21000185,N21000258,4,8,26396,27783,6227.0112850850655,False,False,False,True
N21000185,N21000259,4,1,26396,15492,6600.043873347678,False,False,False,True
N21000185,N21000261,4,2,26396,1844,6933.993639096244,False,False,False,True
N21000185,N21000264,4,10,26396,24247,7068.852109373314,False,False,False,True
N21000185,N21000265,4,5,26396,27041,7433.342315813417,False,False,False,True
N21000185,N21000268,4,17,26396,1126,7414.844792264257,False,False,False,True
N21000185,N21000270,4,2,26396,1364,7751.041852861558,False,False,False,True
N21000185,N21000271,4,1,26396,15197,7975.562327476337,False,False,False,True
N21000185,N21000273,4,2,26396,2383,8937.045172545528,False,False,False,True
N21000185,N21000274,4,6,26396,391,9450.773412218643,False,False,False,True
N21000185,N21000303,4,1,26396,6397,5660.03923968367,False,False,False,True
N21000185,N21000308,4,2,26396,13508,7655.274387093808,False,False,False,True
N21000185,N21000309,4,3,26396,2721,7543.8950471149265,False,False,False,True
N21000185,N21000310,4,1,26396,15134,8854.176076560023,False,False,False,True
N21000185,N21000317,4,2,26396,25675,2917.0260358382943,False,False,False,True
N21000185,N21000318,4,1,26396,29337,4777.5576808767755,False,False,False,True
N21000185,N21000319,4,1,26396,20953,3393.942613602618,False,False,False,True
N21000185,N21000321,4,2,26396,19488,3549.864969582093,False,False,False,True
N21000185,N21000322,4,5,26396,3303,3719.6133696791353,False,False,False,True
N21000185,N21000323,4,3,26396,10135,3879.2161853252383,False,False,False,True
N21000185,N21000324,4,7,26396,25636,4321.937098492971,False,False,False,True
N21000185,N21000325,4,13,26396,14225,4259.497167875306,False,False,False,True
N21000185,N21000327,4,2,26396,12871,4269.410524232806,False,False,True,True
N21000185,N21000328,4,1,26396,25177,4477.30195179959,False,False,True,True
N21000185,N21000329,4,9,26396,7369,4744.51993594718,False,False,False,True
N21000185,N21000331,4,4,26396,13387,4943.63111684586,False,False,False,True
N21000185,N21000332,4,8,26396,23473,5330.025416841243,False,False,True,True
N21000185,N21000335,4,32,26396,18611,5490.529237809843,False,False,True,True
N21000186,N21000161,4,2,13768,4145,4855.7418896534855,False,False,False,True
N21000186,N21000165,4,1,13768,19703,3335.0055843294995,False,False,False,True
N21000186,N21000166,4,1,13768,23646,3757.466683759601,False,False,False,True
N21000186,N21000167,4,1,13768,23946,2587.522121388598,False,False,True,True
N21000186,N21000169,4,2,13768,623,3425.6555065027105,False,False,False,True
N21000186,N21000171,4,2,13768,18303,3069.918298046159,False,False,False,True
N21000186,N21000173,4,2,13768,24908,4107.272758402611,False,False,False,True
N21000186,N21000175,4,9,13768,27201,3085.5025263573375,False,False,False,True
N21000186,N21000177,4,9,13768,22862,3148.561625832495,False,False,False,True
N21000186,N21000178,4,8,13768,12747,3574.4012157471616,False,False,False,True
N21000186,N21000179,4,1,13768,1275,4645.5736273878,False,False,True,True
N21000186,N21000181,4,5,13768,10525,2207.3337036763614,False,False,False,True
N21000186,N21000182,4,2,13768,8586,3272.083574684422,False,False,True,True
N21000186,N21000183,4,1,13768,14990,1241.1193431529994,False,False,False,True
N21000186,N21000187,4,4,13768,23892,1820.1409468307063,False,False,False,True
N21000186,N21000188,4,18,13768,9768,852.4188023488289,False,False,True,True
N21000186,N21000189,4,10,13768,4448,1426.7781737053024,False,False,False,True
N21000186,N21000190,4,11,13768,9490,1223.7400719143925,True,True,True,True
N21000186,N21000191,4,4,13768,10156,1358.9660320367284,False,False,True,True
N21000186,N21000192,4,70,13768,17614,2128.454207288994,False,False,True,True
N21000186,N21000193,4,4,13768,24443,1607.6654371559691,False,False,True,True
N21000186,N21000194,4,2,13768,25109,1985.6743016250334,False,False,True,True
N21000186,N21000195,4,12,13768,22584,2084.1982147143876,False,False,False,True
N21000186,N21000196,4,6,13768,8754,2704.26116098021,False,False,False,True
N21000186,N21000197,4,12,13768,11265,8976.10359341816,False,False,False,True
N21000186,N21000198,4,16,13768,15611,5844.2191561446825,False,False,False,True
N21000186,N21000200,4,1,13768,16344,7102.311471748477,False,False,False,True
N21000186,N21000201,4,1,13768,24818,6460.158914686886,False,False,False,True
N21000186,N21000204,4,3,13768,26239,5264.726420713553,False,False,False,True
N21000186,N21000205,4,3,13768,27396,6390.595427700513,False,False,False,True
N21000186,N21000208,4,2,13768,5457,6177.07207997967,False,False,False,True
N21000186,N21000209,4,3,13768,9382,5378.031497747521,False,False,False,True
N21000186,N21000216,4,2,13768,14179,7358.615596083365,False,False,False,True
N21000186,N21000219,4,3,13768,2333,9477.824177674924,False,False,False,True
N21000186,N21000220,4,2,13768,9614,9407.325838249095,False,False,False,True
N21000186,N21000222,4,1,13768,11993,8285.06830243821,False,False,False,True
N21000186,N21000224,4,2,13768,15583,8863.072970761856,False,False,False,True
N21000186,N21000225,4,1,13768,25527,8206.830169739987,False,False,False,True
N21000186,N21000226,4,2,13768,7766,7636.647759258256,False,False,False,True
N21000186,N21000233,4,1,13768,19725,8925.646488988357,False,False,False,True
N21000186,N21000237,4,1,13768,5957,8047.8512941242525,False,False,False,True
N21000186,N21000240,4,3,13768,17764,7849.408869622344,False,False,False,True
N21000186,N21000241,4,4,13768,20619,7448.605892601272,False,False,False,True
N21000186,N21000248,4,1,13768,14259,8540.159661806056,False,False,False,True
N21000186,N21000251,4,61,13768,15928,4652.146730988452,False,False,False,True
N21000186,N21000252,4,17,13768,6604,4722.82579032383,False,False,False,True
N21000186,N21000253,4,10,13768,7436,5146.956995419758,False,False,False,True
N21000186,N21000254,4,6,13768,17102,5480.749804742681,False,False,False,True
N21000186,N21000256,4,11,13768,24260,5963.906252785814,False,False,False,True
N21000186,N21000258,4,6,13768,27783,5699.523812209407,False,False,False,True
N21000186,N21000264,4,3,13768,24247,6541.364636497656,False,False,False,True
N21000186,N21000265,4,6,13768,27041,6905.854842937759,False,False,False,True
N21000186,N21000267,4,1,13768,21949,6687.805884614273,False,False,False,True
N21000186,N21000268,4,10,13768,1126,7545.588544598339,False,False,False,True
N21000186,N21000270,4,2,13768,1364,7223.5543799859,False,False,False,True
N21000186,N21000272,4,3,13768,20779,8473.064198582151,False,False,False,True
N21000186,N21000273,4,1,13768,2383,8409.55769966987,False,False,False,True
N21000186,N21000274,4,6,13768,391,9467.089418327181,False,False,False,True
N21000186,N21000275,4,1,13768,24042,9383.02950429339,False,False,False,True
N21000186,N21000277,4,2,13768,6659,9052.483343348014,False,False,False,True
N21000186,N21000278,4,1,13768,25468,9308.071142740202,False,False,False,True
N21000186,N21000303,4,1,13768,6397,5933.503066152985,False,False,False,True
N21000186,N21000306,4,1,13768,28173,7558.1757226304435,False,False,False,True
N21000186,N21000308,4,3,13768,13508,8437.07168510152,False,False,False,True
N21000186,N21000309,4,3,13768,2721,7835.988021727279,False,False,False,True
N21000186,N21000311,4,3,13768,2072,9010.945478601076,False,False,False,True
N21000186,N21000316,4,1,13768,23306,4486.7039677156445,False,False,False,True
N21000186,N21000319,4,2,13768,20953,4076.5192998107286,False,False,False,True
N21000186,N21000322,4,3,13768,3303,3758.030461434591,False,False,False,True
N21000186,N21000323,4,1,13768,10135,4320.134588722255,False,False,False,True
N21000186,N21000324,4,1,13768,25636,5524.883014247699,False,False,False,True
N21000186,N21000325,4,9,13768,14225,4118.742194371227,False,False,False,True
N21000186,N21000326,4,4,13768,3406,5564.7569724646555,False,False,False,True
N21000186,N21000327,4,1,13768,12871,5159.072710261709,False,False,False,True
N21000186,N21000329,4,5,13768,7369,4217.032463071522,False,False,False,True
N21000186,N21000332,4,2,13768,23473,6337.100601970617,False,False,False,True
N21000186,N21000333,4,1,13768,3340,5670.831529705826,False,False,False,True
N21000186,N21000334,4,3,13768,27702,5141.358083304553,False,False,False,True
N21000186,N21000335,4,28,13768,18611,5621.272990143925,False,False,False,True
N21000187,N21000161,4,1,23892,4145,3481.4554591741803,False,False,False,True
N21000187,N21000164,4,1,23892,26366,3240.26118777207,False,False,False,True
N21000187,N21000165,4,1,23892,19703,2016.0064748918815,False,False,False,True
N21000187,N21000167,4,3,23892,23946,1682.2384169164068,False,False,False,True
N21000187,N21000168,4,3,23892,4451,2600.062411360866,False,False,False,True
N21000187,N21000169,4,2,23892,623,2520.37180203052,False,False,False,True
N21000187,N21000170,4,3,23892,23278,2639.8992185257807,False,False,False,True
N21000187,N21000171,4,4,23892,18303,2664.4343550563,False,False,False,True
N21000187,N21000172,4,1,23892,18162,2598.2934983791265,False,False,False,True
N21000187,N21000173,4,2,23892,24908,3201.9890539304192,False,False,False,True
N21000187,N21000174,4,2,23892,19652,2885.030296376595,False,False,False,True
N21000187,N21000175,4,28,23892,27201,2680.9976640831937,False,False,False,True
N21000187,N21000177,4,4,23892,22862,3225.968105938417,False,False,False,True
N21000187,N21000178,4,9,23892,12747,3169.8963534730174,False,False,False,True
N21000187,N21000179,4,2,23892,1275,4622.246580905764,False,False,False,True
N21000187,N21000181,4,10,23892,10525,2925.6712107724434,False,False,False,True
N21000187,N21000182,4,5,23892,8586,3084.383147994933,True,True,True,True
N21000187,N21000184,4,5,23892,4165,1388.874307271342,False,False,False,True
N21000187,N21000186,4,3,23892,13768,1820.1409468307063,False,False,False,True
N21000187,N21000188,4,5,23892,9768,2332.278094518797,False,False,False,True
N21000187,N21000189,4,16,23892,4448,889.5171170299775,False,False,False,True
N21000187,N21000190,4,1,23892,9490,1600.1564830264692,False,False,False,True
N21000187,N21000192,4,48,23892,17614,3861.324922303721,False,False,False,True
N21000187,N21000193,4,15,23892,24443,1403.1995690857552,False,False,False,True
N21000187,N21000194,4,5,23892,25109,2003.0387708968192,False,False,False,True
N21000187,N21000195,4,4,23892,22584,2568.665310944754,False,False,False,True
N21000187,N21000196,4,11,23892,8754,2299.756298706066,False,False,False,True
N21000187,N21000197,4,5,23892,11265,9291.641086540527,False,False,False,True
N21000187,N21000198,4,14,23892,15611,6159.756649267047,False,False,False,True
N21000187,N21000203,4,2,23892,15685,7305.818002880354,False,False,False,True
N21000187,N21000204,4,1,23892,26239,5580.263913835917,False,False,False,True
N21000187,N21000205,4,2,23892,27396,6706.132920822878,False,False,False,True
N21000187,N21000206,4,1,23892,4787,7307.021272700534,False,False,False,True
N21000187,N21000207,4,1,23892,26051,6073.490585590273,False,False,False,True
N21000187,N21000208,4,1,23892,5457,6492.609573102035,False,False,False,True
N21000187,N21000224,4,3,23892,15583,9178.610463884217,False,False,False,True
N21000187,N21000226,4,1,23892,7766,7952.185252380621,False,False,False,True
N21000187,N21000232,4,1,23892,26582,9135.105764219948,False,False,False,True
N21000187,N21000237,4,5,23892,5957,8363.388787246617,False,False,False,True
N21000187,N21000238,4,1,23892,26190,6872.057009423754,False,False,False,True
N21000187,N21000240,4,3,23892,17764,8144.954753633812,False,False,False,True
N21000187,N21000245,4,1,23892,8653,7384.404179915368,False,False,False,True
N21000187,N21000249,4,1,23892,28796,7854.810685766583,False,False,False,True
N21000187,N21000251,4,83,23892,15928,4517.858852060377,False,False,False,True
N21000187,N21000252,4,19,23892,6604,4957.351114120909,False,False,False,True
N21000187,N21000253,4,12,23892,7436,5012.669116491683,False,False,False,True
N21000187,N21000254,4,4,23892,17102,5534.036579429005,False,False,False,True
N21000187,N21000256,4,18,23892,24260,5829.618373857739,False,False,False,True
N21000187,N21000258,4,6,23892,27783,5565.235933281332,False,False,False,True
N21000187,N21000261,4,2,23892,1844,6272.2182872925105,False,False,False,True
N21000187,N21000262,4,1,23892,8231,6157.180637065559,False,False,False,True
N21000187,N21000263,4,2,23892,6770,6877.172948716616,False,False,False,True
N21000187,N21000264,4,6,23892,24247,6407.076757569581,False,False,False,True
N21000187,N21000265,4,3,23892,27041,6771.566964009684,False,False,False,True
N21000187,N21000267,4,2,23892,21949,6741.092659300597,False,False,False,True
N21000187,N21000268,4,8,23892,1126,7141.083682324195,False,False,False,True
N21000187,N21000270,4,2,23892,1364,7089.266501057825,False,False,False,True
N21000187,N21000274,4,12,23892,391,9177.01230227858,False,False,False,True
N21000187,N21000275,4,3,23892,24042,9248.741625365314,False,False,False,True
N21000187,N21000277,4,2,23892,6659,8918.195464419938,False,False,False,True
N21000187,N21000278,4,1,23892,25468,9173.783263812127,False,False,False,True
N21000187,N21000302,4,1,23892,6864,6221.571927356589,False,False,False,True
N21000187,N21000303,4,4,23892,6397,5528.998203878841,False,False,False,True
N21000187,N21000305,4,2,23892,6602,6578.355720755013,False,False,False,True
N21000187,N21000306,4,1,23892,28173,7039.018094048814,False,False,False,True
N21000187,N21000308,4,2,23892,13508,7960.5386250889,False,False,False,True
N21000187,N21000309,4,7,23892,2721,7431.483159453134,False,False,False,True
N21000187,N21000310,4,2,23892,15134,8846.933323557936,False,False,False,True
N21000187,N21000311,4,3,23892,2072,8606.440616326934,False,False,False,True
N21000187,N21000315,4,2,23892,2055,8582.35844927594,False,False,False,True
N21000187,N21000317,4,2,23892,25675,3280.1548338095076,False,False,False,True
N21000187,N21000322,4,1,23892,3303,3353.5255991604467,False,False,False,True
N21000187,N21000323,4,1,23892,10135,3829.930119021142,False,False,False,True
N21000187,N21000324,4,1,23892,25636,4619.599309775506,False,False,False,True
N21000187,N21000325,4,5,23892,14225,3714.237332097083,False,False,False,True
N21000187,N21000327,4,2,23892,12871,4253.789005789518,False,False,False,True
N21000187,N21000329,4,9,23892,7369,4082.7445841434455,False,False,False,True
N21000187,N21000331,4,2,23892,13387,4580.829236294075,False,False,False,True
N21000187,N21000332,4,3,23892,23473,5536.723864119313,False,False,False,True
N21000187,N21000334,4,3,23892,27702,4803.564649071502,False,False,False,True
N21000187,N21000335,4,31,23892,18611,5216.768127869781,False,False,False,True
N21000188,N21000161,4,1,9768,4145,5633.785391417115,False,False,False,True
N21000188,N21000162,4,1,9768,7448,3653.6809439001136,False,False,False,True
N21000188,N21000164,4,1,9768,26366,5387.274976909413,False,False,False,True
N21000188,N21000165,4,1,9768,19703,3349.427685247945,False,False,False,True
N21000188,N21000167,4,1,9768,23946,2601.9442223070437,False,False,True,True
N21000188,N21000169,4,1,9768,623,3440.0776074211567,False,False,False,True
N21000188,N21000174,4,1,9768,19652,3696.160587049243,False,False,False,True
N21000188,N21000175,4,11,9768,27201,2803.4557651526657,False,False,False,True
N21000188,N21000177,4,8,9768,22862,2407.9169245421062,False,False,False,True
N21000188,N21000178,4,1,9768,12747,2888.777547438357,False,False,False,True
N21000188,N21000179,4,1,9768,1275,5423.617129151428,False,False,True,True
N21000188,N21000180,4,1,9768,19753,3147.6606468128393,False,False,False,True
N21000188,N21000181,4,5,9768,10525,2401.72433578517,False,False,False,True
N21000188,N21000182,4,2,9768,8586,4050.1270764480514,False,False,True,True
N21000188,N21000184,4,2,9768,4165,1448.5803019388895,False,False,True,True
N21000188,N21000186,4,6,9768,13768,852.4188023488288,False,False,True,True
N21000188,N21000187,4,2,9768,23892,2332.278094518797,False,False,False,True
N21000188,N21000189,4,5,9768,4448,1591.052206704897,False,False,False,True
N21000188,N21000190,4,8,9768,9490,1238.1621728328387,False,False,True,True
N21000188,N21000192,4,55,9768,17614,1853.9371486727769,False,False,False,True
N21000188,N21000193,4,2,9768,24443,1622.0875380744153,False,False,True,True
N21000188,N21000194,4,1,9768,25109,1670.0281051438424,False,False,False,True
N21000188,N21000195,4,14,9768,22584,1343.553513423999,False,False,False,True
N21000188,N21000196,4,3,9768,8754,2066.277149792825,False,False,False,True
N21000188,N21000197,4,4,9768,11265,8235.458892127772,False,False,False,True
N21000188,N21000198,4,18,9768,15611,5103.5744548542925,False,False,False,True
N21000188,N21000199,4,1,9768,8027,6826.558935726996,False,False,False,True
N21000188,N21000202,4,2,9768,15786,5360.089214161689,False,False,False,True
N21000188,N21000203,4,1,9768,15685,6249.6358084676,False,False,False,True
N21000188,N21000205,4,1,9768,27396,5649.950726410125,False,False,False,True
N21000188,N21000208,4,3,9768,5457,5436.427378689282,False,False,False,True
N21000188,N21000209,4,1,9768,9382,4637.386796457133,False,False,False,True
N21000188,N21000216,4,1,9768,14179,6617.970894792977,False,False,False,True
N21000188,N21000219,4,1,9768,2333,8737.179476384537,False,False,False,True
N21000188,N21000220,4,1,9768,9614,8666.681136958709,False,False,False,True
N21000188,N21000223,4,1,9768,22810,6976.767794419695,False,False,False,True
N21000188,N21000231,4,1,9768,16315,9337.999382125894,False,False,False,True
N21000188,N21000237,4,2,9768,5957,7307.206592833864,False,False,False,True
N21000188,N21000240,4,1,9768,17764,7108.764168331956,False,False,False,True
N21000188,N21000241,4,1,9768,20619,6707.961191310884,False,False,False,True
N21000188,N21000244,4,1,9768,16707,7791.346915725651,False,False,False,True
N21000188,N21000249,4,1,9768,28796,7060.879209789871,False,False,False,True
N21000188,N21000251,4,62,9768,15928,3911.5020296980647,False,False,False,True
N21000188,N21000252,4,13,9768,6604,3982.181089033439,False,False,False,True
N21000188,N21000253,4,6,9768,7436,4406.312294129371,False,False,False,True
N21000188,N21000254,4,3,9768,17102,4740.1051034522925,False,False,False,True
N21000188,N21000256,4,8,9768,24260,5223.261551495428,False,False,False,True
N21000188,N21000258,4,6,9768,27783,4958.879110919021,False,False,False,True
N21000188,N21000260,4,1,9768,17259,6001.297810829532,False,False,False,True
N21000188,N21000261,4,1,9768,1844,5665.861464930199,False,False,False,True
N21000188,N21000263,4,2,9768,6770,5885.196985294971,False,False,False,True
N21000188,N21000264,4,4,9768,24247,5800.719935207269,False,False,False,True
N21000188,N21000265,4,2,9768,27041,6165.210141647372,False,False,False,True
N21000188,N21000266,4,3,9768,18253,6143.4628020204655,False,False,False,True
N21000188,N21000268,4,9,9768,1126,7061.512849561193,False,False,False,True
N21000188,N21000270,4,1,9768,1364,6482.909678695513,False,False,False,True
N21000188,N21000271,4,2,9768,15197,6707.430153310292,False,False,False,True
N21000188,N21000273,4,1,9768,2383,7668.912998379482,False,False,False,True
N21000188,N21000274,4,3,9768,391,8726.444717036793,False,False,False,True
N21000188,N21000277,4,2,9768,6659,8311.838642057626,False,False,False,True
N21000188,N21000279,4,1,9768,4115,9444.614009203959,False,False,False,True
N21000188,N21000303,4,3,9768,6397,5472.889335867191,False,False,False,True
N21000188,N21000305,4,1,9768,6602,6522.246852743363,False,False,False,True
N21000188,N21000308,4,2,9768,13508,7976.457954815725,False,False,False,True
N21000188,N21000309,4,6,9768,2721,7375.374291441484,False,False,False,True
N21000188,N21000310,4,1,9768,15134,8790.824455546286,False,False,False,True
N21000188,N21000315,4,1,9768,2055,8526.24958126429,False,False,False,True
N21000188,N21000318,4,3,9768,29337,6651.6025823304335,False,False,False,True
N21000188,N21000319,4,1,9768,20953,4090.9414007291753,False,False,False,True
N21000188,N21000322,4,1,9768,3303,3601.350282331022,False,False,False,True
N21000188,N21000323,4,4,9768,10135,4334.556689640701,False,False,False,True
N21000188,N21000324,4,2,9768,25636,5539.305115166145,False,False,False,True
N21000188,N21000325,4,6,9768,14225,3659.5291052060957,False,False,False,True
N21000188,N21000326,4,3,9768,3406,5579.179073383101,False,False,False,True
N21000188,N21000327,4,2,9768,12871,5158.93985306869,False,False,False,True
N21000188,N21000331,4,1,9768,13387,4524.720368282425,False,False,False,True
N21000188,N21000332,4,2,9768,23473,6194.267727744586,False,False,False,True
N21000188,N21000335,4,16,9768,18611,5160.659259858131,False,False,False,True
N21000189,N21000161,4,2,4448,4145,4370.972576204158,False,False,False,True
N21000189,N21000164,4,1,4448,26366,4129.778304802048,False,False,False,True
N21000189,N21000165,4,2,4448,19703,2190.809224824198,False,False,False,True
N21000189,N21000166,4,3,4448,23646,3236.5262507605867,False,False,False,True
N21000189,N21000167,4,5,4448,23946,1443.3257618832956,False,False,True,True
N21000189,N21000168,4,2,4448,4451,2361.1497563277553,False,False,False,True
N21000189,N21000170,4,1,4448,23278,2698.8761933631995,False,False,False,True
N21000189,N21000171,4,2,4448,18303,2217.028419462072,False,False,False,True
N21000189,N21000172,4,1,4448,18162,2359.3808433460154,False,False,False,True
N21000189,N21000175,4,12,4448,27201,2232.6126477732505,False,False,False,True
N21000189,N21000177,4,6,4448,22862,2777.5830896284738,False,False,False,True
N21000189,N21000178,4,6,4448,12747,2721.511337163074,False,False,False,True
N21000189,N21000179,4,1,4448,1275,4984.6405999309745,False,True,True,True
N21000189,N21000181,4,3,4448,10525,2546.400676219536,False,False,False,True
N21000189,N21000182,4,2,4448,8586,3611.150547227597,False,True,True,True
N21000189,N21000184,4,9,4448,4165,1009.6037727184352,False,False,False,True
N21000189,N21000186,4,2,4448,13768,1426.7781737053022,False,False,False,True
N21000189,N21000187,4,2,4448,23892,889.5171170299775,False,False,False,True
N21000189,N21000188,4,4,4448,9768,1591.052206704897,False,False,False,True
N21000189,N21000190,4,4,4448,9490,858.9305952125688,False,False,True,True
N21000189,N21000192,4,30,4448,17614,3120.099034489821,False,False,False,True
N21000189,N21000194,4,1,4448,25109,1400.1343814316187,False,False,True,True
N21000189,N21000195,4,7,4448,22584,1965.7609214795536,False,False,True,True
N21000189,N21000196,4,1,4448,8754,1851.371282396123,False,False,False,True
N21000189,N21000197,4,6,4448,11265,8843.256070230584,False,False,False,True
N21000189,N21000198,4,15,4448,15611,5711.371632957103,False,False,False,True
N21000189,N21000202,4,1,4448,15786,5967.886392264498,False,False,False,True
N21000189,N21000203,4,2,4448,15685,6857.43298657041,False,False,False,True
N21000189,N21000205,4,3,4448,27396,6257.747904512935,False,False,False,True
N21000189,N21000209,4,2,4448,9382,5225.192365449045,False,False,False,True
N21000189,N21000219,4,1,4448,2333,9344.976654487346,False,False,False,True
N21000189,N21000237,4,4,4448,5957,7915.003770936674,False,False,False,True
N21000189,N21000240,4,2,4448,17764,7696.569737323869,False,False,False,True
N21000189,N21000245,4,1,4448,8653,6936.019163605426,False,False,False,True
N21000189,N21000248,4,1,4448,14259,8145.061420182436,False,False,False,True
N21000189,N21000249,4,2,4448,28796,7406.425669456641,False,False,False,True
N21000189,N21000251,4,65,4448,15928,4069.4738357504343,False,False,False,True
N21000189,N21000252,4,18,4448,6604,4508.966097810965,False,False,False,True
N21000189,N21000253,4,4,4448,7436,4564.28410018174,False,False,False,True
N21000189,N21000254,4,4,4448,17102,5085.651563119062,False,False,False,True
N21000189,N21000256,4,8,4448,24260,5381.233357547796,False,False,False,True
N21000189,N21000258,4,6,4448,27783,5116.850916971389,False,False,False,True
N21000189,N21000259,4,2,4448,15492,5489.883505234001,False,False,False,True
N21000189,N21000261,4,1,4448,1844,5823.833270982567,False,False,False,True
N21000189,N21000262,4,1,4448,8231,5708.795620755616,False,False,False,True
N21000189,N21000263,4,1,4448,6770,6428.7879324066735,False,False,False,True
N21000189,N21000264,4,9,4448,24247,5958.691741259638,False,False,False,True
N21000189,N21000265,4,2,4448,27041,6323.181947699741,False,False,False,True
N21000189,N21000268,4,6,4448,1126,6692.698666014254,False,False,False,True
N21000189,N21000270,4,2,4448,1364,6640.881484747882,False,False,False,True
N21000189,N21000273,4,1,4448,2383,7826.88480443185,False,False,False,True
N21000189,N21000274,4,2,4448,391,8728.627285968643,False,False,False,True
N21000189,N21000275,4,2,4448,24042,8800.356609055374,False,False,False,True
N21000189,N21000279,4,2,4448,4115,9602.585815256325,False,False,False,True
N21000189,N21000301,4,3,4448,22078,5835.492627887521,False,False,False,True
N21000189,N21000303,4,1,4448,6397,5080.6131875689,False,False,False,True
N21000189,N21000308,4,2,4448,13508,7584.181806517434,False,False,False,True
N21000189,N21000309,4,4,4448,2721,6983.098143143193,False,False,False,True
N21000189,N21000310,4,1,4448,15134,8398.548307247991,False,False,False,True
N21000189,N21000314,4,1,4448,23517,9444.32338926643,False,False,False,True
N21000189,N21000316,4,1,4448,23306,3965.7635347166292,False,False,False,True
N21000189,N21000317,4,1,4448,25675,3041.2421787763965,False,False,False,True
N21000189,N21000319,4,3,4448,20953,3105.743892265411,False,False,False,True
N21000189,N21000325,4,2,4448,14225,3265.8523157871396,False,False,False,True
N21000189,N21000326,4,3,4448,3406,4420.5606129593525,False,False,False,True
N21000189,N21000327,4,1,4448,12871,4014.8763507564067,False,False,False,True
N21000189,N21000329,4,6,4448,7369,3634.3595678335023,False,False,False,True
N21000189,N21000331,4,4,4448,13387,4132.444219984133,False,False,False,True
N21000189,N21000333,4,1,4448,3340,4631.542136821412,False,False,False,True
N21000189,N21000335,4,15,4448,18611,4768.38311155984,False,False,False,True
N21000190,N21000167,4,3,9490,23946,1742.0978986668622,False,False,True,True
N21000190,N21000168,4,1,9490,4451,2659.9218931113214,False,False,False,True
N21000190,N21000169,4,1,9490,623,2580.2312837809754,False,False,False,True
N21000190,N21000170,4,2,9490,23278,2997.648330146765,False,False,False,True
N21000190,N21000172,4,1,9490,18162,2455.148013125066,False,False,False,True
N21000190,N21000175,4,9,9490,27201,2145.648851349076,False,False,False,True
N21000190,N21000176,4,1,9490,15329,2301.7242388602367,False,False,False,True
N21000190,N21000177,4,4,9490,22862,2513.7757931779397,False,False,False,True
N21000190,N21000178,4,2,9490,12747,2634.547540738899,False,False,False,True
N21000190,N21000181,4,2,9490,10525,2800.9361006310555,False,False,False,True
N21000190,N21000184,4,1,9490,4165,1264.1391971299543,True,True,True,True
N21000190,N21000186,4,4,9490,13768,1223.740071914392,True,True,True,True
N21000190,N21000188,4,6,9490,9768,1238.162172832838,False,False,True,True
N21000190,N21000189,4,4,9490,4448,858.9305952125687,False,False,True,True
N21000190,N21000191,4,1,9490,10156,1002.5359516197939,False,False,True,True
N21000190,N21000192,4,18,9490,17614,2767.2090006177623,False,False,True,True
N21000190,N21000195,4,5,9490,22584,1377.5171835681565,False,False,True,True
N21000190,N21000196,4,2,9490,8754,1764.4074859719478,False,False,False,True
N21000190,N21000197,4,4,9490,11265,8401.284290116915,False,False,False,True
N21000190,N21000198,4,4,9490,15611,5269.399852843435,False,False,False,True
N21000190,N21000208,4,1,9490,5457,5602.252776678425,False,False,False,True
N21000190,N21000210,4,1,9490,23126,6316.779107201572,False,False,False,True
N21000190,N21000215,4,1,9490,25962,5795.761636289603,False,False,False,True
N21000190,N21000216,4,1,9490,14179,6783.796292782118,False,False,False,True
N21000190,N21000231,4,2,9490,16315,9503.82478011504,False,False,False,True
N21000190,N21000240,4,1,9490,17764,7274.589566321098,False,False,False,True
N21000190,N21000245,4,2,9490,8653,6756.298101927799,False,False,False,True
N21000190,N21000251,4,32,9490,15928,3982.510039326259,False,False,False,True
N21000190,N21000252,4,11,9490,6604,4148.0064870225815,False,False,False,True
N21000190,N21000253,4,10,9490,7436,4477.320303757566,False,False,False,True
N21000190,N21000254,4,2,9490,17102,4905.930501441435,False,False,False,True
N21000190,N21000256,4,7,9490,24260,5294.269561123622,False,False,False,True
N21000190,N21000258,4,4,9490,27783,5029.887120547215,False,False,False,True
N21000190,N21000259,4,2,9490,15492,5402.919708809827,False,False,False,True
N21000190,N21000261,4,1,9490,1844,5736.869474558393,False,False,False,True
N21000190,N21000264,4,1,9490,24247,5871.727944835464,False,False,False,True
N21000190,N21000265,4,1,9490,27041,6236.218151275567,False,False,False,True
N21000190,N21000268,4,4,9490,1126,6605.734869590078,False,False,False,True
N21000190,N21000272,4,1,9490,20779,7803.4275069199575,False,False,False,True
N21000190,N21000274,4,1,9490,391,8641.663489544468,False,False,False,True
N21000190,N21000278,4,1,9490,25468,8638.434451078008,False,False,False,True
N21000190,N21000286,4,2,9490,16479,8923.920767099242,False,False,False,True
N21000190,N21000289,4,1,9490,25081,9440.063814235102,False,False,False,True
N21000190,N21000303,4,2,9490,6397,4993.649391144725,False,False,False,True
N21000190,N21000308,4,2,9490,13508,7497.218010093259,False,False,False,True
N21000190,N21000309,4,2,9490,2721,6896.134346719019,False,False,False,True
N21000190,N21000310,4,1,9490,15134,8311.584510823817,False,False,False,True
N21000190,N21000315,4,1,9490,2055,8047.009636541827,False,False,False,True
N21000190,N21000316,4,1,9490,23306,4292.136671531214,False,False,False,True
N21000190,N21000317,4,1,9490,25675,3340.014315559963,False,False,False,True
N21000190,N21000323,4,4,9490,10135,3380.280913713994,False,False,False,True
N21000190,N21000325,4,1,9490,14225,3178.888519362964,False,False,False,True
N21000190,N21000329,4,1,9490,7369,3547.395771409327,False,False,False,True
N21000190,N21000332,4,1,9490,23473,5397.246926962354,False,False,False,True
N21000190,N21000334,4,1,9490,27702,4268.215836337385,False,False,False,True
N21000190,N21000335,4,11,9490,18611,4681.419315135665,False,False,False,True
N21000191,N21000161,4,1,10156,4145,5820.459917675026,False,False,False,True
N21000191,N21000163,4,2,10156,20140,3615.2489989275555,False,False,False,True
N21000191,N21000165,4,2,10156,19703,3210.6173914233377,False,False,False,True
N21000191,N21000166,4,2,10156,23646,4355.2126290433425,False,False,False,True
N21000191,N21000170,4,1,10156,23278,3718.684359962339,False,False,False,True
N21000191,N21000174,4,1,10156,19652,3194.674700471125,False,False,False,True
N21000191,N21000175,4,1,10156,27201,2344.5608317098568,False,False,False,True
N21000191,N21000177,4,8,10156,22862,1949.021991099297,False,False,False,True
N21000191,N21000178,4,3,10156,12747,2429.882613995548,False,False,False,True
N21000191,N21000181,4,4,10156,10525,2855.8704167317537,False,False,False,True
N21000191,N21000184,4,1,10156,4165,1955.1275316267893,False,False,True,True
N21000191,N21000185,4,1,10156,26396,3000.77981030458,False,False,False,True
N21000191,N21000186,4,1,10156,13768,1358.9660320367286,False,False,True,True
N21000191,N21000189,4,2,10156,4448,1597.7785706869458,False,False,False,True
N21000191,N21000190,4,7,10156,9490,1002.5359516197943,False,False,True,True
N21000191,N21000192,4,56,10156,17614,2308.0832296193603,False,False,False,True
N21000191,N21000193,4,1,10156,24443,1120.6016514962976,False,False,True,True
N21000191,N21000194,4,2,10156,25109,1064.3936770846112,False,False,False,True
N21000191,N21000195,4,14,10156,22584,884.6585799811899,False,False,False,True
N21000191,N21000196,4,2,10156,8754,1607.3822163500165,False,False,False,True
N21000191,N21000197,4,6,10156,11265,7776.563958684962,False,False,False,True
N21000191,N21000198,4,16,10156,15611,4644.6795214114845,False,False,False,True
N21000191,N21000200,4,1,10156,16344,5902.77183701528,False,False,False,True
N21000191,N21000203,4,1,10156,15685,5790.740875024791,False,False,False,True
N21000191,N21000204,4,1,10156,26239,4065.18678598036,False,False,False,True
N21000191,N21000205,4,1,10156,27396,5191.055792967316,False,False,False,True
N21000191,N21000208,4,2,10156,5457,4977.532445246473,False,False,False,True
N21000191,N21000209,4,2,10156,9382,4178.491863014322,False,False,False,True
N21000191,N21000216,4,1,10156,14179,6159.075961350167,False,False,False,True
N21000191,N21000224,4,1,10156,15583,7663.53333602866,False,False,False,True
N21000191,N21000236,4,2,10156,20050,5822.730490576384,False,False,False,True
N21000191,N21000237,4,1,10156,5957,6848.311659391055,False,False,False,True
N21000191,N21000239,4,1,10156,22166,5600.743705933029,False,False,False,True
N21000191,N21000240,4,2,10156,17764,6649.869234889147,False,False,False,True
N21000191,N21000245,4,1,10156,8653,6131.5777704958455,False,False,False,True
N21000191,N21000248,4,1,10156,14259,7340.620027072856,False,False,False,True
N21000191,N21000251,4,41,10156,15928,3452.607096255256,False,False,False,True
N21000191,N21000252,4,10,10156,6604,3523.28615559063,False,False,False,True
N21000191,N21000253,4,4,10156,7436,3947.417360686562,False,False,False,True
N21000191,N21000254,4,2,10156,17102,4281.210170009482,False,False,False,True
N21000191,N21000256,4,7,10156,24260,4764.366618052617,False,False,False,True
N21000191,N21000257,4,1,10156,60,5589.194477923166,False,False,False,True
N21000191,N21000258,4,4,10156,27783,4499.984177476209,False,False,False,True
N21000191,N21000259,4,1,10156,15492,4839.870411788696,False,False,False,True
N21000191,N21000260,4,1,10156,17259,5542.402877386721,False,False,False,True
N21000191,N21000261,4,1,10156,1844,5206.966531487388,False,False,False,True
N21000191,N21000263,4,2,10156,6770,5426.30205185216,False,False,False,True
N21000191,N21000265,4,3,10156,27041,5706.315208204561,False,False,False,True
N21000191,N21000268,4,8,10156,1126,6602.6179161183845,False,False,False,True
N21000191,N21000270,4,1,10156,1364,6024.014745252702,False,False,False,True
N21000191,N21000271,4,2,10156,15197,6248.53521986748,False,False,False,True
N21000191,N21000273,4,2,10156,2383,7210.018064936671,False,False,False,True
N21000191,N21000274,4,3,10156,391,8267.549783593984,False,False,False,True
N21000191,N21000281,4,1,10156,9316,9473.11247571407,False,False,False,True
N21000191,N21000303,4,1,10156,6397,5013.994402424382,False,False,False,True
N21000191,N21000309,4,3,10156,2721,6916.479357998675,False,False,False,True
N21000191,N21000317,4,1,10156,25675,4042.457415760874,False,False,False,True
N21000191,N21000323,4,4,10156,10135,3825.6675479295254,False,False,False,True
N21000191,N21000324,4,1,10156,25636,5048.463137703325,False,False,False,True
N21000191,N21000325,4,2,10156,14225,3200.6341717632868,False,False,False,True
N21000191,N21000328,4,2,10156,25177,4105.969021893083,False,False,False,True
N21000191,N21000331,4,3,10156,13387,4065.825434839616,False,False,False,True
N21000191,N21000332,4,3,10156,23473,5735.372794301778,False,False,False,True
N21000191,N21000335,4,14,10156,18611,4701.764326415322,False,False,False,True
N21000192,N21000174,4,1,17614,19652,5225.207414834164,False,False,False,True
N21000192,N21000175,4,9,17614,27201,4414.862922864143,False,False,False,True
N21000192,N21000178,4,8,17614,12747,4202.208020482647,False,False,False,True
N21000192,N21000181,4,1,17614,10525,3241.4978208832567,False,False,False,True
N21000192,N21000184,4,1,17614,4165,2798.9910074642535,False,False,True,True
N21000192,N21000186,4,1,17614,13768,2128.4542072889935,False,False,True,True
N21000192,N21000188,4,1,17614,9768,1853.937148672777,False,False,False,True
N21000192,N21000196,4,1,17614,8754,3756.039048665845,False,False,False,True
N21000192,N21000197,4,8,17614,11265,8964.368431563358,False,False,False,True
N21000192,N21000198,4,24,17614,15611,5832.48399428988,False,False,False,True
N21000192,N21000207,4,1,17614,26051,5766.209539724003,False,False,False,True
N21000192,N21000209,4,2,17614,9382,5366.296335892718,False,False,False,True
N21000192,N21000216,4,2,17614,14179,7346.880434228562,False,False,False,True
N21000192,N21000225,4,1,17614,25527,8195.095007885186,False,False,False,True
N21000192,N21000237,4,1,17614,5957,8036.116132269451,False,False,False,True
N21000192,N21000251,4,67,17614,15928,4955.893923115746,False,False,False,True
N21000192,N21000252,4,22,17614,6604,4711.090628469027,False,False,False,True
N21000192,N21000253,4,4,17614,7436,5415.375914644765,False,False,False,True
N21000192,N21000254,4,6,17614,17102,5483.940285416633,False,False,False,True
N21000192,N21000256,4,9,17614,24260,6343.126362235067,False,False,False,True
N21000192,N21000258,4,3,17614,27783,6072.596307024827,False,False,False,True
N21000192,N21000259,4,2,17614,15492,6042.6005271958475,False,False,False,True
N21000192,N21000263,4,2,17614,6770,6614.106524730557,False,False,False,True
N21000192,N21000264,4,4,17614,24247,6914.437131313076,False,False,False,True
N21000192,N21000265,4,1,17614,27041,7278.927337753179,False,False,False,True
N21000192,N21000266,4,1,17614,18253,7257.179998126272,False,False,False,True
N21000192,N21000268,4,2,17614,1126,8269.266027054791,False,False,False,True
N21000192,N21000270,4,3,17614,1364,7596.62687480132,False,False,False,True
N21000192,N21000273,4,1,17614,2383,8782.63019448529,False,False,False,True
N21000192,N21000277,4,1,17614,6659,9425.555838163433,False,False,False,True
N21000192,N21000278,4,2,17614,25468,9606.48693076252,False,False,False,True
N21000192,N21000301,4,1,17614,22078,8281.118147963783,False,False,False,True
N21000192,N21000308,4,3,17614,13508,9213.711145010688,False,False,False,True
N21000192,N21000309,4,2,17614,2721,8612.627481636444,False,False,False,True
N21000192,N21000322,4,1,17614,3303,4986.179080690327,False,False,False,True
N21000192,N21000323,4,2,17614,10135,5773.710416369026,False,False,False,True
N21000192,N21000325,4,2,17614,14225,4985.957112394441,False,False,False,True
N21000192,N21000331,4,1,17614,13387,5761.973558477386,False,False,False,True
N21000192,N21000335,4,27,17614,18611,6397.9124500530925,False,False,False,True
N21000193,N21000161,4,2,24443,4145,4884.655028259936,False,False,False,True
N21000193,N21000163,4,1,24443,20140,2605.6724800420598,False,False,False,True
N21000193,N21000164,4,1,24443,26366,4238.888164199308,False,False,False,True
N21000193,N21000165,4,1,24443,19703,2201.0408725378416,False,False,False,True
N21000193,N21000167,4,2,24443,23946,1313.261695609402,False,False,True,True
N21000193,N21000169,4,2,24443,623,2291.6907947110535,False,False,False,True
N21000193,N21000170,4,4,24443,23278,2709.107841076843,False,False,False,True
N21000193,N21000171,4,2,24443,18303,1462.252860890191,False,False,False,True
N21000193,N21000173,4,1,24443,24908,2769.1497742694364,False,False,False,True
N21000193,N21000174,4,1,24443,19652,2074.0730489748285,False,False,False,True
N21000193,N21000175,4,26,24443,27201,1477.8370892013693,False,False,False,True
N21000193,N21000176,4,1,24443,15329,1633.912476712529,False,False,False,True
N21000193,N21000177,4,5,24443,22862,2022.8075310565919,False,False,False,True
N21000193,N21000178,4,12,24443,12747,1966.7357785911927,False,False,False,True
N21000193,N21000179,4,1,24443,1275,5412.621833568515,False,False,True,True
N21000193,N21000181,4,4,24443,10525,2974.3819098570775,False,False,False,True
N21000193,N21000182,4,5,24443,8586,4039.1317808651384,False,False,True,True
N21000193,N21000184,4,4,24443,4165,1437.5850063559762,False,False,True,True
N21000193,N21000186,4,3,24443,13768,1607.6654371559696,False,False,True,True
N21000193,N21000187,4,6,24443,23892,1403.1995690857552,False,False,False,True
N21000193,N21000188,4,4,24443,9768,1622.0875380744155,False,False,True,True
N21000193,N21000192,4,42,24443,17614,3151.1343658593396,False,False,True,True
N21000193,N21000195,4,9,24443,22584,1210.9853629076717,False,False,True,True
N21000193,N21000196,4,8,24443,8754,1096.595723824241,False,False,False,True
N21000193,N21000197,4,10,24443,11265,8088.4805116587,False,False,False,True
N21000193,N21000198,4,16,24443,15611,4956.596074385221,False,False,False,True
N21000193,N21000202,4,2,24443,15786,5213.110833692617,False,False,False,True
N21000193,N21000205,4,1,24443,27396,5502.972345941054,False,False,False,True
N21000193,N21000208,4,2,24443,5457,5289.448998220211,False,False,False,True
N21000193,N21000209,4,1,24443,9382,4470.416806877163,False,False,False,True
N21000193,N21000216,4,1,24443,14179,6451.000905213007,False,False,False,True
N21000193,N21000220,4,1,24443,9614,8519.702756489638,False,False,False,True
N21000193,N21000226,4,1,24443,7766,6749.024677498797,False,False,False,True
N21000193,N21000230,4,2,24443,5611,8322.126307145129,False,False,False,True
N21000193,N21000232,4,1,24443,26582,7931.945189338124,False,False,False,True
N21000193,N21000237,4,2,24443,5957,7160.228212364794,False,False,False,True
N21000193,N21000240,4,1,24443,17764,6941.794178751987,False,False,False,True
N21000193,N21000241,4,1,24443,20619,6320.723979128288,False,False,False,True
N21000193,N21000245,4,1,24443,8653,6181.243605033545,False,False,False,True
N21000193,N21000248,4,1,24443,14259,7390.285861610555,False,False,False,True
N21000193,N21000249,4,1,24443,28796,6651.65011088476,False,False,False,True
N21000193,N21000250,4,1,24443,4849,8270.632071118322,False,False,False,True
N21000193,N21000251,4,80,24443,15928,3314.698277178553,False,False,False,True
N21000193,N21000252,4,19,24443,6604,3754.1905392390836,False,False,False,True
N21000193,N21000253,4,10,24443,7436,3809.508541609859,False,False,False,True
N21000193,N21000254,4,7,24443,17102,4330.876004547181,False,False,False,True
N21000193,N21000256,4,6,24443,24260,4626.457798975914,False,False,False,True
N21000193,N21000258,4,6,24443,27783,4362.075358399506,False,False,False,True
N21000193,N21000259,4,2,24443,15492,4735.107946662119,False,False,False,True
N21000193,N21000260,4,1,24443,17259,5404.494058310018,False,False,False,True
N21000193,N21000261,4,1,24443,1844,5069.057712410685,False,False,False,True
N21000193,N21000263,4,1,24443,6770,5674.012373834792,False,False,False,True
N21000193,N21000264,4,7,24443,24247,5203.916182687754,False,False,False,True
N21000193,N21000265,4,4,24443,27041,5568.406389127857,False,False,False,True
N21000193,N21000267,4,1,24443,21949,5537.932084418773,False,False,False,True
N21000193,N21000268,4,15,24443,1126,5937.923107442373,False,False,False,True
N21000193,N21000270,4,4,24443,1364,5886.105926175998,False,False,False,True
N21000193,N21000271,4,1,24443,15197,6110.626400790777,False,False,False,True
N21000193,N21000273,4,1,24443,2383,7072.109245859968,False,False,False,True
N21000193,N21000274,4,4,24443,391,7973.851727396764,False,False,False,True
N21000193,N21000277,4,2,24443,6659,7715.034889538109,False,False,False,True
N21000193,N21000278,4,2,24443,25468,7970.622688930301,False,False,False,True
N21000193,N21000286,4,1,24443,16479,8256.109004951528,False,False,False,True
N21000193,N21000288,4,1,24443,18650,9026.042491032194,False,False,False,True
N21000193,N21000302,4,1,24443,6864,5077.786036197985,False,False,False,True
N21000193,N21000303,4,3,24443,6397,4325.837628997019,False,False,False,True
N21000193,N21000306,4,1,24443,28173,5950.510285474477,False,False,False,True
N21000193,N21000307,4,1,24443,2710,6140.994879659228,False,False,False,True
N21000193,N21000308,4,1,24443,13508,6829.406247945553,False,False,False,True
N21000193,N21000309,4,5,24443,2721,6228.322584571312,False,False,False,True
N21000193,N21000310,4,1,24443,15134,7643.772748676111,False,False,False,True
N21000193,N21000311,4,2,24443,2072,7403.28004144511,False,False,False,True
N21000193,N21000315,4,2,24443,2055,7379.19787439412,False,False,False,True
N21000193,N21000316,4,1,24443,23306,4003.5961824612914,False,False,False,True
N21000193,N21000317,4,1,24443,25675,2921.855764264577,False,False,False,True
N21000193,N21000319,4,1,24443,20953,2468.853862654761,False,False,False,True
N21000193,N21000323,4,2,24443,10135,2712.469151566288,False,False,False,True
N21000193,N21000325,4,2,24443,14225,2511.076757215257,False,False,False,True
N21000193,N21000326,4,1,24443,3406,4301.174198447533,False,False,False,True
N21000193,N21000329,4,4,24443,7369,2879.584009261621,False,False,False,True
N21000193,N21000331,4,3,24443,13387,3377.6686614122523,False,False,False,True
N21000193,N21000332,4,7,24443,23473,4729.435164814648,False,False,False,True
N21000193,N21000334,4,2,24443,27702,3600.4040741896783,False,False,False,True
N21000193,N21000335,4,13,24443,18611,4013.6075529879586,False,False,False,True
N21000194,N21000165,4,3,25109,19703,2673.080952457677,False,False,False,True
N21000194,N21000166,4,2,25109,23646,3815.660594377757,False,False,False,True
N21000194,N21000167,4,5,25109,23946,1381.921206543198,False,False,False,True
N21000194,N21000170,4,1,25109,23278,3173.885166946756,False,False,False,True
N21000194,N21000172,4,1,25109,18162,1855.9957619111551,False,False,False,True
N21000194,N21000174,4,2,25109,19652,2142.732559908624,False,False,False,True
N21000194,N21000175,4,19,25109,27201,1526.6418084799964,False,False,False,True
N21000194,N21000177,4,11,25109,22862,1701.885149657718,False,False,False,True
N21000194,N21000178,4,6,25109,12747,2015.5404978698198,False,False,False,True
N21000194,N21000181,4,2,25109,10525,3619.7407327168157,False,False,False,True
N21000194,N21000182,4,1,25109,8586,4684.490603724875,False,False,True,True
N21000194,N21000184,4,1,25109,4165,2082.9438292157133,False,False,True,True
N21000194,N21000186,4,4,25109,13768,1985.6743016250332,False,False,True,True
N21000194,N21000187,4,2,25109,23892,2003.0387708968199,False,False,False,True
N21000194,N21000188,4,11,25109,9768,1670.0281051438421,False,False,False,True
N21000194,N21000189,4,3,25109,4448,1400.1343814316187,False,False,True,True
N21000194,N21000190,4,2,25109,9490,961.0993884118265,False,False,True,True
N21000194,N21000192,4,47,25109,17614,3359.7900040168624,False,False,False,True
N21000194,N21000196,4,4,25109,8754,1145.4004431028686,False,False,False,True
N21000194,N21000197,4,7,25109,11265,7589.393646596692,False,False,False,True
N21000194,N21000198,4,8,25109,15611,4457.5092093232115,False,False,False,True
N21000194,N21000202,4,3,25109,15786,4714.0239686306095,False,False,False,True
N21000194,N21000208,4,1,25109,5457,4790.362133158203,False,False,False,True
N21000194,N21000209,4,1,25109,9382,3991.3215509260513,False,False,False,True
N21000194,N21000215,4,1,25109,25962,4983.870992769383,False,False,False,True
N21000194,N21000219,4,1,25109,2333,8091.114230853459,False,False,False,True
N21000194,N21000221,4,2,25109,22550,9406.623490163614,False,False,False,True
N21000194,N21000223,4,1,25109,22810,6330.702548888616,False,False,False,True
N21000194,N21000224,4,2,25109,15583,7476.36302394039,False,False,False,True
N21000194,N21000230,4,2,25109,5611,7823.039442083121,False,False,False,True
N21000194,N21000234,4,1,25109,14610,9174.138361095473,False,False,False,True
N21000194,N21000237,4,1,25109,5957,6661.141347302785,False,False,False,True
N21000194,N21000239,4,1,25109,22166,5413.573393844758,False,False,False,True
N21000194,N21000240,4,4,25109,17764,6462.698922800877,False,False,False,True
N21000194,N21000241,4,2,25109,20619,6061.895945779803,False,False,False,True
N21000194,N21000249,4,1,25109,28796,6414.813964258789,False,False,False,True
N21000194,N21000251,4,52,25109,15928,3205.4702548136765,False,False,False,True
N21000194,N21000252,4,10,25109,6604,3336.1158435023594,False,False,False,True
N21000194,N21000253,4,11,25109,7436,3700.2805192449828,False,False,False,True
N21000194,N21000254,4,3,25109,17102,4094.0398579212106,False,False,False,True
N21000194,N21000256,4,10,25109,24260,4517.229776611038,False,False,False,True
N21000194,N21000258,4,1,25109,27783,4252.84733603463,False,False,False,True
N21000194,N21000259,4,1,25109,15492,4625.879924297242,False,False,False,True
N21000194,N21000263,4,2,25109,6770,5239.1317397638895,False,False,False,True
N21000194,N21000264,4,5,25109,24247,5094.6881603228785,False,False,False,True
N21000194,N21000265,4,2,25109,27041,5459.178366762982,False,False,False,True
N21000194,N21000266,4,3,25109,18253,5437.4310271360755,False,False,False,True
N21000194,N21000268,4,4,25109,1126,5986.727826721,False,False,False,True
N21000194,N21000273,4,3,25109,2383,6962.881223495092,False,False,False,True
N21000194,N21000274,4,6,25109,391,8020.412942152405,False,False,False,True
N21000194,N21000277,4,3,25109,6659,7605.8068671732335,False,False,False,True
N21000194,N21000280,4,1,25109,9328,8880.398961025798,False,False,False,True
N21000194,N21000303,4,2,25109,6397,4374.642348275646,False,False,False,True
N21000194,N21000306,4,2,25109,28173,5999.315004753104,False,False,False,True
N21000194,N21000308,4,2,25109,13508,6878.21096722418,False,False,False,True
N21000194,N21000309,4,5,25109,2721,6277.127303849939,False,False,False,True
N21000194,N21000310,4,2,25109,15134,7692.5774679547385,False,False,False,True
N21000194,N21000319,4,1,25109,20953,2517.658581933388,False,False,False,True
N21000194,N21000325,4,5,25109,14225,2559.8814764938843,False,False,False,True
N21000194,N21000329,4,3,25109,7369,2770.3559868967445,False,False,False,True
N21000194,N21000331,4,1,25109,13387,3426.4733806908794,False,False,False,True
N21000194,N21000334,4,1,25109,27702,3649.2087934683054,False,False,False,True
N21000194,N21000335,4,18,25109,18611,4062.4122722665857,False,False,False,True
N21000195,N21000161,4,2,22584,4145,6050.120770118935,False,False,False,True
N21000195,N21000164,4,2,22584,26366,5274.539188467155,False,False,False,True
N21000195,N21000165,4,1,22584,19703,3238.707492505612,False,False,False,True
N21000195,N21000167,4,1,22584,23946,1947.5477465911326,False,False,False,True
N21000195,N21000171,4,2,22584,18303,2019.11054350406,False,False,False,True
N21000195,N21000172,4,1,22584,18162,2421.62230195909,False,False,False,True
N21000195,N21000174,4,1,22584,19652,2708.359099956558,False,False,False,True
N21000195,N21000175,4,7,22584,27201,1612.6307276653808,False,False,False,True
N21000195,N21000177,4,18,22584,22862,1217.091887054821,False,False,False,True
N21000195,N21000178,4,1,22584,12747,1697.9525099510715,False,False,False,True
N21000195,N21000179,4,1,22584,1275,6616.69320791065,False,False,True,True
N21000195,N21000181,4,1,22584,10525,3581.102599409413,False,False,False,True
N21000195,N21000182,4,2,22584,8586,5243.203155207273,False,False,True,True
N21000195,N21000184,4,1,22584,4165,2641.6563806981117,False,False,True,True
N21000195,N21000186,4,4,22584,13768,2084.1982147143876,False,False,False,True
N21000195,N21000187,4,3,22584,23892,2568.665310944754,False,False,False,True
N21000195,N21000188,4,24,22584,9768,1343.5535134239992,False,False,False,True
N21000195,N21000189,4,2,22584,4448,1965.760921479553,False,False,True,True
N21000195,N21000190,4,13,22584,9490,1377.5171835681563,False,False,True,True
N21000195,N21000191,4,2,22584,10156,884.6585799811899,False,False,False,True
N21000195,N21000192,4,62,22584,17614,3033.31541229702,False,False,False,True
N21000195,N21000193,4,2,22584,24443,1210.9853629076715,False,False,True,True
N21000195,N21000196,4,10,22584,8754,875.4521123055403,False,False,False,True
N21000195,N21000197,4,5,22584,11265,7100.295044806961,False,False,False,True
N21000195,N21000198,4,12,22584,15611,3968.410607533481,False,False,False,True
N21000195,N21000199,4,1,22584,8027,5691.395088406185,False,False,False,True
N21000195,N21000200,4,2,22584,16344,5226.502923137277,False,False,False,True
N21000195,N21000203,4,2,22584,15685,5114.471961146791,False,False,False,True
N21000195,N21000205,4,1,22584,27396,4514.786879089315,False,False,False,True
N21000195,N21000208,4,1,22584,5457,4301.263531368471,False,False,False,True
N21000195,N21000209,4,1,22584,9382,3502.2229491363205,False,False,False,True
N21000195,N21000210,4,1,22584,23126,5015.789861891619,False,False,False,True
N21000195,N21000214,4,1,22584,55,4346.157570691099,False,False,False,True
N21000195,N21000219,4,2,22584,2333,7602.015629063728,False,False,False,True
N21000195,N21000220,4,3,22584,9614,7531.517289637899,False,False,False,True
N21000195,N21000221,4,1,22584,22550,8917.524888373884,False,False,False,True
N21000195,N21000222,4,1,22584,11993,6409.259753827013,False,False,False,True
N21000195,N21000224,4,1,22584,15583,6987.26442215066,False,False,False,True
N21000195,N21000226,4,4,22584,7766,5760.839210647058,False,False,False,True
N21000195,N21000230,4,1,22584,5611,7333.9408402933905,False,False,False,True
N21000195,N21000236,4,1,22584,20050,5146.461576698383,False,False,False,True
N21000195,N21000239,4,1,22584,22166,4924.47479205503,False,False,False,True
N21000195,N21000240,4,3,22584,17764,5973.600321011147,False,False,False,True
N21000195,N21000241,4,1,22584,20619,5572.797343990074,False,False,False,True
N21000195,N21000251,4,37,22584,15928,2720.6769922107796,False,False,False,True
N21000195,N21000252,4,8,22584,6604,2847.0172417126287,False,False,False,True
N21000195,N21000253,4,5,22584,7436,3215.487256642086,False,False,False,True
N21000195,N21000254,4,2,22584,17102,3604.94125613148,False,False,False,True
N21000195,N21000256,4,10,22584,24260,4032.4365140081422,False,False,False,True
N21000195,N21000258,4,6,22584,27783,3768.0540734317324,False,False,False,True
N21000195,N21000259,4,1,22584,15492,4141.086661694345,False,False,False,True
N21000195,N21000261,4,2,22584,1844,4475.036427442912,False,False,False,True
N21000195,N21000264,4,1,22584,24247,4609.89489771998,False,False,False,True
N21000195,N21000267,4,1,22584,21949,4811.997336003071,False,False,False,True
N21000195,N21000268,4,9,22584,1126,5870.687812073909,False,False,False,True
N21000195,N21000269,4,1,22584,1407,5067.1990137394705,False,False,False,True
N21000195,N21000270,4,3,22584,1364,5292.084641208224,False,False,False,True
N21000195,N21000272,4,1,22584,20779,6541.594459804473,False,False,False,True
N21000195,N21000274,4,4,22584,391,7535.619679549508,False,False,False,True
N21000195,N21000276,4,1,22584,6161,8712.198210822264,False,False,False,True
N21000195,N21000283,4,1,22584,9205,9115.584978134748,False,False,False,True
N21000195,N21000302,4,3,22584,6864,5034.0127055808725,False,False,False,True
N21000195,N21000307,4,1,22584,2710,6097.221549042116,False,False,False,True
N21000195,N21000308,4,1,22584,13508,6785.632917328441,False,False,False,True
N21000195,N21000309,4,4,22584,2721,6184.5492539542,False,False,False,True
N21000195,N21000311,4,1,22584,2072,7359.506710827998,False,False,False,True
N21000195,N21000315,4,1,22584,2055,7335.424543777008,False,False,False,True
N21000195,N21000317,4,1,22584,25675,3556.1418152463075,False,False,False,True
N21000195,N21000318,4,4,22584,29337,6007.883758376596,False,False,False,True
N21000195,N21000322,4,3,22584,3303,2410.525244843737,False,False,False,True
N21000195,N21000325,4,4,22584,14225,2468.7040677188106,False,False,False,True
N21000195,N21000332,4,2,22584,23473,5003.442690257303,False,False,False,True
N21000195,N21000334,4,1,22584,27702,3209.888344526878,False,False,False,True
N21000195,N21000335,4,12,22584,18611,3969.8342223708464,False,False,False,True
N21000196,N21000164,4,1,8754,26366,4712.837141218299,False,False,False,True
N21000196,N21000165,4,4,8754,19703,2677.0054452567565,False,False,False,True
N21000196,N21000167,4,3,8754,23946,1414.283975337682,False,False,False,True
N21000196,N21000168,4,1,8754,4451,2412.6936227218553,False,False,False,True
N21000196,N21000170,4,2,8754,23278,3177.8096597458352,False,False,False,True
N21000196,N21000171,4,1,8754,18303,1347.150954997099,False,False,False,True
N21000196,N21000172,4,2,8754,18162,1807.4798404491967,False,False,False,True
N21000196,N21000174,4,1,8754,19652,2073.9044931356225,False,False,False,True
N21000196,N21000175,4,21,8754,27201,991.8182070069228,False,False,False,True
N21000196,N21000177,4,20,8754,22862,1157.3569558841712,False,False,False,True
N21000196,N21000178,4,12,8754,12747,1351.9676184196753,False,False,False,True
N21000196,N21000179,4,1,8754,1275,6509.217557392755,False,False,False,True
N21000196,N21000181,4,2,8754,10525,4070.9776336813193,False,False,False,True
N21000196,N21000182,4,2,8754,8586,5091.789576620752,False,False,False,True
N21000196,N21000184,4,5,8754,4165,2534.180730180217,False,False,False,True
N21000196,N21000186,4,8,8754,13768,2704.2611609802098,False,False,False,True
N21000196,N21000187,4,1,8754,23892,2299.756298706066,False,False,False,True
N21000196,N21000188,4,4,8754,9768,2066.2771497928256,False,False,False,True
N21000196,N21000189,4,5,8754,4448,1851.3712823961223,False,False,False,True
N21000196,N21000190,4,11,8754,9490,1764.4074859719478,False,False,False,True
N21000196,N21000192,4,40,8754,17614,3756.039048665846,False,False,False,True
N21000196,N21000193,4,9,8754,24443,1096.595723824241,False,False,False,True
N21000196,N21000194,4,5,8754,25109,1145.4004431028682,False,False,False,True
N21000196,N21000195,4,21,8754,22584,875.4521123055399,False,False,False,True
N21000196,N21000197,4,6,8754,11265,7134.4843334843135,False,False,False,True
N21000196,N21000198,4,23,8754,15611,4002.5998962108333,False,False,False,True
N21000196,N21000199,4,1,8754,8027,5725.584377083538,False,False,False,True
N21000196,N21000201,4,1,8754,24818,4618.53965475304,False,False,False,True
N21000196,N21000202,4,1,8754,15786,4259.11465551823,False,False,False,True
N21000196,N21000204,4,1,8754,26239,3423.1071607797107,False,False,False,True
N21000196,N21000208,4,1,8754,5457,4335.4528200458235,False,False,False,True
N21000196,N21000209,4,3,8754,9382,3536.4122378136726,False,False,False,True
N21000196,N21000216,4,1,8754,14179,5516.9963361495165,False,False,False,True
N21000196,N21000218,4,1,8754,15318,4555.011540538095,False,False,False,True
N21000196,N21000220,4,2,8754,9614,7565.706578315251,False,False,False,True
N21000196,N21000221,4,2,8754,22550,8951.714177051237,False,False,False,True
N21000196,N21000222,4,1,8754,11993,6443.449042504366,False,False,False,True
N21000196,N21000224,4,2,8754,15583,7021.453710828013,False,False,False,True
N21000196,N21000225,4,1,8754,25527,6365.210909806144,False,False,False,True
N21000196,N21000226,4,1,8754,7766,5795.028499324411,False,False,False,True
N21000196,N21000230,4,2,8754,5611,7368.1301289707435,False,False,False,True
N21000196,N21000234,4,1,8754,14610,8719.229047983095,False,False,False,True
N21000196,N21000237,4,1,8754,5957,6206.232034190408,False,False,False,True
N21000196,N21000240,4,4,8754,17764,6007.789609688498,False,False,False,True
N21000196,N21000241,4,1,8754,20619,5579.392941995689,False,False,False,True
N21000196,N21000249,4,1,8754,28796,5910.319073752161,False,False,False,True
N21000196,N21000251,4,51,8754,15928,2660.94206104013,False,False,False,True
N21000196,N21000252,4,8,8754,6604,2881.206530389981,False,False,False,True
N21000196,N21000253,4,10,8754,7436,3155.752325471436,False,False,False,True
N21000196,N21000254,4,5,8754,17102,3589.5449674145834,False,False,False,True
N21000196,N21000255,4,1,8754,11696,4514.18485389702,False,False,False,True
N21000196,N21000256,4,8,8754,24260,3972.7015828374924,False,False,False,True
N21000196,N21000258,4,2,8754,27783,3708.3191422610826,False,False,False,True
N21000196,N21000259,4,1,8754,15492,4081.351730523695,False,False,False,True
N21000196,N21000263,4,3,8754,6770,4784.222426651511,False,False,False,True
N21000196,N21000264,4,3,8754,24247,4550.15996654933,False,False,False,True
N21000196,N21000265,4,4,8754,27041,4914.650172989433,False,False,False,True
N21000196,N21000268,4,8,8754,1126,5555.409693324918,False,False,False,True
N21000196,N21000269,4,2,8754,1407,5051.802725022574,False,False,False,True
N21000196,N21000270,4,1,8754,1364,5232.3497100375735,False,False,False,True
N21000196,N21000271,4,1,8754,15197,5456.870184652353,False,False,False,True
N21000196,N21000274,4,5,8754,391,7475.884748378858,False,False,False,True
N21000196,N21000277,4,1,8754,6659,7061.2786733996845,False,False,False,True
N21000196,N21000279,4,1,8754,4115,8194.054040546023,False,False,False,True
N21000196,N21000283,4,1,8754,9205,9055.850046964099,False,False,False,True
N21000196,N21000286,4,1,8754,16479,7873.595590834075,False,False,False,True
N21000196,N21000291,4,1,8754,23779,8905.749529492949,False,False,False,True
N21000196,N21000302,4,2,8754,6864,4695.272622080531,False,False,False,True
N21000196,N21000303,4,3,8754,6397,3943.3242148795657,False,False,False,True
N21000196,N21000306,4,1,8754,28173,5567.996871357024,False,False,False,True
N21000196,N21000307,4,1,8754,2710,5758.481465541775,False,False,False,True
N21000196,N21000309,4,8,8754,2721,5845.809170453859,False,False,False,True
N21000196,N21000310,4,1,8754,15134,7261.259334558658,False,False,False,True
N21000196,N21000312,4,1,8754,18228,7571.148258790993,False,False,False,True
N21000196,N21000316,4,1,8754,23306,4472.298001130284,False,False,False,True
N21000196,N21000319,4,1,8754,20953,2353.751956761669,False,False,False,True
N21000196,N21000321,4,1,8754,19488,2884.335636203506,False,False,False,True
N21000196,N21000322,4,4,8754,3303,1789.712724185277,False,False,False,True
N21000196,N21000325,4,5,8754,14225,1896.3085970437403,False,False,False,True
N21000196,N21000326,4,1,8754,3406,4323.439322174264,False,False,False,True
N21000196,N21000327,4,3,8754,12871,3454.3525314610065,False,False,False,True
N21000196,N21000328,4,1,8754,25177,2871.3404324991147,False,False,False,True
N21000196,N21000329,4,1,8754,7369,2225.8277931231983,False,False,False,True
N21000196,N21000332,4,2,8754,23473,4500.74420490781,False,False,False,True
N21000196,N21000335,4,16,8754,18611,3631.0941388705055,False,False,False,True
N21000197,N21000170,4,1,11265,23278,8958.186317715425,False,False,False,True
N21000197,N21000175,4,4,11265,27201,7058.699025356833,False,False,False,True
N21000197,N21000177,4,2,11265,22862,6346.995960440348,False,False,False,True
N21000197,N21000188,4,1,11265,9768,8235.45889212777,False,False,False,True
N21000197,N21000190,4,1,11265,9490,8401.284290116912,False,False,False,True
N21000197,N21000192,4,19,11265,17614,8964.368431563355,False,False,False,True
N21000197,N21000195,4,1,11265,22584,7100.295044806959,False,False,False,True
N21000197,N21000196,4,1,11265,8754,7134.484333484311,False,False,False,True
N21000197,N21000198,4,20,11265,15611,4897.4958021490675,False,False,True,True
N21000197,N21000199,4,5,11265,8027,4316.067320679155,False,False,True,True
N21000197,N21000200,4,7,11265,16344,4209.859457395773,False,False,True,True
N21000197,N21000201,4,4,11265,24818,3832.5185957496806,False,False,True,True
N21000197,N21000202,4,3,11265,15786,3964.0019129924,False,False,True,True
N21000197,N21000203,4,3,11265,15685,4504.570815340585,False,False,False,True
N21000197,N21000204,4,1,11265,26239,4681.037554627813,False,False,False,True
N21000197,N21000205,4,8,11265,27396,4524.823114734212,False,False,False,True
N21000197,N21000207,4,1,11265,26051,4487.672702122964,False,False,False,True
N21000197,N21000208,4,5,11265,5457,4479.155188959356,False,False,False,True
N21000197,N21000210,4,1,11265,23126,5002.528238170355,False,False,False,True
N21000197,N21000211,4,1,11265,7197,5151.600458588305,False,False,False,True
N21000197,N21000214,4,1,11265,55,5352.494553506035,False,False,False,True
N21000197,N21000215,4,1,11265,25962,5226.471496798553,False,False,False,True
N21000197,N21000216,4,1,11265,14179,6205.4749636036495,False,False,False,True
N21000197,N21000219,4,9,11265,2333,6169.956763460796,False,False,False,True
N21000197,N21000220,4,7,11265,9614,6099.458424034967,False,False,False,True
N21000197,N21000221,4,7,11265,22550,8459.879079060522,False,False,False,True
N21000197,N21000222,4,3,11265,11993,5424.8024733803995,False,False,False,True
N21000197,N21000223,4,4,11265,22810,5003.483622241872,False,False,False,True
N21000197,N21000224,4,2,11265,15583,6149.144097293646,False,False,False,True
N21000197,N21000225,4,5,11265,25527,5873.375811815427,False,False,False,True
N21000197,N21000226,4,2,11265,7766,5458.020414300199,False,False,False,True
N21000197,N21000230,4,3,11265,5611,6963.606723167578,False,False,False,True
N21000197,N21000237,4,4,11265,5957,6143.936415704815,False,False,False,True
N21000197,N21000238,4,1,11265,26190,6278.098852110061,False,False,False,True
N21000197,N21000239,4,1,11265,22166,5963.72083577063,False,False,False,True
N21000197,N21000240,4,6,11265,17764,6927.43200858461,False,False,False,True
N21000197,N21000243,4,1,11265,1454,6819.547930701291,False,False,False,True
N21000197,N21000244,4,1,11265,16707,7610.0147559783045,False,False,False,True
N21000197,N21000249,4,1,11265,28796,7942.509647211967,False,False,False,True
N21000197,N21000251,4,31,11265,15928,6040.99110258817,False,False,False,True
N21000197,N21000252,4,19,11265,6604,5347.491729642594,False,False,False,True
N21000197,N21000253,4,9,11265,7436,6368.021956806601,False,False,False,True
N21000197,N21000254,4,2,11265,17102,6213.227517772923,False,False,False,True
N21000197,N21000256,4,3,11265,24260,7295.772404396904,False,False,False,True
N21000197,N21000260,4,1,11265,17259,8067.661049097176,False,False,False,True
N21000197,N21000261,4,1,11265,1844,7732.224703197843,False,False,False,True
N21000197,N21000264,4,1,11265,24247,7651.622832589746,False,False,False,True
N21000197,N21000265,4,1,11265,27041,8231.573379915017,False,False,False,True
N21000197,N21000267,4,1,11265,21949,7146.5154239110625,False,False,False,True
N21000197,N21000268,4,5,11265,1126,9364.42948381212,False,False,False,True
N21000197,N21000269,4,2,11265,1407,7383.049784756975,False,False,False,True
N21000197,N21000270,4,1,11265,1364,8549.272916963155,False,False,False,True
N21000197,N21000272,4,1,11265,20779,9409.228783778426,False,False,False,True
N21000197,N21000317,4,1,11265,25675,8401.06172318676,False,False,False,True
N21000197,N21000324,4,1,11265,25636,8570.334761314913,False,False,False,True
N21000197,N21000325,4,1,11265,14225,6593.549108877596,False,False,False,True
N21000197,N21000326,4,2,11265,3406,9342.221709088766,False,False,False,True
N21000197,N21000328,4,2,11265,25177,7409.961365062069,False,False,False,True
N21000197,N21000331,4,1,11265,13387,7051.218168958609,False,False,False,True
N21000197,N21000332,4,1,11265,23473,8822.136134301638,False,False,False,True
N21000197,N21000335,4,6,11265,18611,7590.507932104438,False,False,False,True
N21000198,N21000175,4,5,15611,27201,3926.8145880833517,False,False,False,True
N21000198,N21000177,4,3,15611,22862,3215.111523166868,False,False,False,True
N21000198,N21000178,4,3,15611,12747,2990.046809896852,False,False,False,True
N21000198,N21000187,4,1,15611,23892,6159.756649267046,False,False,False,True
N21000198,N21000189,4,1,15611,4448,5711.3716329571025,False,False,False,True
N21000198,N21000192,4,35,15611,17614,5832.483994289877,False,False,False,True
N21000198,N21000195,4,2,15611,22584,3968.4106075334807,False,False,False,True
N21000198,N21000196,4,1,15611,8754,4002.599896210833,False,False,False,True
N21000198,N21000197,4,12,15611,11265,4897.495802149067,False,False,True,True
N21000198,N21000201,4,1,15611,24818,2511.115545821626,False,False,False,True
N21000198,N21000202,4,3,15611,15786,2400.9270165138714,False,False,False,True
N21000198,N21000203,4,3,15611,15685,3194.7774426083924,False,False,False,True
N21000198,N21000204,4,1,15611,26239,2009.4132219717915,False,False,False,True
N21000198,N21000205,4,7,15611,27396,2961.7482182556846,False,False,False,True
N21000198,N21000207,4,2,15611,26051,2442.175666120433,False,False,False,True
N21000198,N21000208,4,4,15611,5457,2777.6833742354493,False,False,False,True
N21000198,N21000209,4,3,15611,9382,2302.9700193964745,False,False,False,True
N21000198,N21000211,4,1,15611,7197,3588.5255621097754,False,False,False,True
N21000198,N21000212,4,1,15611,26189,2658.1817376387035,False,False,False,True
N21000198,N21000216,4,3,15611,14179,4118.119984439315,False,False,False,True
N21000198,N21000219,4,3,15611,2333,5498.370277435322,False,False,False,True
N21000198,N21000220,4,2,15611,9614,5427.8719380094935,False,False,False,True
N21000198,N21000221,4,2,15611,22550,7191.628251058114,False,False,False,True
N21000198,N21000223,4,3,15611,22810,3789.8280152986054,False,False,False,True
N21000198,N21000224,4,1,15611,15583,4935.488490350378,False,False,False,True
N21000198,N21000225,4,1,15611,25527,4605.12498381302,False,False,False,True
N21000198,N21000226,4,3,15611,7766,4034.9425733312873,False,False,False,True
N21000198,N21000230,4,2,15611,5611,5608.044202977618,False,False,False,True
N21000198,N21000236,4,1,15611,20050,3825.595382529176,False,False,False,True
N21000198,N21000237,4,4,15611,5957,4580.861519226284,False,False,False,True
N21000198,N21000240,4,5,15611,17764,4735.729514292053,False,False,False,True
N21000198,N21000241,4,1,15611,20619,4373.5444142502265,False,False,False,True
N21000198,N21000249,4,1,15611,28796,5165.860442163149,False,False,False,True
N21000198,N21000251,4,62,15611,15928,2999.0216353133383,False,False,False,True
N21000198,N21000252,4,32,15611,6604,2409.1140720350522,False,False,False,True
N21000198,N21000253,4,9,15611,7436,3326.0524895317667,False,False,False,True
N21000198,N21000254,4,11,15611,17102,3339.5836773238293,False,False,False,True
N21000198,N21000256,4,9,15611,24260,4253.802937122067,False,False,False,True
N21000198,N21000258,4,2,15611,27783,3983.2728819118292,False,False,False,True
N21000198,N21000259,4,1,15611,15492,3898.243919103044,False,False,False,True
N21000198,N21000263,4,3,15611,6770,3550.7802082343137,False,False,False,True
N21000198,N21000264,4,6,15611,24247,4791.478366213274,False,False,False,True
N21000198,N21000265,4,1,15611,27041,5189.603912640182,False,False,False,True
N21000198,N21000266,4,3,15611,18253,5167.856573013275,False,False,False,True
N21000198,N21000267,4,1,15611,21949,4369.866218862243,False,False,False,True
N21000198,N21000268,4,11,15611,1126,6318.557423607077,False,False,False,True
N21000198,N21000270,4,1,15611,1364,5507.303449688323,False,False,False,True
N21000198,N21000273,4,1,15611,2383,6693.306769372292,False,False,False,True
N21000198,N21000274,4,1,15611,391,7750.838488029604,False,False,False,True
N21000198,N21000275,4,1,15611,24042,7666.778573995817,False,False,False,True
N21000198,N21000283,4,1,15611,9205,9330.803786614848,False,False,False,True
N21000198,N21000303,4,1,15611,6397,4867.502699269896,False,False,False,True
N21000198,N21000309,4,4,15611,2721,6769.987654844189,False,False,False,True
N21000198,N21000315,4,1,15611,2055,7920.862944666997,False,False,False,True
N21000198,N21000317,4,1,15611,25675,5269.177285913288,False,False,False,True
N21000198,N21000319,4,2,15611,20953,4621.62991567802,False,False,False,True
N21000198,N21000322,4,1,15611,3303,3797.4100619144087,False,False,False,True
N21000198,N21000323,4,2,15611,10135,4388.9112162811325,False,False,False,True
N21000198,N21000325,4,1,15611,14225,3461.6646716041146,False,False,False,True
N21000198,N21000329,4,3,15611,7369,3157.0070651905107,False,False,False,True
N21000198,N21000331,4,1,15611,13387,3919.3337316851284,False,False,False,True
N21000198,N21000332,4,1,15611,23473,5690.251697028157,False,False,False,True
N21000198,N21000335,4,23,15611,18611,4544.635871899392,False,False,False,True
N21000199,N21000165,4,1,8027,19703,7569.449706931882,False,False,False,True
N21000199,N21000167,4,1,8027,23946,6885.469516514602,False,False,False,True
N21000199,N21000170,4,1,8027,23278,7549.286361314649,False,False,False,True
N21000199,N21000177,4,1,8027,22862,4938.096004039572,False,False,False,True
N21000199,N21000178,4,3,8027,12747,4713.031290769554,False,False,False,True
N21000199,N21000188,4,1,8027,9768,6826.558935726995,False,False,False,True
N21000199,N21000190,4,2,8027,9490,6992.384333716137,False,False,False,True
N21000199,N21000192,4,26,8027,17614,7555.468475162582,False,False,False,True
N21000199,N21000194,4,1,8027,25109,6180.493690195915,False,False,False,True
N21000199,N21000195,4,1,8027,22584,5691.395088406183,False,False,False,True
N21000199,N21000197,4,36,8027,11265,4316.067320679154,False,False,True,True
N21000199,N21000198,4,34,8027,15611,3618.1602681521235,False,False,True,True
N21000199,N21000200,4,12,8027,16344,939.6238553108255,False,False,True,True
N21000199,N21000201,4,3,8027,24818,1272.928829310564,False,False,True,True
N21000199,N21000202,4,2,8027,15786,2112.5818394026223,False,False,True,True
N21000199,N21000203,4,7,8027,15685,1234.137827678675,False,False,False,True
N21000199,N21000204,4,2,8027,26239,2873.766460364962,False,False,False,True
N21000199,N21000205,4,17,8027,27396,1627.1972173675313,False,False,False,True
N21000199,N21000206,4,1,8027,4787,1631.4998867771076,False,False,False,True
N21000199,N21000207,4,3,8027,26051,2289.385355171707,False,False,False,True
N21000199,N21000208,4,7,8027,5457,2241.4510289980553,False,False,False,True
N21000199,N21000209,4,4,8027,9382,3155.473492904835,False,False,False,True
N21000199,N21000211,4,4,8027,7197,2129.219112542458,False,False,False,True
N21000199,N21000212,4,1,8027,26189,2954.844746349917,False,False,False,True
N21000199,N21000213,4,2,8027,9502,2758.363887069053,False,False,False,True
N21000199,N21000215,4,1,8027,25962,2843.2038544603047,False,False,False,True
N21000199,N21000216,4,6,8027,14179,3496.3492671358586,False,False,False,True
N21000199,N21000217,4,1,8027,19481,3529.2934660955802,False,False,False,True
N21000199,N21000219,4,15,8027,2333,2718.159923103651,False,False,False,True
N21000199,N21000220,4,15,8027,9614,2429.653559100058,False,False,False,True
N21000199,N21000221,4,13,8027,22550,4846.887878122947,False,False,False,True
N21000199,N21000222,4,7,8027,11993,1537.5518359251548,False,False,False,True
N21000199,N21000223,4,6,8027,22810,1515.527717346009,False,False,False,True
N21000199,N21000224,4,6,8027,15583,2466.484425583899,False,False,False,True
N21000199,N21000225,4,3,8027,25527,2300.808936010928,False,False,False,True
N21000199,N21000226,4,12,8027,7766,2164.609914594511,False,False,False,True
N21000199,N21000228,4,1,8027,182,2797.006473911109,False,False,False,True
N21000199,N21000229,4,1,8027,15164,4932.757921769766,False,False,False,True
N21000199,N21000231,4,1,8027,16315,4259.9345418747735,False,False,False,True
N21000199,N21000237,4,4,8027,5957,3210.1534303093886,False,False,False,True
N21000199,N21000239,4,1,8027,22166,3669.393188690796,False,False,False,True
N21000199,N21000240,4,10,8027,17764,4206.386035443329,False,False,False,True
N21000199,N21000241,4,2,8027,20619,4690.990429014724,False,False,False,True
N21000199,N21000242,4,1,8027,13928,4775.477527781494,False,False,False,True
N21000199,N21000243,4,2,8027,1454,4415.972274842999,False,False,False,True
N21000199,N21000244,4,1,8027,16707,4909.881285677664,False,False,False,True
N21000199,N21000249,4,1,8027,28796,5818.296390054672,False,False,False,True
N21000199,N21000251,4,45,8027,15928,4462.908865333548,False,False,False,True
N21000199,N21000252,4,13,8027,6604,3509.946815481268,False,False,False,True
N21000199,N21000253,4,10,8027,7436,4607.490630572919,False,False,False,True
N21000199,N21000254,4,6,8027,17102,4375.682603611598,False,False,False,True
N21000199,N21000256,4,8,8027,24260,5535.241078163222,False,False,False,True
N21000199,N21000258,4,7,8027,27783,5222.383827953968,False,False,False,True
N21000199,N21000259,4,3,8027,15492,4984.146391028328,False,False,False,True
N21000199,N21000261,4,2,8027,1844,5971.693376964161,False,False,False,True
N21000199,N21000262,4,1,8027,8231,4985.327287175527,False,False,False,True
N21000199,N21000263,4,4,8027,6770,4302.791018776156,False,False,False,True
N21000199,N21000264,4,4,8027,24247,5814.07791842842,False,False,False,True
N21000199,N21000265,4,3,8027,27041,6471.0420536813335,False,False,False,True
N21000199,N21000266,4,2,8027,18253,6449.2947140544275,False,False,False,True
N21000199,N21000268,4,12,8027,1126,7613.991846771383,False,False,False,True
N21000199,N21000270,4,4,8027,1364,6788.741590729474,False,False,False,True
N21000199,N21000271,4,1,8027,15197,6359.601045289973,False,False,False,True
N21000199,N21000273,4,1,8027,2383,7974.744910413444,False,False,False,True
N21000199,N21000274,4,4,8027,391,9032.276629070755,False,False,False,True
N21000199,N21000275,4,1,8027,24042,8948.216715036968,False,False,False,True
N21000199,N21000278,4,2,8027,25468,8219.597333429496,False,False,False,True
N21000199,N21000303,4,1,8027,6397,6504.132655900169,False,False,False,True
N21000199,N21000309,4,6,8027,2721,8406.61761147446,False,False,False,True
N21000199,N21000317,4,1,8027,25675,6992.1617667859855,False,False,False,True
N21000199,N21000319,4,2,8027,20953,6344.614396550717,False,False,False,True
N21000199,N21000323,4,1,8027,10135,6111.895697153835,False,False,False,True
N21000199,N21000325,4,3,8027,14225,5184.649152476819,False,False,False,True
N21000199,N21000329,4,1,8027,7369,4879.991546063213,False,False,False,True
N21000199,N21000332,4,3,8027,23473,7383.933411281445,False,False,False,True
N21000199,N21000335,4,16,8027,18611,6012.425694849817,False,False,False,True
N21000200,N21000174,4,2,16344,19652,6171.307172879114,False,False,False,True
N21000200,N21000175,4,1,16344,27201,5184.9069036871515,False,False,False,True
N21000200,N21000177,4,3,16344,22862,4473.203838770665,False,False,False,True
N21000200,N21000178,4,3,16344,12747,4248.139125500648,False,False,False,True
N21000200,N21000188,4,3,16344,9768,6361.666770458087,False,False,False,True
N21000200,N21000190,4,2,16344,9490,6527.492168447229,False,False,False,True
N21000200,N21000192,4,33,16344,17614,7090.576309893674,False,False,False,True
N21000200,N21000193,4,1,16344,24443,6214.688389989017,False,False,False,True
N21000200,N21000195,4,2,16344,22584,5226.5029231372755,False,False,False,True
N21000200,N21000197,4,33,16344,11265,4209.859457395772,False,False,True,True
N21000200,N21000198,4,23,16344,15611,3153.268102883215,False,False,True,True
N21000200,N21000199,4,5,16344,8027,939.6238553108258,False,False,True,True
N21000200,N21000201,4,1,16344,24818,808.0366640416561,False,False,True,True
N21000200,N21000202,4,4,16344,15786,1647.6896741337143,False,False,True,True
N21000200,N21000205,4,12,16344,27396,1162.3050520986235,False,False,False,True
N21000200,N21000206,4,1,16344,4787,973.7354060365897,False,False,False,True
N21000200,N21000207,4,4,16344,26051,1824.4931899027995,False,False,False,True
N21000200,N21000208,4,8,16344,5457,1776.5588637291473,False,False,False,True
N21000200,N21000209,4,5,16344,9382,2690.581327635927,False,False,False,True
N21000200,N21000210,4,3,16344,23126,1609.2566259994658,False,False,False,True
N21000200,N21000211,4,3,16344,7197,1664.3269472735496,False,False,False,True
N21000200,N21000213,4,2,16344,9502,2293.4717218001456,False,False,False,True
N21000200,N21000215,4,1,16344,25962,2378.311689191398,False,False,False,True
N21000200,N21000216,4,5,16344,14179,3031.457101866951,False,False,False,True
N21000200,N21000219,4,16,16344,2333,2910.4031420484603,False,False,False,True
N21000200,N21000220,4,15,16344,9614,2621.8967780448675,False,False,False,True
N21000200,N21000221,4,6,16344,22550,4522.557187135262,False,False,False,True
N21000200,N21000222,4,2,16344,11993,1487.4805814551423,False,False,False,True
N21000200,N21000223,4,7,16344,22810,1066.1617303166154,False,False,False,True
N21000200,N21000224,4,6,16344,15583,2211.8222053683885,False,False,False,True
N21000200,N21000225,4,7,16344,25527,1936.0539198901693,False,False,False,True
N21000200,N21000226,4,2,16344,7766,1578.905225634624,False,False,False,True
N21000200,N21000229,4,1,16344,15164,4568.002905649008,False,False,False,True
N21000200,N21000230,4,7,16344,5611,3026.2848312423207,False,False,False,True
N21000200,N21000231,4,4,16344,16315,3895.1795257540157,False,False,False,True
N21000200,N21000233,4,2,16344,19725,2897.992932263245,False,False,False,True
N21000200,N21000236,4,1,16344,20050,2882.3905347695604,False,False,False,True
N21000200,N21000237,4,10,16344,5957,2644.3800671508657,False,False,False,True
N21000200,N21000239,4,1,16344,22166,3204.501023421889,False,False,False,True
N21000200,N21000240,4,15,16344,17764,3721.2350016482947,False,False,False,True
N21000200,N21000247,4,3,16344,18676,5190.53387049895,False,False,False,True
N21000200,N21000251,4,67,16344,15928,3998.0167000646416,False,False,False,True
N21000200,N21000252,4,17,16344,6604,3045.0546502123602,False,False,False,True
N21000200,N21000253,4,11,16344,7436,4142.5984653040105,False,False,False,True
N21000200,N21000254,4,9,16344,17102,3910.7904383426917,False,False,False,True
N21000200,N21000256,4,10,16344,24260,5070.348912894313,False,False,False,True
N21000200,N21000258,4,4,16344,27783,4757.49166268506,False,False,False,True
N21000200,N21000259,4,2,16344,15492,4519.2542257594205,False,False,False,True
N21000200,N21000261,4,3,16344,1844,5506.801211695251,False,False,False,True
N21000200,N21000263,4,3,16344,6770,3837.8988535072494,False,False,False,True
N21000200,N21000264,4,7,16344,24247,5349.185753159512,False,False,False,True
N21000200,N21000265,4,2,16344,27041,6006.149888412425,False,False,False,True
N21000200,N21000266,4,1,16344,18253,5984.402548785518,False,False,False,True
N21000200,N21000267,4,2,16344,21949,4656.984864135178,False,False,False,True
N21000200,N21000268,4,16,16344,1126,7149.099681502474,False,False,False,True
N21000200,N21000269,4,2,16344,1407,4893.519224981091,False,False,False,True
N21000200,N21000270,4,4,16344,1364,6323.849425460566,False,False,False,True
N21000200,N21000271,4,2,16344,15197,5894.708880021066,False,False,False,True
N21000200,N21000273,4,2,16344,2383,7509.852745144534,False,False,False,True
N21000200,N21000274,4,1,16344,391,8567.384463801847,False,False,False,True
N21000200,N21000278,4,2,16344,25468,7754.705168160589,False,False,False,True
N21000200,N21000279,4,1,16344,4115,9285.55375596901,False,False,False,True
N21000200,N21000280,4,1,16344,9328,9427.37048267524,False,False,False,True
N21000200,N21000308,4,1,16344,13508,8542.809109579795,False,False,False,True
N21000200,N21000309,4,1,16344,2721,7941.725446205554,False,False,False,True
N21000200,N21000311,4,1,16344,2072,9116.682903079352,False,False,False,True
N21000200,N21000319,4,2,16344,20953,5879.722231281811,False,False,False,True
N21000200,N21000322,4,1,16344,3303,5055.502377518202,False,False,False,True
N21000200,N21000325,4,1,16344,14225,4719.756987207911,False,False,False,True
N21000200,N21000326,4,1,16344,3406,7468.429587419077,False,False,False,True
N21000200,N21000329,4,4,16344,7369,4415.099380794306,False,False,False,True
N21000200,N21000331,4,2,16344,13387,5177.426047288922,False,False,False,True
N21000200,N21000332,4,2,16344,23473,6919.041246012537,False,False,False,True
N21000200,N21000335,4,18,16344,18611,5547.533529580909,False,False,False,True
N21000201,N21000170,4,1,24818,23278,6442.241638984153,False,False,False,True
N21000201,N21000175,4,2,24818,27201,4542.754346625559,False,False,False,True
N21000201,N21000177,4,2,24818,22862,3831.051281709073,False,False,False,True
N21000201,N21000178,4,2,24818,12747,3605.986568439057,False,False,False,True
N21000201,N21000189,4,1,24818,4448,6327.311391499307,False,False,False,True
N21000201,N21000190,4,1,24818,9490,5885.339611385639,False,False,False,True
N21000201,N21000192,4,20,24818,17614,6448.423752832082,False,False,False,True
N21000201,N21000193,4,1,24818,24443,5572.535832927425,False,False,False,True
N21000201,N21000195,4,2,24818,22584,4584.350366075684,False,False,False,True
N21000201,N21000197,4,25,24818,11265,3832.51859574968,False,False,True,True
N21000201,N21000198,4,18,24818,15611,2511.115545821625,False,False,False,True
N21000201,N21000199,4,3,24818,8027,1272.9288293105642,False,False,True,True
N21000201,N21000200,4,7,24818,16344,808.0366640416561,False,False,True,True
N21000201,N21000202,4,6,24818,15786,1005.5371170721228,False,False,True,True
N21000201,N21000203,4,7,24818,15685,849.5460037668316,False,False,False,True
N21000201,N21000204,4,2,24818,26239,1809.9054513353685,False,False,False,True
N21000201,N21000205,4,10,24818,27396,850.4918201973809,False,False,False,True
N21000201,N21000206,4,4,24818,4787,1186.2657086956012,False,False,False,True
N21000201,N21000207,4,1,24818,26051,1275.2247465772564,False,False,False,True
N21000201,N21000208,4,14,24818,5457,1227.2904204036042,False,False,False,True
N21000201,N21000209,4,2,24818,9382,2141.312884310384,False,False,False,True
N21000201,N21000210,4,2,24818,23126,1321.6099652975422,False,False,False,True
N21000201,N21000211,4,2,24818,7197,1470.6821857154916,False,False,False,True
N21000201,N21000213,4,1,24818,9502,1744.203278474603,False,False,False,True
N21000201,N21000214,4,1,24818,55,2140.0465979603264,False,False,False,True
N21000201,N21000215,4,1,24818,25962,1854.5926614884936,False,False,False,True
N21000201,N21000216,4,8,24818,14179,2651.1961089767956,False,False,False,True
N21000201,N21000219,4,9,24818,2333,3435.174943778487,False,False,False,True
N21000201,N21000220,4,7,24818,9614,3146.668579774894,False,False,False,True
N21000201,N21000221,4,9,24818,22550,4900.99203327569,False,False,False,True
N21000201,N21000222,4,2,24818,11993,2012.252383185169,False,False,False,True
N21000201,N21000223,4,7,24818,22810,1444.5965764570442,False,False,False,True
N21000201,N21000224,4,1,24818,15583,2590.257051508816,False,False,False,True
N21000201,N21000225,4,5,24818,25527,2314.488766030597,False,False,False,True
N21000201,N21000226,4,5,24818,7766,1795.4952147442075,False,False,False,True
N21000201,N21000230,4,2,24818,5611,3388.3688927908975,False,False,False,True
N21000201,N21000231,4,1,24818,16315,4257.263587302592,False,False,False,True
N21000201,N21000236,4,3,24818,20050,2358.671507066656,False,False,False,True
N21000201,N21000237,4,1,24818,5957,2463.018142832002,False,False,False,True
N21000201,N21000240,4,12,24818,17764,3385.3537198246227,False,False,False,True
N21000201,N21000242,4,1,24818,13928,4022.9387018106618,False,False,False,True
N21000201,N21000247,4,5,24818,18676,5127.1680285274015,False,False,False,True
N21000201,N21000248,4,1,24818,14259,4375.738481849506,False,False,False,True
N21000201,N21000251,4,49,24818,15928,3448.748256739097,False,False,False,True
N21000201,N21000252,4,11,24818,6604,2495.786206886816,False,False,False,True
N21000201,N21000253,4,4,24818,7436,3593.330021978466,False,False,False,True
N21000201,N21000254,4,4,24818,17102,3361.521995017148,False,False,False,True
N21000201,N21000256,4,6,24818,24260,4521.080469568767,False,False,False,True
N21000201,N21000258,4,1,24818,27783,4208.223219359518,False,False,False,True
N21000201,N21000259,4,2,24818,15492,3969.985782433878,False,False,False,True
N21000201,N21000261,4,2,24818,1844,4957.532768369708,False,False,False,True
N21000201,N21000263,4,1,24818,6770,3288.630410181705,False,False,False,True
N21000201,N21000264,4,5,24818,24247,4799.917309833968,False,False,False,True
N21000201,N21000265,4,1,24818,27041,5456.881445086881,False,False,False,True
N21000201,N21000268,4,6,24818,1126,6599.831238176928,False,False,False,True
N21000201,N21000270,4,2,24818,1364,5774.580982135022,False,False,False,True
N21000201,N21000272,4,1,24818,20779,6370.429780676995,False,False,False,True
N21000201,N21000274,4,7,24818,391,8018.116020476304,False,False,False,True
N21000201,N21000276,4,2,24818,6161,9194.694551749059,False,False,False,True
N21000201,N21000277,4,1,24818,6659,7510.329452677924,False,False,False,True
N21000201,N21000278,4,4,24818,25468,7205.436724835047,False,False,False,True
N21000201,N21000286,4,1,24818,16479,9413.713833766613,False,False,False,True
N21000201,N21000307,4,2,24818,2710,7298.5997084743085,False,False,False,True
N21000201,N21000309,4,6,24818,2721,7385.927413386394,False,False,False,True
N21000201,N21000310,4,1,24818,15134,8801.377577491194,False,False,False,True
N21000201,N21000311,4,1,24818,2072,8560.884870260194,False,False,False,True
N21000201,N21000316,4,1,24818,23306,7511.736957725232,False,False,False,True
N21000201,N21000325,4,1,24818,14225,4077.6044301463194,False,False,False,True
N21000201,N21000329,4,1,24818,7369,3772.9468237327155,False,False,False,True
N21000201,N21000331,4,1,24818,13387,4535.273490227333,False,False,False,True
N21000201,N21000335,4,8,24818,18611,4998.2650862553655,False,False,False,True
N21000202,N21000161,4,1,15786,4145,8628.962438729532,False,False,False,True
N21000202,N21000170,4,2,15786,23278,6082.816639749348,False,False,False,True
N21000202,N21000172,4,1,15786,18162,4903.304963896292,False,False,False,True
N21000202,N21000177,4,1,15786,22862,3471.6262824742644,False,False,False,True
N21000202,N21000178,4,1,15786,12747,3246.5615692042484,False,False,False,True
N21000202,N21000186,4,1,15786,13768,6100.733915452075,False,False,False,True
N21000202,N21000192,4,22,15786,17614,6088.998753597273,False,False,False,True
N21000202,N21000195,4,2,15786,22584,4224.925366840876,False,False,False,True
N21000202,N21000197,4,15,15786,11265,3964.0019129924,False,False,True,True
N21000202,N21000198,4,26,15786,15611,2400.9270165138705,False,False,False,True
N21000202,N21000199,4,1,15786,8027,2112.5818394026223,False,False,True,True
N21000202,N21000200,4,6,15786,16344,1647.6896741337143,False,False,True,True
N21000202,N21000201,4,2,15786,24818,1005.537117072123,False,False,True,True
N21000202,N21000203,4,5,15786,15685,1483.3600295565195,False,False,False,True
N21000202,N21000204,4,2,15786,26239,1441.758106038831,False,False,False,True
N21000202,N21000205,4,13,15786,27396,883.6749474990438,False,False,False,True
N21000202,N21000206,4,2,15786,4787,1484.563299376699,False,False,False,True
N21000202,N21000207,4,3,15786,26051,1135.0257890944285,False,False,False,True
N21000202,N21000208,4,11,15786,5457,1114.0332913788518,False,False,False,True
N21000202,N21000209,4,2,15786,9382,2001.113926827556,False,False,False,True
N21000202,N21000210,4,1,15786,23126,1384.6779303013475,False,False,False,True
N21000202,N21000211,4,3,15786,7197,1683.3102678352745,False,False,False,True
N21000202,N21000212,4,2,15786,26189,1800.485180272638,False,False,False,True
N21000202,N21000213,4,5,15786,9502,1604.0043209917749,False,False,False,True
N21000202,N21000215,4,1,15786,25962,1771.4828249896666,False,False,False,True
N21000202,N21000216,4,13,15786,14179,2568.0862724779686,False,False,False,True
N21000202,N21000220,4,9,15786,9614,3912.564018826465,False,False,False,True
N21000202,N21000221,4,6,15786,22550,5286.412956783611,False,False,False,True
N21000202,N21000222,4,1,15786,11993,2778.14782223674,False,False,False,True
N21000202,N21000223,4,5,15786,22810,2210.4920155086156,False,False,False,True
N21000202,N21000224,4,7,15786,15583,3356.1524905603874,False,False,False,True
N21000202,N21000225,4,2,15786,25527,2699.909689538518,False,False,False,True
N21000202,N21000226,4,5,15786,7766,2129.7272790567868,False,False,False,True
N21000202,N21000230,4,5,15786,5611,3702.828908703117,False,False,False,True
N21000202,N21000231,4,1,15786,16315,4571.723603214813,False,False,False,True
N21000202,N21000236,4,1,15786,20050,2275.561670567829,False,False,False,True
N21000202,N21000237,4,3,15786,5957,2540.930813922783,False,False,False,True
N21000202,N21000239,4,1,15786,22166,2597.6721592201566,False,False,False,True
N21000202,N21000240,4,20,15786,17764,3302.243883325795,False,False,False,True
N21000202,N21000241,4,1,15786,20619,3619.269399544085,False,False,False,True
N21000202,N21000249,4,1,15786,28796,4663.936823977395,False,False,False,True
N21000202,N21000251,4,33,15786,15928,3132.878529013946,False,False,False,True
N21000202,N21000252,4,8,15786,6604,2355.5872494039886,False,False,False,True
N21000202,N21000253,4,6,15786,7436,3453.1310644956384,False,False,False,True
N21000202,N21000254,4,4,15786,17102,3221.3230375343205,False,False,False,True
N21000202,N21000256,4,8,15786,24260,4380.881512085939,False,False,False,True
N21000202,N21000258,4,5,15786,27783,4068.0242618766906,False,False,False,True
N21000202,N21000263,4,3,15786,6770,3148.4314526988774,False,False,False,True
N21000202,N21000264,4,1,15786,24247,4659.71835235114,False,False,False,True
N21000202,N21000265,4,7,15786,27041,5316.682487604054,False,False,False,True
N21000202,N21000267,4,3,15786,21949,3967.517463326808,False,False,False,True
N21000202,N21000268,4,5,15786,1126,6456.3169102379,False,False,False,True
N21000202,N21000270,4,2,15786,1364,5634.382024652195,False,False,False,True
N21000202,N21000271,4,1,15786,15197,5205.241479212696,False,False,False,True
N21000202,N21000273,4,1,15786,2383,6820.385344336163,False,False,False,True
N21000202,N21000274,4,4,15786,391,7877.917062993476,False,False,False,True
N21000202,N21000278,4,3,15786,25468,7065.23776735222,False,False,False,True
N21000202,N21000280,4,1,15786,9328,8737.903081866869,False,False,False,True
N21000202,N21000308,4,1,15786,13508,7627.586077525825,False,False,False,True
N21000202,N21000309,4,3,15786,2721,7026.502414151585,False,False,False,True
N21000202,N21000321,4,1,15786,19488,4993.669467696114,False,False,False,True
N21000202,N21000324,4,1,15786,25636,5694.965083348828,False,False,False,True
N21000202,N21000325,4,4,15786,14225,3718.1794309115107,False,False,False,True
N21000202,N21000329,4,1,15786,7369,3413.521824497907,False,False,False,True
N21000202,N21000332,4,2,15786,23473,5946.766456335553,False,False,False,True
N21000202,N21000335,4,6,15786,18611,4682.395358530214,False,False,False,True
N21000203,N21000175,4,3,15685,27201,5072.875941696668,False,False,False,True
N21000203,N21000178,4,1,15685,12747,4136.108163510165,False,False,False,True
N21000203,N21000188,4,1,15685,9768,6249.635808467603,False,False,False,True
N21000203,N21000192,4,16,15685,17614,6978.54534790319,False,False,False,True
N21000203,N21000193,4,1,15685,24443,6102.657427998533,False,False,False,True
N21000203,N21000195,4,3,15685,22584,5114.471961146791,False,False,False,True
N21000203,N21000197,4,18,15685,11265,4504.570815340585,False,False,False,True
N21000203,N21000198,4,15,15685,15611,3194.7774426083915,False,False,False,True
N21000203,N21000199,4,3,15685,8027,1234.1378276786752,False,False,False,True
N21000203,N21000202,4,1,15685,15786,1483.3600295565195,False,False,False,True
N21000203,N21000205,4,6,15685,27396,912.394868818264,False,False,False,True
N21000203,N21000207,4,3,15685,26051,1574.5830066224398,False,False,False,True
N21000203,N21000208,4,5,15685,5457,1526.6486804487877,False,False,False,True
N21000203,N21000209,4,1,15685,9382,2440.6711443555673,False,False,False,True
N21000203,N21000210,4,2,15685,23126,1227.2053235129804,False,False,False,True
N21000203,N21000211,4,1,15685,7197,1160.0103760161387,False,False,False,True
N21000203,N21000213,4,1,15685,9502,2043.5615385197862,False,False,False,True
N21000203,N21000215,4,2,15685,25962,1997.4608810339946,False,False,False,True
N21000203,N21000216,4,3,15685,14179,2503.9569261192464,False,False,False,True
N21000203,N21000219,4,4,15685,2333,2829.2391359274907,False,False,False,True
N21000203,N21000220,4,4,15685,9614,2540.732771923898,False,False,False,True
N21000203,N21000221,4,6,15685,22550,4163.27724287386,False,False,False,True
N21000203,N21000224,4,5,15685,15583,1947.9072169603032,False,False,False,True
N21000203,N21000225,4,2,15685,25527,1576.77397562877,False,False,True,True
N21000203,N21000226,4,5,15685,7766,1006.5915651470388,False,False,False,True
N21000203,N21000230,4,2,15685,5611,2599.465243193729,False,False,False,True
N21000203,N21000236,4,1,15685,20050,2501.539726612157,False,False,False,True
N21000203,N21000237,4,6,15685,5957,2072.0664066632794,False,False,False,True
N21000203,N21000240,4,7,15685,17764,3148.9213411607093,False,False,False,True
N21000203,N21000243,4,1,15685,1454,3358.5075805603783,False,False,False,True
N21000203,N21000245,4,1,15685,8653,4783.59440459873,False,False,False,True
N21000203,N21000248,4,1,15685,14259,4197.6369717602365,False,False,False,True
N21000203,N21000249,4,2,15685,28796,4982.668556553567,False,False,False,True
N21000203,N21000251,4,29,15685,15928,3748.1065167842817,False,False,False,True
N21000203,N21000252,4,18,15685,6604,2795.1444669320003,False,False,False,True
N21000203,N21000253,4,7,15685,7436,3892.68828202365,False,False,False,True
N21000203,N21000254,4,3,15685,17102,3660.880255062332,False,False,False,True
N21000203,N21000256,4,6,15685,24260,4820.438729613952,False,False,False,True
N21000203,N21000257,4,1,15685,60,5645.2665894845,False,False,False,True
N21000203,N21000258,4,4,15685,27783,4507.5814794047,False,False,False,True
N21000203,N21000259,4,2,15685,15492,4269.3440424790615,False,False,False,True
N21000203,N21000263,4,1,15685,6770,3587.9886702268886,False,False,False,True
N21000203,N21000264,4,1,15685,24247,5099.275569879153,False,False,False,True
N21000203,N21000265,4,2,15685,27041,5756.239705132065,False,False,False,True
N21000203,N21000266,4,1,15685,18253,5734.492365505159,False,False,False,True
N21000203,N21000268,4,7,15685,1126,6899.189498222113,False,False,False,True
N21000203,N21000270,4,3,15685,1364,6073.939242180206,False,False,False,True
N21000203,N21000271,4,1,15685,15197,5644.798696740706,False,False,False,True
N21000203,N21000273,4,2,15685,2383,7259.942561864175,False,False,False,True
N21000203,N21000274,4,3,15685,391,8317.474280521488,False,False,False,True
N21000203,N21000278,4,1,15685,25468,7504.79498488023,False,False,False,True
N21000203,N21000282,4,1,15685,4530,8926.17691690402,False,False,False,True
N21000203,N21000303,4,1,15685,6397,5789.330307350902,False,False,False,True
N21000203,N21000309,4,2,15685,2721,7691.815262925195,False,False,False,True
N21000203,N21000323,4,2,15685,10135,5479.590138277553,False,False,False,True
N21000203,N21000325,4,1,15685,14225,4552.343593600537,False,False,False,True
N21000203,N21000329,4,2,15685,7369,4247.685987186933,False,False,False,True
N21000203,N21000331,4,1,15685,13387,5001.707292374512,False,False,False,True
N21000203,N21000335,4,10,15685,18611,5297.62334630055,False,False,False,True
N21000204,N21000170,4,2,26239,23278,5246.809145010828,False,False,False,True
N21000204,N21000172,4,1,26239,18162,4067.297469157772,False,False,False,True
N21000204,N21000175,4,5,26239,27201,3347.3218526522287,False,False,False,True
N21000204,N21000177,4,3,26239,22862,2635.618787735745,False,False,False,True
N21000204,N21000178,4,3,26239,12747,2410.554074465729,False,False,False,True
N21000204,N21000189,4,1,26239,4448,5131.8788975259795,False,False,False,True
N21000204,N21000190,4,2,26239,9490,4689.90711741231,False,False,False,True
N21000204,N21000192,4,41,26239,17614,5252.991258858755,False,False,False,True
N21000204,N21000193,4,1,26239,24443,4377.103338954097,False,False,False,True
N21000204,N21000195,4,9,26239,22584,3388.917872102358,False,False,False,True
N21000204,N21000197,4,6,26239,11265,4681.037554627813,False,False,False,True
N21000204,N21000198,4,20,26239,15611,2009.4132219717917,False,False,False,True
N21000204,N21000200,4,1,26239,16344,2408.8742950960545,False,False,False,True
N21000204,N21000202,4,1,26239,15786,1441.7581060388309,False,False,False,True
N21000204,N21000203,4,3,26239,15685,2158.9641118156947,False,False,False,True
N21000204,N21000205,4,13,26239,27396,1559.2790297582194,False,False,False,True
N21000204,N21000208,4,9,26239,5457,1108.462032021767,False,False,False,True
N21000204,N21000210,4,1,26239,23126,1853.4056060487294,False,False,False,True
N21000204,N21000213,4,5,26239,9502,984.5932907853353,False,False,False,True
N21000204,N21000216,4,4,26239,14179,2250.4864735019523,False,False,False,True
N21000204,N21000219,4,2,26239,2333,4876.6744650892315,False,False,False,True
N21000204,N21000220,4,1,26239,9614,4588.16810108564,False,False,False,True
N21000204,N21000221,4,1,26239,22550,5962.017039042787,False,False,False,True
N21000204,N21000222,4,1,26239,11993,3453.7519044959154,False,False,False,True
N21000204,N21000223,4,1,26239,22810,2886.0960977677914,False,False,False,True
N21000204,N21000225,4,1,26239,25527,3375.5137717976936,False,False,False,True
N21000204,N21000226,4,8,26239,7766,2805.3313613159626,False,False,False,True
N21000204,N21000230,4,3,26239,5611,4378.432990962293,False,False,False,True
N21000204,N21000233,4,1,26239,19725,4094.3300910460594,False,False,False,True
N21000204,N21000237,4,4,26239,5957,2996.063288589822,False,False,False,True
N21000204,N21000240,4,9,26239,17764,2874.83378259688,False,False,False,True
N21000204,N21000241,4,26,26239,20619,2750.733256475976,False,False,False,True
N21000204,N21000246,4,1,26239,1102,3316.5330137120754,False,False,False,True
N21000204,N21000248,4,1,26239,14259,3606.0790959134224,False,False,False,True
N21000204,N21000251,4,81,26239,15928,1937.912474232036,False,False,False,True
N21000204,N21000252,4,24,26239,6604,984.9504243797539,False,False,False,True
N21000204,N21000253,4,4,26239,7436,2082.4942394714044,False,False,False,True
N21000204,N21000254,4,10,26239,17102,1850.686212510084,False,False,False,True
N21000204,N21000256,4,5,26239,24260,3010.244687061706,False,False,False,True
N21000204,N21000258,4,5,26239,27783,2697.3874368524566,False,False,False,True
N21000204,N21000259,4,2,26239,15492,2459.1499999268144,False,False,False,True
N21000204,N21000262,4,2,26239,8231,2460.330896074011,False,False,False,True
N21000204,N21000263,4,2,26239,6770,1927.9690504600624,False,False,False,True
N21000204,N21000264,4,6,26239,24247,3289.081527326904,False,False,False,True
N21000204,N21000265,4,4,26239,27041,3946.0456625798156,False,False,False,True
N21000204,N21000267,4,3,26239,21949,2747.0550610879927,False,False,False,True
N21000204,N21000268,4,11,26239,1126,5088.995455669867,False,False,False,True
N21000204,N21000270,4,1,26239,1364,4263.745199627957,False,False,False,True
N21000204,N21000271,4,1,26239,15197,3984.7790769738804,False,False,False,True
N21000204,N21000272,4,1,26239,20779,5009.768420955352,False,False,False,True
N21000204,N21000273,4,3,26239,2383,5449.7485193119255,False,False,False,True
N21000204,N21000274,4,2,26239,391,6507.280237969242,False,False,False,True
N21000204,N21000275,4,4,26239,24042,6423.220323935455,False,False,False,True
N21000204,N21000277,4,4,26239,6659,6092.674162990068,False,False,False,True
N21000204,N21000278,4,1,26239,25468,5844.7753651134035,False,False,False,True
N21000204,N21000280,4,2,26239,9328,7367.266256842633,False,False,False,True
N21000204,N21000283,4,1,26239,9205,8087.245536554481,False,False,False,True
N21000204,N21000289,4,1,26239,25081,8425.550687889026,False,False,False,True
N21000204,N21000294,4,1,26239,22846,8521.765265847518,False,False,False,True
N21000204,N21000302,4,2,26239,6864,4731.084671999621,False,False,False,True
N21000204,N21000303,4,4,26239,6397,3979.1362647986557,False,False,False,True
N21000204,N21000305,4,5,26239,6602,5028.493781674828,False,False,False,True
N21000204,N21000308,4,1,26239,13508,6482.70488374719,False,False,False,True
N21000204,N21000309,4,5,26239,2721,5881.621220372949,False,False,False,True
N21000204,N21000310,4,1,26239,15134,7297.071384477748,False,False,False,True
N21000204,N21000311,4,2,26239,2072,7056.578677246747,False,False,False,True
N21000204,N21000312,4,1,26239,18228,7606.960308710083,False,False,False,True
N21000204,N21000315,4,2,26239,2055,7032.496510195757,False,False,False,True
N21000204,N21000319,4,1,26239,20953,4042.1371802468957,False,False,False,True
N21000204,N21000322,4,1,26239,3303,3217.9173264832857,False,False,False,True
N21000204,N21000328,4,2,26239,25177,3599.2718878711107,False,False,False,True
N21000204,N21000331,4,1,26239,13387,3240.5286917676513,False,False,False,True
N21000204,N21000332,4,1,26239,23473,4858.937020179932,False,False,False,True
N21000204,N21000335,4,12,26239,18611,3487.4293037483067,False,False,False,True
N21000205,N21000175,4,4,27396,27201,4473.190859639189,False,False,False,True
N21000205,N21000177,4,2,27396,22862,3761.487794722704,False,False,False,True
N21000205,N21000178,4,2,27396,12747,3536.423081452688,False,False,False,True
N21000205,N21000188,4,1,27396,9768,5649.950726410127,False,False,False,True
N21000205,N21000189,4,5,27396,4448,6257.747904512938,False,False,False,True
N21000205,N21000190,4,1,27396,9490,5815.776124399269,False,False,False,True
N21000205,N21000192,4,51,27396,17614,6378.860265845714,False,False,False,True
N21000205,N21000195,4,4,27396,22584,4514.786879089315,False,False,False,True
N21000205,N21000196,4,3,27396,8754,4548.9761677666675,False,False,False,True
N21000205,N21000197,4,25,27396,11265,4524.823114734214,False,False,False,True
N21000205,N21000198,4,22,27396,15611,2961.7482182556832,False,False,False,True
N21000205,N21000200,4,5,27396,16344,1162.305052098623,False,False,False,True
N21000205,N21000201,4,4,27396,24818,850.4918201973809,False,False,False,True
N21000205,N21000202,4,3,27396,15786,883.6749474990438,False,False,False,True
N21000205,N21000203,4,6,27396,15685,912.3948688182638,False,False,False,True
N21000205,N21000204,4,1,27396,26239,1559.2790297582196,False,False,False,True
N21000205,N21000206,4,3,27396,4787,892.95829699052,False,False,False,True
N21000205,N21000207,4,5,27396,26051,928.7574524008602,False,False,False,True
N21000205,N21000208,4,13,27396,5457,880.8231262272083,False,False,False,True
N21000205,N21000209,4,3,27396,9382,1794.8455901339876,False,False,False,True
N21000205,N21000211,4,2,27396,7197,936.4506180770238,False,False,False,True
N21000205,N21000212,4,2,27396,26189,1594.2168435790695,False,False,False,True
N21000205,N21000213,4,1,27396,9502,1397.7359842982064,False,False,False,True
N21000205,N21000214,4,2,27396,55,1793.57930378393,False,False,False,True
N21000205,N21000215,4,1,27396,25962,1351.0816594120947,False,False,False,True
N21000205,N21000216,4,4,27396,14179,2019.0717781746243,False,False,False,True
N21000205,N21000219,4,2,27396,2333,3630.1052220918023,False,False,False,True
N21000205,N21000220,4,12,27396,9614,3341.5988580882095,False,False,False,True
N21000205,N21000221,4,7,27396,22550,4694.807954397433,False,False,False,True
N21000205,N21000222,4,4,27396,11993,2207.182661498485,False,False,False,True
N21000205,N21000223,4,4,27396,22810,1639.5268547703595,False,False,False,True
N21000205,N21000224,4,5,27396,15583,2785.1873298221317,False,False,False,True
N21000205,N21000225,4,8,27396,25527,2108.3046871523397,False,False,False,True
N21000205,N21000226,4,11,27396,7766,1538.1222766706082,False,False,False,True
N21000205,N21000230,4,8,27396,5611,3014.6822219850196,False,False,False,True
N21000205,N21000231,4,2,27396,16315,3883.5769164967146,False,False,False,True
N21000205,N21000232,4,1,27396,26582,2509.996456814927,False,False,False,True
N21000205,N21000236,4,1,27396,20050,1855.160504990258,False,False,False,True
N21000205,N21000237,4,6,27396,5957,1738.2794798415975,False,False,False,True
N21000205,N21000239,4,1,27396,22166,2177.270993642585,False,False,False,True
N21000205,N21000240,4,13,27396,17764,2729.108546482094,False,False,False,True
N21000205,N21000243,4,1,27396,1454,2938.694785881763,False,False,False,True
N21000205,N21000245,4,1,27396,8653,4137.76885037715,False,False,False,True
N21000205,N21000249,4,2,27396,28796,4457.668487283827,False,False,False,True
N21000205,N21000251,4,61,27396,15928,3102.2809625627015,False,False,False,True
N21000205,N21000252,4,22,27396,6604,2149.31891271042,False,False,False,True
N21000205,N21000253,4,13,27396,7436,3246.86272780207,False,False,False,True
N21000205,N21000254,4,10,27396,17102,3015.0547008407516,False,False,False,True
N21000205,N21000256,4,9,27396,24260,4174.613175392372,False,False,False,True
N21000205,N21000258,4,4,27396,27783,3861.7559251831217,False,False,False,True
N21000205,N21000261,4,1,27396,1844,4611.065474193312,False,False,False,True
N21000205,N21000263,4,3,27396,6770,2942.1631160053093,False,False,False,True
N21000205,N21000264,4,6,27396,24247,4453.450015657571,False,False,False,True
N21000205,N21000265,4,2,27396,27041,5110.414150910485,False,False,False,True
N21000205,N21000266,4,1,27396,18253,5088.666811283579,False,False,False,True
N21000205,N21000267,4,1,27396,21949,3761.24912663324,False,False,False,True
N21000205,N21000268,4,8,27396,1126,6253.363944000534,False,False,False,True
N21000205,N21000270,4,4,27396,1364,5428.113687958626,False,False,False,True
N21000205,N21000271,4,1,27396,15197,4998.973142519128,False,False,False,True
N21000205,N21000274,4,2,27396,391,7671.648726299908,False,False,False,True
N21000205,N21000275,4,1,27396,24042,7587.588812266121,False,False,False,True
N21000205,N21000277,4,3,27396,6659,7163.862158501528,False,False,False,True
N21000205,N21000278,4,1,27396,25468,6858.969430658651,False,False,False,True
N21000205,N21000283,4,1,27396,9205,9158.433532065941,False,False,False,True
N21000205,N21000303,4,1,27396,6397,5143.504753129322,False,False,False,True
N21000205,N21000305,4,1,27396,6602,6192.862270005494,False,False,False,True
N21000205,N21000308,4,2,27396,13508,7647.073372077856,False,False,False,True
N21000205,N21000309,4,8,27396,2721,7045.989708703616,False,False,False,True
N21000205,N21000315,4,1,27396,2055,8196.864998526424,False,False,False,True
N21000205,N21000325,4,1,27396,14225,3952.6585115430616,False,False,False,True
N21000205,N21000326,4,1,27396,3406,6701.331111754227,False,False,False,True
N21000205,N21000328,4,3,27396,25177,4760.765406420499,False,False,False,True
N21000205,N21000331,4,2,27396,13387,4402.022210317038,False,False,False,True
N21000205,N21000332,4,1,27396,23473,6023.305508510598,False,False,False,True
N21000205,N21000334,4,1,27396,27702,3937.1480228395008,False,False,False,True
N21000205,N21000335,4,13,27396,18611,4651.79779207897,False,False,False,True
N21000206,N21000161,4,2,4787,4145,9519.712302855625,False,False,False,True
N21000206,N21000175,4,4,4787,27201,5074.079211516847,False,False,False,True
N21000206,N21000188,4,1,4787,9768,6250.839078287781,False,False,False,True
N21000206,N21000192,4,21,4787,17614,6979.748617723369,False,False,False,True
N21000206,N21000193,4,1,4787,24443,6103.860697818713,False,False,False,True
N21000206,N21000195,4,3,4787,22584,5115.67523096697,False,False,False,True
N21000206,N21000197,4,7,4787,11265,4848.790908251595,False,False,False,True
N21000206,N21000198,4,6,4787,15611,3389.778593651198,False,False,False,True
N21000206,N21000199,4,2,4787,8027,1631.499886777108,False,False,False,True
N21000206,N21000200,4,2,4787,16344,973.7354060365898,False,False,False,True
N21000206,N21000201,4,1,4787,24818,1186.2657086956012,False,False,False,True
N21000206,N21000202,4,6,4787,15786,1484.5632993766992,False,False,False,True
N21000206,N21000204,4,3,4787,26239,2160.1673816358743,False,False,False,True
N21000206,N21000205,4,9,4787,27396,892.95829699052,False,False,False,True
N21000206,N21000207,4,4,4787,26051,1575.7862764426195,False,False,False,True
N21000206,N21000208,4,3,4787,5457,1527.8519502689674,False,False,False,True
N21000206,N21000209,4,5,4787,9382,2441.874414175747,False,False,False,True
N21000206,N21000213,4,1,4787,9502,1709.2644764448744,False,False,False,True
N21000206,N21000216,4,2,4787,14179,2146.636604804068,False,False,False,True
N21000206,N21000217,4,1,4787,19481,2515.000786148604,False,False,False,True
N21000206,N21000219,4,6,4787,2333,3226.601195025924,False,False,False,True
N21000206,N21000220,4,3,4787,9614,2938.094831022331,False,False,False,True
N21000206,N21000221,4,16,4787,22550,3877.142385206152,False,False,False,True
N21000206,N21000222,4,4,4787,11993,1638.756577215419,False,False,False,True
N21000206,N21000223,4,2,4787,22810,1045.5612538794503,False,False,False,True
N21000206,N21000224,4,7,4787,15583,2191.2217289312234,False,False,False,True
N21000206,N21000225,4,4,4787,25527,1290.63911796106,False,False,False,True
N21000206,N21000231,4,2,4787,16315,3182.2250800377133,False,False,False,True
N21000206,N21000232,4,1,4787,26582,2282.4427505076765,False,False,False,True
N21000206,N21000233,4,2,4787,19725,2130.0906550506616,False,False,False,True
N21000206,N21000234,4,1,4787,14610,3664.42930453837,False,False,False,True
N21000206,N21000236,4,1,4787,20050,2104.177667513725,False,False,False,True
N21000206,N21000237,4,4,4787,5957,1785.9315489955693,False,False,False,True
N21000206,N21000239,4,3,4787,22166,2426.288156166052,False,False,False,True
N21000206,N21000240,4,5,4787,17764,2856.6733731115382,False,False,False,True
N21000206,N21000241,4,2,4787,20619,3346.8152965440577,False,False,False,True
N21000206,N21000244,4,1,4787,16707,3560.168623345874,False,False,False,True
N21000206,N21000245,4,1,4787,8653,4484.10407320102,False,False,False,True
N21000206,N21000248,4,1,4787,14259,3905.3890037110664,False,False,False,True
N21000206,N21000249,4,1,4787,28796,4690.420588504396,False,False,False,True
N21000206,N21000251,4,46,4787,15928,3749.309786604461,False,False,False,True
N21000206,N21000252,4,14,4787,6604,2796.34773675218,False,False,False,True
N21000206,N21000253,4,10,4787,7436,3893.89155184383,False,False,False,True
N21000206,N21000254,4,4,4787,17102,3662.083524882512,False,False,False,True
N21000206,N21000256,4,4,4787,24260,4821.641999434131,False,False,False,True
N21000206,N21000258,4,4,4787,27783,4508.78474922488,False,False,False,True
N21000206,N21000259,4,2,4787,15492,4270.547312299242,False,False,False,True
N21000206,N21000263,4,1,4787,6770,3355.3608687408387,False,False,False,True
N21000206,N21000264,4,2,4787,24247,5100.478839699334,False,False,False,True
N21000206,N21000268,4,6,4787,1126,6900.392768042293,False,False,False,True
N21000206,N21000270,4,1,4787,1364,6075.142512000384,False,False,False,True
N21000206,N21000271,4,1,4787,15197,5412.170895254656,False,False,False,True
N21000206,N21000273,4,2,4787,2383,7104.353665831663,False,False,False,True
N21000206,N21000274,4,2,4787,391,8318.677550341667,False,False,False,True
N21000206,N21000278,4,1,4787,25468,7272.167183394179,False,False,False,True
N21000206,N21000279,4,3,4787,4115,9036.846842508829,False,False,False,True
N21000206,N21000301,4,2,4787,22078,7710.78605945559,False,False,False,True
N21000206,N21000307,4,1,4787,2710,7605.69082783329,False,False,False,True
N21000206,N21000309,4,1,4787,2721,7693.0185327453755,False,False,False,True
N21000206,N21000310,4,1,4787,15134,9108.468696850177,False,False,False,True
N21000206,N21000324,4,2,4787,25636,6530.332515858033,False,False,False,True
N21000206,N21000325,4,1,4787,14225,4553.546863420717,False,False,False,True
N21000206,N21000329,4,1,4787,7369,4248.889257007113,False,False,False,True
N21000206,N21000330,4,1,4787,3126,7203.870799662937,False,False,False,True
N21000206,N21000332,4,1,4787,23473,6670.334332552357,False,False,False,True
N21000206,N21000333,4,2,4787,3340,5585.536314607041,False,False,False,True
N21000206,N21000335,4,20,4787,18611,5298.826616120729,False,False,False,True
N21000207,N21000166,4,1,26051,23646,6546.794596173851,False,False,False,True
N21000207,N21000167,4,1,26051,23946,5076.218971965127,False,False,False,True
N21000207,N21000175,4,3,26051,27201,3840.5485244065794,False,False,False,True
N21000207,N21000186,4,1,26051,13768,5777.944701578804,False,False,False,True
N21000207,N21000192,4,23,26051,17614,5766.209539724002,False,False,False,True
N21000207,N21000194,4,1,26051,25109,4391.234754757336,False,False,False,True
N21000207,N21000197,4,15,26051,11265,4487.6727021229635,False,False,False,True
N21000207,N21000198,4,16,26051,15611,2442.175666120433,False,False,False,True
N21000207,N21000199,4,1,26051,8027,2289.385355171706,False,False,False,True
N21000207,N21000201,4,2,26051,24818,1275.2247465772562,False,False,False,True
N21000207,N21000202,4,4,26051,15786,1135.0257890944283,False,False,False,True
N21000207,N21000203,4,2,26051,15685,1574.5830066224396,False,False,False,True
N21000207,N21000205,4,10,26051,27396,928.75745240086,False,False,False,True
N21000207,N21000209,4,2,26051,9382,866.0881377331274,False,False,False,True
N21000207,N21000210,4,3,26051,23126,1337.7908471607404,False,False,False,True
N21000207,N21000214,4,1,26051,55,864.8218513830702,False,False,False,True
N21000207,N21000216,4,9,26051,14179,1734.8717146139638,False,False,False,True
N21000207,N21000219,4,1,26051,2333,4292.293359895978,False,False,False,True
N21000207,N21000220,4,10,26051,9614,4003.7869958923848,False,False,False,True
N21000207,N21000221,4,5,26051,22550,5377.6359338495295,False,False,False,True
N21000207,N21000222,4,1,26051,11993,2869.37079930266,False,False,False,True
N21000207,N21000223,4,1,26051,22810,2301.714992574536,False,False,False,True
N21000207,N21000224,4,2,26051,15583,3447.375467626308,False,False,False,True
N21000207,N21000225,4,5,26051,25527,2791.1326666044374,False,False,False,True
N21000207,N21000226,4,5,26051,7766,2220.9502561227064,False,False,False,True
N21000207,N21000230,4,2,26051,5611,3794.051885769037,False,False,False,True
N21000207,N21000236,4,1,26051,20050,1442.347112703824,False,False,False,True
N21000207,N21000237,4,3,26051,5957,2480.4485297018327,False,False,False,True
N21000207,N21000239,4,2,26051,22166,1476.0481336476641,False,False,False,True
N21000207,N21000240,4,9,26051,17764,2439.759306461643,False,False,False,True
N21000207,N21000242,4,2,26051,13928,3208.8915516323113,False,False,False,True
N21000207,N21000248,4,1,26051,14259,3171.0046197781853,False,False,False,True
N21000207,N21000249,4,1,26051,28796,3528.911034882965,False,False,False,True
N21000207,N21000251,4,64,26051,15928,2173.5235101618428,False,False,False,True
N21000207,N21000252,4,15,26051,6604,1220.5614603095605,False,False,False,True
N21000207,N21000253,4,10,26051,7436,2318.1052754012107,False,False,False,True
N21000207,N21000254,4,4,26051,17102,2086.2972484398906,False,False,False,True
N21000207,N21000256,4,8,26051,24260,3245.8557229915123,False,False,False,True
N21000207,N21000258,4,9,26051,27783,2932.998472782263,False,False,False,True
N21000207,N21000259,4,3,26051,15492,2694.7610358566208,False,False,False,True
N21000207,N21000260,4,1,26051,17259,4017.7443676917846,False,False,False,True
N21000207,N21000263,4,2,26051,6770,2013.405663604449,False,False,False,True
N21000207,N21000264,4,4,26051,24247,3524.692563256711,False,False,False,True
N21000207,N21000265,4,2,26051,27041,4181.656698509622,False,False,False,True
N21000207,N21000266,4,4,26051,18253,4159.909358882719,False,False,False,True
N21000207,N21000268,4,11,26051,1126,5324.606491599672,False,False,False,True
N21000207,N21000270,4,4,26051,1364,4499.356235557762,False,False,False,True
N21000207,N21000274,4,6,26051,391,6742.8912738990475,False,False,False,True
N21000207,N21000277,4,3,26051,6659,6235.1047061006675,False,False,False,True
N21000207,N21000278,4,2,26051,25468,5930.211978257791,False,False,False,True
N21000207,N21000280,4,1,26051,9328,7602.8772927724385,False,False,False,True
N21000207,N21000285,4,3,26051,4192,8596.535681297059,False,False,False,True
N21000207,N21000293,4,1,26051,25505,9247.631469399383,False,False,False,True
N21000207,N21000302,4,1,26051,6864,4966.695707929428,False,False,False,True
N21000207,N21000305,4,3,26051,6602,5264.104817604633,False,False,False,True
N21000207,N21000307,4,1,26051,2710,6029.90455139067,False,False,False,True
N21000207,N21000309,4,8,26051,2721,6117.232256302755,False,False,False,True
N21000207,N21000311,4,2,26051,2072,7292.189713176553,False,False,False,True
N21000207,N21000319,4,1,26051,20953,4535.363852001247,False,False,False,True
N21000207,N21000322,4,1,26051,3303,3711.1439982376364,False,False,False,True
N21000207,N21000325,4,1,26051,14225,3282.0250486995774,False,False,False,True
N21000207,N21000329,4,2,26051,7369,2977.3674422859735,False,False,False,True
N21000207,N21000331,4,3,26051,13387,3731.388747473554,False,False,False,True
N21000207,N21000332,4,2,26051,23473,5094.548056109737,False,False,False,True
N21000207,N21000334,4,1,26051,27702,3008.390570438642,False,False,False,True
N21000207,N21000335,4,10,26051,18611,3723.040339678113,False,False,False,True
N21000208,N21000163,4,1,5457,20140,6749.648365540032,False,False,False,True
N21000208,N21000172,4,1,5457,18162,4979.643128423884,False,False,False,True
N21000208,N21000174,4,1,5457,19652,5246.06778111031,False,False,False,True
N21000208,N21000175,4,1,5457,27201,4259.667511918341,False,False,False,True
N21000208,N21000178,4,2,5457,12747,3322.899733731841,False,False,False,True
N21000208,N21000187,4,1,5457,23892,6492.609573102034,False,False,False,True
N21000208,N21000192,4,20,5457,17614,6165.336918124866,False,False,False,True
N21000208,N21000195,4,2,5457,22584,4301.26353136847,False,False,False,True
N21000208,N21000197,4,14,5457,11265,4479.155188959354,False,False,False,True
N21000208,N21000198,4,22,5457,15611,2777.683374235448,False,False,False,True
N21000208,N21000199,4,2,5457,8027,2241.4510289980544,False,False,False,True
N21000208,N21000200,4,1,5457,16344,1776.5588637291464,False,False,False,True
N21000208,N21000202,4,5,5457,15786,1114.0332913788518,False,False,False,True
N21000208,N21000203,4,2,5457,15685,1526.6486804487877,False,False,False,True
N21000208,N21000204,4,4,5457,26239,1108.4620320217668,False,False,False,True
N21000208,N21000205,4,14,5457,27396,880.823126227208,False,False,False,True
N21000208,N21000206,4,2,5457,4787,1527.851950268967,False,False,False,True
N21000208,N21000209,4,1,5457,9382,1306.4752042384844,False,False,False,True
N21000208,N21000210,4,2,5457,23126,1358.4685336062319,False,False,False,True
N21000208,N21000211,4,1,5457,7197,1726.5989187275427,False,False,False,True
N21000208,N21000212,4,2,5457,26189,989.6435023441348,False,False,False,True
N21000208,N21000214,4,3,5457,55,1182.2265497226867,False,False,False,True
N21000208,N21000215,4,7,5457,25962,993.2980797707036,False,False,False,True
N21000208,N21000216,4,10,5457,14179,1970.5719095817162,False,False,False,True
N21000208,N21000218,4,2,5457,15318,1457.7588268721788,False,False,False,True
N21000208,N21000219,4,1,5457,2333,4244.359033722326,False,False,False,True
N21000208,N21000220,4,6,5457,9614,3955.8526697187326,False,False,False,True
N21000208,N21000221,4,3,5457,22550,5329.701607675878,False,False,False,True
N21000208,N21000222,4,2,5457,11993,2821.4364731290084,False,False,False,True
N21000208,N21000223,4,3,5457,22810,2253.780666400884,False,False,False,True
N21000208,N21000224,4,3,5457,15583,3399.4411414526558,False,False,False,True
N21000208,N21000225,4,4,5457,25527,2743.198340430786,False,False,False,True
N21000208,N21000226,4,7,5457,7766,2173.0159299490547,False,False,False,True
N21000208,N21000230,4,4,5457,5611,3746.1175595953855,False,False,False,True
N21000208,N21000231,4,1,5457,16315,4615.0122541070805,False,False,False,True
N21000208,N21000233,4,1,5457,19725,3462.014659679152,False,False,False,True
N21000208,N21000237,4,5,5457,5957,2536.55565218186,False,False,False,True
N21000208,N21000239,4,4,5457,22166,1793.452831987281,False,False,False,True
N21000208,N21000240,4,15,5457,17764,2704.729520429543,False,False,False,True
N21000208,N21000242,4,2,5457,13928,3444.591746600064,False,False,False,True
N21000208,N21000244,4,1,5457,16707,3408.2247706638786,False,False,False,True
N21000208,N21000245,4,1,5457,8653,3533.1955091422137,False,False,False,True
N21000208,N21000247,4,2,5457,18676,4548.821073316803,False,False,False,True
N21000208,N21000248,4,1,5457,14259,3488.4093181178027,False,False,False,True
N21000208,N21000250,4,1,5457,4849,4086.0018971675945,False,False,False,True
N21000208,N21000251,4,25,5457,15928,2613.9105766672,False,False,False,True
N21000208,N21000252,4,9,5457,6604,1660.9485268149176,False,False,False,True
N21000208,N21000253,4,8,5457,7436,2758.492341906568,False,False,False,True
N21000208,N21000254,4,2,5457,17102,2526.684314945249,False,False,False,True
N21000208,N21000256,4,3,5457,24260,3686.2427894968696,False,False,False,True
N21000208,N21000258,4,4,5457,27783,3373.3855392876194,False,False,False,True
N21000208,N21000260,4,1,5457,17259,4458.131434197142,False,False,False,True
N21000208,N21000261,4,1,5457,1844,4122.69508829781,False,False,False,True
N21000208,N21000263,4,1,5457,6770,2337.589774770375,False,False,False,True
N21000208,N21000264,4,2,5457,24247,3965.079629762068,False,False,False,True
N21000208,N21000266,4,2,5457,18253,4600.296425388076,False,False,False,True
N21000208,N21000267,4,3,5457,21949,3156.6757853983054,False,False,False,True
N21000208,N21000268,4,7,5457,1126,5764.993558105032,False,False,False,True
N21000208,N21000272,4,1,5457,20779,5419.389145265664,False,False,False,True
N21000208,N21000273,4,2,5457,2383,6086.5825718612,False,False,False,True
N21000208,N21000274,4,4,5457,391,7183.278340404406,False,False,False,True
N21000208,N21000275,4,1,5457,24042,7099.2184263706185,False,False,False,True
N21000208,N21000283,4,1,5457,9205,8553.860190831005,False,False,False,True
N21000208,N21000325,4,1,5457,14225,3722.412115204935,False,False,False,True
N21000208,N21000329,4,1,5457,7369,3417.7545087913313,False,False,False,True
N21000208,N21000335,4,9,5457,18611,4163.42740618347,False,False,False,True
N21000209,N21000177,4,1,9382,22862,2743.16111955415,False,False,False,True
N21000209,N21000181,4,1,9382,10525,6874.935882442543,False,False,False,True
N21000209,N21000184,4,1,9382,4165,5908.001813233139,False,False,False,True
N21000209,N21000188,4,3,9382,9768,4637.386796457132,False,False,False,True
N21000209,N21000192,4,19,9382,17614,5366.296335892718,False,False,False,True
N21000209,N21000195,4,5,9382,22584,3502.2229491363205,False,False,False,True
N21000209,N21000197,4,4,9382,11265,5079.619224445298,False,False,False,True
N21000209,N21000198,4,15,9382,15611,2302.970019396473,False,False,False,True
N21000209,N21000202,4,2,9382,15786,2001.1139268275556,False,False,False,True
N21000209,N21000205,4,7,9382,27396,1794.8455901339873,False,False,False,True
N21000209,N21000206,4,1,9382,4787,2441.874414175747,False,False,False,True
N21000209,N21000208,4,6,9382,5457,1306.4752042384844,False,False,False,True
N21000209,N21000210,4,3,9382,23126,1956.0777487754403,False,False,False,True
N21000209,N21000212,4,7,9382,26189,828.6846081128447,False,False,False,True
N21000209,N21000213,4,6,9382,9502,877.7508704244677,False,False,False,True
N21000209,N21000215,4,1,9382,25962,1242.3908771003291,False,False,False,True
N21000209,N21000216,4,6,9382,14179,2230.4255335928433,False,False,False,True
N21000209,N21000218,4,1,9382,15318,1018.599302724422,False,False,False,True
N21000209,N21000219,4,1,9382,2333,5158.381497629104,False,False,False,True
N21000209,N21000220,4,2,9382,9614,4869.875133625513,False,False,False,True
N21000209,N21000222,4,1,9382,11993,3735.458937035789,False,False,False,True
N21000209,N21000223,4,2,9382,22810,3167.803130307664,False,False,False,True
N21000209,N21000225,4,4,9382,25527,3657.2208043375663,False,False,False,True
N21000209,N21000226,4,3,9382,7766,3087.0383938558352,False,False,False,True
N21000209,N21000230,4,2,9382,5611,4614.607964485786,False,False,False,True
N21000209,N21000231,4,1,9382,16315,5483.502658997483,False,False,False,True
N21000209,N21000236,4,2,9382,20050,1764.49004560406,False,False,False,True
N21000209,N21000239,4,3,9382,22166,1422.251842918707,False,False,False,True
N21000209,N21000240,4,3,9382,17764,2591.628789916823,False,False,False,True
N21000209,N21000241,4,7,9382,20619,2070.574394853752,False,False,False,True
N21000209,N21000242,4,1,9382,13928,3704.445370611192,False,False,False,True
N21000209,N21000243,4,1,9382,1454,2483.7447120335064,False,False,False,True
N21000209,N21000244,4,1,9382,16707,3274.2115373105194,False,False,False,True
N21000209,N21000246,4,1,9382,1102,3033.328021032018,False,False,False,True
N21000209,N21000248,4,2,9382,14259,3322.874103233365,False,False,False,True
N21000209,N21000250,4,1,9382,4849,3920.4666822831573,False,False,False,True
N21000209,N21000251,4,52,9382,15928,1773.6103063305577,False,False,False,True
N21000209,N21000252,4,15,9382,6604,820.6482564782757,False,False,False,True
N21000209,N21000253,4,10,9382,7436,1918.1920715699257,False,False,False,True
N21000209,N21000254,4,7,9382,17102,1686.3840446086058,False,False,False,True
N21000209,N21000256,4,8,9382,24260,2845.9425191602277,False,False,False,True
N21000209,N21000258,4,12,9382,27783,2533.0852689509775,False,False,False,True
N21000209,N21000259,4,1,9382,15492,2294.8478320253366,False,False,False,True
N21000209,N21000261,4,1,9382,1844,3282.3948179611675,False,False,False,True
N21000209,N21000263,4,3,9382,6770,1247.8101888378385,False,False,False,True
N21000209,N21000264,4,8,9382,24247,3009.841494205589,False,False,False,True
N21000209,N21000267,4,1,9382,21949,2066.8961994657675,False,False,False,True
N21000209,N21000268,4,9,9382,1126,4924.693287768388,False,False,False,True
N21000209,N21000269,4,3,9382,1407,2303.430560311679,False,False,False,True
N21000209,N21000270,4,2,9382,1364,4058.7772435270613,False,False,False,True
N21000209,N21000272,4,1,9382,20779,4329.609559333127,False,False,False,True
N21000209,N21000274,4,4,9382,391,6342.978070067763,False,False,False,True
N21000209,N21000278,4,1,9382,25468,5164.61650349118,False,False,False,True
N21000209,N21000283,4,3,9382,9205,7464.080604898468,False,False,False,True
N21000209,N21000291,4,2,9382,23779,8777.259411510564,False,False,False,True
N21000209,N21000293,4,1,9382,25505,8847.718265568097,False,False,False,True
N21000209,N21000294,4,1,9382,22846,8357.463097946038,False,False,False,True
N21000209,N21000300,4,1,9382,5088,9183.674155505874,False,False,False,True
N21000209,N21000303,4,1,9382,6397,3814.8340968971775,False,False,False,True
N21000209,N21000307,4,3,9382,2710,5629.991347559388,False,False,False,True
N21000209,N21000308,4,1,9382,13508,6318.402715845713,False,False,False,True
N21000209,N21000309,4,2,9382,2721,5717.319052471473,False,False,False,True
N21000209,N21000310,4,1,9382,15134,7132.769216576271,False,False,False,True
N21000209,N21000319,4,1,9382,20953,4135.450648169962,False,False,False,True
N21000209,N21000321,4,1,9382,19488,4157.601881652897,False,False,False,True
N21000209,N21000327,4,1,9382,12871,4345.543597283181,False,False,False,True
N21000209,N21000329,4,1,9382,7369,2577.4542384546885,False,False,False,True
N21000209,N21000331,4,1,9382,13387,3331.4755436422683,False,False,False,True
N21000209,N21000332,4,2,9382,23473,4694.634852278454,False,False,False,True
N21000209,N21000334,4,1,9382,27702,2608.4773666073575,False,False,False,True
N21000209,N21000335,4,10,9382,18611,3323.1271358468284,False,False,False,True
N21000210,N21000167,4,1,23126,23946,6209.8642900000405,False,False,False,True
N21000210,N21000170,4,2,23126,23278,6873.681134800088,False,False,False,True
N21000210,N21000171,4,1,23126,18303,5704.067135159262,False,False,False,True
N21000210,N21000175,4,5,23126,27201,4974.193842441496,False,False,False,True
N21000210,N21000177,4,3,23126,22862,4262.4907775250085,False,False,False,True
N21000210,N21000181,4,1,23126,10525,8388.50279519784,False,False,False,True
N21000210,N21000187,4,1,23126,23892,7207.135903625187,False,False,False,True
N21000210,N21000190,4,1,23126,9490,6316.7791072015725,False,False,False,True
N21000210,N21000192,4,41,23126,17614,6879.863248648017,False,False,False,True
N21000210,N21000195,4,2,23126,22584,5015.789861891619,False,False,False,True
N21000210,N21000196,4,3,23126,8754,5049.979150568972,False,False,False,True
N21000210,N21000197,4,15,23126,11265,5002.528238170355,False,False,False,True
N21000210,N21000198,4,24,23126,15611,3439.453341691824,False,False,False,True
N21000210,N21000200,4,1,23126,16344,1609.2566259994649,False,False,False,True
N21000210,N21000202,4,5,23126,15786,1384.6779303013475,False,False,False,True
N21000210,N21000203,4,3,23126,15685,1227.2053235129804,False,False,False,True
N21000210,N21000204,4,2,23126,26239,1853.4056060487292,False,False,False,True
N21000210,N21000206,4,3,23126,4787,829.8432644145478,False,False,False,True
N21000210,N21000207,4,2,23126,26051,1337.7908471607402,False,False,False,True
N21000210,N21000208,4,13,23126,5457,1358.4685336062316,False,False,False,True
N21000210,N21000209,4,2,23126,9382,1956.07774877544,False,False,False,True
N21000210,N21000212,4,1,23126,26189,1486.7602123072782,False,False,False,True
N21000210,N21000213,4,5,23126,9502,1078.3268783509723,False,False,False,True
N21000210,N21000214,4,2,23126,55,1448.1058640239155,False,False,False,True
N21000210,N21000215,4,8,23126,25962,969.16122384166,False,False,False,True
N21000210,N21000216,4,11,23126,14179,1458.7130108585825,False,True,True,True
N21000210,N21000219,4,11,23126,2333,4056.44445944047,False,False,False,True
N21000210,N21000220,4,5,23126,9614,3767.938095436877,False,False,False,True
N21000210,N21000221,4,11,23126,22550,4631.69292182146,False,False,False,True
N21000210,N21000223,4,4,23126,22810,1850.0849828740193,False,False,False,True
N21000210,N21000224,4,7,23126,15583,2995.745457925791,False,False,False,True
N21000210,N21000225,4,5,23126,25527,2045.1896545763673,False,False,False,True
N21000210,N21000226,4,9,23126,7766,1378.8220478358437,False,False,True,True
N21000210,N21000228,4,1,23126,182,1224.8134554309286,False,True,True,True
N21000210,N21000230,4,3,23126,5611,2714.9805214291387,False,False,False,True
N21000210,N21000231,4,3,23126,16315,3583.8752159408336,False,False,False,True
N21000210,N21000233,4,1,23126,19725,2384.7498483393156,False,False,False,True
N21000210,N21000236,4,2,23126,20050,1473.240069419823,False,False,True,True
N21000210,N21000237,4,9,23126,5957,1301.7057913864169,False,True,True,True
N21000210,N21000239,4,1,23126,22166,1795.35055807215,False,False,True,True
N21000210,N21000240,4,6,23126,17764,2168.749779166053,False,False,False,True
N21000210,N21000242,4,1,23126,13928,2737.841271504217,False,False,False,True
N21000210,N21000243,4,4,23126,1454,2378.3360185657216,False,False,True,True
N21000210,N21000244,4,1,23126,16707,2872.245029400389,False,False,True,True
N21000210,N21000245,4,2,23126,8653,3853.166475107117,False,False,False,True
N21000210,N21000247,4,3,23126,18676,3842.0705982209556,False,False,False,True
N21000210,N21000249,4,2,23126,28796,4002.496994558909,False,False,False,True
N21000210,N21000251,4,67,23126,15928,3357.113537213175,False,False,False,True
N21000210,N21000252,4,25,23126,6604,2404.1514873608935,False,False,False,True
N21000210,N21000253,4,16,23126,7436,3501.6953024525433,False,False,False,True
N21000210,N21000254,4,11,23126,17102,3269.887275491225,False,False,False,True
N21000210,N21000255,4,1,23126,11696,4970.929021102372,False,False,False,True
N21000210,N21000256,4,8,23126,24260,4429.445750042844,False,False,False,True
N21000210,N21000258,4,7,23126,27783,4116.588499833595,False,False,False,True
N21000210,N21000261,4,1,23126,1844,4865.898048843786,False,False,False,True
N21000210,N21000263,4,3,23126,6770,2724.423270646937,False,False,False,True
N21000210,N21000264,4,13,23126,24247,4486.4545760146875,False,False,False,True
N21000210,N21000265,4,6,23126,27041,5365.246725560958,False,False,False,True
N21000210,N21000266,4,4,23126,18253,5343.499385934052,False,False,False,True
N21000210,N21000267,4,1,23126,21949,3543.5092812748676,False,False,False,True
N21000210,N21000268,4,16,23126,1126,6508.196518651006,False,False,False,True
N21000210,N21000270,4,3,23126,1364,5535.39032533616,False,False,False,True
N21000210,N21000271,4,1,23126,15197,4781.233297160756,False,False,True,True
N21000210,N21000272,4,2,23126,20779,5806.222641142227,False,False,True,True
N21000210,N21000273,4,1,23126,2383,6473.416067737763,False,False,False,True
N21000210,N21000274,4,6,23126,391,7926.481300950381,False,False,False,True
N21000210,N21000283,4,1,23126,9205,8940.69368670757,False,False,False,True
N21000210,N21000286,4,1,23126,16479,9328.608703734311,False,False,False,True
N21000210,N21000308,4,1,23126,13508,7901.90594672833,False,False,False,True
N21000210,N21000309,4,7,23126,2721,7300.8222833540885,False,False,False,True
N21000210,N21000316,4,1,23126,23306,7943.176453541168,False,False,False,True
N21000210,N21000324,4,2,23126,25636,6314.678827391403,False,False,False,True
N21000210,N21000325,4,1,23126,14225,4453.661494345364,False,False,False,True
N21000210,N21000328,4,1,23126,25177,5261.7683892228,False,False,False,True
N21000210,N21000329,4,1,23126,7369,4149.003887931762,False,False,False,True
N21000210,N21000331,4,1,23126,13387,4903.02519311934,False,False,False,True
N21000210,N21000335,4,9,23126,18611,4906.630366729443,False,False,False,True
N21000211,N21000165,4,1,7197,19703,7192.476817951247,False,False,False,True
N21000211,N21000170,4,1,7197,23278,7172.313472334014,False,False,False,True
N21000211,N21000172,4,1,7197,18162,5992.801796480959,False,False,False,True
N21000211,N21000175,4,4,7197,27201,5272.826179975422,False,False,False,True
N21000211,N21000177,4,2,7197,22862,4561.1231150589365,False,False,False,True
N21000211,N21000178,4,1,7197,12747,4336.058401788919,False,False,False,True
N21000211,N21000188,4,1,7197,9768,6449.586046746359,False,False,False,True
N21000211,N21000189,4,2,7197,4448,7057.38322484917,False,False,False,True
N21000211,N21000192,4,40,7197,17614,7178.495586181944,False,False,False,True
N21000211,N21000195,4,2,7197,22584,5314.422199425547,False,False,False,True
N21000211,N21000197,4,11,7197,11265,5151.600458588304,False,False,False,True
N21000211,N21000198,4,31,7197,15611,3588.525562109774,False,False,False,True
N21000211,N21000200,4,1,7197,16344,1664.3269472735494,False,False,False,True
N21000211,N21000201,4,1,7197,24818,1470.6821857154916,False,False,False,True
N21000211,N21000202,4,4,7197,15786,1683.3102678352748,False,False,False,True
N21000211,N21000203,4,3,7197,15685,1160.0103760161385,False,False,False,True
N21000211,N21000205,4,10,7197,27396,936.4506180770236,False,False,False,True
N21000211,N21000207,4,1,7197,26051,1774.533244901195,False,False,False,True
N21000211,N21000208,4,4,7197,5457,1726.598918727543,False,False,False,True
N21000211,N21000209,4,3,7197,9382,2466.866509826872,False,False,False,True
N21000211,N21000213,4,3,7197,9502,1589.1156394024042,False,False,False,True
N21000211,N21000214,4,1,7197,55,1958.8946250753474,False,False,True,True
N21000211,N21000215,4,2,7197,25962,1479.9499848930916,False,False,True,True
N21000211,N21000216,4,7,7197,14179,1567.6372902343546,False,False,True,True
N21000211,N21000218,4,1,7197,15318,2064.2043067341806,False,False,True,True
N21000211,N21000219,4,4,7197,2333,3989.2495119436285,False,False,False,True
N21000211,N21000220,4,4,7197,9614,3700.7431479400357,False,False,False,True
N21000211,N21000221,4,14,7197,22550,4200.336381954194,False,False,False,True
N21000211,N21000222,4,2,7197,11993,2048.9499330332856,False,False,False,True
N21000211,N21000223,4,2,7197,22810,1455.7546096973174,False,False,False,True
N21000211,N21000224,4,4,7197,15583,2601.415084749089,False,False,False,True
N21000211,N21000225,4,7,7197,25527,1613.833114709103,False,False,False,True
N21000211,N21000226,4,11,7197,7766,885.0737451303364,False,False,True,True
N21000211,N21000230,4,2,7197,5611,2221.232218723632,False,False,False,True
N21000211,N21000231,4,1,7197,16315,3090.126913235327,False,False,False,True
N21000211,N21000232,4,2,7197,26582,1811.3569799566071,False,False,True,True
N21000211,N21000235,4,1,7197,15632,3526.8254886682903,False,False,False,True
N21000211,N21000236,4,3,7197,20050,1720.738925072146,False,False,True,True
N21000211,N21000237,4,9,7197,5957,1135.7467707783874,False,False,True,True
N21000211,N21000239,4,1,7197,22166,2168.8411307759834,False,False,True,True
N21000211,N21000240,4,5,7197,17764,2212.601705275818,False,False,False,True
N21000211,N21000241,4,2,7197,20619,2702.7436287083374,False,False,True,True
N21000211,N21000242,4,2,7197,13928,2735.7356868797624,False,False,False,True
N21000211,N21000243,4,1,7197,1454,2422.187944675487,False,False,True,True
N21000211,N21000245,4,1,7197,8653,4084.8013378197334,False,False,True,True
N21000211,N21000247,4,3,7197,18676,3839.965013596501,False,False,False,True
N21000211,N21000248,4,2,7197,14259,3261.317335875346,False,False,True,True
N21000211,N21000249,4,1,7197,28796,4046.3489206686745,False,False,False,True
N21000211,N21000251,4,34,7197,15928,3867.9022982646075,False,False,False,True
N21000211,N21000252,4,20,7197,6604,2914.940248412326,False,False,False,True
N21000211,N21000253,4,15,7197,7436,4012.484063503976,False,False,False,True
N21000211,N21000254,4,2,7197,17102,3780.6760365426576,False,False,False,True
N21000211,N21000256,4,12,7197,24260,4940.234511094279,False,False,False,True
N21000211,N21000258,4,7,7197,27783,4627.377260885027,False,False,False,True
N21000211,N21000259,4,3,7197,15492,4389.139823959386,False,False,False,True
N21000211,N21000261,4,4,7197,1844,5376.686809895217,False,False,False,True
N21000211,N21000264,4,12,7197,24247,4997.24333706612,False,False,True,True
N21000211,N21000265,4,4,7197,27041,5876.035486612391,False,False,False,True
N21000211,N21000266,4,1,7197,18253,5854.288146985484,False,False,False,True
N21000211,N21000267,4,1,7197,21949,4054.2980423262993,False,False,True,True
N21000211,N21000268,4,6,7197,1126,7018.98527970244,False,False,False,True
N21000211,N21000270,4,4,7197,1364,6046.179086387591,False,False,False,True
N21000211,N21000273,4,2,7197,2383,6984.204828789195,False,False,False,True
N21000211,N21000274,4,4,7197,391,8437.270062001813,False,False,False,True
N21000211,N21000275,4,2,7197,24042,8353.210147968026,False,False,False,True
N21000211,N21000283,4,1,7197,9205,9451.482447759006,False,False,True,True
N21000211,N21000302,4,1,7197,6864,6661.074496032193,False,False,False,True
N21000211,N21000309,4,3,7197,2721,7811.611044405522,False,False,False,True
N21000211,N21000311,4,1,7197,2072,8986.568501279318,False,False,False,True
N21000211,N21000319,4,1,7197,20953,5967.641507570082,False,False,False,True
N21000211,N21000325,4,3,7197,14225,4752.293831879291,False,False,False,True
N21000211,N21000326,4,1,7197,3406,7500.966432090458,False,False,False,True
N21000211,N21000329,4,2,7197,7369,4447.636225465687,False,False,False,True
N21000211,N21000331,4,1,7197,13387,5201.657530653266,False,False,False,True
N21000211,N21000332,4,3,7197,23473,6788.926844212504,False,False,False,True
N21000211,N21000335,4,30,7197,18611,5417.419127780876,False,False,False,True
N21000212,N21000175,4,2,26189,27201,3834.4649157967715,False,False,False,True
N21000212,N21000186,4,2,26189,13768,5771.861092968996,False,False,False,True
N21000212,N21000188,4,2,26189,9768,5031.2163916786085,False,False,False,True
N21000212,N21000190,4,1,26189,9490,5197.041789667749,False,False,False,True
N21000212,N21000192,4,22,26189,17614,5760.125931114194,False,False,False,True
N21000212,N21000193,4,1,26189,24443,4864.24640209864,False,False,False,True
N21000212,N21000195,4,1,26189,22584,3896.0525443577967,False,False,False,True
N21000212,N21000197,4,8,26189,11265,5153.132093301173,False,False,False,True
N21000212,N21000198,4,13,26189,15611,2658.1817376387025,False,False,False,True
N21000212,N21000199,4,2,26189,8027,2954.8447463499174,False,False,False,True
N21000212,N21000202,4,1,26189,15786,1800.485180272638,False,False,False,True
N21000212,N21000203,4,1,26189,15685,2240.0423978006493,False,False,False,True
N21000212,N21000205,4,11,26189,27396,1594.2168435790695,False,False,False,True
N21000212,N21000206,4,2,26189,4787,2117.69781040118,False,False,False,True
N21000212,N21000208,4,7,26189,5457,989.6435023441347,False,False,False,True
N21000212,N21000209,4,4,26189,9382,828.6846081128447,False,False,False,True
N21000212,N21000210,4,2,26189,23126,1486.7602123072782,False,False,False,True
N21000212,N21000215,4,2,26189,25962,895.8064232679867,False,False,True,True
N21000212,N21000216,4,5,26189,14179,1883.8410797605015,False,False,True,True
N21000212,N21000218,4,1,26189,15318,900.664807314133,False,True,True,True
N21000212,N21000220,4,3,26189,9614,4669.246387070595,False,False,False,True
N21000212,N21000221,4,3,26189,22550,5919.547467808092,False,False,False,True
N21000212,N21000223,4,1,26189,22810,2967.1743837527465,False,False,False,True
N21000212,N21000225,4,2,26189,25527,3333.044200562999,False,False,False,True
N21000212,N21000226,4,2,26189,7766,2762.861790081268,False,False,False,True
N21000212,N21000230,4,4,26189,5611,4145.2904280176235,False,False,False,True
N21000212,N21000231,4,2,26189,16315,5014.18512252932,False,False,False,True
N21000212,N21000234,4,1,26189,14610,5496.389347029978,False,False,False,True
N21000212,N21000236,4,3,26189,20050,1426.1189937048534,False,True,True,True
N21000212,N21000237,4,9,26189,5957,2629.4178948483705,False,False,True,True
N21000212,N21000240,4,10,26189,17764,2253.257738017616,False,False,True,True
N21000212,N21000241,4,3,26189,20619,2311.1438055275657,False,True,True,True
N21000212,N21000243,4,2,26189,1454,2145.3736601342994,False,False,True,True
N21000212,N21000247,4,1,26189,18676,4462.090243495589,False,False,False,True
N21000212,N21000248,4,3,26189,14259,2984.5030513341585,False,False,True,True
N21000212,N21000249,4,4,26189,28796,3145.3920346146624,False,False,False,True
N21000212,N21000251,4,50,26189,15928,2167.4399015520344,False,False,False,True
N21000212,N21000252,4,18,26189,6604,1214.4778516997521,False,False,False,True
N21000212,N21000253,4,12,26189,7436,2312.0216667914024,False,False,False,True
N21000212,N21000254,4,9,26189,17102,2080.2136398300822,False,False,False,True
N21000212,N21000255,4,1,26189,11696,3781.2553854412317,False,False,False,True
N21000212,N21000256,4,5,26189,24260,3239.7721143817043,False,False,False,True
N21000212,N21000258,4,5,26189,27783,2926.914864172454,False,False,False,True
N21000212,N21000259,4,1,26189,15492,2688.677427246813,False,False,False,True
N21000212,N21000261,4,2,26189,1844,3676.224413182644,False,False,False,True
N21000212,N21000263,4,7,26189,6770,1629.886663336146,False,False,False,True
N21000212,N21000264,4,3,26189,24247,3391.917968703897,False,False,False,True
N21000212,N21000265,4,1,26189,27041,4175.5730898998145,False,False,False,True
N21000212,N21000266,4,7,26189,18253,4153.825750272911,False,False,False,True
N21000212,N21000267,4,2,26189,21949,2448.9726739640755,False,False,False,True
N21000212,N21000268,4,8,26189,1126,5318.522882989864,False,False,False,True
N21000212,N21000272,4,1,26189,20779,4711.6860338314345,False,False,False,True
N21000212,N21000274,4,3,26189,391,6736.80766528924,False,False,False,True
N21000212,N21000278,4,1,26189,25468,5546.692977989486,False,False,True,True
N21000212,N21000283,4,2,26189,9205,7846.157079396776,False,False,False,True
N21000212,N21000294,4,2,26189,22846,8751.292693167516,False,False,False,True
N21000212,N21000303,4,1,26189,6397,4208.663692118654,False,False,False,True
N21000212,N21000308,4,1,26189,13508,6712.232311067188,False,False,False,True
N21000212,N21000309,4,5,26189,2721,6111.148647692947,False,False,False,True
N21000212,N21000317,4,1,26189,25675,5176.827613626708,False,False,False,True
N21000212,N21000318,4,1,26189,29337,7097.037549248271,False,False,False,True
N21000212,N21000322,4,1,26189,3303,3705.0603896278285,False,False,False,True
N21000212,N21000323,4,2,26189,10135,4203.187984766787,False,False,False,True
N21000212,N21000324,4,1,26189,25636,5125.00519173026,False,False,False,True
N21000212,N21000325,4,2,26189,14225,3275.941440089769,False,False,False,True
N21000212,N21000329,4,2,26189,7369,2971.283833676165,False,False,False,True
N21000212,N21000332,4,1,26189,23473,5088.4644474999295,False,False,False,True
N21000212,N21000335,4,3,26189,18611,3716.956731068305,False,False,False,True
N21000213,N21000163,4,1,9502,20140,6645.307089816211,False,False,False,True
N21000213,N21000165,4,1,9502,19703,6074.976874170351,False,False,False,True
N21000213,N21000177,4,1,9502,22862,3457.852035173374,False,False,False,True
N21000213,N21000178,4,2,9502,12747,3218.558458008019,False,False,False,True
N21000213,N21000183,4,1,9502,14990,6547.445083209639,False,False,False,True
N21000213,N21000192,4,32,9502,17614,6080.98725151194,False,False,False,True
N21000213,N21000197,4,15,9502,11265,4956.65123402031,False,False,False,True
N21000213,N21000198,4,20,9502,15611,2852.226801722698,False,False,False,True
N21000213,N21000199,4,1,9502,8027,2758.3638870690534,False,False,False,True
N21000213,N21000200,4,1,9502,16344,2293.4717218001456,False,False,False,True
N21000213,N21000201,4,1,9502,24818,1744.2032784746032,False,False,False,True
N21000213,N21000202,4,4,9502,15786,1604.0043209917746,False,False,False,True
N21000213,N21000203,4,3,9502,15685,2043.5615385197866,False,False,False,True
N21000213,N21000204,4,4,9502,26239,984.593290785335,False,False,False,True
N21000213,N21000205,4,15,9502,27396,1397.7359842982064,False,False,False,True
N21000213,N21000206,4,3,9502,4787,1709.264476444874,False,False,False,True
N21000213,N21000209,4,2,9502,9382,877.7508704244677,False,False,False,True
N21000213,N21000210,4,4,9502,23126,1078.3268783509725,False,False,False,True
N21000213,N21000211,4,2,9502,7197,1589.115639402404,False,False,False,True
N21000213,N21000216,4,16,9502,14179,1352.6746631683761,False,False,True,True
N21000213,N21000219,4,4,9502,2333,4761.271891793324,False,False,False,True
N21000213,N21000220,4,8,9502,9614,4472.765527789733,False,False,False,True
N21000213,N21000221,4,2,9502,22550,5511.114133851785,False,False,False,True
N21000213,N21000223,4,8,9502,22810,2729.5061949043466,False,False,False,True
N21000213,N21000225,4,4,9502,25527,2924.6108666066925,False,False,False,True
N21000213,N21000226,4,7,9502,7766,2354.4284561249615,False,False,True,True
N21000213,N21000230,4,1,9502,5611,3736.8570940613176,False,False,False,True
N21000213,N21000232,4,1,9502,26582,3028.1309738999294,False,False,True,True
N21000213,N21000234,4,1,9502,14610,5087.956013073671,False,False,False,True
N21000213,N21000236,4,2,9502,20050,1060.1500612582365,False,True,True,True
N21000213,N21000237,4,6,9502,5957,2098.2514782562453,False,False,True,True
N21000213,N21000238,4,1,9502,26190,1430.3284385609177,False,False,False,True
N21000213,N21000239,4,2,9502,22166,1007.069601750318,False,True,True,True
N21000213,N21000240,4,15,9502,17764,1970.7807745642976,False,False,True,True
N21000213,N21000241,4,2,9502,20619,2028.6668420742467,False,True,True,True
N21000213,N21000242,4,1,9502,13928,2826.6945001867243,False,False,False,True
N21000213,N21000243,4,2,9502,1454,1862.89669668098,False,False,True,True
N21000213,N21000247,4,1,9502,18676,3930.923826903463,False,False,False,True
N21000213,N21000249,4,1,9502,28796,3094.7392336628222,False,False,False,True
N21000213,N21000251,4,62,9502,15928,2488.3012219497823,False,False,False,True
N21000213,N21000252,4,10,9502,6604,1535.3391720974998,False,False,False,True
N21000213,N21000253,4,8,9502,7436,2632.8829871891503,False,False,False,True
N21000213,N21000254,4,7,9502,17102,2401.0749602278306,False,False,False,True
N21000213,N21000256,4,3,9502,24260,3560.633434779452,False,False,False,True
N21000213,N21000258,4,5,9502,27783,3247.7761845702025,False,False,False,True
N21000213,N21000259,4,2,9502,15492,2980.4147817839143,False,False,False,True
N21000213,N21000263,4,4,9502,6770,1646.0963922959643,False,False,False,True
N21000213,N21000264,4,5,9502,24247,3408.1276976637146,False,False,False,True
N21000213,N21000265,4,2,9502,27041,4340.292472440393,False,False,False,True
N21000213,N21000266,4,1,9502,18253,4474.6870706706595,False,False,False,True
N21000213,N21000268,4,11,9502,1126,5639.3842033876135,False,False,False,True
N21000213,N21000269,4,1,9502,1407,2701.716763769805,False,False,False,True
N21000213,N21000272,4,2,9502,20779,4727.895762791253,False,False,True,True
N21000213,N21000273,4,1,9502,2383,5395.089189386789,False,False,False,True
N21000213,N21000274,4,2,9502,391,7057.668985686989,False,False,False,True
N21000213,N21000275,4,1,9502,24042,6973.609071653202,False,False,False,True
N21000213,N21000278,4,1,9502,25468,5562.902706949305,False,False,True,True
N21000213,N21000279,4,1,9502,4115,7775.838277854154,False,False,False,True
N21000213,N21000282,4,1,9502,4530,6984.284638973095,False,False,True,True
N21000213,N21000283,4,1,9502,9205,7862.366808356594,False,False,False,True
N21000213,N21000294,4,1,9502,22846,9072.154013565265,False,False,False,True
N21000213,N21000301,4,1,9502,22078,6449.777494800909,False,False,False,True
N21000213,N21000309,4,4,9502,2721,6432.009968090696,False,False,False,True
N21000213,N21000317,4,1,9502,25675,5497.688934024455,False,False,False,True
N21000213,N21000319,4,1,9502,20953,4850.141563789186,False,False,False,True
N21000213,N21000323,4,1,9502,10135,4524.049305164534,False,False,False,True
N21000213,N21000325,4,2,9502,14225,3596.8027604875174,False,False,False,True
N21000213,N21000329,4,3,9502,7369,3292.1451540739135,False,False,False,True
N21000213,N21000331,4,1,9502,13387,4046.1664592614943,False,False,False,True
N21000213,N21000332,4,1,9502,23473,5409.325767897677,False,False,False,True
N21000213,N21000334,4,1,9502,27702,3323.1682822265816,False,False,False,True
N21000213,N21000335,4,11,9502,18611,4037.8180514660526,False,False,False,True
N21000214,N21000167,4,2,55,23946,5520.240389688619,False,False,False,True
N21000214,N21000174,4,1,55,19652,5270.970211322041,False,False,False,True
N21000214,N21000175,4,3,55,27201,4284.569942130073,False,False,False,True
N21000214,N21000177,4,2,55,22862,3587.0957411089285,False,False,False,True
N21000214,N21000178,4,1,55,12747,3347.802163943573,False,False,False,True
N21000214,N21000184,4,1,55,4165,6751.936434787916,False,False,False,True
N21000214,N21000188,4,1,55,9768,5481.3214180119085,False,False,False,True
N21000214,N21000192,4,28,55,17614,6210.230957447494,False,False,False,True
N21000214,N21000195,4,1,55,22584,4346.157570691097,False,False,False,True
N21000214,N21000196,4,3,55,8754,4380.346859368449,False,False,False,True
N21000214,N21000197,4,6,55,11265,5352.494553506033,False,False,False,True
N21000214,N21000198,4,9,55,15611,3108.2867639720034,False,False,False,True
N21000214,N21000200,4,1,55,16344,2689.315041285871,False,False,False,True
N21000214,N21000202,4,4,55,15786,1999.8476404774983,False,False,False,True
N21000214,N21000203,4,1,55,15685,2439.4048580055105,False,False,False,True
N21000214,N21000204,4,3,55,26239,1247.3910322768343,False,False,False,True
N21000214,N21000205,4,3,55,27396,1793.57930378393,False,False,False,True
N21000214,N21000207,4,3,55,26051,864.8218513830702,False,False,False,True
N21000214,N21000208,4,5,55,5457,1182.2265497226867,False,False,False,True
N21000214,N21000209,4,2,55,9382,964.1860395967765,False,False,False,True
N21000214,N21000211,4,1,55,7197,1958.8946250753474,False,False,True,True
N21000214,N21000216,4,5,55,14179,1493.4635045113928,False,False,True,True
N21000214,N21000219,4,2,55,2333,5157.115211279047,False,False,False,True
N21000214,N21000220,4,3,55,9614,4868.608847275455,False,False,False,True
N21000214,N21000221,4,2,55,22550,5880.89311952473,False,False,False,True
N21000214,N21000224,4,2,55,15583,4244.945655629062,False,False,False,True
N21000214,N21000225,4,1,55,25527,3294.3898522796367,False,False,False,True
N21000214,N21000226,4,5,55,7766,2724.2074417979056,False,False,True,True
N21000214,N21000227,4,1,55,20156,4949.485993861004,False,False,False,True
N21000214,N21000230,4,1,55,5611,4106.636079734261,False,False,False,True
N21000214,N21000236,4,3,55,20050,874.4472009298423,False,True,True,True
N21000214,N21000237,4,3,55,5957,2239.040319599262,False,False,True,True
N21000214,N21000240,4,11,55,17764,1701.5859452426052,False,False,True,True
N21000214,N21000241,4,2,55,20619,1759.4720127525543,False,True,True,True
N21000214,N21000243,4,1,55,1454,1593.7018673592872,False,False,True,True
N21000214,N21000245,4,1,55,8653,2772.6129289499736,False,False,False,True
N21000214,N21000247,4,3,55,18676,4071.7126682464796,False,False,False,True
N21000214,N21000248,4,1,55,14259,2432.831258559146,False,False,True,True
N21000214,N21000249,4,1,55,28796,3092.5125658566503,False,False,False,True
N21000214,N21000251,4,61,55,15928,2617.5449278853357,False,False,False,True
N21000214,N21000252,4,8,55,6604,1664.5828780330537,False,False,False,True
N21000214,N21000253,4,13,55,7436,2762.126693124704,False,False,False,True
N21000214,N21000254,4,5,55,17102,2530.3186661633845,False,False,False,True
N21000214,N21000256,4,3,55,24260,3689.877140715006,False,False,False,True
N21000214,N21000258,4,6,55,27783,3377.019890505756,False,False,False,True
N21000214,N21000260,4,1,55,17259,4461.7657854152785,False,False,False,True
N21000214,N21000261,4,1,55,1844,4126.329439515946,False,False,False,True
N21000214,N21000263,4,4,55,6770,1685.4768002363196,False,False,False,True
N21000214,N21000264,4,6,55,24247,3447.50810560407,False,False,False,True
N21000214,N21000265,4,2,55,27041,4379.672880380748,False,False,False,True
N21000214,N21000266,4,1,55,18253,4603.930776606213,False,False,False,True
N21000214,N21000268,4,9,55,1126,5768.627909323168,False,False,False,True
N21000214,N21000270,4,3,55,1364,4496.443854925542,False,False,False,True
N21000214,N21000271,4,2,55,15197,3742.2868267501367,False,False,True,True
N21000214,N21000272,4,1,55,20779,4767.2761707316085,False,False,True,True
N21000214,N21000273,4,2,55,2383,5434.469597327144,False,False,False,True
N21000214,N21000274,4,1,55,391,7186.912691622542,False,False,False,True
N21000214,N21000283,4,1,55,9205,7901.74721629695,False,False,False,True
N21000214,N21000284,4,1,55,16991,8842.912047036156,False,False,False,True
N21000214,N21000285,4,1,55,4192,8268.606817928929,False,False,True,True
N21000214,N21000305,4,1,55,6602,5708.126235328127,False,False,False,True
N21000214,N21000309,4,7,55,2721,6561.2536740262485,False,False,False,True
N21000214,N21000315,4,2,55,2055,7712.128963849056,False,False,False,True
N21000214,N21000319,4,1,55,20953,4979.3852697247385,False,False,False,True
N21000214,N21000329,4,1,55,7369,3421.3888600094674,False,False,False,True
N21000214,N21000332,4,2,55,23473,5538.56947383323,False,False,False,True
N21000214,N21000335,4,9,55,18611,4167.061757401606,False,False,False,True
N21000215,N21000175,4,1,25962,27201,4433.184762418622,False,False,False,True
N21000215,N21000192,4,14,25962,17614,6358.8457777360445,False,False,False,True
N21000215,N21000195,4,1,25962,22584,4494.772390979646,False,False,False,True
N21000215,N21000196,4,1,25962,8754,4528.961679656998,False,False,False,True
N21000215,N21000197,4,8,25962,11265,5226.471496798551,False,False,False,True
N21000215,N21000198,4,12,25962,15611,3130.085327946801,False,False,False,True
N21000215,N21000199,4,1,25962,8027,2843.203854460305,False,False,False,True
N21000215,N21000200,4,1,25962,16344,2378.3116891913974,False,False,False,True
N21000215,N21000202,4,1,25962,15786,1771.482824989667,False,False,False,True
N21000215,N21000203,4,5,25962,15685,1997.4608810339944,False,False,False,True
N21000215,N21000205,4,6,25962,27396,1351.0816594120945,False,False,False,True
N21000215,N21000208,4,3,25962,5457,993.2980797707036,False,False,False,True
N21000215,N21000209,4,3,25962,9382,1242.3908771003296,False,False,False,True
N21000215,N21000210,4,3,25962,23126,969.16122384166,False,False,False,True
N21000215,N21000211,4,2,25962,7197,1479.9499848930918,False,False,True,True
N21000215,N21000216,4,12,25962,14179,988.0346564925148,False,False,True,True
N21000215,N21000219,4,2,25962,2333,4826.700016961483,False,False,False,True
N21000215,N21000220,4,3,25962,9614,4538.193652957892,False,False,False,True
N21000215,N21000221,4,6,25962,22550,5401.948479342473,False,False,False,True
N21000215,N21000223,4,1,25962,22810,2620.3405403950337,False,False,False,True
N21000215,N21000225,4,3,25962,25527,2815.4452120973806,False,False,False,True
N21000215,N21000226,4,4,25962,7766,2245.2628016156496,False,False,True,True
N21000215,N21000227,4,1,25962,20156,4470.541353678748,False,False,False,True
N21000215,N21000229,4,1,25962,15164,5169.409513958692,False,False,False,True
N21000215,N21000230,4,4,25962,5611,3627.6914395520052,False,False,False,True
N21000215,N21000237,4,2,25962,5957,1733.6114715803837,False,False,True,True
N21000215,N21000239,4,2,25962,22166,854.9611085217703,False,False,True,True
N21000215,N21000240,4,13,25962,17764,1722.1922673403424,False,False,True,True
N21000215,N21000241,4,3,25962,20619,1876.558348845699,False,False,True,True
N21000215,N21000242,4,2,25962,13928,2462.0544935108633,False,False,False,True
N21000215,N21000243,4,1,25962,1454,1710.788203452432,False,False,True,True
N21000215,N21000247,4,1,25962,18676,3566.2838202276025,False,False,False,True
N21000215,N21000249,4,1,25962,28796,3334.9491794456208,False,False,False,True
N21000215,N21000250,4,1,25962,4849,3147.5101737020836,False,False,False,True
N21000215,N21000251,4,35,25962,15928,2766.1597481738845,False,False,False,True
N21000215,N21000252,4,18,25962,6604,1813.197698321603,False,False,False,True
N21000215,N21000253,4,6,25962,7436,2910.741513413253,False,False,False,True
N21000215,N21000254,4,2,25962,17102,2678.933486451934,False,False,False,True
N21000215,N21000258,4,3,25962,27783,3525.6347107943047,False,False,False,True
N21000215,N21000259,4,1,25962,15492,3287.3972738686634,False,False,False,True
N21000215,N21000260,4,1,25962,17259,4610.380605703827,False,False,False,True
N21000215,N21000264,4,4,25962,24247,3772.767704339576,False,False,True,True
N21000215,N21000265,4,1,25962,27041,4704.932479116254,False,False,False,True
N21000215,N21000267,4,1,25962,21949,2829.822409599756,False,False,False,True
N21000215,N21000268,4,8,25962,1126,5917.242729611717,False,False,False,True
N21000215,N21000269,4,1,25962,1407,3011.19982577907,False,False,True,True
N21000215,N21000270,4,2,25962,1364,4821.703453661049,False,False,False,True
N21000215,N21000274,4,6,25962,391,7335.52751191109,False,False,False,True
N21000215,N21000278,4,3,25962,25468,5927.542713625168,False,False,True,True
N21000215,N21000283,4,2,25962,9205,8227.006815032457,False,False,True,True
N21000215,N21000305,4,1,25962,6602,5856.741055616676,False,False,False,True
N21000215,N21000309,4,2,25962,2721,6709.868494314797,False,False,False,True
N21000215,N21000316,4,1,25962,23306,7378.588650061109,False,False,False,True
N21000215,N21000323,4,1,25962,10135,4801.907831388636,False,False,False,True
N21000215,N21000324,4,1,25962,25636,5723.725038352111,False,False,False,True
N21000215,N21000329,4,2,25962,7369,3570.003680298016,False,False,False,True
N21000215,N21000334,4,1,25962,27702,3601.026808450684,False,False,False,True
N21000215,N21000335,4,6,25962,18611,4315.676577690155,False,False,False,True
N21000216,N21000172,4,1,14179,18162,6141.195035416675,False,False,False,True
N21000216,N21000178,4,1,14179,12747,4484.451640724635,False,False,False,True
N21000216,N21000189,4,1,14179,4448,7205.776463784886,False,False,False,True
N21000216,N21000192,4,20,14179,17614,7346.880434228559,False,False,False,True
N21000216,N21000195,4,1,14179,22584,5482.807047472161,False,False,False,True
N21000216,N21000197,4,9,14179,11265,6205.4749636036495,False,False,False,True
N21000216,N21000198,4,8,14179,15611,4118.119984439316,False,False,False,True
N21000216,N21000199,4,1,14179,8027,3496.3492671358613,False,False,False,True
N21000216,N21000200,4,1,14179,16344,3031.4571018669535,False,False,False,True
N21000216,N21000202,4,2,14179,15786,2568.0862724779695,False,False,False,True
N21000216,N21000203,4,4,14179,15685,2503.9569261192473,False,False,False,True
N21000216,N21000204,4,1,14179,26239,2250.486473501953,False,False,False,True
N21000216,N21000205,4,6,14179,27396,2019.0717781746241,False,False,False,True
N21000216,N21000207,4,1,14179,26051,1734.871714613964,False,False,False,True
N21000216,N21000208,4,4,14179,5457,1970.5719095817165,False,False,False,True
N21000216,N21000209,4,1,14179,9382,2230.425533592844,False,False,False,True
N21000216,N21000211,4,4,14179,7197,1567.6372902343549,False,False,True,True
N21000216,N21000212,4,1,14179,26189,1883.8410797605018,False,False,True,True
N21000216,N21000213,4,3,14179,9502,1352.6746631683764,False,False,True,True
N21000216,N21000215,4,2,14179,25962,988.0346564925147,False,False,True,True
N21000216,N21000217,4,1,14179,19481,1761.038380119115,False,False,True,True
N21000216,N21000219,4,3,14179,2333,5253.625503402651,False,False,False,True
N21000216,N21000221,4,13,14179,22550,5461.823258460284,False,False,False,True
N21000216,N21000224,4,1,14179,15583,3862.9019612551792,False,False,False,True
N21000216,N21000225,4,3,14179,25527,2875.3199912151917,False,False,False,True
N21000216,N21000226,4,6,14179,7766,2146.560621636426,False,False,True,True
N21000216,N21000230,4,4,14179,5611,3419.901992655013,False,False,False,True
N21000216,N21000237,4,11,14179,5957,1354.9680367212354,True,True,True,True
N21000216,N21000239,4,1,14179,22166,1210.5950621749953,False,False,True,True
N21000216,N21000240,4,15,14179,17764,1518.9199050380253,False,False,True,True
N21000216,N21000241,4,1,14179,20619,2009.0618284705445,False,False,True,True
N21000216,N21000242,4,2,14179,13928,2256.843035041811,False,False,False,True
N21000216,N21000243,4,1,14179,1454,1728.5061444376936,False,False,True,True
N21000216,N21000245,4,1,14179,8653,3391.119537581941,False,False,True,True
N21000216,N21000247,4,4,14179,18676,3361.07236175855,False,False,False,True
N21000216,N21000248,4,1,14179,14259,2567.635535637552,False,False,True,True
N21000216,N21000251,4,43,14179,15928,3754.1944046663984,False,False,False,True
N21000216,N21000252,4,17,14179,6604,2801.2323548141176,False,False,False,True
N21000216,N21000253,4,12,14179,7436,3898.7761699057673,False,False,False,True
N21000216,N21000256,4,3,14179,24260,4826.526617496069,False,False,False,True
N21000216,N21000258,4,5,14179,27783,4513.669367286819,False,False,False,True
N21000216,N21000259,4,3,14179,15492,3958.509417008504,False,False,False,True
N21000216,N21000261,4,1,14179,1844,5220.535903086515,False,False,False,True
N21000216,N21000263,4,4,14179,6770,2993.713954524155,False,False,True,True
N21000216,N21000264,4,6,14179,24247,4386.222332888305,False,False,True,True
N21000216,N21000265,4,4,14179,27041,5163.7146911132795,False,False,False,True
N21000216,N21000266,4,1,14179,18253,5569.2105089724255,False,False,False,True
N21000216,N21000267,4,1,14179,21949,3368.224800634935,False,False,True,True
N21000216,N21000268,4,4,14179,1126,6905.27738610423,False,False,False,True
N21000216,N21000270,4,2,14179,1364,5251.733926114371,False,False,False,True
N21000216,N21000272,4,1,14179,20779,5522.566241920439,False,False,True,True
N21000216,N21000274,4,4,14179,391,8025.53814613407,False,False,False,True
N21000216,N21000275,4,1,14179,24042,7941.478232100283,False,False,False,True
N21000216,N21000276,4,1,14179,6161,9202.116677406824,False,False,False,True
N21000216,N21000278,4,3,14179,25468,6069.197151057665,False,False,True,True
N21000216,N21000303,4,1,14179,6397,5795.418195233019,False,False,False,True
N21000216,N21000306,4,1,14179,28173,7420.090851710477,False,False,False,True
N21000216,N21000309,4,3,14179,2721,7697.903150807312,False,False,False,True
N21000216,N21000322,4,1,14179,3303,5291.814892742188,False,False,False,True
N21000216,N21000325,4,1,14179,14225,4862.695943204135,False,False,False,True
N21000216,N21000326,4,1,14179,3406,7611.368543415301,False,False,False,True
N21000216,N21000329,4,1,14179,7369,4558.03833679053,False,False,False,True
N21000216,N21000332,4,3,14179,23473,6675.218950614295,False,False,False,True
N21000216,N21000335,4,8,14179,18611,5303.711234182667,False,False,False,True
N21000217,N21000161,4,1,19481,4145,8591.75206552346,False,False,False,True
N21000217,N21000167,4,1,19481,23946,5381.789421743226,False,False,False,True
N21000217,N21000170,4,2,19481,23278,6045.606266543278,False,False,False,True
N21000217,N21000172,4,1,19481,18162,4866.0945906902225,False,False,False,True
N21000217,N21000174,4,2,19481,19652,5132.519243376648,False,False,False,True
N21000217,N21000175,4,4,19481,27201,4146.118974184678,False,False,False,True
N21000217,N21000177,4,1,19481,22862,3448.6447731635335,False,False,False,True
N21000217,N21000178,4,5,19481,12747,3209.3511959981784,False,False,False,True
N21000217,N21000181,4,1,19481,10525,7580.419536051926,False,False,False,True
N21000217,N21000184,4,1,19481,4165,6613.485466842523,False,False,False,True
N21000217,N21000186,4,2,19481,13768,6083.515151356903,False,False,False,True
N21000217,N21000192,4,37,19481,17614,6071.779989502099,False,False,False,True
N21000217,N21000195,4,3,19481,22584,4207.706602745703,False,False,False,True
N21000217,N21000197,4,9,19481,11265,5727.580813046837,False,False,False,True
N21000217,N21000198,4,16,19481,15611,3008.453673005857,False,False,False,True
N21000217,N21000199,4,1,19481,8027,3529.2934660955816,False,False,False,True
N21000217,N21000200,4,1,19481,16344,3064.401300826674,False,False,False,True
N21000217,N21000203,4,3,19481,15685,2814.4911175463135,False,False,False,True
N21000217,N21000205,4,3,19481,27396,2168.6655633247333,False,False,False,True
N21000217,N21000207,4,3,19481,26051,1239.9081109238728,False,False,False,True
N21000217,N21000208,4,4,19481,5457,1564.0922220897978,False,False,False,True
N21000217,N21000211,4,1,19481,7197,2394.8519491061343,False,False,True,True
N21000217,N21000212,4,3,19481,26189,856.3891106555702,False,True,True,True
N21000217,N21000213,4,5,19481,9502,805.73630970373,False,True,True,True
N21000217,N21000215,4,1,19481,25962,1123.2094676752279,False,False,True,True
N21000217,N21000216,4,1,19481,14179,1761.0383801191153,False,False,True,True
N21000217,N21000220,4,2,19481,9614,5243.695106816259,False,False,False,True
N21000217,N21000221,4,3,19481,22550,6316.850443555517,False,False,False,True
N21000217,N21000223,4,2,19481,22810,3535.242504608077,False,False,False,True
N21000217,N21000225,4,4,19481,25527,3730.347176310424,False,False,False,True
N21000217,N21000226,4,1,19481,7766,3160.164765828693,False,False,True,True
N21000217,N21000230,4,3,19481,5611,4542.593403765049,False,False,False,True
N21000217,N21000231,4,1,19481,16315,5411.488098276745,False,False,False,True
N21000217,N21000233,4,1,19481,19725,4219.320046098908,False,False,False,True
N21000217,N21000236,4,1,19481,20050,1101.6046817834263,False,True,True,True
N21000217,N21000237,4,6,19481,5957,2506.615195206984,False,False,True,True
N21000217,N21000238,4,1,19481,26190,818.2100657550716,False,False,False,True
N21000217,N21000240,4,4,19481,17764,1928.7434260961895,False,False,True,True
N21000217,N21000241,4,7,19481,20619,1690.3048329440558,False,True,True,True
N21000217,N21000242,4,1,19481,13928,3235.058217137463,False,False,False,True
N21000217,N21000243,4,1,19481,1454,1820.859348212872,False,False,True,True
N21000217,N21000245,4,1,19481,8653,2162.7212239502996,False,False,False,True
N21000217,N21000247,4,1,19481,18676,4339.287543854202,False,False,False,True
N21000217,N21000248,4,3,19481,14259,2659.9887394127304,False,False,True,True
N21000217,N21000249,4,3,19481,28796,2482.6208608569764,False,False,False,True
N21000217,N21000250,4,1,19481,4849,3257.5813184625235,False,False,False,True
N21000217,N21000251,4,64,19481,15928,2479.0939599399417,False,False,False,True
N21000217,N21000252,4,21,19481,6604,1526.1319100876592,False,False,False,True
N21000217,N21000253,4,16,19481,7436,2623.6757251793097,False,False,False,True
N21000217,N21000254,4,14,19481,17102,2391.86769821799,False,False,False,True
N21000217,N21000256,4,5,19481,24260,3551.426172769611,False,False,False,True
N21000217,N21000258,4,8,19481,27783,3238.568922560362,False,False,False,True
N21000217,N21000259,4,5,19481,15492,2566.9939638929895,False,False,False,True
N21000217,N21000261,4,2,19481,1844,3829.0204499710017,False,False,False,True
N21000217,N21000262,4,1,19481,8231,2179.7640492044684,False,False,False,True
N21000217,N21000263,4,9,19481,6770,1232.67557440504,False,False,False,True
N21000217,N21000264,4,14,19481,24247,2994.7068797727907,False,False,False,True
N21000217,N21000265,4,5,19481,27041,3895.372771644956,False,False,False,True
N21000217,N21000266,4,3,19481,18253,4300.868589504102,False,False,False,True
N21000217,N21000267,4,1,19481,21949,2051.761585032969,False,False,False,True
N21000217,N21000268,4,4,19481,1126,5607.079254646606,False,False,False,True
N21000217,N21000269,4,2,19481,1407,2122.0866788933645,False,False,False,True
N21000217,N21000270,4,2,19481,1364,3983.392006646049,False,False,False,True
N21000217,N21000271,4,1,19481,15197,3229.234978470643,False,False,False,True
N21000217,N21000274,4,9,19481,391,6757.196226665749,False,False,False,True
N21000217,N21000275,4,3,19481,24042,6673.136312631962,False,False,False,True
N21000217,N21000276,4,1,19481,6161,7933.774757938509,False,False,False,True
N21000217,N21000277,4,3,19481,6659,5394.1239944530425,False,False,False,True
N21000217,N21000278,4,1,19481,25468,5089.231266610169,False,False,False,True
N21000217,N21000280,4,2,19481,9328,7617.18224553914,False,False,False,True
N21000217,N21000283,4,1,19481,9205,7388.695368017456,False,False,False,True
N21000217,N21000284,4,1,19481,16991,8329.860198756665,False,False,False,True
N21000217,N21000291,4,1,19481,23779,9482.743065119945,False,False,False,True
N21000217,N21000294,4,1,19481,22846,8771.681254544024,False,False,False,True
N21000217,N21000303,4,2,19481,6397,4520.317750506561,False,False,False,True
N21000217,N21000306,4,1,19481,28173,6144.9904069840195,False,False,False,True
N21000217,N21000308,4,1,19481,13508,7023.8863694550955,False,False,False,True
N21000217,N21000309,4,2,19481,2721,6422.802706080855,False,False,False,True
N21000217,N21000317,4,1,19481,25675,5488.481672014615,False,False,False,True
N21000217,N21000323,4,1,19481,10135,4514.842043154694,False,False,False,True
N21000217,N21000325,4,1,19481,14225,3587.5954984776768,False,False,False,True
N21000217,N21000329,4,7,19481,7369,3282.937892064073,False,False,False,True
N21000217,N21000331,4,1,19481,13387,4036.9591972516537,False,False,False,True
N21000217,N21000334,4,2,19481,27702,3313.961020216741,False,False,False,True
N21000217,N21000335,4,17,19481,18611,4028.610789456212,False,False,False,True
N21000218,N21000175,4,2,15318,27201,4459.234623299717,False,False,False,True
N21000218,N21000184,4,1,15318,4165,6926.60111595756,False,False,False,True
N21000218,N21000186,4,1,15318,13768,6396.63080047194,False,False,False,True
N21000218,N21000189,4,1,15318,4448,6243.791668173466,False,False,False,True
N21000218,N21000192,4,29,15318,17614,6384.8956386171385,False,False,False,True
N21000218,N21000193,4,1,15318,24443,5489.016109601584,False,False,False,True
N21000218,N21000195,4,2,15318,22584,4520.822251860741,False,False,False,True
N21000218,N21000196,4,2,15318,8754,4555.011540538093,False,False,False,True
N21000218,N21000197,4,10,15318,11265,5628.026830655526,False,False,False,True
N21000218,N21000198,4,16,15318,15611,3321.569322120896,False,False,False,True
N21000218,N21000205,4,5,15318,27396,1935.3359812531833,False,False,False,True
N21000218,N21000207,4,2,15318,26051,1140.3541285325623,False,False,False,True
N21000218,N21000208,4,10,15318,5457,1457.7588268721788,False,False,False,True
N21000218,N21000209,4,3,15318,9382,1018.5993027244219,False,False,False,True
N21000218,N21000210,4,1,15318,23126,1553.4155456827489,False,False,False,True
N21000218,N21000212,4,2,15318,26189,900.664807314133,False,True,True,True
N21000218,N21000216,4,11,15318,14179,1435.299266363787,False,False,True,True
N21000218,N21000219,4,1,15318,2333,5410.954338802573,False,False,False,True
N21000218,N21000220,4,2,15318,9614,5122.447974798982,False,False,False,True
N21000218,N21000221,4,1,15318,22550,5986.202801183563,False,False,False,True
N21000218,N21000223,4,1,15318,22810,3204.594862236123,False,False,False,True
N21000218,N21000225,4,1,15318,25527,3399.69953393847,False,False,False,True
N21000218,N21000226,4,3,15318,7766,2829.517123456739,False,False,True,True
N21000218,N21000233,4,1,15318,19725,3893.5809323435797,False,False,False,True
N21000218,N21000235,4,1,15318,15632,3700.408905170663,False,False,False,True
N21000218,N21000237,4,3,15318,5957,2180.8760814516563,False,False,True,True
N21000218,N21000238,4,1,15318,26190,1292.5051192590795,False,False,False,True
N21000218,N21000240,4,10,15318,17764,1620.4509332120856,False,False,True,True
N21000218,N21000241,4,4,15318,20619,1520.6968961608566,False,True,True,True
N21000218,N21000246,4,1,15318,1102,2062.1501643272786,False,False,True,True
N21000218,N21000247,4,1,15318,18676,4013.5484300988737,False,False,False,True
N21000218,N21000248,4,2,15318,14259,2351.6962465286256,False,False,True,True
N21000218,N21000249,4,3,15318,28796,2760.351947491352,False,False,False,True
N21000218,N21000250,4,1,15318,4849,2949.2888255784196,False,False,False,True
N21000218,N21000251,4,46,15318,15928,2792.2096090549794,False,False,False,True
N21000218,N21000252,4,9,15318,6604,1839.2475592026979,False,False,False,True
N21000218,N21000253,4,18,15318,7436,2936.791374294348,False,False,False,True
N21000218,N21000254,4,6,15318,17102,2704.983347333029,False,False,False,True
N21000218,N21000255,4,1,15318,11696,4406.025092944176,False,False,False,True
N21000218,N21000256,4,5,15318,24260,3864.54182188465,False,False,False,True
N21000218,N21000258,4,7,15318,27783,3551.6845716753996,False,False,False,True
N21000218,N21000259,4,3,15318,15492,2967.8985841745557,False,False,False,True
N21000218,N21000261,4,1,15318,1844,4229.925070252567,False,False,False,True
N21000218,N21000263,4,3,15318,6770,1665.8398697852601,False,False,False,True
N21000218,N21000264,4,5,15318,24247,3395.611500054356,False,False,True,True
N21000218,N21000265,4,2,15318,27041,4173.103858279333,False,False,False,True
N21000218,N21000267,4,1,15318,21949,2377.613967800987,False,False,False,True
N21000218,N21000268,4,10,15318,1126,5943.292590492811,False,False,False,True
N21000218,N21000269,4,4,15318,1407,2399.8177655277395,False,False,False,True
N21000218,N21000270,4,3,15318,1364,4261.123093280425,False,False,False,True
N21000218,N21000271,4,1,15318,15197,3506.966065105019,False,False,True,True
N21000218,N21000273,4,2,15318,2383,5199.1488356820255,False,False,False,True
N21000218,N21000274,4,4,15318,391,7034.927313300124,False,False,False,True
N21000218,N21000275,4,2,15318,24042,6950.867399266337,False,False,False,True
N21000218,N21000279,4,1,15318,4115,7753.096605467289,False,False,False,True
N21000218,N21000283,4,2,15318,9205,7666.426454651832,False,False,False,True
N21000218,N21000289,4,2,15318,25081,9252.959162386116,False,False,False,True
N21000218,N21000294,4,1,15318,22846,9049.4123411784,False,False,False,True
N21000218,N21000303,4,2,15318,6397,4833.433399621599,False,False,False,True
N21000218,N21000309,4,4,15318,2721,6735.918355195893,False,False,False,True
N21000218,N21000315,4,1,15318,2055,7886.793645018701,False,False,False,True
N21000218,N21000322,4,1,15318,3303,4329.830097130772,False,False,False,True
N21000218,N21000323,4,3,15318,10135,4827.9576922697315,False,False,False,True
N21000218,N21000325,4,1,15318,14225,3900.711147592715,False,False,False,True
N21000218,N21000326,4,1,15318,3406,6649.38374780388,False,False,False,True
N21000218,N21000329,4,2,15318,7369,3596.053541179111,False,False,False,True
N21000218,N21000331,4,1,15318,13387,4350.074846366691,False,False,False,True
N21000218,N21000335,4,11,15318,18611,4341.72643857125,False,False,False,True
N21000219,N21000177,4,1,2333,22862,6848.716544697114,False,False,False,True
N21000219,N21000178,4,4,2333,12747,6623.651831427095,False,False,False,True
N21000219,N21000188,4,1,2333,9768,8737.179476384536,False,False,False,True
N21000219,N21000190,4,3,2333,9490,8903.004874373677,False,False,False,True
N21000219,N21000192,4,33,2333,17614,9466.08901582012,False,False,False,True
N21000219,N21000195,4,1,2333,22584,7602.015629063724,False,False,False,True
N21000219,N21000197,4,23,2333,11265,6169.9567634607965,False,False,False,True
N21000219,N21000198,4,19,2333,15611,5498.370277435324,False,False,False,True
N21000219,N21000199,4,4,2333,8027,2718.159923103651,False,False,False,True
N21000219,N21000200,4,4,2333,16344,2910.40314204846,False,False,False,True
N21000219,N21000201,4,4,2333,24818,3435.1749437784856,False,False,False,True
N21000219,N21000202,4,1,2333,15786,4201.070382830059,False,False,False,True
N21000219,N21000203,4,4,2333,15685,2829.2391359274907,False,False,False,True
N21000219,N21000204,4,1,2333,26239,4876.674465089235,False,False,False,True
N21000219,N21000205,4,8,2333,27396,3630.1052220918027,False,False,False,True
N21000219,N21000206,4,3,2333,4787,3226.6011950259235,False,False,False,True
N21000219,N21000207,4,2,2333,26051,4292.293359895979,False,False,False,True
N21000219,N21000208,4,5,2333,5457,4244.359033722328,False,False,False,True
N21000219,N21000209,4,5,2333,9382,5158.381497629107,False,False,False,True
N21000219,N21000211,4,2,2333,7197,3989.2495119436303,False,False,False,True
N21000219,N21000213,4,3,2333,9502,4761.271891793325,False,False,False,True
N21000219,N21000215,4,2,2333,25962,4826.700016961484,False,False,False,True
N21000219,N21000216,4,1,2333,14179,5253.625503402649,False,False,False,True
N21000219,N21000217,4,1,2333,19481,5532.201470819851,False,False,False,True
N21000219,N21000218,4,1,2333,15318,5410.954338802572,False,False,False,True
N21000219,N21000220,4,16,2333,9614,1101.1665913597628,False,False,False,True
N21000219,N21000221,4,14,2333,22550,4463.494243409761,False,False,False,True
N21000219,N21000222,4,1,2333,11993,2125.6699743937693,False,False,False,True
N21000219,N21000223,4,8,2333,22810,2744.793428515104,False,False,False,True
N21000219,N21000224,4,5,2333,15583,2002.200816181325,False,False,False,True
N21000219,N21000225,4,7,2333,25527,2811.889751433216,False,False,False,True
N21000219,N21000226,4,8,2333,7766,3331.0322705604967,False,False,False,True
N21000219,N21000229,4,1,2333,15164,4608.02858455459,False,False,False,True
N21000219,N21000230,4,2,2333,5611,3396.1444839024443,False,False,False,True
N21000219,N21000232,4,1,2333,26582,4534.761532220887,False,False,False,True
N21000219,N21000233,4,2,2333,19725,3926.865171505845,False,False,False,True
N21000219,N21000236,4,3,2333,20050,5330.778862539648,False,False,False,True
N21000219,N21000237,4,6,2333,5957,4821.7349839466815,False,False,False,True
N21000219,N21000240,4,13,2333,17764,5898.589918444112,False,False,False,True
N21000219,N21000244,4,2,2333,16707,6262.605722209149,False,False,False,True
N21000219,N21000246,4,1,2333,1102,6657.759466842293,False,False,False,True
N21000219,N21000248,4,1,2333,14259,6947.30554904364,False,False,False,True
N21000219,N21000249,4,2,2333,28796,7732.337133836971,False,False,False,True
N21000219,N21000251,4,30,2333,15928,6465.8168700578235,False,False,False,True
N21000219,N21000252,4,13,2333,6604,5512.854820205539,False,False,False,True
N21000219,N21000253,4,6,2333,7436,6610.39863529719,False,False,False,True
N21000219,N21000254,4,6,2333,17102,6378.590608335869,False,False,False,True
N21000219,N21000256,4,6,2333,24260,7538.149082887492,False,False,False,True
N21000219,N21000258,4,2,2333,27783,7225.29183267824,False,False,False,True
N21000219,N21000261,4,2,2333,1844,7974.601381688431,False,False,False,True
N21000219,N21000264,4,5,2333,24247,7816.985923152692,False,False,False,True
N21000219,N21000265,4,2,2333,27041,8473.950058405604,False,False,False,True
N21000219,N21000268,4,8,2333,1126,9616.89985149565,False,False,False,True
N21000219,N21000303,4,1,2333,6397,8490.899100513587,False,False,False,True
N21000219,N21000322,4,1,2333,3303,7431.015083444649,False,False,False,True
N21000219,N21000325,4,3,2333,14225,7093.3664341548465,False,False,False,True
N21000219,N21000329,4,1,2333,7369,6788.70882774124,False,False,False,True
N21000219,N21000335,4,12,2333,18611,8015.333699574092,False,False,False,True
N21000220,N21000170,4,3,9614,23278,9389.40856254636,False,False,False,True
N21000220,N21000174,4,4,9614,19652,8476.321539379729,False,False,False,True
N21000220,N21000175,4,1,9614,27201,7489.921270187768,False,False,False,True
N21000220,N21000178,4,1,9614,12747,6553.153492001265,False,False,False,True
N21000220,N21000186,4,1,9614,13768,9407.325838249093,False,False,False,True
N21000220,N21000192,4,36,9614,17614,9395.59067639429,False,False,False,True
N21000220,N21000193,4,2,9614,24443,8519.702756489633,False,False,False,True
N21000220,N21000197,4,33,9614,11265,6099.458424034967,False,False,False,True
N21000220,N21000198,4,22,9614,15611,5427.871938009494,False,False,False,True
N21000220,N21000199,4,1,9614,8027,2429.6535591000584,False,False,False,True
N21000220,N21000200,4,2,9614,16344,2621.8967780448675,False,False,False,True
N21000220,N21000201,4,1,9614,24818,3146.6685797748933,False,False,False,True
N21000220,N21000202,4,3,9614,15786,3912.5640188264665,False,False,False,True
N21000220,N21000203,4,6,9614,15685,2540.7327719238983,False,False,False,True
N21000220,N21000205,4,12,9614,27396,3341.5988580882104,False,False,False,True
N21000220,N21000206,4,4,9614,4787,2938.094831022331,False,False,False,True
N21000220,N21000207,4,2,9614,26051,4003.7869958923866,False,False,False,True
N21000220,N21000208,4,6,9614,5457,3955.852669718735,False,False,False,True
N21000220,N21000209,4,1,9614,9382,4869.875133625515,False,False,False,True
N21000220,N21000210,4,2,9614,23126,3767.93809543688,False,False,False,True
N21000220,N21000211,4,3,9614,7197,3700.743147940038,False,False,False,True
N21000220,N21000213,4,3,9614,9502,4472.765527789733,False,False,False,True
N21000220,N21000216,4,4,9614,14179,4968.570219811942,False,False,False,True
N21000220,N21000219,4,21,9614,2333,1101.1665913597628,False,False,False,True
N21000220,N21000221,4,17,9614,22550,4659.914403309128,False,False,False,True
N21000220,N21000222,4,6,9614,11993,2190.3809006953484,False,False,False,True
N21000220,N21000223,4,5,9614,22810,2604.3551099389024,False,False,False,True
N21000220,N21000224,4,6,9614,15583,1905.158471157964,False,False,False,True
N21000220,N21000225,4,5,9614,25527,2608.3797244383836,False,False,False,True
N21000220,N21000226,4,3,9614,7766,3185.7392567353836,False,False,False,True
N21000220,N21000229,4,1,9614,15164,4804.448744453957,False,False,False,True
N21000220,N21000230,4,7,9614,5611,3299.102138879083,False,False,False,True
N21000220,N21000231,4,3,9614,16315,4167.996833390778,False,False,False,True
N21000220,N21000232,4,1,9614,26582,4437.7191871975265,False,False,False,True
N21000220,N21000236,4,2,9614,20050,5042.272498536056,False,False,False,True
N21000220,N21000237,4,8,9614,5957,4536.679700355975,False,False,False,True
N21000220,N21000239,4,1,9614,22166,5364.382987188384,False,False,False,True
N21000220,N21000240,4,9,9614,17764,5613.534634853405,False,False,False,True
N21000220,N21000241,4,2,9614,20619,6103.6765582859225,False,False,False,True
N21000220,N21000243,4,2,9614,1454,5823.120874253073,False,False,False,True
N21000220,N21000244,4,1,9614,16707,6165.563377185787,False,False,False,True
N21000220,N21000247,4,1,9614,18676,6122.363764718188,False,False,False,True
N21000220,N21000249,4,2,9614,28796,7447.281850246263,False,False,False,True
N21000220,N21000251,4,57,9614,15928,6177.310506054231,False,False,False,True
N21000220,N21000252,4,22,9614,6604,5224.348456201947,False,False,False,True
N21000220,N21000253,4,14,9614,7436,6321.892271293597,False,False,False,True
N21000220,N21000254,4,6,9614,17102,6090.084244332276,False,False,False,True
N21000220,N21000255,4,3,9614,11696,7791.125989943427,False,False,False,True
N21000220,N21000256,4,9,9614,24260,7249.6427188839,False,False,False,True
N21000220,N21000258,4,3,9614,27783,6936.785468674648,False,False,False,True
N21000220,N21000260,4,1,9614,17259,8021.531363584172,False,False,False,True
N21000220,N21000261,4,1,9614,1844,7686.095017684839,False,False,False,True
N21000220,N21000264,4,9,9614,24247,7528.479559149099,False,False,False,True
N21000220,N21000265,4,3,9614,27041,8185.443694402012,False,False,False,True
N21000220,N21000268,4,8,9614,1126,9328.393487492058,False,False,False,True
N21000220,N21000269,4,1,9614,1407,7072.813030970677,False,False,False,True
N21000220,N21000270,4,3,9614,1364,8503.14323145015,False,False,False,True
N21000220,N21000272,4,1,9614,20779,9098.992029992129,False,False,False,True
N21000220,N21000323,4,2,9614,10135,7908.794127547503,False,False,False,True
N21000220,N21000325,4,3,9614,14225,6981.547582870486,False,False,False,True
N21000220,N21000331,4,1,9614,13387,7430.911281644461,False,False,False,True
N21000220,N21000335,4,16,9614,18611,7726.827335570499,False,False,False,True
N21000221,N21000171,4,1,22550,18303,9605.802161641514,False,False,False,True
N21000221,N21000175,4,7,22550,27201,8875.928868923747,False,False,False,True
N21000221,N21000178,4,2,22550,12747,7939.161090737253,False,False,False,True
N21000221,N21000195,4,3,22550,22584,8917.52488837388,False,False,False,True
N21000221,N21000196,4,2,22550,8754,8951.714177051235,False,False,False,True
N21000221,N21000197,4,12,22550,11265,8459.87907906052,False,False,False,True
N21000221,N21000198,4,12,22550,15611,7191.628251058115,False,False,False,True
N21000221,N21000200,4,2,22550,16344,4522.557187135262,False,False,False,True
N21000221,N21000201,4,2,22550,24818,4900.992033275692,False,False,False,True
N21000221,N21000202,4,2,22550,15786,5286.412956783612,False,False,False,True
N21000221,N21000203,4,10,22550,15685,4163.277242873863,False,False,False,True
N21000221,N21000205,4,5,22550,27396,4694.807954397433,False,False,False,True
N21000221,N21000207,4,1,22550,26051,5377.635933849534,False,False,False,True
N21000221,N21000208,4,1,22550,5457,5329.701607675883,False,False,False,True
N21000221,N21000209,4,3,22550,9382,6243.724071582663,False,False,False,True
N21000221,N21000210,4,1,22550,23126,4631.69292182146,False,False,False,True
N21000221,N21000211,4,4,22550,7197,4200.336381954196,False,False,False,True
N21000221,N21000213,4,3,22550,9502,5511.1141338517855,False,False,False,True
N21000221,N21000215,4,4,22550,25962,5401.948479342474,False,False,False,True
N21000221,N21000216,4,1,22550,14179,5461.823258460285,False,False,False,True
N21000221,N21000217,4,2,22550,19481,6316.850443555515,False,False,False,True
N21000221,N21000218,4,1,22550,15318,5986.202801183562,False,False,False,True
N21000221,N21000220,4,1,22550,9614,4659.91440330913,False,False,False,True
N21000221,N21000223,4,9,22550,22810,3693.132091574342,False,False,False,True
N21000221,N21000224,4,7,22550,15583,2762.9055966747437,False,False,False,True
N21000221,N21000225,4,8,22550,25527,2586.5032672450934,False,False,False,True
N21000221,N21000226,4,4,22550,7766,3315.2626368238593,False,False,False,True
N21000221,N21000230,4,4,22550,5611,2525.835862383922,False,False,True,True
N21000221,N21000233,4,1,22550,19725,3414.9208683936563,False,False,True,True
N21000221,N21000234,4,1,22550,14610,3529.1419480220184,False,False,True,True
N21000221,N21000237,4,5,22550,5957,4718.853340389616,False,False,False,True
N21000221,N21000240,4,8,22550,17764,5790.228072793646,False,False,False,True
N21000221,N21000241,4,2,22550,20619,6596.929596934266,False,False,False,True
N21000221,N21000243,4,1,22550,1454,6316.373912901417,False,False,False,True
N21000221,N21000244,4,1,22550,16707,5750.66141909696,False,False,False,True
N21000221,N21000245,4,1,22550,8653,7978.987306045665,False,False,False,True
N21000221,N21000249,4,1,22550,28796,7934.698187328759,False,False,False,True
N21000221,N21000251,4,57,22550,15928,7551.159444011379,False,False,False,True
N21000221,N21000252,4,14,22550,6604,6598.197394159094,False,False,False,True
N21000221,N21000253,4,17,22550,7436,7695.741209250745,False,False,False,True
N21000221,N21000254,4,5,22550,17102,7463.933182289424,False,False,False,True
N21000221,N21000256,4,22,22550,24260,8623.491656841048,False,False,False,True
N21000221,N21000258,4,9,22550,27783,8310.634406631796,False,False,False,True
N21000221,N21000261,4,4,22550,1844,9059.943955641986,False,False,False,True
N21000221,N21000262,4,1,22550,8231,8073.577865853354,False,False,False,True
N21000221,N21000263,4,4,22550,6770,7157.210526147749,False,False,False,True
N21000221,N21000264,4,4,22550,24247,8902.328497106248,False,False,False,True
N21000221,N21000267,4,3,22550,21949,7976.296536775678,False,False,False,True
N21000221,N21000271,4,1,22550,15197,9189.924208271004,False,False,False,True
N21000221,N21000322,4,2,22550,3303,8746.524342754807,False,False,False,True
N21000221,N21000325,4,3,22550,14225,8355.39652082763,False,False,False,True
N21000221,N21000329,4,2,22550,7369,8050.738914414024,False,False,False,True
N21000221,N21000335,4,24,22550,18611,9100.676273527653,False,False,False,True
N21000222,N21000166,4,1,11993,23646,9073.90980614415,False,False,False,True
N21000222,N21000170,4,1,11993,23278,8267.151026735477,False,False,False,True
N21000222,N21000175,4,4,11993,27201,6367.663734376885,False,False,False,True
N21000222,N21000178,4,2,11993,12747,5430.895956190382,False,False,False,True
N21000222,N21000188,4,2,11993,9768,7544.423601147822,False,False,False,True
N21000222,N21000190,4,3,11993,9490,7710.248999136965,False,False,False,True
N21000222,N21000192,4,40,11993,17614,8273.33314058341,False,False,False,True
N21000222,N21000195,4,2,11993,22584,6409.259753827011,False,False,False,True
N21000222,N21000196,4,1,11993,8754,6443.449042504363,False,False,False,True
N21000222,N21000197,4,26,11993,11265,5424.802473380398,False,False,False,True
N21000222,N21000198,4,28,11993,15611,4357.483822026729,False,False,False,True
N21000222,N21000199,4,3,11993,8027,1537.5518359251546,False,False,False,True
N21000222,N21000200,4,4,11993,16344,1487.4805814551416,False,False,False,True
N21000222,N21000202,4,5,11993,15786,2778.1478222367405,False,False,False,True
N21000222,N21000203,4,11,11993,15685,1395.4420652444983,False,False,False,True
N21000222,N21000204,4,1,11993,26239,3453.751904495916,False,False,False,True
N21000222,N21000205,4,9,11993,27396,2207.1826614984843,False,False,False,True
N21000222,N21000206,4,2,11993,4787,1638.756577215419,False,False,False,True
N21000222,N21000207,4,3,11993,26051,2869.3707993026605,False,False,False,True
N21000222,N21000208,4,2,11993,5457,2821.436473129009,False,False,False,True
N21000222,N21000209,4,3,11993,9382,3735.4589370357885,False,False,False,True
N21000222,N21000210,4,2,11993,23126,2443.280306209988,False,False,False,True
N21000222,N21000211,4,4,11993,7197,2048.949933033286,False,False,False,True
N21000222,N21000212,4,1,11993,26189,3534.8301904808704,False,False,False,True
N21000222,N21000213,4,4,11993,9502,3322.7015182403143,False,False,False,True
N21000222,N21000214,4,1,11993,55,3692.480503913257,False,False,False,True
N21000222,N21000215,4,2,11993,25962,3213.535863731001,False,False,False,True
N21000222,N21000216,4,3,11993,14179,3310.4368095393747,False,False,False,True
N21000222,N21000219,4,11,11993,2333,2125.6699743937693,False,False,False,True
N21000222,N21000220,4,13,11993,9614,2190.380900695348,False,False,False,True
N21000222,N21000221,4,11,11993,22550,3983.985084263803,False,False,False,True
N21000222,N21000223,4,7,11993,22810,923.6579872992976,False,False,False,True
N21000222,N21000224,4,16,11993,15583,1603.5816317247563,False,False,False,True
N21000222,N21000225,4,4,11993,25527,1437.9061421517847,False,False,True,True
N21000222,N21000226,4,9,11993,7766,1639.7047887857655,False,False,False,True
N21000222,N21000230,4,6,11993,5611,2528.1370535039355,False,False,False,True
N21000222,N21000231,4,2,11993,16315,3397.0317480156305,False,False,False,True
N21000222,N21000233,4,3,11993,19725,2809.287133296335,False,False,False,True
N21000222,N21000235,4,1,11993,15632,4788.68854660383,False,False,False,True
N21000222,N21000236,4,1,11993,20050,3463.5384443771654,False,False,False,True
N21000222,N21000237,4,5,11993,5957,2878.5462900834086,False,False,False,True
N21000222,N21000240,4,7,11993,17764,3955.4012245808376,False,False,False,True
N21000222,N21000241,4,4,11993,20619,4445.543148013357,False,False,False,True
N21000222,N21000243,4,3,11993,1454,4164.987463980507,False,False,False,True
N21000222,N21000245,4,2,11993,8653,5827.600857124756,False,False,False,True
N21000222,N21000249,4,1,11993,28796,5789.148439973696,False,False,False,True
N21000222,N21000251,4,68,11993,15928,5042.894309464506,False,False,False,True
N21000222,N21000252,4,14,11993,6604,4089.9322596122215,False,False,False,True
N21000222,N21000253,4,12,11993,7436,5187.476074703872,False,False,False,True
N21000222,N21000254,4,2,11993,17102,4955.668047742551,False,False,False,True
N21000222,N21000256,4,15,11993,24260,6115.226522294174,False,False,False,True
N21000222,N21000258,4,2,11993,27783,5802.369272084922,False,False,False,True
N21000222,N21000259,4,1,11993,15492,5564.131835159282,False,False,False,True
N21000222,N21000260,4,1,11993,17259,6887.115166994447,False,False,False,True
N21000222,N21000261,4,1,11993,1844,6551.678821095114,False,False,False,True
N21000222,N21000263,4,2,11993,6770,4882.77646290711,False,False,False,True
N21000222,N21000264,4,6,11993,24247,6394.063362559374,False,False,False,True
N21000222,N21000265,4,2,11993,27041,7051.027497812286,False,False,False,True
N21000222,N21000266,4,1,11993,18253,7029.28015818538,False,False,False,True
N21000222,N21000268,4,10,11993,1126,8193.977290902336,False,False,False,True
N21000222,N21000269,4,1,11993,1407,5873.693755298836,False,False,False,True
N21000222,N21000270,4,5,11993,1364,7368.727034860427,False,False,False,True
N21000222,N21000272,4,2,11993,20779,7964.575833402398,False,False,False,True
N21000222,N21000273,4,1,11993,2383,8554.730354544397,False,False,False,True
N21000222,N21000274,4,8,11993,391,9612.262073201711,False,False,False,True
N21000222,N21000275,4,1,11993,24042,9528.20215916792,False,False,False,True
N21000222,N21000303,4,3,11993,6397,7084.118100031125,False,False,False,True
N21000222,N21000308,4,1,11993,13508,9587.68671897966,False,False,False,True
N21000222,N21000316,4,1,11993,23306,9336.646345476556,False,False,False,True
N21000222,N21000324,4,1,11993,25636,7823.917038718076,False,False,False,True
N21000222,N21000325,4,3,11993,14225,5847.13138628076,False,False,False,True
N21000222,N21000334,4,1,11993,27702,5877.761369741304,False,False,False,True
N21000222,N21000335,4,12,11993,18611,6592.411138980773,False,False,False,True
N21000223,N21000165,4,1,22810,19703,7719.658565624586,False,False,False,True
N21000223,N21000175,4,2,22810,27201,5800.007927648761,False,False,False,True
N21000223,N21000189,4,1,22810,4448,7584.564972522509,False,False,False,True
N21000223,N21000191,4,1,22810,10156,6517.87286097689,False,False,False,True
N21000223,N21000192,4,22,22810,17614,7705.677333855286,False,False,False,True
N21000223,N21000195,4,3,22810,22584,5841.603947098887,False,False,False,True
N21000223,N21000196,4,2,22810,8754,5875.793235776239,False,False,False,True
N21000223,N21000197,4,13,22810,11265,5003.483622241871,False,False,False,True
N21000223,N21000198,4,20,22810,15611,3789.8280152986044,False,False,False,True
N21000223,N21000200,4,4,22810,16344,1066.161730316615,False,False,False,True
N21000223,N21000201,4,1,22810,24818,1444.596576457044,False,False,False,True
N21000223,N21000202,4,2,22810,15786,2210.4920155086156,False,False,False,True
N21000223,N21000204,4,2,22810,26239,2886.0960977677905,False,False,False,True
N21000223,N21000205,4,13,22810,27396,1639.52685477036,False,False,False,True
N21000223,N21000206,4,2,22810,4787,1045.56125387945,False,False,False,True
N21000223,N21000207,4,2,22810,26051,2301.7149925745357,False,False,False,True
N21000223,N21000208,4,2,22810,5457,2253.780666400884,False,False,False,True
N21000223,N21000209,4,1,22810,9382,3167.8031303076637,False,False,False,True
N21000223,N21000211,4,3,22810,7197,1455.7546096973176,False,False,False,True
N21000223,N21000213,4,1,22810,9502,2729.506194904347,False,False,False,True
N21000223,N21000215,4,2,22810,25962,2620.3405403950333,False,False,False,True
N21000223,N21000216,4,2,22810,14179,2717.241486203406,False,False,False,True
N21000223,N21000217,4,2,22810,19481,3535.242504608078,False,False,False,True
N21000223,N21000219,4,1,22810,2333,2744.793428515105,False,False,False,True
N21000223,N21000220,4,9,22810,9614,2604.3551099389024,False,False,False,True
N21000223,N21000221,4,11,22810,22550,3693.1320915743413,False,False,False,True
N21000223,N21000224,4,5,22810,15583,1320.4382001294475,False,False,False,True
N21000223,N21000225,4,3,22810,25527,1106.628824329249,False,False,False,True
N21000223,N21000226,4,7,22810,7766,1046.5094654497968,False,False,False,True
N21000223,N21000227,4,1,22810,20156,3039.7096498081423,False,False,False,True
N21000223,N21000231,4,1,22810,16315,3065.7544301930943,False,False,False,True
N21000223,N21000233,4,2,22810,19725,2291.5727636828183,False,False,False,True
N21000223,N21000236,4,1,22810,20050,2870.3431210411964,False,False,False,True
N21000223,N21000237,4,1,22810,5957,2285.3509667474395,False,False,False,True
N21000223,N21000238,4,1,22810,26190,4159.834633465265,False,False,False,True
N21000223,N21000239,4,1,22810,22166,3318.4453267450344,False,False,False,True
N21000223,N21000240,4,7,22810,17764,3362.2059012448685,False,False,False,True
N21000223,N21000241,4,1,22810,20619,3852.3478246773875,False,False,False,True
N21000223,N21000243,4,2,22810,1454,3571.7921406445375,False,False,False,True
N21000223,N21000247,4,1,22810,18676,4584.113701918522,False,False,False,True
N21000223,N21000248,4,3,22810,14259,4410.921531844397,False,False,False,True
N21000223,N21000251,4,59,22810,15928,4475.238502736377,False,False,False,True
N21000223,N21000252,4,15,22810,6604,3522.2764528840967,False,False,False,True
N21000223,N21000253,4,21,22810,7436,4619.820267975748,False,False,False,True
N21000223,N21000254,4,1,22810,17102,4388.012241014427,False,False,False,True
N21000223,N21000256,4,8,22810,24260,5547.57071556605,False,False,False,True
N21000223,N21000258,4,5,22810,27783,5234.713465356796,False,False,False,True
N21000223,N21000259,4,2,22810,15492,4996.476028431157,False,False,False,True
N21000223,N21000260,4,1,22810,17259,6319.459360266323,False,False,False,True
N21000223,N21000261,4,2,22810,1844,5984.02301436699,False,False,False,True
N21000223,N21000263,4,3,22810,6770,4315.120656178985,False,False,False,True
N21000223,N21000264,4,2,22810,24247,5826.407555831249,False,False,False,True
N21000223,N21000265,4,2,22810,27041,6483.371691084162,False,False,False,True
N21000223,N21000266,4,1,22810,18253,6461.624351457256,False,False,False,True
N21000223,N21000267,4,2,22810,21949,5134.206666806914,False,False,False,True
N21000223,N21000268,4,11,22810,1126,7626.321484174212,False,False,False,True
N21000223,N21000269,4,1,22810,1407,5280.498431962867,False,False,False,True
N21000223,N21000270,4,1,22810,1364,6801.071228132303,False,False,False,True
N21000223,N21000271,4,1,22810,15197,6371.930682692801,False,False,False,True
N21000223,N21000272,4,1,22810,20779,7396.920026674273,False,False,False,True
N21000223,N21000274,4,4,22810,391,9044.606266473584,False,False,False,True
N21000223,N21000309,4,1,22810,2721,8418.947248877288,False,False,False,True
N21000223,N21000316,4,1,22810,23306,8768.99053874843,False,False,False,True
N21000223,N21000325,4,1,22810,14225,5279.475579552633,False,False,False,True
N21000223,N21000327,4,1,22810,12871,6742.907331967521,False,False,False,True
N21000223,N21000329,4,1,22810,7369,4974.817973139027,False,False,False,True
N21000223,N21000332,4,2,22810,23473,7396.263048684274,False,False,False,True
N21000223,N21000335,4,21,22810,18611,6024.7553322526455,False,False,False,True
N21000224,N21000175,4,5,15583,27201,6945.668402700534,False,False,False,True
N21000224,N21000178,4,2,15583,12747,6008.900624514031,False,False,False,True
N21000224,N21000188,4,1,15583,9768,8122.428269471471,False,False,False,True
N21000224,N21000192,4,38,15583,17614,8851.337808907057,False,False,False,True
N21000224,N21000193,4,3,15583,24443,7975.4498890024,False,False,False,True
N21000224,N21000195,4,1,15583,22584,6987.26442215066,False,False,False,True
N21000224,N21000197,4,10,15583,11265,6149.144097293645,False,False,False,True
N21000224,N21000198,4,16,15583,15611,4935.488490350379,False,False,False,True
N21000224,N21000200,4,1,15583,16344,2211.822205368388,False,False,False,True
N21000224,N21000201,4,2,15583,24818,2590.257051508816,False,False,False,True
N21000224,N21000202,4,6,15583,15786,3356.1524905603887,False,False,False,True
N21000224,N21000203,4,14,15583,15685,1947.9072169603023,False,False,False,True
N21000224,N21000205,4,7,15583,27396,2785.1873298221326,False,False,False,True
N21000224,N21000207,4,2,15583,26051,3447.375467626309,False,False,False,True
N21000224,N21000208,4,4,15583,5457,3399.441141452657,False,False,False,True
N21000224,N21000209,4,1,15583,9382,4313.463605359437,False,False,False,True
N21000224,N21000210,4,2,15583,23126,2995.7454579257924,False,False,False,True
N21000224,N21000212,4,1,15583,26189,4112.834858804519,False,False,False,True
N21000224,N21000213,4,1,15583,9502,3875.1666699561188,False,False,False,True
N21000224,N21000215,4,1,15583,25962,3766.0010154468055,False,False,False,True
N21000224,N21000219,4,1,15583,2333,2002.2008161813249,False,False,False,True
N21000224,N21000220,4,7,15583,9614,1905.158471157964,False,False,False,True
N21000224,N21000221,4,14,15583,22550,2762.9055966747437,False,False,False,True
N21000224,N21000222,4,1,15583,11993,1603.581631724756,False,False,False,True
N21000224,N21000223,4,5,15583,22810,1320.4382001294478,False,False,False,True
N21000224,N21000225,4,9,15583,25527,998.3835666041637,False,False,False,True
N21000224,N21000226,4,5,15583,7766,1727.1429361829307,False,False,False,True
N21000224,N21000228,4,2,15583,182,2272.238372293409,False,False,False,True
N21000224,N21000229,4,1,15583,15164,2907.439937819574,False,False,False,True
N21000224,N21000230,4,2,15583,5611,1404.4209767687928,False,False,False,True
N21000224,N21000231,4,2,15583,16315,2273.315671280488,False,False,False,True
N21000224,N21000233,4,2,15583,19725,1935.141664372194,False,False,False,True
N21000224,N21000236,4,3,15583,20050,4016.003596092969,False,False,False,True
N21000224,N21000237,4,5,15583,5957,3239.074136368154,False,False,False,True
N21000224,N21000239,4,1,15583,22166,4464.105801796804,False,False,False,True
N21000224,N21000240,4,8,15583,17764,4310.448868772181,False,False,False,True
N21000224,N21000241,4,1,15583,20619,4998.008299729159,False,False,False,True
N21000224,N21000243,4,1,15583,1454,4717.45261569631,False,False,False,True
N21000224,N21000247,4,1,15583,18676,4227.682602607899,False,False,False,True
N21000224,N21000248,4,1,15583,14259,5475.1345128611465,False,False,False,True
N21000224,N21000251,4,72,15583,15928,5620.898977788153,False,False,False,True
N21000224,N21000252,4,25,15583,6604,4667.936927935869,False,False,False,True
N21000224,N21000253,4,22,15583,7436,5765.48074302752,False,False,False,True
N21000224,N21000254,4,4,15583,17102,5533.6727160661985,False,False,False,True
N21000224,N21000256,4,12,15583,24260,6693.231190617822,False,False,False,True
N21000224,N21000258,4,7,15583,27783,6380.37394040857,False,False,False,True
N21000224,N21000259,4,1,15583,15492,6142.13650348293,False,False,False,True
N21000224,N21000261,4,2,15583,1844,7129.6834894187605,False,False,False,True
N21000224,N21000263,4,2,15583,6770,5460.781131230759,False,False,False,True
N21000224,N21000264,4,8,15583,24247,6972.0680308830215,False,False,False,True
N21000224,N21000265,4,2,15583,27041,7629.032166135934,False,False,False,True
N21000224,N21000268,4,13,15583,1126,8771.98195922598,False,False,False,True
N21000224,N21000270,4,6,15583,1364,7946.731703184075,False,False,False,True
N21000224,N21000271,4,2,15583,15197,7517.591157744575,False,False,False,True
N21000224,N21000273,4,2,15583,2383,9132.735022868044,False,False,False,True
N21000224,N21000278,4,1,15583,25468,8977.349029270435,False,False,False,True
N21000224,N21000317,4,1,15583,25675,8288.031100530463,False,False,False,True
N21000224,N21000319,4,1,15583,20953,7640.483730295194,False,False,False,True
N21000224,N21000322,4,2,15583,3303,6816.263876531584,False,False,False,True
N21000224,N21000323,4,1,15583,10135,7352.382599281423,False,False,False,True
N21000224,N21000324,4,1,15583,25636,8401.921707041723,False,False,False,True
N21000224,N21000325,4,2,15583,14225,6425.136054604407,False,False,False,True
N21000224,N21000329,4,1,15583,7369,6120.478448190801,False,False,False,True
N21000224,N21000331,4,2,15583,13387,6874.499753378382,False,False,False,True
N21000224,N21000335,4,31,15583,18611,7170.415807304422,False,False,False,True
N21000225,N21000175,4,5,25527,27201,6289.425601678662,False,False,False,True
N21000225,N21000178,4,1,25527,12747,5352.657823492159,False,False,False,True
N21000225,N21000184,4,1,25527,4165,8756.792094336506,False,False,False,True
N21000225,N21000186,4,2,25527,13768,8206.830169739987,False,False,False,True
N21000225,N21000189,4,1,25527,4448,8073.98264655241,False,False,False,True
N21000225,N21000192,4,24,25527,17614,8195.095007885186,False,False,False,True
N21000225,N21000195,4,7,25527,22584,6331.021621128788,False,False,False,True
N21000225,N21000196,4,1,25527,8754,6365.21090980614,False,False,False,True
N21000225,N21000197,4,19,25527,11265,5873.375811815426,False,False,False,True
N21000225,N21000198,4,21,25527,15611,4605.124983813021,False,False,False,True
N21000225,N21000199,4,1,25527,8027,2300.8089360109284,False,False,False,True
N21000225,N21000200,4,4,25527,16344,1936.0539198901686,False,False,False,True
N21000225,N21000201,4,3,25527,24818,2314.4887660305967,False,False,False,True
N21000225,N21000202,4,1,25527,15786,2699.909689538518,False,False,False,True
N21000225,N21000203,4,8,25527,15685,1576.77397562877,False,False,True,True
N21000225,N21000204,4,2,25527,26239,3375.513771797693,False,False,False,True
N21000225,N21000205,4,10,25527,27396,2108.3046871523393,False,False,False,True
N21000225,N21000206,4,2,25527,4787,1290.63911796106,False,False,False,True
N21000225,N21000207,4,2,25527,26051,2791.132666604438,False,False,False,True
N21000225,N21000208,4,1,25527,5457,2743.198340430786,False,False,False,True
N21000225,N21000210,4,2,25527,23126,2045.1896545763668,False,False,False,True
N21000225,N21000211,4,3,25527,7197,1613.8331147091033,False,False,False,True
N21000225,N21000213,4,2,25527,9502,2924.6108666066943,False,False,False,True
N21000225,N21000215,4,2,25527,25962,2815.4452120973806,False,False,False,True
N21000225,N21000216,4,3,25527,14179,2875.3199912151917,False,False,False,True
N21000225,N21000218,4,1,25527,15318,3399.6995339384694,False,False,False,True
N21000225,N21000219,4,3,25527,2333,2811.8897514332157,False,False,False,True
N21000225,N21000220,4,5,25527,9614,2608.379724438383,False,False,False,True
N21000225,N21000221,4,15,25527,22550,2586.503267245093,False,False,False,True
N21000225,N21000223,4,6,25527,22810,1106.6288243292493,False,False,False,True
N21000225,N21000224,4,7,25527,15583,998.3835666041637,False,False,False,True
N21000225,N21000227,4,2,25527,20156,1953.5387485450335,False,False,False,True
N21000225,N21000230,4,4,25527,5611,1110.68883441829,False,False,False,True
N21000225,N21000231,4,1,25527,16315,1979.5835289299855,False,False,False,True
N21000225,N21000232,4,2,25527,26582,1847.6823319030536,False,False,False,True
N21000225,N21000233,4,2,25527,19725,1641.4095220216923,False,False,False,True
N21000225,N21000234,4,1,25527,14610,2461.787753430642,False,False,False,True
N21000225,N21000237,4,3,25527,5957,2442.5079076566367,False,False,False,True
N21000225,N21000239,4,1,25527,22166,3476.52383175682,False,False,False,True
N21000225,N21000240,4,7,25527,17764,3520.284406256654,False,False,False,True
N21000225,N21000241,4,1,25527,20619,4010.426329689173,False,False,False,True
N21000225,N21000243,4,2,25527,1454,3729.870645656323,False,False,False,True
N21000225,N21000248,4,2,25527,14259,4569.000036856182,False,False,False,True
N21000225,N21000249,4,1,25527,28796,5354.031621649511,False,False,False,True
N21000225,N21000251,4,54,25527,15928,4964.656176766283,False,False,False,True
N21000225,N21000252,4,18,25527,6604,4011.694126913999,False,False,False,True
N21000225,N21000253,4,9,25527,7436,5109.2379420056495,False,False,False,True
N21000225,N21000254,4,4,25527,17102,4877.429915044328,False,False,False,True
N21000225,N21000256,4,8,25527,24260,6036.988389595952,False,False,False,True
N21000225,N21000258,4,9,25527,27783,5724.1311393867,False,False,False,True
N21000225,N21000259,4,1,25527,15492,5485.893702461059,False,False,False,True
N21000225,N21000261,4,2,25527,1844,6473.44068839689,False,False,False,True
N21000225,N21000263,4,3,25527,6770,4570.707258902659,False,False,False,True
N21000225,N21000264,4,5,25527,24247,6315.825229861151,False,False,False,True
N21000225,N21000265,4,5,25527,27041,6972.789365114064,False,False,False,True
N21000225,N21000266,4,4,25527,18253,6951.042025487157,False,False,False,True
N21000225,N21000268,4,4,25527,1126,8115.739158204113,False,False,False,True
N21000225,N21000271,4,1,25527,15197,6603.420941025912,False,False,False,True
N21000225,N21000273,4,2,25527,2383,8295.60371160292,False,False,False,True
N21000225,N21000274,4,8,25527,391,9534.023940503488,False,False,False,True
N21000225,N21000278,4,1,25527,25468,8070.561652276293,False,False,False,True
N21000225,N21000303,4,1,25527,6397,7005.879967332904,False,False,False,True
N21000225,N21000306,4,2,25527,28173,8630.55262381036,False,False,False,True
N21000225,N21000307,4,1,25527,2710,8821.03721799511,False,False,False,True
N21000225,N21000309,4,3,25527,2721,8908.364922907193,False,False,False,True
N21000225,N21000323,4,1,25527,10135,6696.139798259553,False,False,False,True
N21000225,N21000330,4,2,25527,3126,8419.217189824754,False,False,False,True
N21000225,N21000331,4,1,25527,13387,6218.256952356512,False,False,False,True
N21000225,N21000335,4,30,25527,18611,6514.173006282552,False,False,False,True
N21000226,N21000175,4,3,7766,27201,5719.2431911969325,False,False,False,True
N21000226,N21000178,4,3,7766,12747,4782.475413010429,False,False,False,True
N21000226,N21000181,4,1,7766,10525,9133.552143953282,False,False,False,True
N21000226,N21000187,4,2,7766,23892,7952.185252380624,False,False,False,True
N21000226,N21000188,4,1,7766,9768,6896.00305796787,False,False,False,True
N21000226,N21000189,4,2,7766,4448,7503.8002360706805,False,False,False,True
N21000226,N21000192,4,37,7766,17614,7624.912597403457,False,False,False,True
N21000226,N21000193,4,2,7766,24443,6749.024677498798,False,False,False,True
N21000226,N21000195,4,3,7766,22584,5760.839210647058,False,False,False,True
N21000226,N21000197,4,16,7766,11265,5458.020414300201,False,False,False,True
N21000226,N21000198,4,28,7766,15611,4034.9425733312864,False,False,False,True
N21000226,N21000199,4,2,7766,8027,2164.609914594511,False,False,False,True
N21000226,N21000200,4,3,7766,16344,1578.905225634624,False,False,False,True
N21000226,N21000201,4,3,7766,24818,1795.495214744207,False,False,False,True
N21000226,N21000202,4,5,7766,15786,2129.727279056787,False,False,False,True
N21000226,N21000203,4,3,7766,15685,1006.5915651470385,False,False,False,True
N21000226,N21000204,4,1,7766,26239,2805.331361315962,False,False,False,True
N21000226,N21000205,4,11,7766,27396,1538.122276670608,False,False,False,True
N21000226,N21000208,4,1,7766,5457,2173.0159299490556,False,False,False,True
N21000226,N21000209,4,3,7766,9382,3087.0383938558352,False,False,False,True
N21000226,N21000210,4,2,7766,23126,1378.8220478358444,False,False,True,True
N21000226,N21000211,4,7,7766,7197,885.0737451303363,False,False,True,True
N21000226,N21000213,4,2,7766,9502,2354.428456124963,False,False,True,True
N21000226,N21000214,4,1,7766,55,2724.2074417979056,False,False,True,True
N21000226,N21000215,4,1,7766,25962,2245.26280161565,False,False,True,True
N21000226,N21000216,4,4,7766,14179,2146.5606216364245,False,False,True,True
N21000226,N21000219,4,3,7766,2333,3331.032270560497,False,False,False,True
N21000226,N21000220,4,5,7766,9614,3185.7392567353836,False,False,False,True
N21000226,N21000221,4,14,7766,22550,3315.2626368238593,False,False,False,True
N21000226,N21000223,4,3,7766,22810,1046.5094654497968,False,False,False,True
N21000226,N21000224,4,3,7766,15583,1727.1429361829303,False,False,False,True
N21000226,N21000227,4,1,7766,20156,2500.2543769835647,False,False,False,True
N21000226,N21000230,4,3,7766,5611,1657.4044628568215,False,False,False,True
N21000226,N21000231,4,2,7766,16315,2526.2991573685167,False,False,False,True
N21000226,N21000232,4,2,7766,26582,1626.5168278384797,False,False,False,True
N21000226,N21000236,4,2,7766,20050,2299.6622564742156,False,False,True,True
N21000226,N21000237,4,5,7766,5957,1714.670102180458,False,False,True,True
N21000226,N21000238,4,1,7766,26190,3784.7568946858823,False,False,False,True
N21000226,N21000240,4,3,7766,17764,2791.5250366778873,False,False,True,True
N21000226,N21000241,4,2,7766,20619,3281.6669601104068,False,False,True,True
N21000226,N21000246,4,1,7766,1102,3550.6945850760685,False,False,True,True
N21000226,N21000248,4,3,7766,14259,3840.2406672774155,False,False,True,True
N21000226,N21000249,4,1,7766,28796,4625.272252070745,False,False,False,True
N21000226,N21000250,4,1,7766,4849,4401.397758333787,False,False,False,True
N21000226,N21000251,4,58,7766,15928,4394.473766284548,False,False,False,True
N21000226,N21000252,4,17,7766,6604,3441.5117164322683,False,False,False,True
N21000226,N21000253,4,12,7766,7436,4539.05553152392,False,False,False,True
N21000226,N21000254,4,3,7766,17102,4307.247504562599,False,False,False,True
N21000226,N21000256,4,16,7766,24260,5466.805979114222,False,False,False,True
N21000226,N21000258,4,11,7766,27783,5153.948728904968,False,False,False,True
N21000226,N21000261,4,2,7766,1844,5903.258277915161,False,False,False,True
N21000226,N21000263,4,5,7766,6770,4000.5248484209283,False,False,False,True
N21000226,N21000264,4,8,7766,24247,5745.642819379421,False,False,True,True
N21000226,N21000265,4,4,7766,27041,6402.606954632334,False,False,False,True
N21000226,N21000268,4,9,7766,1126,7545.556747722383,False,False,False,True
N21000226,N21000270,4,1,7766,1364,6628.818599622548,False,False,False,True
N21000226,N21000271,4,1,7766,15197,5874.661571447145,False,False,True,True
N21000226,N21000273,4,2,7766,2383,7566.844342024154,False,False,False,True
N21000226,N21000274,4,7,7766,391,8963.841530021755,False,False,False,True
N21000226,N21000277,4,1,7766,6659,8039.550587429546,False,False,False,True
N21000226,N21000278,4,1,7766,25468,7341.802282697526,False,False,True,True
N21000226,N21000308,4,1,7766,13508,8939.266175799707,False,False,False,True
N21000226,N21000309,4,4,7766,2721,8338.18251242546,False,False,False,True
N21000226,N21000325,4,1,7766,14225,5198.710843100804,False,False,False,True
N21000226,N21000327,4,1,7766,12871,6662.142595515692,False,False,False,True
N21000226,N21000329,4,1,7766,7369,4894.0532366871985,False,False,False,True
N21000226,N21000331,4,1,7766,13387,5648.074541874779,False,False,False,True
N21000226,N21000335,4,28,7766,18611,5943.990595800817,False,False,False,True
N21000227,N21000175,4,4,20156,27201,8135.194734970006,False,False,False,True
N21000227,N21000177,4,1,20156,22862,7423.491670053521,False,False,False,True
N21000227,N21000178,4,2,20156,12747,7198.426956783503,False,False,False,True
N21000227,N21000190,4,1,20156,9490,9477.779999730083,False,False,False,True
N21000227,N21000195,4,2,20156,22584,8176.790754420132,False,False,False,True
N21000227,N21000197,4,13,20156,11265,7806.456637294318,False,False,False,True
N21000227,N21000198,4,18,20156,15611,6450.894117104362,False,False,False,True
N21000227,N21000201,4,1,20156,24818,4231.21880691764,False,False,False,True
N21000227,N21000202,4,4,20156,15786,4545.678822829861,False,False,False,True
N21000227,N21000203,4,9,20156,15685,3442.3151573204714,False,False,False,True
N21000227,N21000205,4,11,20156,27396,3857.5321361117635,False,False,False,True
N21000227,N21000207,4,2,20156,26051,4636.9017998957825,False,False,False,True
N21000227,N21000208,4,7,20156,5457,4588.967473722131,False,False,False,True
N21000227,N21000209,4,4,20156,9382,5457.4578786125285,False,False,False,True
N21000227,N21000211,4,1,20156,7197,3064.0821328503744,False,False,False,True
N21000227,N21000214,4,2,20156,55,4949.485993861004,False,False,False,True
N21000227,N21000215,4,2,20156,25962,4470.541353678748,False,False,False,True
N21000227,N21000216,4,6,20156,14179,4262.751906781756,False,False,False,True
N21000227,N21000217,4,2,20156,19481,5385.443317891791,False,False,False,True
N21000227,N21000219,4,3,20156,2333,3872.5155707391577,False,False,False,True
N21000227,N21000220,4,9,20156,9614,4068.935730638525,False,False,False,True
N21000227,N21000221,4,21,20156,22550,2065.3054460009557,False,False,False,True
N21000227,N21000222,4,1,20156,11993,3370.9869676306785,False,False,False,True
N21000227,N21000223,4,7,20156,22810,3039.7096498081423,False,False,False,True
N21000227,N21000224,4,10,20156,15583,2171.926924004141,False,False,False,True
N21000227,N21000225,4,10,20156,25527,1953.5387485450337,False,False,False,True
N21000227,N21000226,4,10,20156,7766,2500.254376983565,False,False,False,True
N21000227,N21000228,4,2,20156,182,2519.2047026871383,False,False,False,True
N21000227,N21000230,4,10,20156,5611,1202.3358284757487,False,False,True,True
N21000227,N21000231,4,3,20156,16315,1521.5787006006583,False,False,True,True
N21000227,N21000232,4,1,20156,26582,2790.004355480964,False,False,False,True
N21000227,N21000233,4,1,20156,19725,2116.5095253621025,False,False,True,True
N21000227,N21000234,4,5,20156,14610,1705.4698346051032,False,False,True,True
N21000227,N21000236,4,3,20156,20050,4415.853541619547,False,False,False,True
N21000227,N21000237,4,2,20156,5957,3486.040466761883,False,False,False,True
N21000227,N21000239,4,1,20156,22166,4863.955747323383,False,False,False,True
N21000227,N21000240,4,16,20156,17764,4557.415199165911,False,False,False,True
N21000227,N21000241,4,1,20156,20619,5397.858245255738,False,False,False,True
N21000227,N21000242,4,2,20156,13928,3651.021028212422,False,False,False,True
N21000227,N21000243,4,1,20156,1454,5117.3025612228885,False,False,False,True
N21000227,N21000248,4,3,20156,14259,5722.100843254877,False,False,False,True
N21000227,N21000249,4,3,20156,28796,6701.885313701025,False,False,False,True
N21000227,N21000251,4,54,20156,15928,6810.425310057627,False,False,False,True
N21000227,N21000252,4,14,20156,6604,5857.4632602053425,False,False,False,True
N21000227,N21000253,4,23,20156,7436,6955.007075296993,False,False,False,True
N21000227,N21000254,4,5,20156,17102,6723.199048335672,False,False,False,True
N21000227,N21000256,4,16,20156,24260,7882.757522887296,False,False,False,True
N21000227,N21000258,4,4,20156,27783,7569.900272678044,False,False,False,True
N21000227,N21000260,4,1,20156,17259,8654.646167587565,False,False,False,True
N21000227,N21000261,4,1,20156,1844,8319.209821688233,False,False,False,True
N21000227,N21000263,4,5,20156,6770,6225.803400484025,False,False,False,True
N21000227,N21000264,4,6,20156,24247,7879.498291541814,False,False,False,True
N21000227,N21000265,4,4,20156,27041,8656.990649766789,False,False,False,True
N21000227,N21000267,4,1,20156,21949,6861.500759288444,False,False,False,True
N21000227,N21000270,4,5,20156,1364,8745.00988476788,False,False,False,True
N21000227,N21000272,4,1,20156,20779,8755.841372095208,False,False,False,True
N21000227,N21000278,4,3,20156,25468,9224.315359664166,False,False,False,True
N21000227,N21000303,4,1,20156,6397,8851.649100624247,False,False,False,True
N21000227,N21000319,4,1,20156,20953,8830.010062564666,False,False,False,True
N21000227,N21000325,4,5,20156,14225,7614.662386873879,False,False,False,True
N21000227,N21000329,4,2,20156,7369,7310.004780460274,False,False,False,True
N21000227,N21000335,4,16,20156,18611,8359.942139573895,False,False,False,True
N21000228,N21000169,4,1,182,623,7943.99037631688,False,False,False,True
N21000228,N21000170,4,2,182,23278,7953.04168246603,False,False,False,True
N21000228,N21000177,4,2,182,22862,5341.851325190954,False,False,False,True
N21000228,N21000178,4,3,182,12747,5116.786611920935,False,False,False,True
N21000228,N21000181,4,1,182,10525,9467.86334286379,False,False,False,True
N21000228,N21000188,4,2,182,9768,7230.314256878375,False,False,False,True
N21000228,N21000192,4,36,182,17614,7959.223796313962,False,False,False,True
N21000228,N21000193,4,2,182,24443,7083.335876409304,False,False,False,True
N21000228,N21000195,4,1,182,22584,6095.150409557564,False,False,False,True
N21000228,N21000196,4,1,182,8754,6129.339698234916,False,False,False,True
N21000228,N21000197,4,19,182,11265,5952.195634535236,False,False,False,True
N21000228,N21000198,4,29,182,15611,4389.120738056707,False,False,False,True
N21000228,N21000200,4,2,182,16344,2211.301784951222,False,False,False,True
N21000228,N21000201,4,3,182,24818,2271.277361662423,False,False,False,True
N21000228,N21000202,4,5,182,15786,2464.038477967293,False,False,False,True
N21000228,N21000203,4,8,182,15685,1638.9881244636363,False,False,False,True
N21000228,N21000204,4,3,182,26239,2976.0835347617276,False,False,False,True
N21000228,N21000205,4,12,182,27396,1661.3871438861086,False,False,False,True
N21000228,N21000206,4,2,182,4787,1352.8532667959264,False,False,False,True
N21000228,N21000207,4,1,182,26051,2460.4687758737377,False,False,False,True
N21000228,N21000208,4,15,182,5457,2461.1866566954577,False,False,False,True
N21000228,N21000209,4,4,182,9382,3078.7556774884397,False,False,False,True
N21000228,N21000210,4,2,182,23126,1224.8134554309286,False,True,True,True
N21000228,N21000212,4,4,182,26189,2609.438141020276,False,False,True,True
N21000228,N21000213,4,2,182,9502,2201.004807063971,False,False,True,True
N21000228,N21000215,4,5,182,25962,2091.8391525546576,False,False,True,True
N21000228,N21000216,4,10,182,14179,1762.8571335156323,True,True,True,True
N21000228,N21000219,4,7,182,2333,4253.74349819308,False,False,False,True
N21000228,N21000220,4,5,182,9614,4084.051868020275,False,False,False,True
N21000228,N21000221,4,18,182,22550,3752.0175763148713,False,False,False,True
N21000228,N21000223,4,4,182,22810,1852.2726845477955,False,False,False,True
N21000228,N21000224,4,2,182,15583,2272.238372293409,False,False,False,True
N21000228,N21000225,4,9,182,25527,1475.6721435818918,False,False,False,True
N21000228,N21000226,4,10,182,7766,1254.5066395173176,False,False,True,True
N21000228,N21000227,4,1,182,20156,2519.2047026871383,False,False,False,True
N21000228,N21000229,4,1,182,15164,3218.0728629670807,False,False,False,True
N21000228,N21000230,4,6,182,5611,1676.3547885603953,False,False,False,True
N21000228,N21000231,4,2,182,16315,2545.2494830720907,False,False,False,True
N21000228,N21000233,4,1,182,19725,1346.1241154705717,False,False,False,True
N21000228,N21000235,4,1,182,15632,3128.5422236598743,False,False,False,True
N21000228,N21000236,4,1,182,20050,1915.9587683534237,False,False,True,True
N21000228,N21000237,4,16,182,5957,1167.5788904345652,False,True,True,True
N21000228,N21000238,4,1,182,26190,3498.290516520094,False,False,False,True
N21000228,N21000239,4,3,182,22166,2364.0609740572613,False,False,True,True
N21000228,N21000240,4,18,182,17764,2407.821548557095,False,False,True,True
N21000228,N21000241,4,1,182,20619,2897.963471989614,False,False,True,True
N21000228,N21000243,4,1,182,1454,2617.407787956764,False,False,True,True
N21000228,N21000244,4,1,182,16707,3111.3167987914308,False,False,True,True
N21000228,N21000247,4,3,182,18676,3441.6817485880856,False,False,False,True
N21000228,N21000248,4,2,182,14259,3456.5371791566226,False,False,True,True
N21000228,N21000249,4,5,182,28796,4241.568763949952,False,False,False,True
N21000228,N21000250,4,1,182,4849,4017.6942702129945,False,False,False,True
N21000228,N21000251,4,54,182,15928,4479.791465926172,False,False,False,True
N21000228,N21000252,4,12,182,6604,3526.829416073892,False,False,False,True
N21000228,N21000253,4,11,182,7436,4624.373231165543,False,False,False,True
N21000228,N21000254,4,7,182,17102,4392.565204204222,False,False,False,True
N21000228,N21000256,4,14,182,24260,5552.1236787558455,False,False,False,True
N21000228,N21000258,4,2,182,27783,5239.266428546592,False,False,False,True
N21000228,N21000261,4,1,182,1844,5988.575977556785,False,False,False,True
N21000228,N21000263,4,2,182,6770,3847.1011993599363,False,False,True,True
N21000228,N21000264,4,4,182,24247,5379.6035182756905,False,False,True,True
N21000228,N21000265,4,3,182,27041,6157.095876500666,False,False,False,True
N21000228,N21000266,4,1,182,18253,6466.177314647051,False,False,False,True
N21000228,N21000267,4,3,182,21949,4361.60598602232,False,False,True,True
N21000228,N21000268,4,10,182,1126,7630.874447364007,False,False,False,True
N21000228,N21000270,4,1,182,1364,6245.115111501757,False,False,False,True
N21000228,N21000274,4,7,182,391,9018.919331521454,False,False,False,True
N21000228,N21000278,4,2,182,25468,6958.098794576733,False,False,True,True
N21000228,N21000283,4,2,182,9205,9650.41847287317,False,False,True,True
N21000228,N21000309,4,1,182,2721,8423.500212067083,False,False,False,True
N21000228,N21000316,4,2,182,23306,9022.537001207109,False,False,False,True
N21000228,N21000323,4,1,182,10135,6460.268586688327,False,False,False,True
N21000228,N21000325,4,1,182,14225,5533.022042011311,False,False,False,True
N21000228,N21000331,4,1,182,13387,5982.385740785286,False,False,False,True
N21000228,N21000332,4,2,182,23473,7400.816011874069,False,False,False,True
N21000228,N21000335,4,6,182,18611,6029.308295442441,False,False,False,True
N21000229,N21000178,4,1,15164,12747,7897.295117063443,False,False,False,True
N21000229,N21000197,4,18,15164,11265,8505.324797574263,False,False,False,True
N21000229,N21000198,4,16,15164,15611,7149.762277384306,False,False,False,True
N21000229,N21000200,4,3,15164,16344,4568.002905649006,False,False,False,True
N21000229,N21000201,4,1,15164,24818,4930.086967197583,False,False,False,True
N21000229,N21000202,4,1,15164,15786,5244.546983109802,False,False,False,True
N21000229,N21000203,4,3,15164,15685,4141.183317600415,False,False,False,True
N21000229,N21000204,4,2,15164,26239,5920.1510653689775,False,False,False,True
N21000229,N21000205,4,9,15164,27396,4556.4002963917055,False,False,False,True
N21000229,N21000207,4,6,15164,26051,5335.769960175724,False,False,False,True
N21000229,N21000208,4,6,15164,5457,5287.835634002073,False,False,False,True
N21000229,N21000209,4,2,15164,9382,6156.32603889247,False,False,False,True
N21000229,N21000210,4,1,15164,23126,4256.698595835824,False,False,False,True
N21000229,N21000212,4,1,15164,26189,5687.00850242431,False,False,False,True
N21000229,N21000213,4,3,15164,9502,5278.575168468003,False,False,False,True
N21000229,N21000214,4,2,15164,55,5648.354154140946,False,False,False,True
N21000229,N21000216,4,3,15164,14179,4961.620067061698,False,False,False,True
N21000229,N21000219,4,3,15164,2333,4608.028584554591,False,False,False,True
N21000229,N21000220,4,4,15164,9614,4804.44874445396,False,False,False,True
N21000229,N21000221,4,12,15164,22550,1999.7192509026668,False,False,False,True
N21000229,N21000223,4,11,15164,22810,3738.577810088085,False,False,False,True
N21000229,N21000224,4,3,15164,15583,2907.439937819574,False,False,False,True
N21000229,N21000225,4,8,15164,25527,2652.406908824977,False,False,False,True
N21000229,N21000226,4,12,15164,7766,3199.1225372635076,False,False,False,True
N21000229,N21000227,4,1,15164,20156,930.4512342956405,False,True,True,True
N21000229,N21000230,4,25,15164,5611,1629.3726825919734,False,False,True,True
N21000229,N21000231,4,37,15164,16315,1760.8506416243679,False,False,True,True
N21000229,N21000233,4,4,15164,19725,2497.345302610493,False,False,True,True
N21000229,N21000234,4,6,15164,14610,1584.6774573434673,False,False,True,True
N21000229,N21000235,4,1,15164,15632,4412.119653567631,False,False,False,True
N21000229,N21000237,4,5,15164,5957,4184.908627041826,False,False,False,True
N21000229,N21000240,4,8,15164,17764,5178.424638708136,False,False,False,True
N21000229,N21000243,4,2,15164,1454,5816.17072150283,False,False,False,True
N21000229,N21000244,4,1,15164,16707,5138.85798501145,False,False,False,True
N21000229,N21000247,4,1,15164,18676,4725.25917849584,False,False,False,True
N21000229,N21000249,4,1,15164,28796,7322.8947532432485,False,False,False,True
N21000229,N21000251,4,19,15164,15928,7509.293470337569,False,False,False,True
N21000229,N21000252,4,6,15164,6604,6556.331420485284,False,False,False,True
N21000229,N21000253,4,6,15164,7436,7653.875235576935,False,False,False,True
N21000229,N21000254,4,6,15164,17102,7422.067208615614,False,False,False,True
N21000229,N21000256,4,2,15164,24260,8581.625683167238,False,False,False,True
N21000229,N21000258,4,5,15164,27783,8268.768432957986,False,False,False,True
N21000229,N21000259,4,2,15164,15492,8030.530996032345,False,False,False,True
N21000229,N21000261,4,1,15164,1844,9018.077981968176,False,False,False,True
N21000229,N21000263,4,2,15164,6770,6924.671560763966,False,False,False,True
N21000229,N21000264,4,1,15164,24247,8578.366451821754,False,False,False,True
N21000229,N21000265,4,2,15164,27041,9355.858810046733,False,False,False,True
N21000229,N21000270,4,2,15164,1364,9443.878045047826,False,False,False,True
N21000229,N21000272,4,1,15164,20779,9376.850811637429,False,False,False,True
N21000229,N21000322,4,1,15164,3303,8704.658369080997,False,False,False,True
N21000229,N21000325,4,2,15164,14225,8313.53054715382,False,False,False,True
N21000229,N21000335,4,4,15164,18611,9058.810299853843,False,False,False,True
N21000230,N21000165,4,1,5611,19703,9211.99545881909,False,False,False,True
N21000230,N21000167,4,1,5611,23946,8528.015268401808,False,False,False,True
N21000230,N21000168,4,1,5611,4451,8687.82883537601,False,False,False,True
N21000230,N21000175,4,5,5611,27201,7292.344820843264,False,False,False,True
N21000230,N21000186,4,1,5611,13768,9209.74938890459,False,False,False,True
N21000230,N21000188,4,1,5611,9768,8469.104687614203,False,False,False,True
N21000230,N21000189,4,3,5611,4448,9076.901865717009,False,False,False,True
N21000230,N21000191,4,2,5611,10156,8010.209754171392,False,False,False,True
N21000230,N21000192,4,31,5611,17614,9198.014227049785,False,False,False,True
N21000230,N21000193,4,1,5611,24443,8322.126307145127,False,False,False,True
N21000230,N21000195,4,2,5611,22584,7333.94084029339,False,False,False,True
N21000230,N21000196,4,1,5611,8754,7368.130128970742,False,False,False,True
N21000230,N21000197,4,8,5611,11265,6963.606723167576,False,False,False,True
N21000230,N21000198,4,23,5611,15611,5608.0442029776195,False,False,False,True
N21000230,N21000200,4,2,5611,16344,3026.284831242319,False,False,False,True
N21000230,N21000201,4,2,5611,24818,3388.3688927908956,False,False,False,True
N21000230,N21000202,4,4,5611,15786,3702.828908703118,False,False,False,True
N21000230,N21000203,4,4,5611,15685,2599.465243193728,False,False,False,True
N21000230,N21000204,4,2,5611,26239,4378.432990962295,False,False,False,True
N21000230,N21000205,4,10,5611,27396,3014.6822219850205,False,False,False,True
N21000230,N21000207,4,3,5611,26051,3794.051885769038,False,False,False,True
N21000230,N21000208,4,3,5611,5457,3746.1175595953864,False,False,False,True
N21000230,N21000210,4,1,5611,23126,2714.980521429138,False,False,False,True
N21000230,N21000211,4,4,5611,7197,2221.2322187236314,False,False,False,True
N21000230,N21000212,4,1,5611,26189,4145.2904280176235,False,False,False,True
N21000230,N21000213,4,3,5611,9502,3736.8570940613185,False,False,False,True
N21000230,N21000215,4,2,5611,25962,3627.6914395520052,False,False,False,True
N21000230,N21000216,4,3,5611,14179,3419.9019926550122,False,False,False,True
N21000230,N21000219,4,2,5611,2333,3396.1444839024425,False,False,False,True
N21000230,N21000220,4,6,5611,9614,3299.102138879081,False,False,False,True
N21000230,N21000221,4,18,5611,22550,2525.835862383922,False,False,True,True
N21000230,N21000223,4,2,5611,22810,2196.859735681399,False,False,False,True
N21000230,N21000224,4,3,5611,15583,1404.4209767687923,False,False,False,True
N21000230,N21000225,4,10,5611,25527,1110.6888344182903,False,False,False,True
N21000230,N21000226,4,9,5611,7766,1657.4044628568213,False,False,False,True
N21000230,N21000229,4,1,5611,15164,1629.3726825919732,False,False,True,True
N21000230,N21000231,4,2,5611,16315,956.5493026969826,False,False,True,True
N21000230,N21000233,4,2,5611,19725,1288.3096363855354,False,False,True,True
N21000230,N21000236,4,2,5611,20050,3573.0036274928025,False,False,False,True
N21000230,N21000237,4,2,5611,5957,2643.19055263514,False,False,False,True
N21000230,N21000239,4,1,5611,22166,4021.1058331966406,False,False,False,True
N21000230,N21000240,4,4,5611,17764,3663.6168407855234,False,False,False,True
N21000230,N21000242,4,2,5611,13928,2757.2226698320346,False,False,False,True
N21000230,N21000243,4,3,5611,1454,4274.452647096144,False,False,False,True
N21000230,N21000244,4,1,5611,16707,3624.050187088838,False,False,False,True
N21000230,N21000245,4,2,5611,8653,5896.438892358986,False,False,False,True
N21000230,N21000247,4,2,5611,18676,3580.8505746212395,False,False,False,True
N21000230,N21000248,4,1,5611,14259,4828.302484874488,False,False,False,True
N21000230,N21000249,4,1,5611,28796,5808.086955320635,False,False,False,True
N21000230,N21000250,4,1,5611,4849,4672.81317988368,False,False,False,True
N21000230,N21000251,4,67,5611,15928,5967.575395930882,False,False,False,True
N21000230,N21000252,4,19,5611,6604,5014.613346078598,False,False,False,True
N21000230,N21000253,4,11,5611,7436,6112.157161170248,False,False,False,True
N21000230,N21000254,4,6,5611,17102,5880.349134208927,False,False,False,True
N21000230,N21000256,4,11,5611,24260,7039.907608760551,False,False,False,True
N21000230,N21000258,4,5,5611,27783,6727.050358551299,False,False,False,True
N21000230,N21000259,4,2,5611,15492,6488.812921625658,False,False,False,True
N21000230,N21000261,4,6,5611,1844,7476.35990756149,False,False,False,True
N21000230,N21000263,4,4,5611,6770,5382.9534863572835,False,False,False,True
N21000230,N21000264,4,11,5611,24247,7036.648377415068,False,False,False,True
N21000230,N21000265,4,2,5611,27041,7814.140735640045,False,False,False,True
N21000230,N21000267,4,1,5611,21949,6018.650845161699,False,False,False,True
N21000230,N21000268,4,5,5611,1126,9118.658377368707,False,False,False,True
N21000230,N21000270,4,4,5611,1364,7902.159970641135,False,False,False,True
N21000230,N21000271,4,2,5611,15197,7148.002942465732,False,False,False,True
N21000230,N21000272,4,1,5611,20779,7862.043013714818,False,False,False,True
N21000230,N21000273,4,1,5611,2383,8840.185713042742,False,False,False,True
N21000230,N21000278,4,2,5611,25468,8330.517001283775,False,False,False,True
N21000230,N21000303,4,2,5611,6397,8008.799186497502,False,False,False,True
N21000230,N21000306,4,1,5611,28173,9633.471842974956,False,False,False,True
N21000230,N21000322,4,1,5611,3303,7162.940294674314,False,False,False,True
N21000230,N21000325,4,1,5611,14225,6771.812472747137,False,False,False,True
N21000230,N21000326,4,1,5611,3406,9520.485072958307,False,False,False,True
N21000230,N21000329,4,3,5611,7369,6467.154866333532,False,False,False,True
N21000230,N21000335,4,26,5611,18611,7517.09222544715,False,False,False,True
N21000231,N21000175,4,2,16315,27201,8161.239515354957,False,False,False,True
N21000231,N21000177,4,1,16315,22862,7449.5364504384725,False,False,False,True
N21000231,N21000178,4,1,16315,12747,7224.471737168454,False,False,False,True
N21000231,N21000188,4,2,16315,9768,9337.999382125894,False,False,False,True
N21000231,N21000195,4,3,16315,22584,8202.835534805083,False,False,False,True
N21000231,N21000196,4,1,16315,8754,8237.024823482436,False,False,False,True
N21000231,N21000197,4,14,16315,11265,7832.50141767927,False,False,False,True
N21000231,N21000198,4,22,16315,15611,6476.938897489314,False,False,False,True
N21000231,N21000200,4,3,16315,16344,3895.179525754014,False,False,False,True
N21000231,N21000201,4,2,16315,24818,4257.263587302592,False,False,False,True
N21000231,N21000202,4,3,16315,15786,4571.723603214813,False,False,False,True
N21000231,N21000203,4,3,16315,15685,3468.3599377054234,False,False,False,True
N21000231,N21000204,4,3,16315,26239,5247.327685473988,False,False,False,True
N21000231,N21000205,4,7,16315,27396,3883.5769164967155,False,False,False,True
N21000231,N21000206,4,1,16315,4787,3182.2250800377137,False,False,False,True
N21000231,N21000207,4,2,16315,26051,4662.946580280734,False,False,False,True
N21000231,N21000208,4,7,16315,5457,4615.012254107083,False,False,False,True
N21000231,N21000209,4,4,16315,9382,5483.50265899748,False,False,False,True
N21000231,N21000211,4,3,16315,7197,3090.1269132353264,False,False,False,True
N21000231,N21000213,4,1,16315,9502,4605.751788573012,False,False,False,True
N21000231,N21000214,4,1,16315,55,4975.530774245955,False,False,False,True
N21000231,N21000215,4,1,16315,25962,4496.5861340637,False,False,False,True
N21000231,N21000216,4,4,16315,14179,4288.796687166708,False,False,False,True
N21000231,N21000219,4,5,16315,2333,4265.039178414138,False,False,False,True
N21000231,N21000220,4,7,16315,9614,4167.9968333907755,False,False,False,True
N21000231,N21000221,4,19,16315,22550,3394.7305568956176,False,False,True,True
N21000231,N21000222,4,2,16315,11993,3397.0317480156295,False,False,False,True
N21000231,N21000223,4,5,16315,22810,3065.7544301930934,False,False,False,True
N21000231,N21000224,4,6,16315,15583,2273.3156712804875,False,False,False,True
N21000231,N21000225,4,5,16315,25527,1979.5835289299855,False,False,False,True
N21000231,N21000226,4,7,16315,7766,2526.299157368517,False,False,False,True
N21000231,N21000230,4,12,16315,5611,956.5493026969827,False,False,True,True
N21000231,N21000232,4,4,16315,26582,2532.945234656087,False,False,False,True
N21000231,N21000233,4,1,16315,19725,1436.6515668481734,False,False,True,True
N21000231,N21000235,4,2,16315,15632,3460.7326344812236,False,False,False,True
N21000231,N21000236,4,1,16315,20050,4441.898322004499,False,False,False,True
N21000231,N21000237,4,12,16315,5957,3512.0852471468347,False,False,False,True
N21000231,N21000238,4,1,16315,26190,6024.230070171167,False,False,False,True
N21000231,N21000240,4,13,16315,17764,4300.356078341034,False,False,False,True
N21000231,N21000241,4,2,16315,20619,5423.9030256406895,False,False,False,True
N21000231,N21000243,4,4,16315,1454,4978.584385450232,False,False,False,True
N21000231,N21000244,4,1,16315,16707,4260.789424644348,False,False,False,True
N21000231,N21000245,4,2,16315,8653,6533.178129914498,False,False,False,True
N21000231,N21000246,4,1,16315,1102,5369.34427669614,False,False,False,True
N21000231,N21000247,4,1,16315,18676,3773.872159409435,False,False,False,True
N21000231,N21000248,4,3,16315,14259,5465.04172243,False,False,False,True
N21000231,N21000249,4,1,16315,28796,6444.826192876147,False,False,False,True
N21000231,N21000251,4,42,16315,15928,6836.470090442579,False,False,False,True
N21000231,N21000252,4,21,16315,6604,5883.5080405902945,False,False,False,True
N21000231,N21000253,4,8,16315,7436,6981.051855681945,False,False,False,True
N21000231,N21000254,4,3,16315,17102,6749.243828720624,False,False,False,True
N21000231,N21000255,4,1,16315,11696,8450.285574331778,False,False,False,True
N21000231,N21000256,4,10,16315,24260,7908.802303272248,False,False,False,True
N21000231,N21000258,4,5,16315,27783,7595.945053062996,False,False,False,True
N21000231,N21000259,4,2,16315,15492,7357.707616137355,False,False,False,True
N21000231,N21000261,4,2,16315,1844,8345.254602073186,False,False,False,True
N21000231,N21000263,4,3,16315,6770,6251.848180868976,False,False,False,True
N21000231,N21000264,4,5,16315,24247,7905.543071926765,False,False,False,True
N21000231,N21000265,4,3,16315,27041,8683.03543015174,False,False,False,True
N21000231,N21000266,4,2,16315,18253,8822.855939163455,False,False,False,True
N21000231,N21000269,4,3,16315,1407,6852.0536329261695,False,False,False,True
N21000231,N21000270,4,5,16315,1364,8771.054665152833,False,False,False,True
N21000231,N21000271,4,2,16315,15197,8016.897636977428,False,False,False,True
N21000231,N21000272,4,3,16315,20779,8498.78225127033,False,False,False,True
N21000231,N21000278,4,1,16315,25468,8967.256238839287,False,False,False,True
N21000231,N21000302,4,1,16315,6864,9629.642288210158,False,False,False,True
N21000231,N21000322,4,1,16315,3303,8031.834989186007,False,False,False,True
N21000231,N21000323,4,4,16315,10135,8567.953711935848,False,False,False,True
N21000231,N21000325,4,2,16315,14225,7640.70716725883,False,False,False,True
N21000231,N21000328,4,1,16315,25177,8448.814062136267,False,False,False,True
N21000231,N21000331,4,1,16315,13387,8090.0708660328055,False,False,False,True
N21000231,N21000335,4,18,16315,18611,8385.986919958847,False,False,False,True
N21000232,N21000170,4,2,26582,23278,8801.650995394846,False,False,False,True
N21000232,N21000171,4,1,26582,18303,7632.036995754021,False,False,False,True
N21000232,N21000178,4,1,26582,12747,5965.395924849751,False,False,False,True
N21000232,N21000189,4,1,26582,4448,8686.720747910002,False,False,False,True
N21000232,N21000192,4,15,26582,17614,8807.833109242778,False,False,False,True
N21000232,N21000194,4,1,26582,25109,7432.858324276112,False,False,False,True
N21000232,N21000195,4,1,26582,22584,6943.75972248638,False,False,False,True
N21000232,N21000197,4,12,26582,11265,6915.653392678144,False,False,False,True
N21000232,N21000198,4,12,26582,15611,5352.578496199616,False,False,False,True
N21000232,N21000200,4,3,26582,16344,3050.34502772026,False,False,False,True
N21000232,N21000203,4,2,26582,15685,2568.5776081753866,False,False,False,True
N21000232,N21000205,4,14,26582,27396,2509.996456814927,False,False,False,True
N21000232,N21000206,4,1,26582,4787,2282.4427505076765,False,False,False,True
N21000232,N21000208,4,2,26582,5457,3308.27262915519,False,False,False,True
N21000232,N21000211,4,3,26582,7197,1811.3569799566078,False,False,True,True
N21000232,N21000212,4,1,26582,26189,3436.5643078562352,False,False,True,True
N21000232,N21000213,4,3,26582,9502,3028.130973899931,False,False,True,True
N21000232,N21000214,4,1,26582,55,3397.9099595728735,False,False,True,True
N21000232,N21000215,4,2,26582,25962,2918.9653193906174,False,False,True,True
N21000232,N21000216,4,4,26582,14179,2589.983300351591,True,True,True,True
N21000232,N21000217,4,1,26582,19481,3741.6304588373387,False,False,True,True
N21000232,N21000219,4,3,26582,2333,4534.761532220885,False,False,False,True
N21000232,N21000220,4,3,26582,9614,4437.719187197525,False,False,False,True
N21000232,N21000221,4,9,26582,22550,4022.8172291086953,False,False,False,True
N21000232,N21000224,4,2,26582,15583,2543.0380250872345,False,False,False,True
N21000232,N21000225,4,9,26582,25527,1847.6823319030543,False,False,False,True
N21000232,N21000226,4,6,26582,7766,1626.51682783848,False,False,False,True
N21000232,N21000230,4,4,26582,5611,1896.205997100576,False,False,False,True
N21000232,N21000231,4,1,26582,16315,2532.9452346560865,False,False,False,True
N21000232,N21000233,4,2,26582,19725,1096.2936678079136,False,False,False,True
N21000232,N21000235,4,2,26582,15632,2325.504654516175,False,False,False,True
N21000232,N21000236,4,1,26582,20050,2743.084935189381,False,False,True,True
N21000232,N21000237,4,5,26582,5957,1564.4716140200144,False,True,True,True
N21000232,N21000240,4,15,26582,17764,2709.063001647108,False,False,False,True
N21000232,N21000242,4,3,26582,13928,1810.0598560996657,False,False,False,True
N21000232,N21000244,4,1,26582,16707,2669.496347950422,False,False,False,True
N21000232,N21000246,4,1,26582,1102,3778.0512000022136,False,False,True,True
N21000232,N21000248,4,1,26582,14259,3873.748645736072,False,False,True,True
N21000232,N21000249,4,3,26582,28796,4853.53311618222,False,False,False,True
N21000232,N21000251,4,32,26582,15928,5306.917632762135,False,False,False,True
N21000232,N21000252,4,8,26582,6604,4353.955582909851,False,False,False,True
N21000232,N21000253,4,6,26582,7436,5451.4993980015015,False,False,False,True
N21000232,N21000254,4,2,26582,17102,5219.6913710401805,False,False,False,True
N21000232,N21000255,4,1,26582,11696,6920.733116651331,False,False,False,True
N21000232,N21000256,4,1,26582,24260,6379.249845591804,False,False,False,True
N21000232,N21000258,4,8,26582,27783,6066.392595382552,False,False,True,True
N21000232,N21000263,4,1,26582,6770,4674.227366195896,False,False,True,True
N21000232,N21000264,4,3,26582,24247,6206.729685111647,False,False,True,True
N21000232,N21000265,4,1,26582,27041,6984.222043336624,False,False,False,True
N21000232,N21000266,4,1,26582,18253,7293.30348148301,False,False,False,True
N21000232,N21000268,4,2,26582,1126,8458.000614199966,False,False,False,True
N21000232,N21000270,4,1,26582,1364,7072.241278337714,False,False,False,True
N21000232,N21000273,4,1,26582,2383,8010.267020739319,False,False,False,True
N21000232,N21000277,4,1,26582,6659,8482.973266144714,False,False,False,True
N21000232,N21000278,4,1,26582,25468,7375.96316214536,False,False,True,True
N21000232,N21000309,4,3,26582,2721,9250.626378903044,False,False,False,True
N21000232,N21000317,4,1,26582,25675,8244.526400866183,False,False,False,True
N21000232,N21000329,4,1,26582,7369,6076.973748526523,False,False,False,True
N21000232,N21000332,4,1,26582,23473,8227.942178710033,False,False,False,True
N21000232,N21000335,4,2,26582,18611,6856.434462278403,False,False,False,True
N21000233,N21000170,4,1,19725,23278,8907.729213285622,False,False,False,True
N21000233,N21000172,4,1,19725,18162,7728.217537432567,False,False,False,True
N21000233,N21000175,4,3,19725,27201,7008.24192092703,False,False,False,True
N21000233,N21000186,4,1,19725,13768,8925.646488988355,False,False,False,True
N21000233,N21000189,4,1,19725,4448,8792.798965800777,False,False,False,True
N21000233,N21000192,4,15,19725,17614,8913.911327133552,False,False,False,True
N21000233,N21000193,4,1,19725,24443,8038.023407228896,False,False,False,True
N21000233,N21000195,4,3,19725,22584,7049.837940377156,False,False,False,True
N21000233,N21000197,4,10,19725,11265,6835.314824188502,False,False,False,True
N21000233,N21000198,4,10,19725,15611,5323.941303061386,False,False,False,True
N21000233,N21000201,4,1,19725,24818,3205.129162315539,False,False,False,True
N21000233,N21000202,4,2,19725,15786,3418.7260087868844,False,False,False,True
N21000233,N21000203,4,1,19725,15685,2416.225512718371,False,False,False,True
N21000233,N21000204,4,1,19725,26239,4094.33009104606,False,False,False,True
N21000233,N21000205,4,12,19725,27396,2730.579322068787,False,False,False,True
N21000233,N21000206,4,1,19725,4787,2130.0906550506616,False,False,False,True
N21000233,N21000207,4,1,19725,26051,3509.9489858528045,False,False,False,True
N21000233,N21000209,4,2,19725,9382,4310.962643339579,False,False,False,True
N21000233,N21000211,4,3,19725,7197,1891.0015456338087,False,False,False,True
N21000233,N21000213,4,1,19725,9502,3433.211772915111,False,False,False,True
N21000233,N21000216,4,4,19725,14179,3067.672887613159,False,False,False,True
N21000233,N21000217,4,2,19725,19481,4219.320046098907,False,False,False,True
N21000233,N21000219,4,1,19725,2333,3926.8651715058445,False,False,False,True
N21000233,N21000220,4,1,19725,9614,3829.8228264824825,False,False,False,True
N21000233,N21000221,4,7,19725,22550,3414.9208683936563,False,False,True,True
N21000233,N21000222,4,1,19725,11993,2809.2871332963355,False,False,False,True
N21000233,N21000223,4,2,19725,22810,2291.5727636828187,False,False,False,True
N21000233,N21000224,4,5,19725,15583,1935.1416643721939,False,False,False,True
N21000233,N21000225,4,10,19725,25527,1641.409522021692,False,False,False,True
N21000233,N21000226,4,7,19725,7766,1474.1647323814648,False,False,False,True
N21000233,N21000228,4,2,19725,182,1346.124115470572,False,False,False,True
N21000233,N21000230,4,6,19725,5611,1288.3096363855357,False,False,True,True
N21000233,N21000231,4,5,19725,16315,1436.6515668481732,False,False,True,True
N21000233,N21000232,4,1,19725,26582,1096.2936678079136,False,False,False,True
N21000233,N21000237,4,9,19725,5957,2181.6976461903178,False,False,False,True
N21000233,N21000238,4,1,19725,26190,4803.106270617619,False,False,False,True
N21000233,N21000240,4,14,19725,17764,2863.7045114928615,False,False,False,True
N21000233,N21000241,4,3,19725,20619,4012.609245521405,False,False,False,True
N21000233,N21000243,4,2,19725,1454,3541.9328186020603,False,False,False,True
N21000233,N21000248,4,5,19725,14259,4028.3901555818256,False,False,False,True
N21000233,N21000249,4,2,19725,28796,5008.174626027972,False,False,False,True
N21000233,N21000250,4,3,19725,4849,3872.9008505910188,False,False,False,True
N21000233,N21000251,4,52,19725,15928,5683.472496014649,False,False,False,True
N21000233,N21000252,4,18,19725,6604,4730.510446162364,False,False,False,True
N21000233,N21000253,4,13,19725,7436,5828.054261254015,False,False,False,True
N21000233,N21000254,4,10,19725,17102,5596.246234292694,False,False,False,True
N21000233,N21000256,4,9,19725,24260,6755.804708844317,False,False,False,True
N21000233,N21000258,4,1,19725,27783,6442.947458635065,False,False,False,True
N21000233,N21000259,4,1,19725,15492,6066.536375927679,False,False,False,True
N21000233,N21000261,4,2,19725,1844,7192.257007645257,False,False,False,True
N21000233,N21000264,4,2,19725,24247,6494.2492918074795,False,False,False,True
N21000233,N21000265,4,3,19725,27041,7271.741650032456,False,False,False,True
N21000233,N21000266,4,2,19725,18253,7669.858344735523,False,False,False,True
N21000233,N21000267,4,1,19725,21949,5476.25175955411,False,False,False,True
N21000233,N21000268,4,11,19725,1126,8834.555477452475,False,False,False,True
N21000233,N21000270,4,3,19725,1364,7359.760885033546,False,False,False,True
N21000233,N21000271,4,3,19725,15197,6605.603856858143,False,False,False,True
N21000233,N21000273,4,1,19725,2383,8267.16129351445,False,False,False,True
N21000233,N21000302,4,1,19725,6864,8476.64469378223,False,False,False,True
N21000233,N21000303,4,1,19725,6397,7724.696286581268,False,False,False,True
N21000233,N21000307,4,1,19725,2710,9539.853537243474,False,False,False,True
N21000233,N21000309,4,1,19725,2721,9627.181242155557,False,False,False,True
N21000233,N21000322,4,1,19725,3303,6878.83739475808,False,False,False,True
N21000233,N21000324,4,1,19725,25636,8464.49522526822,False,False,False,True
N21000233,N21000329,4,1,19725,7369,6183.051966417297,False,False,False,True
N21000233,N21000335,4,20,19725,18611,7232.989325530916,False,False,False,True
N21000234,N21000175,4,1,14610,27201,8643.443739855607,False,False,False,True
N21000234,N21000177,4,1,14610,22862,7931.740674939128,False,False,False,True
N21000234,N21000194,4,3,14610,25109,9174.138361095469,False,False,False,True
N21000234,N21000195,4,1,14610,22584,8685.039759305739,False,False,False,True
N21000234,N21000197,4,11,14610,11265,8314.705642179928,False,False,False,True
N21000234,N21000198,4,19,14610,15611,6959.143121989972,False,False,False,True
N21000234,N21000199,4,2,14610,8027,4742.138766375431,False,False,False,True
N21000234,N21000201,4,1,14610,24818,4739.46781180325,False,False,False,True
N21000234,N21000203,4,3,14610,15685,3950.5641622060803,False,False,False,True
N21000234,N21000205,4,14,14610,27396,4365.781140997372,False,False,False,True
N21000234,N21000206,4,3,14610,4787,3664.4293045383706,False,False,False,True
N21000234,N21000207,4,3,14610,26051,5145.15080478139,False,False,False,True
N21000234,N21000208,4,3,14610,5457,5097.216478607739,False,False,False,True
N21000234,N21000209,4,2,14610,9382,5965.7068834981355,False,False,False,True
N21000234,N21000210,4,1,14610,23126,4066.07944044149,False,False,False,True
N21000234,N21000213,4,5,14610,9502,5087.956013073668,False,False,False,True
N21000234,N21000214,4,4,14610,55,5457.734998746611,False,False,False,True
N21000234,N21000215,4,4,14610,25962,4978.790358564356,False,False,False,True
N21000234,N21000216,4,6,14610,14179,4771.000911667365,False,False,False,True
N21000234,N21000219,4,6,14610,2333,4747.243402914796,False,False,False,True
N21000234,N21000220,4,8,14610,9614,4650.201057891436,False,False,False,True
N21000234,N21000221,4,15,14610,22550,3529.1419480220193,False,False,True,True
N21000234,N21000222,4,1,14610,11993,3879.2359725162873,False,False,False,True
N21000234,N21000223,4,4,14610,22810,3547.958654693751,False,False,False,True
N21000234,N21000224,4,5,14610,15583,2755.519895781146,False,False,False,True
N21000234,N21000225,4,2,14610,25527,2461.7877534306435,False,False,False,True
N21000234,N21000226,4,6,14610,7766,3008.503381869174,False,False,False,True
N21000234,N21000227,4,1,14610,20156,1705.4698346051032,False,False,True,True
N21000234,N21000228,4,1,14610,182,3027.453707572747,False,False,False,True
N21000234,N21000229,4,2,14610,15164,1584.6774573434673,False,False,True,True
N21000234,N21000230,4,17,14610,5611,1438.7535271976399,False,False,True,True
N21000234,N21000232,4,1,14610,26582,3015.1494591567443,False,False,False,True
N21000234,N21000233,4,1,14610,19725,1918.8557913488303,False,False,True,True
N21000234,N21000235,4,7,14610,15632,3413.135356280416,False,False,False,True
N21000234,N21000236,4,3,14610,20050,4924.102546505156,False,False,False,True
N21000234,N21000237,4,7,14610,5957,3994.289471647492,False,False,False,True
N21000234,N21000239,4,2,14610,22166,5372.2047522089915,False,False,False,True
N21000234,N21000240,4,12,14610,17764,4492.942425555753,False,False,False,True
N21000234,N21000242,4,5,14610,13928,2939.2819884986116,False,False,False,True
N21000234,N21000243,4,1,14610,1454,5171.170732664951,False,False,False,True
N21000234,N21000244,4,3,14610,16707,4437.850598200224,False,False,False,True
N21000234,N21000246,4,1,14610,1102,5561.930623910859,False,False,False,True
N21000234,N21000247,4,1,14610,18676,3726.2748812086274,False,False,False,True
N21000234,N21000248,4,4,14610,14259,5642.102895985876,False,False,False,True
N21000234,N21000249,4,1,14610,28796,6621.887366432024,False,False,False,True
N21000234,N21000250,4,1,14610,4849,5478.220499632071,False,False,False,True
N21000234,N21000251,4,39,14610,15928,7318.674314943235,False,False,False,True
N21000234,N21000252,4,16,14610,6604,6365.7122650909505,False,False,False,True
N21000234,N21000253,4,7,14610,7436,7463.256080182601,False,False,False,True
N21000234,N21000254,4,5,14610,17102,7231.44805322128,False,False,False,True
N21000234,N21000256,4,4,14610,24260,8391.006527772903,False,False,False,True
N21000234,N21000258,4,1,14610,27783,8078.149277563652,False,False,False,True
N21000234,N21000259,4,1,14610,15492,7695.7742899905725,False,False,False,True
N21000234,N21000263,4,3,14610,6770,6734.052405369632,False,False,False,True
N21000234,N21000264,4,5,14610,24247,8123.487205870374,False,False,False,True
N21000234,N21000265,4,3,14610,27041,8900.97956409535,False,False,False,True
N21000234,N21000266,4,2,14610,18253,9305.060163664108,False,False,False,True
N21000234,N21000267,4,2,14610,21949,7105.489673617004,False,False,False,True
N21000234,N21000270,4,1,14610,1364,8988.998799096444,False,False,False,True
N21000234,N21000271,4,1,14610,15197,8234.841770921037,False,False,False,True
N21000234,N21000272,4,3,14610,20779,8675.843424826207,False,False,False,True
N21000234,N21000278,4,2,14610,25468,9144.317412395165,False,False,False,True
N21000234,N21000321,4,1,14610,19488,9398.401428544092,False,False,False,True
N21000234,N21000329,4,2,14610,7369,7818.253785345881,False,False,False,True
N21000234,N21000335,4,12,14610,18611,8868.191144459508,False,False,False,True
N21000235,N21000165,4,1,15632,19703,9605.97969569384,False,False,False,True
N21000235,N21000170,4,1,15632,23278,9585.816350076606,False,False,False,True
N21000235,N21000175,4,1,15632,27201,7686.329057718014,False,False,False,True
N21000235,N21000178,4,2,15632,12747,6749.561279531511,False,False,False,True
N21000235,N21000188,4,2,15632,9768,8883.080533599845,False,False,False,True
N21000235,N21000192,4,34,15632,17614,9611.990073035431,False,False,False,True
N21000235,N21000197,4,17,15632,11265,8470.584602410529,False,False,False,True
N21000235,N21000198,4,27,15632,15611,6383.229623246193,False,False,False,True
N21000235,N21000200,4,1,15632,16344,4877.3943455707395,False,False,False,True
N21000235,N21000201,4,1,15632,24818,4814.028503599194,False,False,False,True
N21000235,N21000202,4,4,15632,15786,4833.195911284845,False,False,False,True
N21000235,N21000203,4,2,15632,15685,4395.626926025866,False,False,False,True
N21000235,N21000205,4,7,15632,27396,4089.2898406087875,False,False,False,True
N21000235,N21000206,4,2,15632,4787,4109.492068358154,False,False,False,True
N21000235,N21000207,4,6,15632,26051,3999.9813534208392,False,False,False,True
N21000235,N21000208,4,9,15632,5457,4235.681548388593,False,False,False,True
N21000235,N21000209,4,3,15632,9382,4495.535172399723,False,False,False,True
N21000235,N21000210,4,3,15632,23126,3528.9310732927456,False,False,False,True
N21000235,N21000211,4,1,15632,7197,3526.825488668292,False,False,False,True
N21000235,N21000213,4,4,15632,9502,3617.784301975253,False,False,False,True
N21000235,N21000215,4,5,15632,25962,3253.144295299391,False,False,False,True
N21000235,N21000216,4,9,15632,14179,3047.932836830339,False,False,False,True
N21000235,N21000217,4,1,15632,19481,4026.1480189259905,False,False,False,True
N21000235,N21000218,4,1,15632,15318,3700.4089051706633,False,False,False,True
N21000235,N21000219,4,12,15632,2333,5906.266584813338,False,False,False,True
N21000235,N21000220,4,10,15632,9614,5809.224239789978,False,False,False,True
N21000235,N21000221,4,10,15632,22550,5394.322281701148,False,False,False,True
N21000235,N21000222,4,1,15632,11993,4788.688546603829,False,False,False,True
N21000235,N21000223,4,3,15632,22810,4270.974176990311,False,False,False,True
N21000235,N21000224,4,2,15632,15583,3914.5430776796884,False,False,False,True
N21000235,N21000225,4,9,15632,25527,3620.8109353291857,False,False,False,True
N21000235,N21000226,4,6,15632,7766,3453.566145688958,False,False,False,True
N21000235,N21000229,4,1,15632,15164,4412.119653567633,False,False,False,True
N21000235,N21000230,4,4,15632,5611,3267.7110496930286,False,False,False,True
N21000235,N21000231,4,6,15632,16315,3460.732634481223,False,False,False,True
N21000235,N21000232,4,3,15632,26582,2325.5046545161754,False,False,False,True
N21000235,N21000233,4,2,15632,19725,2467.7987204003666,False,False,False,True
N21000235,N21000234,4,2,15632,14610,3413.1353562804156,False,False,False,True
N21000235,N21000236,4,4,15632,20050,3027.602495278033,False,False,False,True
N21000235,N21000237,4,15,15632,5957,2442.1607136975686,False,False,False,True
N21000235,N21000240,4,26,15632,17764,2582.5897433157456,False,False,False,True
N21000235,N21000241,4,1,15632,20619,3731.4944773442894,False,False,False,True
N21000235,N21000242,4,7,15632,13928,1028.9293062586025,False,False,False,True
N21000235,N21000243,4,1,15632,1454,3260.818050424945,False,False,False,True
N21000235,N21000247,4,5,15632,18676,1729.0796714463913,False,False,False,True
N21000235,N21000249,4,3,15632,28796,4711.534684192013,False,False,False,True
N21000235,N21000250,4,1,15632,4849,3567.867817392061,False,False,False,True
N21000235,N21000251,4,53,15632,15928,6019.304043473277,False,False,False,True
N21000235,N21000252,4,10,15632,6604,5066.341993620992,False,False,False,True
N21000235,N21000253,4,7,15632,7436,6163.885808712643,False,False,False,True
N21000235,N21000254,4,7,15632,17102,5932.077781751322,False,False,False,True
N21000235,N21000256,4,13,15632,24260,7011.913796768941,False,False,False,True
N21000235,N21000257,4,1,15632,60,7916.4641161734935,False,False,False,True
N21000235,N21000258,4,7,15632,27783,6533.75050666775,False,False,False,True
N21000235,N21000262,4,1,15632,8231,5398.19169306204,False,False,False,True
N21000235,N21000263,4,3,15632,6770,4993.004076728049,False,False,False,True
N21000235,N21000264,4,4,15632,24247,6213.134523630365,False,False,False,True
N21000235,N21000265,4,4,15632,27041,6990.626881855341,False,False,False,True
N21000235,N21000266,4,1,15632,18253,7396.122699714487,False,False,False,True
N21000235,N21000267,4,1,15632,21949,5195.136991376995,False,False,False,True
N21000235,N21000268,4,7,15632,1126,8825.506898504173,False,False,False,True
N21000235,N21000269,4,3,15632,1407,5159.645084629768,False,False,False,True
N21000235,N21000270,4,4,15632,1364,7078.646116856432,False,False,False,True
N21000235,N21000271,4,2,15632,15197,6324.489088681028,False,False,False,True
N21000235,N21000272,4,2,15632,20779,6765.490742586197,False,False,False,True
N21000235,N21000273,4,1,15632,2383,7970.521351678489,False,False,False,True
N21000235,N21000278,4,5,15632,25468,7233.964730155155,False,False,False,True
N21000235,N21000282,4,1,15632,4530,8790.357854930482,False,False,False,True
N21000235,N21000317,4,1,15632,25675,9028.691755547941,False,False,False,True
N21000235,N21000322,4,1,15632,3303,7556.924531549064,False,False,False,True
N21000235,N21000324,4,1,15632,25636,8976.869333651506,False,False,False,True
N21000235,N21000325,4,1,15632,14225,7127.805582011013,False,False,False,True
N21000235,N21000329,4,3,15632,7369,6823.147975597407,False,False,False,True
N21000235,N21000333,4,1,15632,3340,7855.530571475857,False,False,False,True
N21000235,N21000335,4,13,15632,18611,7568.820872989545,False,False,False,True
N21000236,N21000161,4,2,20050,4145,9530.507039476137,False,False,False,True
N21000236,N21000165,4,1,20050,19703,7004.524586113184,False,False,False,True
N21000236,N21000175,4,2,20050,27201,5084.87394813736,False,False,False,True
N21000236,N21000177,4,2,20050,22862,4387.399747116212,False,False,False,True
N21000236,N21000178,4,1,20050,12747,4148.106169950856,False,False,False,True
N21000236,N21000188,4,2,20050,9768,6281.625424019192,False,False,False,True
N21000236,N21000189,4,2,20050,4448,6869.430993011108,False,False,False,True
N21000236,N21000192,4,27,20050,17614,7010.534963454779,False,False,False,True
N21000236,N21000195,4,2,20050,22584,5146.46157669838,False,False,False,True
N21000236,N21000196,4,2,20050,8754,5180.650865375733,False,False,False,True
N21000236,N21000197,4,10,20050,11265,5912.95036169351,False,False,False,True
N21000236,N21000198,4,18,20050,15611,3825.5953825291763,False,False,False,True
N21000236,N21000201,4,1,20050,24818,2358.6715070666573,False,False,False,True
N21000236,N21000202,4,1,20050,15786,2275.5616705678303,False,False,False,True
N21000236,N21000203,4,1,20050,15685,2501.539726612158,False,False,False,True
N21000236,N21000204,4,1,20050,26239,1957.9618715918132,False,False,False,True
N21000236,N21000205,4,5,20050,27396,1855.1605049902578,False,False,False,True
N21000236,N21000206,4,5,20050,4787,2104.1776675137253,False,False,False,True
N21000236,N21000207,4,6,20050,26051,1442.3471127038242,False,False,False,True
N21000236,N21000208,4,4,20050,5457,1678.0473076715768,False,False,False,True
N21000236,N21000209,4,5,20050,9382,1764.4900456040612,False,False,False,True
N21000236,N21000210,4,1,20050,23126,1473.2400694198234,False,False,True,True
N21000236,N21000211,4,1,20050,7197,1720.7389250721458,False,False,True,True
N21000236,N21000212,4,1,20050,26189,1426.118993704854,False,True,True,True
N21000236,N21000213,4,4,20050,9502,1060.1500612582367,False,True,True,True
N21000236,N21000214,4,3,20050,55,874.4472009298421,False,True,True,True
N21000236,N21000217,4,2,20050,19481,1101.6046817834263,False,True,True,True
N21000236,N21000219,4,2,20050,2333,5330.778862539647,False,False,False,True
N21000236,N21000220,4,3,20050,9614,5042.2724985360555,False,False,False,True
N21000236,N21000221,4,3,20050,22550,5614.924893298075,False,False,False,True
N21000236,N21000223,4,3,20050,22810,2870.343121041198,False,False,False,True
N21000236,N21000224,4,2,20050,15583,4016.00359609297,False,False,False,True
N21000236,N21000225,4,2,20050,25527,3028.4216260529834,False,False,False,True
N21000236,N21000226,4,4,20050,7766,2299.662256474217,False,False,True,True
N21000236,N21000227,4,1,20050,20156,4415.853541619546,False,False,False,True
N21000236,N21000230,4,2,20050,5611,3573.003627492804,False,False,False,True
N21000236,N21000231,4,2,20050,16315,4441.898322004499,False,False,False,True
N21000236,N21000237,4,7,20050,5957,1508.0696715590263,False,False,True,True
N21000236,N21000240,4,19,20050,17764,1288.1378808553904,False,False,True,True
N21000236,N21000241,4,6,20050,20619,1464.0306033833817,False,True,True,True
N21000236,N21000242,4,1,20050,13928,2236.512693489506,False,False,False,True
N21000236,N21000243,4,2,20050,1454,1290.65167232291,False,False,True,True
N21000236,N21000244,4,1,20050,16707,1991.6331310897265,False,False,True,True
N21000236,N21000247,4,5,20050,18676,3340.742020206245,False,False,False,True
N21000236,N21000248,4,2,20050,14259,2129.7810635227684,False,False,True,True
N21000236,N21000249,4,3,20050,28796,2914.8126483160977,False,False,False,True
N21000236,N21000251,4,65,20050,15928,3417.8489338926183,False,False,False,True
N21000236,N21000252,4,20,20050,6604,2464.886884040337,False,False,False,True
N21000236,N21000253,4,11,20050,7436,3562.430699131987,False,False,False,True
N21000236,N21000254,4,2,20050,17102,3330.6226721706685,False,False,False,True
N21000236,N21000255,4,2,20050,11696,5031.664417781815,False,False,False,True
N21000236,N21000256,4,10,20050,24260,4490.181146722288,False,False,False,True
N21000236,N21000258,4,6,20050,27783,4047.404617590002,False,False,False,True
N21000236,N21000261,4,2,20050,1844,4561.102204750826,False,False,False,True
N21000236,N21000263,4,5,20050,6770,2334.2802561884664,False,True,True,True
N21000236,N21000264,4,6,20050,24247,3726.788634552615,False,False,True,True
N21000236,N21000265,4,3,20050,27041,4504.28099277759,False,False,False,True
N21000236,N21000266,4,1,20050,18253,4909.776810636736,False,False,False,True
N21000236,N21000267,4,1,20050,21949,2708.7911022992453,False,False,True,True
N21000236,N21000268,4,8,20050,1126,6339.161009426429,False,False,False,True
N21000236,N21000269,4,2,20050,1407,2730.9949000259967,False,False,True,True
N21000236,N21000270,4,3,20050,1364,4592.300227778683,False,False,False,True
N21000236,N21000271,4,1,20050,15197,3838.143199603277,False,False,True,True
N21000236,N21000272,4,1,20050,20779,4863.132543584749,False,False,True,True
N21000236,N21000273,4,1,20050,2383,5530.3259701802845,False,False,False,True
N21000236,N21000274,4,9,20050,391,7366.104447798382,False,False,False,True
N21000236,N21000276,4,1,20050,6161,8542.682979071138,False,False,False,True
N21000236,N21000278,4,6,20050,25468,5631.34267894288,False,False,True,True
N21000236,N21000279,4,3,20050,4115,8084.273739965547,False,False,False,True
N21000236,N21000280,4,2,20050,9328,8226.090466671774,False,False,False,True
N21000236,N21000283,4,1,20050,9205,7997.60358915009,False,False,True,True
N21000236,N21000302,4,2,20050,6864,6211.0211316602035,False,False,False,True
N21000236,N21000303,4,3,20050,6397,5459.072724459239,False,False,False,True
N21000236,N21000309,4,1,20050,2721,7361.557680033532,False,False,False,True
N21000236,N21000315,4,1,20050,2055,8512.432969856338,False,False,False,True
N21000236,N21000319,4,1,20050,20953,5779.689275732019,False,False,False,True
N21000236,N21000322,4,2,20050,3303,4955.46942196841,False,False,False,True
N21000236,N21000323,4,1,20050,10135,5453.597017107372,False,False,False,True
N21000236,N21000325,4,2,20050,14225,4526.350472430355,False,False,False,True
N21000236,N21000327,4,3,20050,12871,5989.782224845241,False,False,False,True
N21000236,N21000329,4,2,20050,7369,4221.692866016751,False,False,False,True
N21000236,N21000330,4,1,20050,3126,6932.440643185879,False,False,False,True
N21000236,N21000331,4,2,20050,13387,4975.714171204329,False,False,False,True
N21000236,N21000332,4,1,20050,23473,6338.873479840515,False,False,False,True
N21000236,N21000334,4,2,20050,27702,4252.715994169418,False,False,False,True
N21000236,N21000335,4,11,20050,18611,4967.365763408887,False,False,False,True
N21000237,N21000167,4,1,5957,23946,7366.117173621473,False,False,False,True
N21000237,N21000171,4,1,5957,18303,6860.320018780694,False,False,False,True
N21000237,N21000174,4,1,5957,19652,7116.84699525489,False,False,False,True
N21000237,N21000175,4,2,5957,27201,6130.446726062928,False,False,False,True
N21000237,N21000177,4,1,5957,22862,5418.743661146444,False,False,False,True
N21000237,N21000178,4,6,5957,12747,5193.678947876425,False,False,False,True
N21000237,N21000186,4,1,5957,13768,8047.8512941242525,False,False,False,True
N21000237,N21000190,4,2,5957,9490,7473.031990823008,False,False,False,True
N21000237,N21000192,4,47,5957,17614,8036.1161322694525,False,False,False,True
N21000237,N21000195,4,2,5957,22584,6172.042745513054,False,False,False,True
N21000237,N21000197,4,18,5957,11265,6143.936415704815,False,False,False,True
N21000237,N21000198,4,26,5957,15611,4580.861519226287,False,False,False,True
N21000237,N21000200,4,2,5957,16344,2644.380067150865,False,False,False,True
N21000237,N21000201,4,2,5957,24818,2463.018142832001,False,False,False,True
N21000237,N21000202,4,1,5957,15786,2540.930813922782,False,False,False,True
N21000237,N21000203,4,15,5957,15685,2072.06640666328,False,False,False,True
N21000237,N21000204,4,1,5957,26239,2996.063288589822,False,False,False,True
N21000237,N21000205,4,12,5957,27396,1738.2794798415973,False,False,False,True
N21000237,N21000206,4,1,5957,4787,1785.93154899557,False,False,False,True
N21000237,N21000207,4,6,5957,26051,2480.4485297018323,False,False,False,True
N21000237,N21000208,4,5,5957,5457,2536.55565218186,False,False,False,True
N21000237,N21000209,4,5,5957,9382,2976.002348680714,False,False,False,True
N21000237,N21000210,4,7,5957,23126,1301.7057913864173,False,True,True,True
N21000237,N21000211,4,4,5957,7197,1135.7467707783874,False,False,True,True
N21000237,N21000212,4,1,5957,26189,2629.4178948483705,False,False,True,True
N21000237,N21000213,4,4,5957,9502,2098.2514782562453,False,False,True,True
N21000237,N21000214,4,3,5957,55,2239.040319599262,False,False,True,True
N21000237,N21000215,4,4,5957,25962,1733.6114715803837,False,False,True,True
N21000237,N21000216,4,12,5957,14179,1354.9680367212354,True,True,True,True
N21000237,N21000219,4,7,5957,2333,4821.7349839466815,False,False,False,True
N21000237,N21000220,4,8,5957,9614,4536.679700355974,False,False,False,True
N21000237,N21000221,4,18,5957,22550,4718.853340389616,False,False,False,True
N21000237,N21000222,4,1,5957,11993,2878.5462900834073,False,False,False,True
N21000237,N21000223,4,3,5957,22810,2285.350966747439,False,False,False,True
N21000237,N21000224,4,1,5957,15583,3239.0741363681555,False,False,False,True
N21000237,N21000225,4,5,5957,25527,2442.507907656637,False,False,False,True
N21000237,N21000226,4,5,5957,7766,1714.6701021804581,False,False,True,True
N21000237,N21000230,4,2,5957,5611,2643.19055263514,False,False,False,True
N21000237,N21000232,4,2,5957,26582,1564.4716140200142,False,True,True,True
N21000237,N21000235,4,2,5957,15632,2442.160713697569,False,False,False,True
N21000237,N21000236,4,2,5957,20050,1508.0696715590268,False,False,True,True
N21000237,N21000239,4,5,5957,22166,1956.1718772628644,False,False,True,True
N21000237,N21000240,4,19,5957,17764,1872.6610817538808,False,False,True,True
N21000237,N21000241,4,3,5957,20619,2362.8030051864,False,False,True,True
N21000237,N21000242,4,2,5957,13928,1651.070911909041,False,False,False,True
N21000237,N21000243,4,4,5957,1454,2082.2473211535494,False,False,True,True
N21000237,N21000244,4,2,5957,16707,2181.5665643871694,False,False,True,True
N21000237,N21000245,4,1,5957,8653,3744.8607142977958,False,False,True,True
N21000237,N21000247,4,5,5957,18676,2755.3002386257804,False,False,False,True
N21000237,N21000248,4,7,5957,14259,2921.3767123534085,False,False,True,True
N21000237,N21000249,4,7,5957,28796,3706.408297146738,False,False,False,True
N21000237,N21000250,4,1,5957,4849,3433.9746129468745,False,False,False,True
N21000237,N21000251,4,51,5957,15928,4499.771219754267,False,False,False,True
N21000237,N21000252,4,26,5957,6604,3546.8091699019865,False,False,False,True
N21000237,N21000253,4,15,5957,7436,4644.352984993638,False,False,False,True
N21000237,N21000254,4,7,5957,17102,4412.544958032317,False,False,False,True
N21000237,N21000255,4,1,5957,11696,6113.586703643467,False,False,False,True
N21000237,N21000256,4,21,5957,24260,5572.10343258394,False,False,False,True
N21000237,N21000258,4,4,5957,27783,5165.059034509863,False,False,True,True
N21000237,N21000261,4,5,5957,1844,5678.7566216706855,False,False,False,True
N21000237,N21000263,4,6,5957,6770,3624.3126045701592,False,False,True,True
N21000237,N21000264,4,4,5957,24247,4844.443051472477,False,False,True,True
N21000237,N21000265,4,2,5957,27041,5621.935409697451,False,False,False,True
N21000237,N21000266,4,4,5957,18253,6027.431227556597,False,False,False,True
N21000237,N21000267,4,2,5957,21949,3826.4455192191067,False,False,True,True
N21000237,N21000268,4,6,5957,1126,7456.815426346288,False,False,False,True
N21000237,N21000269,4,3,5957,1407,3790.953612471878,False,False,True,True
N21000237,N21000270,4,5,5957,1364,5709.954644698541,False,False,False,True
N21000237,N21000271,4,2,5957,15197,4955.7976165231385,False,False,True,True
N21000237,N21000272,4,1,5957,20779,5954.464340204562,False,False,True,True
N21000237,N21000273,4,4,5957,2383,6647.980387100147,False,False,False,True
N21000237,N21000274,4,11,5957,391,8483.75886471824,False,False,False,True
N21000237,N21000275,4,1,5957,24042,8399.698950684453,False,False,False,True
N21000237,N21000278,4,6,5957,25468,6422.9383277735205,False,False,True,True
N21000237,N21000280,4,3,5957,9328,9343.744883591633,False,False,False,True
N21000237,N21000283,4,5,5957,9205,9115.258006069953,False,False,True,True
N21000237,N21000302,4,5,5957,6864,7292.943417521852,False,False,False,True
N21000237,N21000308,4,1,5957,13508,9044.563629269423,False,False,False,True
N21000237,N21000309,4,1,5957,2721,8443.479965895178,False,False,False,True
N21000237,N21000311,4,1,5957,2072,9618.43742276898,False,False,False,True
N21000237,N21000315,4,2,5957,2055,9594.355255717988,False,False,False,True
N21000237,N21000319,4,1,5957,20953,6825.262053657588,False,False,False,True
N21000237,N21000325,4,3,5957,14225,5608.272758292003,False,False,False,True
N21000237,N21000327,4,1,5957,12871,7071.704510706892,False,False,False,True
N21000237,N21000329,4,4,5957,7369,5303.615151878398,False,False,False,True
N21000237,N21000331,4,3,5957,13387,6057.636457065979,False,False,False,True
N21000237,N21000335,4,19,5957,18611,6049.288049270535,False,False,False,True
N21000238,N21000175,4,4,26190,27201,4639.114948240065,False,False,False,True
N21000238,N21000177,4,2,26190,22862,3941.6407472189185,False,False,False,True
N21000238,N21000178,4,2,26190,12747,3702.347170053563,False,False,False,True
N21000238,N21000181,4,3,26190,10525,8073.41551010731,False,False,False,True
N21000238,N21000187,4,1,26190,23892,6872.057009423756,False,False,False,True
N21000238,N21000188,4,1,26190,9768,5835.866424121899,False,False,False,True
N21000238,N21000190,4,1,26190,9490,6001.691822111042,False,False,False,True
N21000238,N21000192,4,27,26190,17614,6564.775963557485,False,False,False,True
N21000238,N21000196,4,1,26190,8754,4734.891865478441,False,False,False,True
N21000238,N21000197,4,3,26190,11265,6278.098852110066,False,False,False,True
N21000238,N21000198,4,14,26190,15611,3501.449647061243,False,False,False,True
N21000238,N21000203,4,2,26190,15685,3439.083246403501,False,False,False,True
N21000238,N21000205,4,8,26190,27396,2793.257692181921,False,False,False,True
N21000238,N21000206,4,2,26190,4787,3139.5929150057923,False,False,False,True
N21000238,N21000208,4,1,26190,5457,2188.684350946986,False,False,False,True
N21000238,N21000209,4,2,26190,9382,1198.4796276647683,False,False,False,True
N21000238,N21000213,4,2,26190,9502,1430.328438560918,False,False,False,True
N21000238,N21000214,4,1,26190,55,1428.101770754746,False,False,False,True
N21000238,N21000215,4,1,26190,25962,1794.9684452367794,False,False,False,True
N21000238,N21000216,4,3,26190,14179,2344.824604637828,False,False,False,True
N21000238,N21000219,4,1,26190,2333,6156.793599677038,False,False,False,True
N21000238,N21000221,4,2,26190,22550,6941.442572412706,False,False,False,True
N21000238,N21000222,4,1,26190,11993,4733.871039083723,False,False,False,True
N21000238,N21000224,4,3,26190,15583,5305.495108517038,False,False,False,True
N21000238,N21000227,4,1,26190,20156,5998.185289786216,False,False,False,True
N21000238,N21000230,4,2,26190,5611,5155.335375659474,False,False,False,True
N21000238,N21000231,4,2,26190,16315,6024.230070171171,False,False,False,True
N21000238,N21000232,4,1,26190,26582,4325.416683356054,False,False,False,True
N21000238,N21000235,4,1,26190,15632,4575.456161474655,False,False,False,True
N21000238,N21000236,4,2,26190,20050,1685.3909063021392,False,False,False,True
N21000238,N21000237,4,5,26190,5957,3060.948919310761,False,False,False,True
N21000238,N21000239,4,1,26190,22166,1134.2295424628328,False,False,False,True
N21000238,N21000240,4,13,26190,17764,2337.709713306696,False,False,False,True
N21000238,N21000241,4,6,26190,20619,1409.5447762681424,False,False,False,True
N21000238,N21000243,4,1,26190,1454,2095.6051720472433,False,False,False,True
N21000238,N21000245,4,1,26190,8653,1881.9611672743865,False,False,False,True
N21000238,N21000248,4,3,26190,14259,2830.5264979792482,False,False,False,True
N21000238,N21000249,4,1,26190,28796,2201.8608041810626,False,False,False,True
N21000238,N21000251,4,44,26190,15928,2972.089933995325,False,False,False,True
N21000238,N21000252,4,20,26190,6604,2019.1278841430442,False,False,False,True
N21000238,N21000253,4,10,26190,7436,3116.6716992346937,False,False,False,True
N21000238,N21000254,4,7,26190,17102,2870.735473927153,False,False,False,True
N21000238,N21000255,4,1,26190,11696,4272.926217038151,False,False,False,True
N21000238,N21000256,4,15,26190,24260,3635.899629882643,False,False,False,True
N21000238,N21000258,4,7,26190,27783,3157.736339781454,False,False,False,True
N21000238,N21000260,4,1,26190,17259,4006.8702728416097,False,False,False,True
N21000238,N21000263,4,5,26190,6770,1616.9899098417511,False,False,False,True
N21000238,N21000264,4,10,26190,24247,2837.1203567440675,False,False,False,True
N21000238,N21000265,4,3,26190,27041,3614.6127149690433,False,False,False,True
N21000238,N21000267,4,1,26190,21949,1819.122824490698,False,False,False,True
N21000238,N21000268,4,8,26190,1126,5449.492731617882,False,False,False,True
N21000238,N21000269,4,4,26190,1407,1841.3266222174507,False,False,False,True
N21000238,N21000270,4,4,26190,1364,3702.6319499701362,False,False,False,True
N21000238,N21000271,4,2,26190,15197,2948.47492179473,False,False,False,True
N21000238,N21000274,4,4,26190,391,6476.436169989836,False,False,False,True
N21000238,N21000275,4,1,26190,24042,6392.376255956049,False,False,False,True
N21000238,N21000277,4,1,26190,6659,5113.36393777713,False,False,False,True
N21000238,N21000279,4,1,26190,4115,7194.605462157001,False,False,False,True
N21000238,N21000283,4,1,26190,9205,7107.935311341543,False,False,False,True
N21000238,N21000284,4,1,26190,16991,8049.100142080752,False,False,False,True
N21000238,N21000305,4,1,26190,6602,6062.671241438118,False,False,False,True
N21000238,N21000306,4,1,26190,28173,6502.434983689255,False,False,False,True
N21000238,N21000308,4,1,26190,13508,7381.330946160331,False,False,False,True
N21000238,N21000309,4,3,26190,2721,6780.24728278609,False,False,False,True
N21000238,N21000317,4,1,26190,25675,5981.477646069995,False,False,False,True
N21000238,N21000325,4,1,26190,14225,4080.5914725330613,False,False,False,True
N21000238,N21000329,4,1,26190,7369,3775.9338661194574,False,False,False,True
N21000238,N21000333,4,1,26190,3340,4808.316461997906,False,False,False,True
N21000238,N21000335,4,22,26190,18611,4521.606763511594,False,False,False,True
N21000239,N21000162,4,1,22166,7448,7630.563400517502,False,False,False,True
N21000239,N21000170,4,1,22166,23278,6762.374455852598,False,False,False,True
N21000239,N21000175,4,4,22166,27201,4862.887163494006,False,False,False,True
N21000239,N21000177,4,1,22166,22862,4165.412962472858,False,False,False,True
N21000239,N21000178,4,3,22166,12747,3926.1193853075024,False,False,False,True
N21000239,N21000186,4,3,22166,13768,6800.283340666226,False,False,False,True
N21000239,N21000188,4,1,22166,9768,6059.6386393758385,False,False,False,True
N21000239,N21000190,4,1,22166,9490,6225.464037364981,False,False,False,True
N21000239,N21000191,4,1,22166,10156,5600.74370593303,False,False,False,True
N21000239,N21000192,4,26,22166,17614,6788.548178811424,False,False,False,True
N21000239,N21000193,4,1,22166,24443,5892.668649795872,False,False,False,True
N21000239,N21000195,4,3,22166,22584,4924.474792055027,False,False,False,True
N21000239,N21000196,4,1,22166,8754,4958.664080732379,False,False,False,True
N21000239,N21000197,4,14,22166,11265,5963.720835770629,False,False,False,True
N21000239,N21000198,4,22,22166,15611,3725.221862315181,False,False,False,True
N21000239,N21000201,4,1,22166,24818,2680.781995718984,False,False,False,True
N21000239,N21000202,4,1,22166,15786,2597.672159220157,False,False,False,True
N21000239,N21000203,4,2,22166,15685,2823.6502152644857,False,False,False,True
N21000239,N21000205,4,6,22166,27396,2177.2709936425854,False,False,False,True
N21000239,N21000208,4,2,22166,5457,1793.452831987281,False,False,False,True
N21000239,N21000209,4,5,22166,9382,1422.2518429187073,False,False,False,True
N21000239,N21000210,4,2,22166,23126,1795.3505580721505,False,False,True,True
N21000239,N21000212,4,2,22166,26189,1289.5465652036376,False,True,True,True
N21000239,N21000213,4,3,22166,9502,1007.0696017503182,False,True,True,True
N21000239,N21000215,4,5,22166,25962,854.9611085217705,False,False,True,True
N21000239,N21000216,4,3,22166,14179,1210.5950621749948,False,False,True,True
N21000239,N21000219,4,4,22166,2333,5652.889351191975,False,False,False,True
N21000239,N21000220,4,1,22166,9614,5364.382987188384,False,False,False,True
N21000239,N21000221,4,2,22166,22550,6063.027099001914,False,False,False,True
N21000239,N21000224,4,1,22166,15583,4464.105801796808,False,False,False,True
N21000239,N21000225,4,3,22166,25527,3476.5238317568205,False,False,False,True
N21000239,N21000226,4,4,22166,7766,2747.764462178054,False,False,True,True
N21000239,N21000230,4,2,22166,5611,4021.105833196641,False,False,False,True
N21000239,N21000231,4,1,22166,16315,4890.000527708337,False,False,False,True
N21000239,N21000232,4,1,22166,26582,3191.1871408932197,False,False,True,True
N21000239,N21000235,4,1,22166,15632,3475.7047009818707,False,False,False,True
N21000239,N21000237,4,5,22166,5957,1956.1718772628637,False,False,True,True
N21000239,N21000240,4,9,22166,17764,1289.0976082013942,False,False,True,True
N21000239,N21000241,4,8,22166,20619,1138.8896142122164,False,True,True,True
N21000239,N21000245,4,1,22166,8653,2220.468081243627,False,False,False,True
N21000239,N21000247,4,1,22166,18676,3788.844225910082,False,False,False,True
N21000239,N21000249,4,4,22166,28796,2540.367718150304,False,False,False,True
N21000239,N21000251,4,59,22166,15928,3195.862149249264,False,False,False,True
N21000239,N21000252,4,16,22166,6604,2242.900099396983,False,False,False,True
N21000239,N21000253,4,8,22166,7436,3340.443914488633,False,False,False,True
N21000239,N21000254,4,6,22166,17102,3108.6358875273145,False,False,False,True
N21000239,N21000256,4,10,22166,24260,3974.4065438518837,False,False,False,True
N21000239,N21000257,4,1,22166,60,4894.777719818413,False,False,False,True
N21000239,N21000258,4,11,22166,27783,3496.243253750695,False,False,False,True
N21000239,N21000259,4,1,22166,15492,2747.9143548335073,False,False,False,True
N21000239,N21000260,4,1,22166,17259,4345.3771868108515,False,False,False,True
N21000239,N21000262,4,1,22166,8231,2360.6844401449853,False,False,False,True
N21000239,N21000263,4,4,22166,6770,1949.443763714364,False,False,True,True
N21000239,N21000264,4,11,22166,24247,3175.6272707133076,False,False,True,True
N21000239,N21000265,4,2,22166,27041,3953.119628938283,False,False,False,True
N21000239,N21000266,4,1,22166,18253,4358.615446797428,False,False,False,True
N21000239,N21000267,4,1,22166,21949,2157.6297384599384,False,False,False,True
N21000239,N21000268,4,9,22166,1126,5787.999645587122,False,False,False,True
N21000239,N21000269,4,1,22166,1407,2179.833536186691,False,False,True,True
N21000239,N21000270,4,2,22166,1364,4041.1388639393763,False,False,False,True
N21000239,N21000274,4,8,22166,391,6814.943083959076,False,False,False,True
N21000239,N21000278,4,2,22166,25468,5146.9781239034955,False,False,True,True
N21000239,N21000280,4,1,22166,9328,7674.929102832467,False,False,False,True
N21000239,N21000284,4,2,22166,16991,8387.607056049992,False,False,False,True
N21000239,N21000294,4,2,22166,22846,8829.428111837353,False,False,False,True
N21000239,N21000300,4,3,22166,5088,9655.639169397187,False,False,False,True
N21000239,N21000302,4,3,22166,6864,5989.034347016849,False,False,False,True
N21000239,N21000307,4,1,22166,2710,7031.426491843246,False,False,False,True
N21000239,N21000308,4,2,22166,13508,7719.837860129572,False,False,False,True
N21000239,N21000309,4,3,22166,2721,7118.754196755331,False,False,False,True
N21000239,N21000316,4,1,22166,23306,7808.29105113649,False,False,False,True
N21000239,N21000317,4,1,22166,25675,6205.249861323934,False,False,False,True
N21000239,N21000328,4,1,22166,25177,5112.470582664438,False,False,False,True
N21000239,N21000332,4,3,22166,23473,6116.88669519716,False,False,False,True
N21000239,N21000335,4,17,22166,18611,4745.378978765532,False,False,False,True
N21000240,N21000165,4,2,17764,19703,7831.663330425945,False,False,False,True
N21000240,N21000170,4,1,17764,23278,7811.499984808712,False,False,False,True
N21000240,N21000174,4,1,17764,19652,6898.412961642082,False,False,False,True
N21000240,N21000175,4,2,17764,27201,5912.01269245012,False,False,False,True
N21000240,N21000177,4,1,17764,22862,5214.538491428974,False,False,False,True
N21000240,N21000189,4,2,17764,4448,7696.569737323868,False,False,False,True
N21000240,N21000192,4,27,17764,17614,7837.673707767542,False,False,False,True
N21000240,N21000195,4,2,17764,22584,5973.600321011143,False,False,False,True
N21000240,N21000196,4,1,17764,8754,6007.789609688495,False,False,False,True
N21000240,N21000197,4,10,17764,11265,6927.432008584608,False,False,False,True
N21000240,N21000198,4,18,17764,15611,4735.729514292054,False,False,False,True
N21000240,N21000201,4,1,17764,24818,3385.3537198246236,False,False,False,True
N21000240,N21000202,4,3,17764,15786,3302.243883325797,False,False,False,True
N21000240,N21000203,4,2,17764,15685,3148.9213411607097,False,False,False,True
N21000240,N21000205,4,7,17764,27396,2729.108546482095,False,False,False,True
N21000240,N21000206,4,1,17764,4787,2856.67337311154,False,False,False,True
N21000240,N21000207,4,4,17764,26051,2439.759306461644,False,False,False,True
N21000240,N21000208,4,5,17764,5457,2704.7295204295438,False,False,False,True
N21000240,N21000209,4,1,17764,9382,2591.6287899168246,False,False,False,True
N21000240,N21000210,4,2,17764,23126,2168.749779166053,False,False,False,True
N21000240,N21000211,4,1,17764,7197,2212.6017052758175,False,False,False,True
N21000240,N21000212,4,1,17764,26189,2253.2577380176167,False,False,True,True
N21000240,N21000213,4,1,17764,9502,1970.7807745642979,False,False,True,True
N21000240,N21000215,4,5,17764,25962,1722.1922673403421,False,False,True,True
N21000240,N21000216,4,7,17764,14179,1518.919905038025,False,False,True,True
N21000240,N21000219,4,1,17764,2333,5898.589918444113,False,False,False,True
N21000240,N21000220,4,3,17764,9614,5613.534634853403,False,False,False,True
N21000240,N21000221,4,8,17764,22550,5790.228072793644,False,False,False,True
N21000240,N21000223,4,1,17764,22810,3362.20590124487,False,False,False,True
N21000240,N21000224,4,2,17764,15583,4310.448868772183,False,False,False,True
N21000240,N21000226,4,2,17764,7766,2791.5250366778887,False,False,True,True
N21000240,N21000229,4,1,17764,15164,5178.424638708136,False,False,False,True
N21000240,N21000230,4,5,17764,5611,3663.616840785524,False,False,False,True
N21000240,N21000232,4,1,17764,26582,2709.063001647108,False,False,False,True
N21000240,N21000236,4,11,17764,20050,1288.1378808553907,False,False,True,True
N21000240,N21000237,4,9,17764,5957,1872.6610817538804,False,False,True,True
N21000240,N21000238,4,1,17764,26190,2337.7097133066973,False,False,False,True
N21000240,N21000239,4,7,17764,22166,1289.0976082013942,False,False,True,True
N21000240,N21000241,4,3,17764,20619,1473.1663274505688,False,False,True,True
N21000240,N21000242,4,1,17764,13928,1791.499941527217,False,False,False,True
N21000240,N21000243,4,6,17764,1454,1117.693249900279,False,False,True,True
N21000240,N21000246,4,3,17764,1102,1508.4531411461844,False,False,True,True
N21000240,N21000247,4,6,17764,18676,2849.6066502610183,False,False,False,True
N21000240,N21000248,4,2,17764,14259,1700.7527210366504,False,False,True,True
N21000240,N21000249,4,6,17764,28796,2772.7240343254416,False,False,False,True
N21000240,N21000250,4,1,17764,4849,2211.3586578227682,False,False,False,True
N21000240,N21000251,4,37,17764,15928,4244.987678205382,False,False,False,True
N21000240,N21000252,4,17,17764,6604,3292.0256283531016,False,False,False,True
N21000240,N21000253,4,10,17764,7436,4388.151718755397,False,False,False,True
N21000240,N21000254,4,6,17764,17102,3988.4214909197317,False,False,False,True
N21000240,N21000256,4,12,17764,24260,4753.585646875223,False,False,False,True
N21000240,N21000258,4,5,17764,27783,4275.422356774032,False,False,True,True
N21000240,N21000259,4,2,17764,15492,3527.093457856844,False,False,False,True
N21000240,N21000261,4,4,17764,1844,4789.119943934857,False,False,False,True
N21000240,N21000263,4,3,17764,6770,2734.6759268343276,False,False,True,True
N21000240,N21000264,4,7,17764,24247,3954.8063737366447,False,False,True,True
N21000240,N21000265,4,8,17764,27041,4732.2987319616195,False,False,False,True
N21000240,N21000267,4,2,17764,21949,2936.808841483275,False,False,True,True
N21000240,N21000268,4,9,17764,1126,6567.1787486104595,False,False,False,True
N21000240,N21000270,4,4,17764,1364,4820.3179669627125,False,False,False,True
N21000240,N21000271,4,2,17764,15197,4066.160938787307,False,False,True,True
N21000240,N21000272,4,2,17764,20779,5020.780077383264,False,False,True,True
N21000240,N21000273,4,1,17764,2383,5758.343709364314,False,False,False,True
N21000240,N21000274,4,2,17764,391,7594.122186982412,False,False,False,True
N21000240,N21000277,4,1,17764,6659,6231.049954769707,False,False,False,True
N21000240,N21000278,4,1,17764,25468,5489.2540649522225,False,False,True,True
N21000240,N21000283,4,4,17764,9205,8225.62132833412,False,False,True,True
N21000240,N21000284,4,1,17764,16991,9166.786159073326,False,False,False,True
N21000240,N21000294,4,1,17764,22846,9608.607214860689,False,False,False,True
N21000240,N21000308,4,2,17764,13508,8499.01696315291,False,False,False,True
N21000240,N21000315,4,1,17764,2055,8748.616526011274,False,False,False,True
N21000240,N21000322,4,1,17764,3303,5782.60816628117,False,False,False,True
N21000240,N21000324,4,1,17764,25636,7202.5529683836085,False,False,False,True
N21000240,N21000325,4,4,17764,14225,5353.489216743119,False,False,False,True
N21000240,N21000329,4,6,17764,7369,5048.831610329514,False,False,False,True
N21000240,N21000332,4,1,17764,23473,7166.012224153277,False,False,False,True
N21000240,N21000335,4,12,17764,18611,5794.504507721649,False,False,False,True
N21000241,N21000175,4,7,20619,27201,5290.942492826422,False,False,False,True
N21000241,N21000178,4,3,20619,12747,4354.174714639918,False,False,False,True
N21000241,N21000186,4,1,20619,13768,7448.605892601269,False,False,False,True
N21000241,N21000188,4,1,20619,9768,6707.961191310882,False,False,False,True
N21000241,N21000189,4,2,20619,4448,7075.49953770017,False,False,False,True
N21000241,N21000192,4,27,20619,17614,7436.870730746469,False,False,False,True
N21000241,N21000195,4,4,20619,22584,5572.797343990071,False,False,False,True
N21000241,N21000197,4,6,20619,11265,6985.318076094557,False,False,False,True
N21000241,N21000198,4,22,20619,15611,4373.544414250226,False,False,False,True
N21000241,N21000200,4,1,20619,16344,4211.3769250808145,False,False,False,True
N21000241,N21000201,4,1,20619,24818,3702.3792360429115,False,False,False,True
N21000241,N21000202,4,2,20619,15786,3619.269399544085,False,False,False,True
N21000241,N21000203,4,3,20619,15685,3639.0632645932287,False,False,False,True
N21000241,N21000204,4,1,20619,26239,2750.7332564759768,False,False,False,True
N21000241,N21000205,4,1,20619,27396,3198.8682339665124,False,False,False,True
N21000241,N21000207,4,1,20619,26051,2497.6453739715926,False,False,False,True
N21000241,N21000208,4,1,20619,5457,2815.050072311209,False,False,False,True
N21000241,N21000209,4,3,20619,9382,2070.574394853752,False,False,False,True
N21000241,N21000211,4,2,20619,7197,2702.7436287083365,False,False,True,True
N21000241,N21000213,4,3,20619,9502,2028.6668420742467,False,True,True,True
N21000241,N21000214,4,1,20619,55,1759.4720127525543,False,True,True,True
N21000241,N21000215,4,2,20619,25962,1876.5583488456991,False,False,True,True
N21000241,N21000217,4,1,20619,19481,1690.3048329440555,False,True,True,True
N21000241,N21000218,4,1,20619,15318,1520.6968961608563,False,True,True,True
N21000241,N21000220,4,3,20619,9614,6103.676558285923,False,False,False,True
N21000241,N21000221,4,6,20619,22550,6596.9295969342675,False,False,False,True
N21000241,N21000224,4,1,20619,15583,4998.008299729162,False,False,False,True
N21000241,N21000225,4,1,20619,25527,4010.4263296891736,False,False,False,True
N21000241,N21000231,4,1,20619,16315,5423.90302564069,False,False,False,True
N21000241,N21000232,4,1,20619,26582,3725.0896388255733,False,False,True,True
N21000241,N21000236,4,3,20619,20050,1464.0306033833817,False,True,True,True
N21000241,N21000237,4,4,20619,5957,2362.8030051864,False,False,True,True
N21000241,N21000239,4,2,20619,22166,1138.8896142122162,False,True,True,True
N21000241,N21000240,4,9,20619,17764,1473.1663274505686,False,False,True,True
N21000241,N21000243,4,2,20619,1454,1011.3230791789097,False,False,True,True
N21000241,N21000247,4,1,20619,18676,3953.849985309388,False,False,False,True
N21000241,N21000248,4,1,20619,14259,1850.4524703787679,False,False,True,True
N21000241,N21000249,4,3,20619,28796,1701.9573460180738,False,False,False,True
N21000241,N21000251,4,57,20619,15928,3246.4861784909554,False,False,False,True
N21000241,N21000252,4,16,20619,6604,2891.2226513320275,False,False,False,True
N21000241,N21000253,4,13,20619,7436,2914.9853913048273,False,False,False,True
N21000241,N21000254,4,9,20619,17102,2515.2551634691617,False,False,False,True
N21000241,N21000256,4,24,20619,24260,3280.4193194246504,False,False,False,True
N21000241,N21000258,4,11,20619,27783,2802.2560293234615,False,False,False,True
N21000241,N21000259,4,2,20619,15492,2053.927130406274,False,False,False,True
N21000241,N21000261,4,1,20619,1844,3315.953616484285,False,False,False,True
N21000241,N21000262,4,1,20619,8231,1666.6972157177522,False,False,False,True
N21000241,N21000263,4,6,20619,6770,1261.509599383759,False,True,True,True
N21000241,N21000264,4,19,20619,24247,2481.6400462860747,False,False,True,True
N21000241,N21000265,4,6,20619,27041,3259.132404511051,False,False,False,True
N21000241,N21000266,4,1,20619,18253,3664.6282223701965,False,False,False,True
N21000241,N21000267,4,5,20619,21949,1463.6425140327055,False,False,True,True
N21000241,N21000268,4,9,20619,1126,5094.0124211598895,False,False,False,True
N21000241,N21000269,4,2,20619,1407,1428.150607285479,False,False,True,True
N21000241,N21000270,4,4,20619,1364,3347.1516395121434,False,False,False,True
N21000241,N21000272,4,1,20619,20779,3617.98395531821,False,False,True,True
N21000241,N21000273,4,3,20619,2383,4285.177381913744,False,False,False,True
N21000241,N21000274,4,8,20619,391,6120.955859531843,False,False,False,True
N21000241,N21000277,4,1,20619,6659,4757.883627319136,False,False,False,True
N21000241,N21000278,4,7,20619,25468,4430.023250008856,False,False,True,True
N21000241,N21000284,4,2,20619,16991,7693.619831622759,False,False,False,True
N21000241,N21000286,4,1,20619,16479,8152.361329118115,False,False,False,True
N21000241,N21000294,4,1,20619,22846,8135.440887410117,False,False,False,True
N21000241,N21000300,4,3,20619,5088,8961.651944969957,False,False,False,True
N21000241,N21000301,4,1,20619,22078,7096.841412654709,False,False,False,True
N21000241,N21000303,4,1,20619,6397,4887.824785217167,False,False,False,True
N21000241,N21000306,4,1,20619,28173,6146.954673231262,False,False,False,True
N21000241,N21000309,4,1,20619,2721,6424.766972328097,False,False,False,True
N21000241,N21000312,4,1,20619,18228,8150.106060665231,False,False,False,True
N21000241,N21000315,4,2,20619,2055,7275.450198560707,False,False,False,True
N21000241,N21000318,4,1,20619,29337,8440.715635214392,False,False,False,True
N21000241,N21000319,4,1,20619,20953,5985.757820421081,False,False,False,True
N21000241,N21000322,4,1,20619,3303,5071.227747533641,False,False,False,True
N21000241,N21000323,4,1,20619,10135,5546.86607073291,False,False,False,True
N21000241,N21000325,4,3,20619,14225,4619.6195260558925,False,False,False,True
N21000241,N21000329,4,3,20619,7369,4135.633851403017,False,False,False,True
N21000241,N21000332,4,1,20619,23473,6114.484783153415,False,False,False,True
N21000241,N21000334,4,2,20619,27702,4028.327297482318,False,False,False,True
N21000241,N21000335,4,24,20619,18611,4742.977066721787,False,False,False,True
N21000242,N21000175,4,2,13928,27201,6895.239255929488,False,False,False,True
N21000242,N21000178,4,2,13928,12747,5958.4714777429845,False,False,False,True
N21000242,N21000192,4,18,13928,17614,8820.900271246908,False,False,False,True
N21000242,N21000195,4,4,13928,22584,6956.826884490511,False,False,False,True
N21000242,N21000197,4,17,13928,11265,7679.494800622001,False,False,False,True
N21000242,N21000198,4,17,13928,15611,5592.1398214576675,False,False,False,True
N21000242,N21000203,4,2,13928,15685,3672.0553227646565,False,False,False,True
N21000242,N21000205,4,6,13928,27396,3298.20003882026,False,False,False,True
N21000242,N21000206,4,3,13928,4787,3385.920465096947,False,False,False,True
N21000242,N21000207,4,1,13928,26051,3208.8915516323136,False,False,False,True
N21000242,N21000208,4,2,13928,5457,3444.5917466000665,False,False,False,True
N21000242,N21000209,4,2,13928,9382,3704.4453706111963,False,False,False,True
N21000242,N21000211,4,1,13928,7197,2735.735686879764,False,False,False,True
N21000242,N21000213,4,2,13928,9502,2826.6945001867275,False,False,False,True
N21000242,N21000215,4,1,13928,25962,2462.0544935108655,False,False,False,True
N21000242,N21000216,4,3,13928,14179,2256.8430350418116,False,False,False,True
N21000242,N21000219,4,5,13928,2333,5395.778204952346,False,False,False,True
N21000242,N21000221,4,13,13928,22550,4883.833901840156,False,False,False,True
N21000242,N21000222,4,1,13928,11993,4278.200166742835,False,False,False,True
N21000242,N21000223,4,1,13928,22810,3760.4857971293186,False,False,False,True
N21000242,N21000224,4,6,13928,15583,3404.0546978186953,False,False,False,True
N21000242,N21000225,4,4,13928,25527,3110.3225554681926,False,False,False,True
N21000242,N21000226,4,1,13928,7766,2943.0777658279644,False,False,False,True
N21000242,N21000230,4,6,13928,5611,2757.2226698320355,False,False,False,True
N21000242,N21000231,4,2,13928,16315,2986.879266699418,False,False,False,True
N21000242,N21000234,4,2,13928,14610,2939.2819884986106,False,False,False,True
N21000242,N21000235,4,1,13928,15632,1028.9293062586025,False,False,False,True
N21000242,N21000236,4,6,13928,20050,2236.512693489507,False,False,False,True
N21000242,N21000237,4,8,13928,5957,1651.0709119090407,False,False,False,True
N21000242,N21000239,4,2,13928,22166,2684.614899193345,False,False,False,True
N21000242,N21000240,4,10,13928,17764,1791.4999415272173,False,False,False,True
N21000242,N21000241,4,1,13928,20619,2940.404675555761,False,False,False,True
N21000242,N21000245,4,1,13928,8653,4008.7968194418354,False,False,False,True
N21000242,N21000247,4,4,13928,18676,1342.068831186813,False,False,False,True
N21000242,N21000248,4,2,13928,14259,2940.6604119573376,False,False,False,True
N21000242,N21000251,4,45,13928,15928,5228.214241684752,False,False,False,True
N21000242,N21000252,4,16,13928,6604,4275.252191832467,False,False,False,True
N21000242,N21000253,4,9,13928,7436,5372.796006924118,False,False,False,True
N21000242,N21000254,4,4,13928,17102,5140.987979962797,False,False,False,True
N21000242,N21000256,4,7,13928,24260,6220.823994980415,False,False,False,True
N21000242,N21000258,4,2,13928,27783,5742.660704879224,False,False,False,True
N21000242,N21000261,4,1,13928,1844,6256.358292040046,False,False,False,True
N21000242,N21000262,4,2,13928,8231,4607.1018912735135,False,False,False,True
N21000242,N21000264,4,8,13928,24247,5422.0447218418385,False,False,False,True
N21000242,N21000265,4,5,13928,27041,6199.537080066813,False,False,False,True
N21000242,N21000267,4,1,13928,21949,4404.0471895884675,False,False,False,True
N21000242,N21000268,4,10,13928,1126,8034.417096715649,False,False,False,True
N21000242,N21000269,4,3,13928,1407,4368.555282841239,False,False,False,True
N21000242,N21000270,4,2,13928,1364,6287.556315067904,False,False,False,True
N21000242,N21000271,4,3,13928,15197,5533.399286892501,False,False,False,True
N21000242,N21000272,4,1,13928,20779,5974.400940797668,False,False,False,True
N21000242,N21000273,4,3,13928,2383,7179.431549889962,False,False,False,True
N21000242,N21000274,4,5,13928,391,9061.3605350876,False,False,False,True
N21000242,N21000275,4,1,13928,24042,8977.300621053813,False,False,False,True
N21000242,N21000278,4,2,13928,25468,6442.874928366627,False,False,False,True
N21000242,N21000282,4,1,13928,4530,7999.268053141953,False,False,False,True
N21000242,N21000309,4,1,13928,2721,9171.922987825661,False,False,False,True
N21000242,N21000319,4,1,13928,20953,7590.054583524147,False,False,False,True
N21000242,N21000325,4,2,13928,14225,6336.7157802224865,False,False,False,True
N21000242,N21000329,4,1,13928,7369,6032.058173808881,False,False,False,True
N21000242,N21000331,4,1,13928,13387,6786.079478996462,False,False,False,True
N21000242,N21000335,4,4,13928,18611,6777.73107120102,False,False,False,True
N21000243,N21000170,4,1,1454,23278,7703.615906925395,False,False,False,True
N21000243,N21000175,4,1,1454,27201,5804.128614566804,False,False,False,True
N21000243,N21000176,4,1,1454,15329,5523.2731107000045,False,False,False,True
N21000243,N21000188,4,1,1454,9768,7000.880090448638,False,False,False,True
N21000243,N21000192,4,20,1454,17614,7729.789629884225,False,False,False,True
N21000243,N21000197,4,11,1454,11265,6819.547930701291,False,False,False,True
N21000243,N21000198,4,11,1454,15611,4627.845436408735,False,False,False,True
N21000243,N21000202,4,1,1454,15786,3453.4992541508177,False,False,False,True
N21000243,N21000207,4,1,1454,26051,2331.8752285783266,False,False,False,True
N21000243,N21000208,4,1,1454,5457,2649.279926917943,False,False,False,True
N21000243,N21000209,4,5,1454,9382,2483.7447120335064,False,False,False,True
N21000243,N21000211,4,3,1454,7197,2422.187944675486,False,False,True,True
N21000243,N21000212,4,3,1454,26189,2145.3736601342994,False,False,True,True
N21000243,N21000214,4,1,1454,55,1593.7018673592877,False,False,True,True
N21000243,N21000215,4,4,1454,25962,1710.7882034524323,False,False,True,True
N21000243,N21000216,4,11,1454,14179,1728.5061444376936,False,False,True,True
N21000243,N21000219,4,2,1454,2333,6108.176157843781,False,False,False,True
N21000243,N21000221,4,4,1454,22550,6316.373912901417,False,False,False,True
N21000243,N21000222,4,1,1454,11993,4164.9874639805075,False,False,False,True
N21000243,N21000223,4,1,1454,22810,3571.7921406445384,False,False,False,True
N21000243,N21000225,4,3,1454,25527,3729.8706456563236,False,False,False,True
N21000243,N21000226,4,3,1454,7766,3001.1112760775572,False,False,True,True
N21000243,N21000230,4,3,1454,5611,4274.452647096144,False,False,False,True
N21000243,N21000236,4,5,1454,20050,1290.6516723229106,False,False,True,True
N21000243,N21000237,4,2,1454,5957,2082.2473211535494,False,False,True,True
N21000243,N21000239,4,5,1454,22166,1181.2135303180762,False,False,True,True
N21000243,N21000240,4,28,1454,17764,1117.6932499002787,False,False,True,True
N21000243,N21000241,4,5,1454,20619,1011.3230791789099,False,False,True,True
N21000243,N21000244,4,2,1454,16707,1044.8420210629426,False,True,True,True
N21000243,N21000247,4,1,1454,18676,3318.201288511802,False,False,False,True
N21000243,N21000248,4,10,1454,14259,947.5342860799752,True,True,True,True
N21000243,N21000249,4,6,1454,28796,1760.7050290087523,False,False,False,True
N21000243,N21000251,4,20,1454,15928,4137.103600322064,False,False,False,True
N21000243,N21000252,4,6,1454,6604,3184.141550469784,False,False,False,True
N21000243,N21000253,4,6,1454,7436,3926.3084704837383,False,False,False,True
N21000243,N21000254,4,4,1454,17102,3526.578242648073,False,False,False,True
N21000243,N21000256,4,7,1454,24260,4291.742398603562,False,False,False,True
N21000243,N21000258,4,2,1454,27783,3813.579108502373,False,False,True,True
N21000243,N21000259,4,1,1454,15492,3065.250209585185,False,False,False,True
N21000243,N21000263,4,4,1454,6770,2272.832678562669,False,False,True,True
N21000243,N21000264,4,2,1454,24247,3443.3265832542647,False,False,True,True
N21000243,N21000266,4,1,1454,18253,4597.158045296593,False,False,False,True
N21000243,N21000267,4,2,1454,21949,2474.965593211616,False,False,True,True
N21000243,N21000268,4,8,1454,1126,6105.335500338799,False,False,False,True
N21000243,N21000269,4,2,1454,1407,2321.647885008305,False,False,True,True
N21000243,N21000270,4,4,1454,1364,4279.68146243854,False,False,False,True
N21000243,N21000273,4,2,1454,2383,5213.791681158868,False,False,False,True
N21000243,N21000274,4,1,1454,391,7053.485682458239,False,False,False,True
N21000243,N21000276,4,1,1454,6161,8230.064213730999,False,False,False,True
N21000243,N21000277,4,1,1454,6659,5686.4979265642605,False,False,False,True
N21000243,N21000278,4,3,1454,25468,4477.2350596355345,False,False,True,True
N21000243,N21000302,4,1,1454,6864,6661.466356817888,False,False,False,True
N21000243,N21000309,4,2,1454,2721,7436.090051507009,False,False,False,True
N21000243,N21000311,4,1,1454,2072,8507.216124410843,False,False,False,True
N21000243,N21000319,4,2,1454,20953,6498.943942161463,False,False,False,True
N21000243,N21000322,4,1,1454,3303,5674.724088397854,False,False,False,True
N21000243,N21000325,4,1,1454,14225,5245.605138859801,False,False,False,True
N21000243,N21000332,4,3,1454,23473,7058.128146269961,False,False,False,True
N21000243,N21000335,4,4,1454,18611,5686.620429838333,False,False,False,True
N21000244,N21000165,4,1,16707,19703,8514.246077819642,False,False,False,True
N21000244,N21000170,4,1,16707,23278,8494.082732202409,False,False,False,True
N21000244,N21000172,4,1,16707,18162,7314.571056349354,False,False,False,True
N21000244,N21000177,4,1,16707,22862,5897.121238822671,False,False,False,True
N21000244,N21000186,4,2,16707,13768,8531.99161701604,False,False,False,True
N21000244,N21000188,4,1,16707,9768,7791.346915725651,False,False,False,True
N21000244,N21000189,4,2,16707,4448,8379.152484717564,False,False,False,True
N21000244,N21000192,4,26,16707,17614,8520.256455161238,False,False,False,True
N21000244,N21000195,4,2,16707,22584,6656.18306840484,False,False,False,True
N21000244,N21000197,4,11,16707,11265,7610.014755978305,False,False,False,True
N21000244,N21000198,4,18,16707,15611,5418.312261685748,False,False,False,True
N21000244,N21000200,4,2,16707,16344,4424.730251882631,False,False,False,True
N21000244,N21000202,4,2,16707,15786,4005.739133560133,False,False,False,True
N21000244,N21000203,4,1,16707,15685,3852.4165913950455,False,False,False,True
N21000244,N21000204,4,1,16707,26239,3557.416529990578,False,False,False,True
N21000244,N21000205,4,10,16707,27396,3432.6037967164307,False,False,False,True
N21000244,N21000206,4,1,16707,4787,3560.1686233458745,False,False,False,True
N21000244,N21000208,4,4,16707,5457,3408.22477066388,False,False,False,True
N21000244,N21000209,4,5,16707,9382,3274.2115373105207,False,False,False,True
N21000244,N21000212,4,2,16707,26189,2935.8404854113123,False,False,True,True
N21000244,N21000213,4,1,16707,9502,2653.363521957993,False,False,True,True
N21000244,N21000214,4,2,16707,55,2384.168692636302,False,False,True,True
N21000244,N21000215,4,9,16707,25962,2425.687517574678,False,False,True,True
N21000244,N21000216,4,4,16707,14179,2222.41515527236,False,False,True,True
N21000244,N21000219,4,6,16707,2333,6262.605722209149,False,False,False,True
N21000244,N21000220,4,7,16707,9614,6165.563377185788,False,False,False,True
N21000244,N21000221,4,11,16707,22550,5750.6614190969585,False,False,False,True
N21000244,N21000223,4,2,16707,22810,4065.7011514792057,False,False,False,True
N21000244,N21000224,4,2,16707,15583,4270.882215075498,False,False,False,True
N21000244,N21000225,4,5,16707,25527,3977.150072724995,False,False,False,True
N21000244,N21000226,4,4,16707,7766,3495.0202869122245,False,False,True,True
N21000244,N21000228,4,1,16707,182,3111.316798791431,False,False,True,True
N21000244,N21000230,4,2,16707,5611,3624.050187088838,False,False,False,True
N21000244,N21000231,4,1,16707,16315,4260.789424644348,False,False,False,True
N21000244,N21000234,4,2,16707,14610,4437.850598200225,False,False,False,True
N21000244,N21000235,4,3,16707,15632,2527.497915960216,False,False,False,True
N21000244,N21000236,4,7,16707,20050,1991.6331310897262,False,False,True,True
N21000244,N21000237,4,12,16707,5957,2181.566564387169,False,False,True,True
N21000244,N21000238,4,1,16707,26190,2886.071997324257,False,False,False,True
N21000244,N21000239,4,5,16707,22166,1971.6803555950905,False,False,True,True
N21000244,N21000241,4,2,16707,20619,1801.7899044559235,False,False,True,True
N21000244,N21000242,4,2,16707,13928,1736.4081141716877,False,False,False,True
N21000244,N21000243,4,4,16707,1454,1044.8420210629429,False,True,True,True
N21000244,N21000245,4,2,16707,8653,2788.2247425264572,False,False,False,True
N21000244,N21000246,4,2,16707,1102,1435.6019123088488,False,True,True,True
N21000244,N21000247,4,5,16707,18676,2458.3282905922415,False,False,False,True
N21000244,N21000248,4,5,16707,14259,1574.7583187181592,False,True,True,True
N21000244,N21000249,4,3,16707,28796,2699.872805488106,False,False,False,True
N21000244,N21000250,4,2,16707,4849,1895.9150876093909,False,False,False,True
N21000244,N21000251,4,36,16707,15928,4927.570425599081,False,False,False,True
N21000244,N21000252,4,16,16707,6604,3974.6083757467973,False,False,False,True
N21000244,N21000253,4,12,16707,7436,4716.775295760752,False,False,False,True
N21000244,N21000254,4,5,16707,17102,4317.045067925087,False,False,False,True
N21000244,N21000256,4,8,16707,24260,5082.209223880578,False,False,False,True
N21000244,N21000258,4,6,16707,27783,4604.045933779385,False,False,True,True
N21000244,N21000259,4,1,16707,15492,3855.7170348621994,False,False,False,True
N21000244,N21000263,4,3,16707,6770,3063.299503839683,False,False,True,True
N21000244,N21000264,4,2,16707,24247,4283.429950742,False,False,True,True
N21000244,N21000265,4,1,16707,27041,5060.922308966975,False,False,False,True
N21000244,N21000268,4,8,16707,1126,6895.802325615813,False,False,False,True
N21000244,N21000269,4,1,16707,1407,3229.9405117414026,False,False,True,True
N21000244,N21000270,4,2,16707,1364,5148.941543968068,False,False,False,True
N21000244,N21000271,4,2,16707,15197,4394.784515792662,False,False,True,True
N21000244,N21000274,4,11,16707,391,7922.7457639877675,False,False,False,True
N21000244,N21000278,4,3,16707,25468,5384.740718735672,False,False,True,True
N21000244,N21000280,4,2,16707,9328,8782.73178286116,False,False,False,True
N21000244,N21000283,4,4,16707,9205,8554.244905339474,False,False,True,True
N21000244,N21000309,4,3,16707,2721,8226.556876784023,False,False,False,True
N21000244,N21000311,4,1,16707,2072,9376.476205940367,False,False,False,True
N21000244,N21000319,4,1,16707,20953,7289.410767438477,False,False,False,True
N21000244,N21000321,4,1,16707,19488,7311.562000921418,False,False,False,True
N21000244,N21000323,4,1,16707,10135,6963.318508813833,False,False,False,True
N21000244,N21000325,4,4,16707,14225,6036.071964136816,False,False,False,True
N21000244,N21000326,4,1,16707,3406,8784.744564347982,False,False,False,True
N21000244,N21000328,4,1,16707,25177,6844.178859014251,False,False,False,True
N21000244,N21000329,4,1,16707,7369,5731.414357723211,False,False,False,True
N21000244,N21000330,4,1,16707,3126,8442.16213489234,False,False,False,True
N21000244,N21000332,4,3,16707,23473,7848.594971546978,False,False,False,True
N21000244,N21000334,4,1,16707,27702,5762.437485875881,False,False,False,True
N21000244,N21000335,4,12,16707,18611,6477.08725511535,False,False,False,True
N21000245,N21000165,4,2,8653,19703,7071.112756707502,False,False,False,True
N21000245,N21000166,4,1,8653,23646,7857.70819049894,False,False,False,True
N21000245,N21000174,4,2,8653,19652,6137.862387923639,False,False,False,True
N21000245,N21000175,4,8,8653,27201,5151.462118731677,False,False,False,True
N21000245,N21000178,4,1,8653,12747,4214.694340545174,False,False,False,True
N21000245,N21000181,4,1,8653,10525,8828.021789924063,False,False,False,True
N21000245,N21000188,4,3,8653,9768,6590.472703938653,False,False,False,True
N21000245,N21000189,4,2,8653,4448,6936.019163605425,False,False,False,True
N21000245,N21000192,4,26,8653,17614,7334.307885902995,False,False,False,True
N21000245,N21000194,4,1,8653,25109,5944.407458407573,False,False,False,True
N21000245,N21000197,4,5,8653,11265,7622.610010305297,False,False,False,True
N21000245,N21000198,4,13,8653,15611,4845.960805256471,False,False,False,True
N21000245,N21000202,4,2,8653,15786,4344.037187070718,False,False,False,True
N21000245,N21000203,4,1,8653,15685,4783.594404598727,False,False,False,True
N21000245,N21000205,4,2,8653,27396,4137.768850377149,False,False,False,True
N21000245,N21000208,4,1,8653,5457,3533.195509142214,False,False,False,True
N21000245,N21000209,4,3,8653,9382,2542.9907858599963,False,False,False,True
N21000245,N21000212,4,1,8653,26189,2825.4923977079866,False,False,False,True
N21000245,N21000213,4,1,8653,9502,2774.839596756147,False,False,False,True
N21000245,N21000214,4,1,8653,55,2772.6129289499745,False,False,False,True
N21000245,N21000215,4,1,8653,25962,3051.8343708360067,False,False,True,True
N21000245,N21000216,4,1,8653,14179,3391.1195375819416,False,False,True,True
N21000245,N21000219,4,1,8653,2333,7501.304757872263,False,False,False,True
N21000245,N21000221,4,5,8653,22550,7978.987306045667,False,False,False,True
N21000245,N21000224,4,4,8653,15583,6380.066008840559,False,False,False,True
N21000245,N21000225,4,1,8653,25527,5392.484038800572,False,False,False,True
N21000245,N21000226,4,1,8653,7766,4663.724669221804,False,False,True,True
N21000245,N21000230,4,1,8653,5611,5896.438892358984,False,False,False,True
N21000245,N21000231,4,2,8653,16315,6533.178129914497,False,False,False,True
N21000245,N21000237,4,10,8653,5957,3744.860714297797,False,False,True,True
N21000245,N21000240,4,5,8653,17764,2855.224036561966,False,False,True,True
N21000245,N21000241,4,5,8653,20619,1382.0577091113976,False,False,True,True
N21000245,N21000248,4,2,8653,14259,1463.8040350671833,False,False,False,True
N21000245,N21000250,4,1,8653,4849,2457.93894490667,False,False,False,True
N21000245,N21000251,4,58,8653,15928,3107.005804396211,False,False,False,True
N21000245,N21000252,4,22,8653,6604,2909.7881924605153,False,False,False,True
N21000245,N21000253,4,14,8653,7436,2775.5050172100828,False,False,False,True
N21000245,N21000254,4,8,8653,17102,2375.774789374417,False,False,False,True
N21000245,N21000256,4,22,8653,24260,3130.933179691667,False,False,False,True
N21000245,N21000258,4,12,8653,27783,2662.775655228717,False,False,True,True
N21000245,N21000259,4,1,8653,15492,1914.4467563115297,False,False,True,True
N21000245,N21000261,4,3,8653,1844,2921.7027290435635,False,False,False,True
N21000245,N21000262,4,1,8653,8231,1527.2168416230077,False,False,True,True
N21000245,N21000263,4,9,8653,6770,1443.7302143522113,False,False,True,True
N21000245,N21000264,4,16,8653,24247,1849.031395697336,False,False,True,True
N21000245,N21000265,4,4,8653,27041,2597.3670398805184,False,False,False,True
N21000245,N21000267,4,2,8653,21949,1181.6678058997995,False,False,True,True
N21000245,N21000268,4,13,8653,1126,4517.634103801355,False,False,False,True
N21000245,N21000270,4,7,8653,1364,2685.3862748816114,False,False,False,True
N21000245,N21000271,4,2,8653,15197,1931.229246706205,False,False,True,True
N21000245,N21000273,4,2,8653,2383,3623.412017283212,False,False,False,True
N21000245,N21000274,4,6,8653,391,5459.1904949013115,False,False,False,True
N21000245,N21000275,4,1,8653,24042,5375.130580867524,False,False,False,True
N21000245,N21000276,4,1,8653,6161,6635.769026174071,False,False,False,True
N21000245,N21000277,4,2,8653,6659,4096.118262688605,False,False,False,True
N21000245,N21000278,4,2,8653,25468,3501.2319901263313,False,False,True,True
N21000245,N21000279,4,1,8653,4115,6177.359787068476,False,False,False,True
N21000245,N21000283,4,1,8653,9205,6090.689636253017,False,False,True,True
N21000245,N21000284,4,2,8653,16991,7031.854466992227,False,False,False,True
N21000245,N21000289,4,1,8653,25081,7677.222343987301,False,False,False,True
N21000245,N21000293,4,1,8653,25505,7963.930690401646,False,False,False,True
N21000245,N21000302,4,1,8653,6864,5337.041443198178,False,False,False,True
N21000245,N21000303,4,1,8653,6397,4574.7229507763695,False,False,False,True
N21000245,N21000308,4,2,8653,13508,6661.962600376122,False,False,False,True
N21000245,N21000309,4,4,8653,2721,6060.878937001881,False,False,False,True
N21000245,N21000310,4,1,8653,15134,7476.32910110668,False,False,False,True
N21000245,N21000311,4,1,8653,2072,6912.920936853914,False,False,False,True
N21000245,N21000312,4,2,8653,18228,7635.451432712028,False,False,False,True
N21000245,N21000315,4,1,8653,2055,6613.684833930175,False,False,False,True
N21000245,N21000317,4,1,8653,25675,6413.93731809466,False,False,False,True
N21000245,N21000319,4,1,8653,20953,5846.277446326337,False,False,False,True
N21000245,N21000324,4,1,8653,25636,6011.545153289002,False,False,False,True
N21000245,N21000325,4,2,8653,14225,4480.139151961148,False,False,False,True
N21000245,N21000329,4,8,8653,7369,3996.1534773082717,False,False,False,True
N21000245,N21000332,4,1,8653,23473,5975.004409058671,False,False,False,True
N21000245,N21000335,4,23,8653,18611,4603.496692627043,False,False,False,True
N21000246,N21000165,4,3,1102,19703,8168.9738084349365,False,False,False,True
N21000246,N21000172,4,1,1102,18162,6969.298786964649,False,False,False,True
N21000246,N21000175,4,1,1102,27201,6249.323170459112,False,False,False,True
N21000246,N21000187,4,1,1102,23892,8482.265231642803,False,False,False,True
N21000246,N21000189,4,2,1102,4448,8033.88021533286,False,False,False,True
N21000246,N21000192,4,23,1102,17614,8279.372938882738,False,False,False,True
N21000246,N21000195,4,3,1102,22584,6415.299552126338,False,False,False,True
N21000246,N21000196,4,1,1102,8754,6449.48884080369,False,False,False,True
N21000246,N21000197,4,14,1102,11265,7369.131239699804,False,False,False,True
N21000246,N21000198,4,17,1102,15611,5177.428745407247,False,False,False,True
N21000246,N21000200,4,2,1102,16344,4480.404550046476,False,False,False,True
N21000246,N21000202,4,2,1102,15786,4003.0825631493312,False,False,False,True
N21000246,N21000203,4,1,1102,15685,3908.09088955889,False,False,False,True
N21000246,N21000205,4,5,1102,27396,3488.278094880275,False,False,False,True
N21000246,N21000206,4,2,1102,4787,3615.842921509719,False,False,False,True
N21000246,N21000207,4,4,1102,26051,2881.458537576837,False,False,False,True
N21000246,N21000208,4,5,1102,5457,3198.8632359164535,False,False,False,True
N21000246,N21000209,4,4,1102,9382,3033.328021032019,False,False,False,True
N21000246,N21000211,4,1,1102,7197,2971.7712536739978,False,False,True,True
N21000246,N21000212,4,1,1102,26189,2694.9569691328106,False,False,True,True
N21000246,N21000213,4,2,1102,9502,2412.480005679491,False,False,True,True
N21000246,N21000215,4,3,1102,25962,2260.3715124509445,False,False,True,True
N21000246,N21000216,4,9,1102,14179,2278.0894534362046,False,False,True,True
N21000246,N21000217,4,1,1102,19481,2370.442657211384,False,False,True,True
N21000246,N21000218,4,1,1102,15318,2062.1501643272795,False,False,True,True
N21000246,N21000219,4,1,1102,2333,6657.7594668422935,False,False,False,True
N21000246,N21000220,4,3,1102,9614,6372.704183251583,False,False,False,True
N21000246,N21000221,4,6,1102,22550,6859.216271148751,False,False,False,True
N21000246,N21000223,4,2,1102,22810,4121.375449643049,False,False,False,True
N21000246,N21000224,4,6,1102,15583,5267.035924694824,False,False,False,True
N21000246,N21000225,4,3,1102,25527,4279.453954654836,False,False,False,True
N21000246,N21000226,4,4,1102,7766,3550.694585076069,False,False,True,True
N21000246,N21000230,4,2,1102,5611,4732.605039140629,False,False,False,True
N21000246,N21000231,4,2,1102,16315,5369.344276696142,False,False,False,True
N21000246,N21000232,4,1,1102,26582,3778.051200002213,False,False,True,True
N21000246,N21000235,4,3,1102,15632,3651.577941670849,False,False,False,True
N21000246,N21000236,4,4,1102,20050,1840.2349813214223,False,False,True,True
N21000246,N21000237,4,12,1102,5957,2631.8306301520606,False,False,True,True
N21000246,N21000240,4,21,1102,17764,1508.4531411461849,False,False,True,True
N21000246,N21000241,4,4,1102,20619,1560.9063881774214,False,False,True,True
N21000246,N21000244,4,1,1102,16707,1435.6019123088488,False,True,True,True
N21000246,N21000245,4,1,1102,8653,1352.6228302176085,False,False,False,True
N21000246,N21000247,4,4,1102,18676,3634.371434516185,False,False,False,True
N21000246,N21000249,4,10,1102,28796,1264.2708931792574,False,False,False,True
N21000246,N21000250,4,2,1102,4849,1461.473580468023,False,False,False,True
N21000246,N21000251,4,35,1102,15928,4204.866856123645,False,False,False,True
N21000246,N21000252,4,14,1102,6604,3733.7248594682956,False,False,False,True
N21000246,N21000253,4,4,1102,7436,3873.3660689375174,False,False,False,True
N21000246,N21000254,4,2,1102,17102,3473.635841101852,False,False,False,True
N21000246,N21000256,4,9,1102,24260,4228.794231419101,False,False,False,True
N21000246,N21000258,4,4,1102,27783,3760.6367069561525,False,False,False,True
N21000246,N21000259,4,4,1102,15492,3012.3078080389646,False,False,False,True
N21000246,N21000260,4,1,1102,17259,4220.176892805695,False,False,False,True
N21000246,N21000261,4,2,1102,1844,4019.5637807709977,False,False,False,True
N21000246,N21000263,4,5,1102,6770,2541.1590058853117,False,False,True,True
N21000246,N21000264,4,7,1102,24247,2946.8924474247706,False,False,False,True
N21000246,N21000265,4,2,1102,27041,3695.228091607953,False,False,False,True
N21000246,N21000266,4,2,1102,18253,4100.723909467099,False,False,False,True
N21000246,N21000267,4,6,1102,21949,2279.5288576272337,False,False,False,True
N21000246,N21000268,4,6,1102,1126,5615.49515552879,False,False,False,True
N21000246,N21000269,4,2,1102,1407,1825.2137491788108,False,False,False,True
N21000246,N21000270,4,3,1102,1364,3783.247326609046,False,False,False,True
N21000246,N21000272,4,1,1102,20779,3512.326936237079,False,False,False,True
N21000246,N21000273,4,2,1102,2383,4717.3575453293715,False,False,False,True
N21000246,N21000274,4,6,1102,391,6557.051546628746,False,False,False,True
N21000246,N21000277,4,3,1102,6659,5190.063790734764,False,False,False,True
N21000246,N21000278,4,4,1102,25468,3980.800923806038,False,False,False,True
N21000246,N21000279,4,1,1102,4115,7275.220838795911,False,False,False,True
N21000246,N21000282,4,1,1102,4530,5537.194048581364,False,False,False,True
N21000246,N21000283,4,1,1102,9205,7184.635164299177,False,False,False,True
N21000246,N21000284,4,1,1102,16991,8125.799995038386,False,False,False,True
N21000246,N21000294,4,2,1102,22846,8571.536574507023,False,False,False,True
N21000246,N21000300,4,1,1102,5088,9397.747632066857,False,False,False,True
N21000246,N21000301,4,1,1102,22078,7830.814429055927,False,False,False,True
N21000246,N21000302,4,1,1102,6864,6434.902494925612,False,False,False,True
N21000246,N21000309,4,3,1102,2721,7158.739988729315,False,False,False,True
N21000246,N21000312,4,1,1102,18228,8733.312484439464,False,False,False,True
N21000246,N21000321,4,1,1102,19488,6853.490240473185,False,False,False,True
N21000246,N21000325,4,2,1102,14225,5578.0002036885835,False,False,False,True
N21000246,N21000329,4,2,1102,7369,5094.014529035706,False,False,False,True
N21000246,N21000334,4,1,1102,27702,4986.707975115008,False,False,False,True
N21000246,N21000335,4,11,1102,18611,5701.357744354476,False,False,False,True
N21000247,N21000171,4,3,18676,18303,8729.341875363993,False,False,False,True
N21000247,N21000175,4,1,18676,27201,7999.468582646226,False,False,False,True
N21000247,N21000177,4,1,18676,22862,7301.99438162508,False,False,False,True
N21000247,N21000178,4,1,18676,12747,7062.700804459723,False,False,False,True
N21000247,N21000188,4,2,18676,9768,9196.220058528059,False,False,False,True
N21000247,N21000190,4,2,18676,9490,9362.045456517199,False,False,False,True
N21000247,N21000193,4,1,18676,24443,9029.250068948091,False,False,False,True
N21000247,N21000195,4,2,18676,22584,8061.0562112072475,False,False,False,True
N21000247,N21000196,4,1,18676,8754,8095.2454998846,False,False,False,True
N21000247,N21000197,4,18,18676,11265,8783.72412733874,False,False,False,True
N21000247,N21000198,4,26,18676,15611,6696.369148174405,False,False,False,True
N21000247,N21000199,4,2,18676,8027,5769.178755301204,False,False,False,True
N21000247,N21000200,4,3,18676,16344,5190.53387049895,False,False,False,True
N21000247,N21000201,4,2,18676,24818,5127.168028527403,False,False,False,True
N21000247,N21000202,4,5,18676,15786,5146.335436213058,False,False,False,True
N21000247,N21000203,4,4,18676,15685,4708.766450954076,False,False,False,True
N21000247,N21000205,4,6,18676,27396,4402.429365536998,False,False,False,True
N21000247,N21000206,4,2,18676,4787,4422.631593286366,False,False,False,True
N21000247,N21000207,4,5,18676,26051,4313.120878349051,False,False,False,True
N21000247,N21000208,4,5,18676,5457,4548.821073316803,False,False,False,True
N21000247,N21000209,4,3,18676,9382,4808.674697327932,False,False,False,True
N21000247,N21000210,4,2,18676,23126,3842.070598220956,False,False,False,True
N21000247,N21000211,4,2,18676,7197,3839.9650135965026,False,False,False,True
N21000247,N21000213,4,6,18676,9502,3930.9238269034645,False,False,False,True
N21000247,N21000214,4,4,18676,55,4071.7126682464805,False,False,False,True
N21000247,N21000215,4,5,18676,25962,3566.2838202276025,False,False,False,True
N21000247,N21000216,4,8,18676,14179,3361.0723617585504,False,False,False,True
N21000247,N21000217,4,2,18676,19481,4339.287543854202,False,False,False,True
N21000247,N21000219,4,3,18676,2333,6219.40610974155,False,False,False,True
N21000247,N21000220,4,6,18676,9614,6122.3637647181895,False,False,False,True
N21000247,N21000221,4,17,18676,22550,5707.46180662936,False,False,False,True
N21000247,N21000223,4,2,18676,22810,4584.113701918522,False,False,False,True
N21000247,N21000224,4,2,18676,15583,4227.682602607899,False,False,False,True
N21000247,N21000225,4,7,18676,25527,3933.950460257396,False,False,False,True
N21000247,N21000226,4,6,18676,7766,3766.7056706171684,False,False,False,True
N21000247,N21000230,4,5,18676,5611,3580.850574621239,False,False,False,True
N21000247,N21000231,4,3,18676,16315,3773.872159409434,False,False,False,True
N21000247,N21000232,4,1,18676,26582,2638.644179444386,False,False,False,True
N21000247,N21000233,4,3,18676,19725,2780.938245328577,False,False,False,True
N21000247,N21000235,4,3,18676,15632,1729.0796714463916,False,False,False,True
N21000247,N21000236,4,2,18676,20050,3340.7420202062444,False,False,False,True
N21000247,N21000237,4,13,18676,5957,2755.3002386257795,False,False,False,True
N21000247,N21000239,4,4,18676,22166,3788.8442259100825,False,False,False,True
N21000247,N21000240,4,37,18676,17764,2849.606650261019,False,False,False,True
N21000247,N21000242,4,10,18676,13928,1342.0688311868132,False,False,False,True
N21000247,N21000243,4,3,18676,1454,3318.2012885118033,False,False,False,True
N21000247,N21000244,4,1,18676,16707,2458.3282905922415,False,False,False,True
N21000247,N21000245,4,1,18676,8653,4727.94984654472,False,False,False,True
N21000247,N21000246,4,2,18676,1102,3634.3714345161857,False,False,False,True
N21000247,N21000248,4,7,18676,14259,3659.8134390602218,False,False,False,True
N21000247,N21000249,4,5,18676,28796,4639.5979095063685,False,False,False,True
N21000247,N21000250,4,1,18676,4849,3488.4528540528513,False,False,False,True
N21000247,N21000251,4,65,18676,15928,6332.443568401489,False,False,False,True
N21000247,N21000252,4,18,18676,6604,5379.481518549204,False,False,False,True
N21000247,N21000253,4,14,18676,7436,6477.025333640855,False,False,False,True
N21000247,N21000254,4,6,18676,17102,6245.217306679534,False,False,False,True
N21000247,N21000256,4,16,18676,24260,7234.26930473404,False,False,False,True
N21000247,N21000258,4,5,18676,27783,6756.106014632849,False,False,False,True
N21000247,N21000259,4,3,18676,15492,6007.777115715662,False,False,False,True
N21000247,N21000261,4,1,18676,1844,7269.803601793671,False,False,False,True
N21000247,N21000263,4,6,18676,6770,5215.359584693148,False,False,False,True
N21000247,N21000264,4,5,18676,24247,6322.2194637518805,False,False,False,True
N21000247,N21000265,4,4,18676,27041,7070.5551079350635,False,False,False,True
N21000247,N21000266,4,1,18676,18253,7476.050925794209,False,False,False,True
N21000247,N21000267,4,2,18676,21949,5417.492499342094,False,False,False,True
N21000247,N21000268,4,31,18676,1126,8990.8221718559,False,False,False,True
N21000247,N21000269,4,2,18676,1407,5200.5407655059225,False,False,False,True
N21000247,N21000270,4,9,18676,1364,7158.574342936155,False,False,False,True
N21000247,N21000271,4,1,18676,15197,6404.417314760751,False,False,False,True
N21000247,N21000272,4,4,18676,20779,6690.545737218756,False,False,False,True
N21000247,N21000273,4,5,18676,2383,7895.57634631105,False,False,False,True
N21000247,N21000277,4,5,18676,6659,8368.282591716443,False,False,False,True
N21000247,N21000278,4,4,18676,25468,7159.019724787714,False,False,False,True
N21000247,N21000317,4,2,18676,25675,9341.831280476152,False,False,False,True
N21000247,N21000319,4,1,18676,20953,8694.283910240885,False,False,False,True
N21000247,N21000321,4,1,18676,19488,8716.435143723827,False,False,False,True
N21000247,N21000323,4,1,18676,10135,8368.191651616242,False,False,False,True
N21000247,N21000325,4,4,18676,14225,7440.945106939225,False,False,False,True
N21000247,N21000329,4,1,18676,7369,7136.287500525619,False,False,False,True
N21000247,N21000331,4,1,18676,13387,7890.3088057132,False,False,False,True
N21000247,N21000332,4,1,18676,23473,9253.468114349389,False,False,False,True
N21000247,N21000335,4,17,18676,18611,7881.960397917757,False,False,False,True
N21000248,N21000174,4,3,14259,19652,7346.90464450065,False,False,False,True
N21000248,N21000175,4,2,14259,27201,6360.5043753086875,False,False,False,True
N21000248,N21000178,4,2,14259,12747,5423.736597122184,False,False,False,True
N21000248,N21000186,4,1,14259,13768,8540.15966180605,False,False,False,True
N21000248,N21000188,4,1,14259,9768,7799.514960515662,False,False,False,True
N21000248,N21000189,4,2,14259,4448,8145.0614201824355,False,False,False,True
N21000248,N21000190,4,1,14259,9490,7965.3403585048045,False,False,False,True
N21000248,N21000192,4,34,14259,17614,8543.350142480003,False,False,False,True
N21000248,N21000193,4,1,14259,24443,7390.285861610553,False,False,False,True
N21000248,N21000195,4,4,14259,22584,6664.35111319485,False,False,False,True
N21000248,N21000196,4,1,14259,8754,6648.9548244779535,False,False,False,True
N21000248,N21000197,4,12,14259,11265,7658.67732190115,False,False,False,True
N21000248,N21000198,4,17,14259,15611,5466.974827608593,False,False,False,True
N21000248,N21000200,4,1,14259,16344,4769.950632247823,False,False,False,True
N21000248,N21000201,4,1,14259,24818,4375.738481849505,False,False,False,True
N21000248,N21000202,4,1,14259,15786,4292.628645350678,False,False,False,True
N21000248,N21000203,4,5,14259,15685,4197.636971760237,False,False,False,True
N21000248,N21000204,4,2,14259,26239,3606.079095913423,False,False,False,True
N21000248,N21000205,4,5,14259,27396,3777.824177081622,False,False,False,True
N21000248,N21000207,4,1,14259,26051,3171.0046197781835,False,False,False,True
N21000248,N21000208,4,2,14259,5457,3488.4093181178,False,False,False,True
N21000248,N21000209,4,2,14259,9382,3322.8741032333655,False,False,False,True
N21000248,N21000211,4,2,14259,7197,3261.3173358753447,False,False,True,True
N21000248,N21000213,4,4,14259,9502,2702.0260878808376,False,False,True,True
N21000248,N21000214,4,1,14259,55,2432.8312585591466,False,False,True,True
N21000248,N21000216,4,1,14259,14179,2567.635535637552,False,False,True,True
N21000248,N21000219,4,1,14259,2333,6947.30554904364,False,False,False,True
N21000248,N21000220,4,1,14259,9614,6662.250265452932,False,False,False,True
N21000248,N21000221,4,16,14259,22550,6954.913716882611,False,False,False,True
N21000248,N21000222,4,1,14259,11993,5004.116855180366,False,False,False,True
N21000248,N21000223,4,1,14259,22810,4410.921531844396,False,False,False,True
N21000248,N21000224,4,4,14259,15583,5475.134512861148,False,False,False,True
N21000248,N21000225,4,3,14259,25527,4569.000036856183,False,False,False,True
N21000248,N21000226,4,5,14259,7766,3840.240667277416,False,False,True,True
N21000248,N21000230,4,3,14259,5611,4828.302484874489,False,False,False,True
N21000248,N21000231,4,2,14259,16315,5465.041722430002,False,False,False,True
N21000248,N21000235,4,1,14259,15632,3731.7502137458646,False,False,False,True
N21000248,N21000236,4,2,14259,20050,2129.781063522769,False,False,True,True
N21000248,N21000237,4,7,14259,5957,2921.3767123534076,False,False,True,True
N21000248,N21000239,4,2,14259,22166,2020.3429215179349,False,False,True,True
N21000248,N21000240,4,15,14259,17764,1700.7527210366507,False,False,True,True
N21000248,N21000241,4,10,14259,20619,1850.4524703787679,False,False,True,True
N21000248,N21000243,4,2,14259,1454,947.5342860799751,True,True,True,True
N21000248,N21000244,4,4,14259,16707,1574.758318718159,False,True,True,True
N21000248,N21000245,4,3,14259,8653,1463.8040350671836,False,False,False,True
N21000248,N21000247,4,3,14259,18676,3659.8134390602227,False,False,False,True
N21000248,N21000249,4,7,14259,28796,1375.4520980288328,False,False,False,True
N21000248,N21000250,4,5,14259,4849,1389.8025374221731,False,False,False,True
N21000248,N21000251,4,72,14259,15928,4316.048060973221,False,False,False,True
N21000248,N21000252,4,26,14259,6604,4023.270941669642,False,False,False,True
N21000248,N21000253,4,11,14259,7436,3984.547273787093,False,False,False,True
N21000248,N21000254,4,11,14259,17102,3584.8170459514276,False,False,False,True
N21000248,N21000256,4,22,14259,24260,4339.975436268676,False,False,False,True
N21000248,N21000258,4,16,14259,27783,3871.817911805728,False,False,False,True
N21000248,N21000259,4,3,14259,15492,3123.48901288854,False,False,False,True
N21000248,N21000260,4,1,14259,17259,4331.35809765527,False,False,False,True
N21000248,N21000261,4,1,14259,1844,4130.744985620573,False,False,False,True
N21000248,N21000263,4,6,14259,6770,2652.3402107348866,False,False,True,True
N21000248,N21000264,4,13,14259,24247,3058.0736522743455,False,False,False,True
N21000248,N21000265,4,3,14259,27041,3806.409296457528,False,False,False,True
N21000248,N21000266,4,1,14259,18253,4211.9051143166735,False,False,False,True
N21000248,N21000267,4,6,14259,21949,2390.710062476809,False,False,False,True
N21000248,N21000268,4,13,14259,1126,5726.676360378366,False,False,False,True
N21000248,N21000269,4,4,14259,1407,1936.3949540283859,False,False,False,True
N21000248,N21000270,4,4,14259,1364,3894.4285314586214,False,False,False,True
N21000248,N21000274,4,15,14259,391,6668.232751478321,False,False,False,True
N21000248,N21000275,4,3,14259,24042,6584.172837444534,False,False,False,True
N21000248,N21000277,4,1,14259,6659,5301.24499558434,False,False,False,True
N21000248,N21000278,4,6,14259,25468,4091.982128655614,False,False,False,True
N21000248,N21000279,4,1,14259,4115,7386.402043645486,False,False,False,True
N21000248,N21000282,4,1,14259,4530,5648.37525343094,False,False,False,True
N21000248,N21000283,4,5,14259,9205,7295.816369148753,False,False,False,True
N21000248,N21000293,4,1,14259,25505,9172.972946978656,False,False,False,True
N21000248,N21000294,4,5,14259,22846,8682.717779356597,False,False,False,True
N21000248,N21000300,4,1,14259,5088,9508.928836916431,False,False,False,True
N21000248,N21000303,4,3,14259,6397,5783.765207353379,False,False,False,True
N21000248,N21000305,4,1,14259,6602,6598.085174001856,False,False,False,True
N21000248,N21000309,4,1,14259,2721,7269.921193578891,False,False,False,True
N21000248,N21000310,4,1,14259,15134,8685.37135768369,False,False,False,True
N21000248,N21000311,4,1,14259,2072,8121.963193430924,False,False,False,True
N21000248,N21000312,4,1,14259,18228,8844.493689289038,False,False,False,True
N21000248,N21000315,4,1,14259,2055,7822.727090507185,False,False,False,True
N21000248,N21000318,4,1,14259,29337,9510.277517696657,False,False,False,True
N21000248,N21000319,4,1,14259,20953,7055.319702903347,False,False,False,True
N21000248,N21000323,4,1,14259,10135,6616.427953215175,False,False,False,True
N21000248,N21000325,4,2,14259,14225,5689.181408538159,False,False,False,True
N21000248,N21000326,4,1,14259,3406,8211.682530108978,False,False,False,True
N21000248,N21000329,4,2,14259,7369,5205.195733885282,False,False,False,True
N21000248,N21000331,4,2,14259,13387,5914.5440242594705,False,False,False,True
N21000248,N21000335,4,26,14259,18611,5812.538949204052,False,False,False,True
N21000249,N21000165,4,4,28796,19703,7541.51926255872,False,False,False,True
N21000249,N21000172,4,1,28796,18162,6341.844241088432,False,False,False,True
N21000249,N21000174,4,1,28796,19652,6608.268893774857,False,False,False,True
N21000249,N21000175,4,10,28796,27201,5621.868624582895,False,False,False,True
N21000249,N21000178,4,3,28796,12747,4685.100846396392,False,False,False,True
N21000249,N21000188,4,1,28796,9768,7060.8792097898695,False,False,False,True
N21000249,N21000189,4,2,28796,4448,7406.425669456643,False,False,False,True
N21000249,N21000190,4,1,28796,9490,7226.704607779012,False,False,False,True
N21000249,N21000192,4,28,28796,17614,7804.7143917542135,False,False,False,True
N21000249,N21000195,4,1,28796,22584,5925.715362469058,False,False,False,True
N21000249,N21000197,4,8,28796,11265,7942.509647211973,False,False,False,True
N21000249,N21000198,4,15,28796,15611,5165.860442163148,False,False,False,True
N21000249,N21000203,4,1,28796,15685,4982.668556553568,False,False,False,True
N21000249,N21000205,4,1,28796,27396,4457.668487283828,False,False,False,True
N21000249,N21000209,4,2,28796,9382,2862.890422766673,False,False,False,True
N21000249,N21000211,4,1,28796,7197,4046.3489206686736,False,False,False,True
N21000249,N21000213,4,1,28796,9502,3094.7392336628236,False,False,False,True
N21000249,N21000216,4,1,28796,14179,3352.6671204308814,False,False,False,True
N21000249,N21000219,4,1,28796,2333,7732.337133836971,False,False,False,True
N21000249,N21000220,4,2,28796,9614,7447.281850246262,False,False,False,True
N21000249,N21000221,4,9,28796,22550,7934.698187328756,False,False,False,True
N21000249,N21000224,4,1,28796,15583,6341.6135916895,False,False,False,True
N21000249,N21000225,4,2,28796,25527,5354.031621649512,False,False,False,True
N21000249,N21000230,4,1,28796,5611,5808.086955320633,False,False,False,True
N21000249,N21000231,4,5,28796,16315,6444.826192876146,False,False,False,True
N21000249,N21000237,4,5,28796,5957,3706.408297146737,False,False,False,True
N21000249,N21000240,4,2,28796,17764,2772.7240343254416,False,False,False,True
N21000249,N21000241,4,4,28796,20619,1701.957346018074,False,False,False,True
N21000249,N21000242,4,1,28796,13928,3920.444882403483,False,False,False,True
N21000249,N21000247,4,1,28796,18676,4639.597909506368,False,False,False,True
N21000249,N21000248,4,2,28796,14259,1375.4520980288323,False,False,False,True
N21000249,N21000250,4,1,28796,4849,2369.587007868319,False,False,False,True
N21000249,N21000251,4,54,28796,15928,3577.4123102474286,False,False,False,True
N21000249,N21000252,4,21,28796,6604,3380.194698311733,False,False,False,True
N21000249,N21000253,4,12,28796,7436,3245.9115230613006,False,False,False,True
N21000249,N21000254,4,8,28796,17102,2846.181295225635,False,False,False,True
N21000249,N21000255,4,1,28796,11696,4017.52292257691,False,False,False,True
N21000249,N21000256,4,32,28796,24260,3380.496335421402,False,False,False,True
N21000249,N21000258,4,6,28796,27783,2975.3783941594706,False,False,False,True
N21000249,N21000259,4,3,28796,15492,2384.8532621627473,False,False,False,True
N21000249,N21000261,4,2,28796,1844,3171.2658847732982,False,False,False,True
N21000249,N21000262,4,1,28796,8231,1997.623347474226,False,False,False,True
N21000249,N21000263,4,4,28796,6770,1914.1367202034296,False,False,False,True
N21000249,N21000264,4,20,28796,24247,2098.5945514270707,False,False,False,True
N21000249,N21000265,4,1,28796,27041,2846.9301956102536,False,False,False,True
N21000249,N21000267,4,3,28796,21949,1520.7703671744382,False,False,False,True
N21000249,N21000268,4,10,28796,1126,4767.19725953109,False,False,False,True
N21000249,N21000269,4,1,28796,1407,976.9158531811114,False,False,False,True
N21000249,N21000270,4,2,28796,1364,2934.9494306113465,False,False,False,True
N21000249,N21000271,4,3,28796,15197,2180.7924024359404,False,False,False,True
N21000249,N21000272,4,1,28796,20779,2942.994401215669,False,False,False,True
N21000249,N21000273,4,1,28796,2383,3872.975173012948,False,False,False,True
N21000249,N21000274,4,8,28796,391,5708.753650631047,False,False,False,True
N21000249,N21000277,4,3,28796,6659,4345.6814184183395,False,False,False,True
N21000249,N21000278,4,7,28796,25468,3411.468388784628,False,False,False,True
N21000249,N21000283,4,4,28796,9205,6340.252791982753,False,False,False,True
N21000249,N21000284,4,1,28796,16991,7281.417622721962,False,False,False,True
N21000249,N21000285,4,1,28796,4192,6285.692191070428,False,False,False,True
N21000249,N21000295,4,3,28796,8555,9541.80138228027,False,False,False,True
N21000249,N21000301,4,1,28796,22078,6982.516533058228,False,False,False,True
N21000249,N21000303,4,5,28796,6397,4824.286106506104,False,False,False,True
N21000249,N21000306,4,1,28796,28173,6032.629793634781,False,False,False,True
N21000249,N21000309,4,4,28796,2721,6310.442092731616,False,False,False,True
N21000249,N21000310,4,4,28796,15134,7725.892256836415,False,False,False,True
N21000249,N21000317,4,1,28796,25675,6884.343823945878,False,False,False,True
N21000249,N21000324,4,1,28796,25636,6481.951659140219,False,False,False,True
N21000249,N21000325,4,1,28796,14225,4950.545657812367,False,False,False,True
N21000249,N21000327,4,1,28796,12871,6189.976327174589,False,False,False,True
N21000249,N21000329,4,2,28796,7369,4466.55998315949,False,False,False,True
N21000249,N21000331,4,1,28796,13387,5175.908273533676,False,False,False,True
N21000249,N21000332,4,2,28796,23473,6445.410914909888,False,False,False,True
N21000249,N21000334,4,1,28796,27702,4359.253429238791,False,False,False,True
N21000249,N21000335,4,49,28796,18611,5072.174582683383,False,False,False,True
N21000250,N21000167,4,1,4849,23946,8476.521032375002,False,False,False,True
N21000250,N21000170,4,3,4849,23278,9140.337877175047,False,False,False,True
N21000250,N21000171,4,1,4849,18303,7970.723877534223,False,False,False,True
N21000250,N21000175,4,5,4849,27201,7240.850584816457,False,False,False,True
N21000250,N21000178,4,5,4849,12747,6304.082806629954,False,False,False,True
N21000250,N21000186,4,2,4849,13768,9178.246761988681,False,False,False,True
N21000250,N21000187,4,2,4849,23892,9473.792646000145,False,False,False,True
N21000250,N21000189,4,5,4849,4448,9025.407629690204,False,False,False,True
N21000250,N21000192,4,34,4849,17614,9166.511600133876,False,False,False,True
N21000250,N21000195,4,4,4849,22584,7302.43821337748,False,False,False,True
N21000250,N21000196,4,1,4849,8754,7336.627502054832,False,False,False,True
N21000250,N21000197,4,7,4849,11265,8256.269900950943,False,False,False,True
N21000250,N21000198,4,17,4849,15611,6064.567406658387,False,False,False,True
N21000250,N21000200,4,1,4849,16344,5331.107723304198,False,False,False,True
N21000250,N21000201,4,3,4849,24818,4973.331060899301,False,False,False,True
N21000250,N21000203,4,1,4849,15685,4758.794062816612,False,False,False,True
N21000250,N21000204,4,1,4849,26239,4203.671674963217,False,False,False,True
N21000250,N21000205,4,7,4849,27396,4338.981268137995,False,False,False,True
N21000250,N21000206,4,1,4849,4787,4466.546094767438,False,False,False,True
N21000250,N21000207,4,1,4849,26051,3768.5971988279784,False,False,False,True
N21000250,N21000208,4,2,4849,5457,4086.001897167595,False,False,False,True
N21000250,N21000209,4,4,4849,9382,3920.4666822831605,False,False,False,True
N21000250,N21000211,4,1,4849,7197,3822.474426931718,False,False,False,True
N21000250,N21000213,4,1,4849,9502,3299.6186669306326,False,False,False,True
N21000250,N21000215,4,1,4849,25962,3147.510173702086,False,False,False,True
N21000250,N21000216,4,1,4849,14179,3128.7926266939257,False,False,False,True
N21000250,N21000219,4,1,4849,2333,7311.3687150039905,False,False,False,True
N21000250,N21000220,4,3,4849,9614,7214.32636998063,False,False,False,True
N21000250,N21000221,4,11,4849,22550,6799.424411891802,False,False,False,True
N21000250,N21000223,4,1,4849,22810,4972.078622900769,False,False,False,True
N21000250,N21000224,4,4,4849,15583,5319.64520787034,False,False,False,True
N21000250,N21000225,4,2,4849,25527,5025.913065519839,False,False,False,True
N21000250,N21000226,4,1,4849,7766,4401.397758333788,False,False,False,True
N21000250,N21000230,4,3,4849,5611,4672.813179883681,False,False,False,True
N21000250,N21000231,4,2,4849,16315,5309.552417439194,False,False,False,True
N21000250,N21000232,4,2,4849,26582,3725.650366151311,False,False,False,True
N21000250,N21000236,4,1,4849,20050,2727.3736425725638,False,False,False,True
N21000250,N21000239,4,3,4849,22166,2617.9355005677294,False,False,False,True
N21000250,N21000240,4,10,4849,17764,2211.3586578227696,False,False,False,True
N21000250,N21000241,4,10,4849,20619,2448.0450494285633,False,False,False,True
N21000250,N21000242,4,3,4849,13928,2776.778015603532,False,False,False,True
N21000250,N21000243,4,1,4849,1454,1601.899277831838,False,False,False,True
N21000250,N21000247,4,3,4849,18676,3488.4528540528518,False,False,False,True
N21000250,N21000248,4,13,4849,14259,1389.8025374221727,False,False,False,True
N21000250,N21000249,4,7,4849,28796,2369.5870078683197,False,False,False,True
N21000250,N21000251,4,73,4849,15928,5310.182970812711,False,False,False,True
N21000250,N21000252,4,17,4849,6604,4620.863520719436,False,False,False,True
N21000250,N21000253,4,13,4849,7436,4978.682183626581,False,False,False,True
N21000250,N21000254,4,12,4849,17102,4578.951955790916,False,False,False,True
N21000250,N21000256,4,20,4849,24260,5334.110346108166,False,False,False,True
N21000250,N21000258,4,4,4849,27783,4865.952821645215,False,False,False,True
N21000250,N21000259,4,2,4849,15492,4117.623922728028,False,False,False,True
N21000250,N21000261,4,2,4849,1844,5124.879895460062,False,False,False,True
N21000250,N21000263,4,5,4849,6770,3646.475120574374,False,False,False,True
N21000250,N21000264,4,29,4849,24247,4052.208562113834,False,False,False,True
N21000250,N21000265,4,7,4849,27041,4800.544206297016,False,False,False,True
N21000250,N21000266,4,2,4849,18253,5206.040024156162,False,False,False,True
N21000250,N21000267,4,1,4849,21949,3384.8449723162985,False,False,False,True
N21000250,N21000268,4,11,4849,1126,6720.811270217855,False,False,False,True
N21000250,N21000269,4,2,4849,1407,2930.529863867874,False,False,False,True
N21000250,N21000270,4,7,4849,1364,4888.563441298108,False,False,False,True
N21000250,N21000272,4,1,4849,20779,4322.77795182232,False,False,False,True
N21000250,N21000273,4,2,4849,2383,5527.808560914614,False,False,False,True
N21000250,N21000274,4,7,4849,391,7443.375011360229,False,False,False,True
N21000250,N21000275,4,2,4849,24042,7359.315097326442,False,False,False,True
N21000250,N21000276,4,1,4849,6161,8619.953542632986,False,False,False,True
N21000250,N21000277,4,3,4849,6659,6000.514806320006,False,False,False,True
N21000250,N21000278,4,6,4849,25468,4791.251939391278,False,False,False,True
N21000250,N21000279,4,1,4849,4115,8161.544303527394,False,False,False,True
N21000250,N21000280,4,1,4849,9328,8303.36103023362,False,False,False,True
N21000250,N21000283,4,1,4849,9205,7995.086179884419,False,False,False,True
N21000250,N21000284,4,3,4849,16991,8936.251010623626,False,False,False,True
N21000250,N21000286,4,2,4849,16479,9474.780480946507,False,False,False,True
N21000250,N21000303,4,5,4849,6397,6777.9001171928685,False,False,False,True
N21000250,N21000305,4,1,4849,6602,7592.2200838413455,False,False,False,True
N21000250,N21000308,4,1,4849,13508,8865.139766792623,False,False,False,True
N21000250,N21000309,4,5,4849,2721,8264.05610341838,False,False,False,True
N21000250,N21000311,4,2,4849,2072,8897.105453312832,False,False,False,True
N21000250,N21000312,4,2,4849,18228,9619.635949170946,False,False,False,True
N21000250,N21000322,4,1,4849,3303,7111.446058647507,False,False,False,True
N21000250,N21000323,4,1,4849,10135,7609.573653786473,False,False,False,True
N21000250,N21000325,4,3,4849,14225,6682.327109109456,False,False,False,True
N21000250,N21000329,4,5,4849,7369,6199.330643724771,False,False,False,True
N21000250,N21000332,4,3,4849,23473,8178.18157547517,False,False,False,True
N21000250,N21000335,4,19,4849,18611,6806.673859043542,False,False,False,True
N21000251,N21000174,4,1,15928,19652,3252.6400093881575,False,False,False,True
N21000251,N21000175,4,4,15928,27201,2284.916790876685,False,False,False,True
N21000251,N21000177,4,1,15928,22862,1720.8608729880418,False,False,False,True
N21000251,N21000178,4,2,15928,12747,1348.1490126901847,False,False,False,True
N21000251,N21000186,4,1,15928,13768,4652.146730988452,False,False,False,True
N21000251,N21000192,4,28,15928,17614,4955.893923115748,False,False,False,True
N21000251,N21000193,4,1,15928,24443,3314.698277178553,False,False,False,True
N21000251,N21000197,4,3,15928,11265,6040.991102588168,False,False,False,True
N21000251,N21000198,4,46,15928,15611,2999.0216353133364,False,False,False,True
N21000251,N21000200,4,1,15928,16344,3998.016700064643,False,False,False,True
N21000251,N21000208,4,1,15928,5457,2613.9105766671996,False,False,False,True
N21000251,N21000209,4,2,15928,9382,1773.6103063305582,False,False,False,True
N21000251,N21000216,4,1,15928,14179,3754.194404666398,False,False,False,True
N21000251,N21000221,4,1,15928,22550,7551.159444011376,False,False,False,True
N21000251,N21000222,4,1,15928,11993,5042.894309464506,False,False,False,True
N21000251,N21000225,4,1,15928,25527,4964.6561767662815,False,False,False,True
N21000251,N21000226,4,2,15928,7766,4394.473766284549,False,False,False,True
N21000251,N21000231,4,1,15928,16315,6836.470090442576,False,False,False,True
N21000251,N21000240,4,1,15928,17764,4244.9876782053825,False,False,False,True
N21000251,N21000241,4,4,15928,20619,3246.486178490957,False,False,False,True
N21000251,N21000243,4,1,15928,1454,4137.103600322065,False,False,False,True
N21000251,N21000252,4,29,15928,6604,952.9620498522818,False,False,False,True
N21000251,N21000254,4,15,15928,17102,1256.6382039098496,False,False,False,True
N21000251,N21000255,4,1,15928,11696,1952.2232718500509,False,False,False,True
N21000251,N21000256,4,17,15928,24260,1410.7400007905223,False,False,False,True
N21000251,N21000257,4,1,15928,60,2235.5678606610722,False,False,False,True
N21000251,N21000258,4,9,15928,27783,1146.357560214113,False,False,False,True
N21000251,N21000259,4,1,15928,15492,1519.3901484767255,False,False,False,True
N21000251,N21000261,4,1,15928,1844,1853.3399142252904,False,False,False,True
N21000251,N21000263,4,5,15928,6770,2599.77457319746,False,False,False,True
N21000251,N21000264,4,13,15928,24247,1988.1983845023615,False,False,False,True
N21000251,N21000265,4,1,15928,27041,2352.6885909424627,False,False,False,True
N21000251,N21000266,4,1,15928,18253,2330.9412513155576,False,False,False,True
N21000251,N21000268,4,16,15928,1126,3323.438381223951,False,False,False,True
N21000251,N21000269,4,2,15928,1407,2718.8959615178405,False,False,False,True
N21000251,N21000270,4,5,15928,1364,2670.388127990604,False,False,False,True
N21000251,N21000271,4,2,15928,15197,2894.908602605383,False,False,False,True
N21000251,N21000274,4,5,15928,391,4913.923166331888,False,False,False,True
N21000251,N21000276,4,1,15928,6161,6090.501697604647,False,False,False,True
N21000251,N21000278,4,2,15928,25468,4754.904890744908,False,False,False,True
N21000251,N21000279,4,1,15928,4115,5632.092458499053,False,False,False,True
N21000251,N21000285,4,1,15928,4192,6860.7480665491075,False,False,False,True
N21000251,N21000287,4,1,15928,4756,9036.406020120878,False,False,False,True
N21000251,N21000288,4,1,15928,18650,6741.428652601796,False,False,False,True
N21000251,N21000300,4,1,15928,5088,7754.619251769998,False,False,False,True
N21000251,N21000306,4,1,15928,28173,3665.89644704408,False,False,False,True
N21000251,N21000309,4,3,15928,2721,3943.708746140914,False,False,False,True
N21000251,N21000315,4,3,15928,2055,5094.584035963721,False,False,False,True
N21000251,N21000318,4,1,15928,29337,5277.70285355856,False,False,False,True
N21000251,N21000325,4,2,15928,14225,1456.6067444000557,False,False,False,True
N21000251,N21000326,4,1,15928,3406,3948.6604104211915,False,False,False,True
N21000251,N21000329,4,1,15928,7369,890.3175174804734,False,False,False,True
N21000251,N21000335,4,29,15928,18611,1549.5168295162705,False,False,False,True
N21000252,N21000167,4,1,6604,23946,3960.079500495763,False,False,False,True
N21000252,N21000169,4,1,6604,623,4614.84503914666,False,False,False,True
N21000252,N21000171,4,1,6604,18303,3454.282345654983,False,False,False,True
N21000252,N21000175,4,1,6604,27201,2724.409052937215,False,False,False,True
N21000252,N21000177,4,2,6604,22862,2068.3301151133974,False,False,False,True
N21000252,N21000178,4,2,6604,12747,1787.6412747507156,False,False,False,True
N21000252,N21000187,4,1,6604,23892,4957.35111412091,False,False,False,True
N21000252,N21000188,4,1,6604,9768,3982.1810890334423,False,False,False,True
N21000252,N21000189,4,1,6604,4448,4508.966097810966,False,False,False,True
N21000252,N21000190,4,1,6604,9490,4148.006487022583,False,False,False,True
N21000252,N21000192,4,31,6604,17614,4711.090628469028,False,False,False,True
N21000252,N21000193,4,1,6604,24443,3754.1905392390836,False,False,False,True
N21000252,N21000196,4,1,6604,8754,2881.2065303899826,False,False,False,True
N21000252,N21000197,4,1,6604,11265,5347.491729642598,False,False,False,True
N21000252,N21000198,4,8,6604,15611,2409.1140720350522,False,False,False,True
N21000252,N21000205,4,1,6604,27396,2149.318912710421,False,False,False,True
N21000252,N21000208,4,2,6604,5457,1660.9485268149174,False,False,False,True
N21000252,N21000209,4,3,6604,9382,820.6482564782757,False,False,False,True
N21000252,N21000221,4,2,6604,22550,6598.197394159093,False,False,False,True
N21000252,N21000226,4,1,6604,7766,3441.5117164322683,False,False,False,True
N21000252,N21000237,4,2,6604,5957,3546.809169901987,False,False,False,True
N21000252,N21000240,4,1,6604,17764,3292.0256283531007,False,False,False,True
N21000252,N21000241,4,6,6604,20619,2891.222651332027,False,False,False,True
N21000252,N21000245,4,1,6604,8653,2909.788192460515,False,False,False,True
N21000252,N21000248,4,1,6604,14259,4023.270941669642,False,False,False,True
N21000252,N21000251,4,63,6604,15928,952.9620498522817,False,False,False,True
N21000252,N21000253,4,7,6604,7436,1097.5438150916498,False,False,False,True
N21000252,N21000254,4,18,6604,17102,1059.4205919741535,False,False,False,True
N21000252,N21000256,4,3,6604,24260,2025.294262681952,False,False,False,True
N21000252,N21000258,4,4,6604,27783,1712.4370124727013,False,False,False,True
N21000252,N21000259,4,1,6604,15492,1618.0808337533686,False,False,False,True
N21000252,N21000261,4,1,6604,1844,2461.7465614828907,False,False,False,True
N21000252,N21000263,4,3,6604,6770,2068.4584453161146,False,False,False,True
N21000252,N21000264,4,3,6604,24247,2511.3152808635987,False,False,False,True
N21000252,N21000265,4,2,6604,27041,2961.095238200063,False,False,False,True
N21000252,N21000266,4,2,6604,18253,2939.347898573158,False,False,False,True
N21000252,N21000268,4,5,6604,1126,4104.045031290109,False,False,False,True
N21000252,N21000270,4,3,6604,1364,3278.794775248204,False,False,False,True
N21000252,N21000273,4,2,6604,2383,4464.7980949321745,False,False,False,True
N21000252,N21000274,4,5,6604,391,5522.329813589488,False,False,False,True
N21000252,N21000277,4,1,6604,6659,5107.723738610316,False,False,False,True
N21000252,N21000281,4,1,6604,9316,6727.892505709576,False,False,False,True
N21000252,N21000283,4,1,6604,9205,7102.295112174729,False,False,False,True
N21000252,N21000284,4,1,6604,16991,8043.459942913939,False,False,False,True
N21000252,N21000300,4,2,6604,5088,8363.025899027598,False,False,False,True
N21000252,N21000302,4,1,6604,6864,3746.1342476198643,False,False,False,True
N21000252,N21000303,4,2,6604,6397,2994.185840418902,False,False,False,True
N21000252,N21000305,4,2,6604,6602,4043.5433572950747,False,False,False,True
N21000252,N21000306,4,1,6604,28173,4618.858496896362,False,False,False,True
N21000252,N21000308,4,4,6604,13508,5497.754459367437,False,False,False,True
N21000252,N21000309,4,5,6604,2721,4896.670795993196,False,False,False,True
N21000252,N21000311,4,1,6604,2072,6071.628252866994,False,False,False,True
N21000252,N21000315,4,1,6604,2055,6047.546085816004,False,False,False,True
N21000252,N21000325,4,1,6604,14225,2162.220472491006,False,False,False,True
N21000252,N21000329,4,1,6604,7369,1816.4440196822543,False,False,False,True
N21000252,N21000332,4,1,6604,23473,3873.986595800179,False,False,False,True
N21000252,N21000333,4,2,6604,3340,2789.1885778548613,False,False,False,True
N21000252,N21000334,4,1,6604,27702,1787.8291101290813,False,False,False,True
N21000252,N21000335,4,14,6604,18611,2502.478879368553,False,False,False,True
N21000253,N21000165,4,1,7436,19703,4680.700642603321,False,False,False,True
N21000253,N21000167,4,1,7436,23946,4015.3975028665377,False,False,False,True
N21000253,N21000175,4,2,7436,27201,2779.7270553079898,False,False,False,True
N21000253,N21000178,4,1,7436,12747,1842.9592771214905,False,False,False,True
N21000253,N21000188,4,2,7436,9768,4406.31229412937,False,False,False,True
N21000253,N21000192,4,15,7436,17614,5415.3759146447655,False,False,False,True
N21000253,N21000195,4,1,7436,22584,3215.487256642085,False,False,False,True
N21000253,N21000197,4,5,7436,11265,6368.021956806598,False,False,False,True
N21000253,N21000198,4,26,7436,15611,3326.052489531766,False,False,False,True
N21000253,N21000201,4,3,7436,24818,3593.330021978466,False,False,False,True
N21000253,N21000202,4,2,7436,15786,3453.1310644956393,False,False,False,True
N21000253,N21000205,4,4,7436,27396,3246.8627278020704,False,False,False,True
N21000253,N21000206,4,2,7436,4787,3893.89155184383,False,False,False,True
N21000253,N21000207,4,1,7436,26051,2318.1052754012103,False,False,False,True
N21000253,N21000209,4,1,7436,9382,1918.1920715699262,False,False,False,True
N21000253,N21000211,4,4,7436,7197,4012.4840635039745,False,False,False,True
N21000253,N21000220,4,2,7436,9614,6321.8922712935955,False,False,False,True
N21000253,N21000221,4,1,7436,22550,7695.741209250743,False,False,False,True
N21000253,N21000225,4,1,7436,25527,5109.237942005649,False,False,False,True
N21000253,N21000226,4,1,7436,7766,4539.055531523916,False,False,False,True
N21000253,N21000236,4,1,7436,20050,3562.4306991319877,False,False,False,True
N21000253,N21000237,4,1,7436,5957,4644.352984993635,False,False,False,True
N21000253,N21000240,4,1,7436,17764,4388.151718755395,False,False,False,True
N21000253,N21000241,4,2,7436,20619,2914.9853913048273,False,False,False,True
N21000253,N21000248,4,1,7436,14259,3984.547273787093,False,False,False,True
N21000253,N21000252,4,23,7436,6604,1097.5438150916498,False,False,False,True
N21000253,N21000254,4,7,7436,17102,935.65723591166,False,False,False,True
N21000253,N21000255,4,1,7436,11696,1469.2337186498303,False,False,False,True
N21000253,N21000256,4,30,7436,24260,927.750447590302,False,False,False,True
N21000253,N21000259,4,4,7436,15492,1007.3469344642562,False,False,False,True
N21000253,N21000260,4,2,7436,17259,1699.639092290573,False,False,False,True
N21000253,N21000262,4,1,7436,8231,1368.869359048958,False,False,False,True
N21000253,N21000263,4,4,7436,6770,2268.2737860113307,False,False,False,True
N21000253,N21000264,4,14,7436,24247,1499.0612166683113,False,False,False,True
N21000253,N21000265,4,4,7436,27041,1863.5514231084128,False,False,False,True
N21000253,N21000266,4,2,7436,18253,1841.8040834815079,False,False,False,True
N21000253,N21000267,4,2,7436,21949,2132.1934965953133,False,False,False,True
N21000253,N21000268,4,11,7436,1126,3006.5012161984605,False,False,False,True
N21000253,N21000269,4,1,7436,1407,2333.7198113736326,False,False,False,True
N21000253,N21000270,4,3,7436,1364,2181.2509601565534,False,False,False,True
N21000253,N21000271,4,1,7436,15197,2405.7714347713327,False,False,False,True
N21000253,N21000272,4,2,7436,20779,3430.7607787528054,False,False,False,True
N21000253,N21000273,4,2,7436,2383,3367.2542798405248,False,False,False,True
N21000253,N21000274,4,6,7436,391,4424.7859984978395,False,False,False,True
N21000253,N21000277,4,1,7436,6659,4010.179923518665,False,False,False,True
N21000253,N21000278,4,1,7436,25468,4265.7677229108585,False,False,False,True
N21000253,N21000283,4,1,7436,9205,6004.7512970830785,False,False,False,True
N21000253,N21000286,4,1,7436,16479,6004.341204777984,False,False,False,True
N21000253,N21000287,4,1,7436,4756,9069.252058377733,False,False,False,True
N21000253,N21000294,4,1,7436,22846,6439.271026376113,False,False,False,True
N21000253,N21000295,4,2,7436,8555,8257.83373014706,False,False,False,True
N21000253,N21000300,4,1,7436,5088,7265.482083935949,False,False,False,True
N21000253,N21000301,4,1,7436,22078,4337.163404412948,False,False,False,True
N21000253,N21000305,4,1,7436,6602,3304.718764820734,False,False,False,True
N21000253,N21000308,4,2,7436,13508,4577.638447772009,False,False,False,True
N21000253,N21000309,4,4,7436,2721,3976.554784397769,False,False,False,True
N21000253,N21000315,4,1,7436,2055,5127.430074220576,False,False,False,True
N21000253,N21000318,4,1,7436,29337,5772.513117989865,False,False,False,True
N21000253,N21000319,4,1,7436,20953,3455.8653322221608,False,False,False,True
N21000253,N21000321,4,1,7436,19488,3226.9070456159657,False,False,False,True
N21000253,N21000323,4,1,7436,10135,2878.6635535083806,False,False,False,True
N21000253,N21000327,4,1,7436,12871,3069.7920906450713,False,False,False,True
N21000253,N21000332,4,1,7436,23473,3296.711677509717,False,False,False,True
N21000253,N21000335,4,22,7436,18611,1925.2039610780894,False,False,False,True
N21000254,N21000163,4,2,17102,20140,5791.075371867004,False,False,False,True
N21000254,N21000170,4,1,17102,23278,5200.581810603911,False,False,False,True
N21000254,N21000175,4,4,17102,27201,3301.0945182453124,False,False,False,True
N21000254,N21000178,4,2,17102,12747,2364.3267400588124,False,False,False,True
N21000254,N21000187,4,1,17102,23892,5534.0365794290055,False,False,False,True
N21000254,N21000188,4,4,17102,9768,4740.1051034522925,False,False,False,True
N21000254,N21000190,4,1,17102,9490,4905.930501441434,False,False,False,True
N21000254,N21000192,4,18,17102,17614,5483.940285416634,False,False,False,True
N21000254,N21000193,4,1,17102,24443,4330.876004547181,False,False,False,True
N21000254,N21000195,4,1,17102,22584,3604.941256131481,False,False,False,True
N21000254,N21000197,4,4,17102,11265,6213.227517772929,False,False,False,True
N21000254,N21000198,4,6,17102,15611,3339.5836773238298,False,False,False,True
N21000254,N21000203,4,4,17102,15685,3660.880255062331,False,False,False,True
N21000254,N21000204,4,1,17102,26239,1850.6862125100843,False,False,False,True
N21000254,N21000205,4,4,17102,27396,3015.0547008407507,False,False,False,True
N21000254,N21000206,4,1,17102,4787,3662.08352488251,False,False,False,True
N21000254,N21000211,4,1,17102,7197,3780.6760365426553,False,False,False,True
N21000254,N21000215,4,2,17102,25962,2678.9334864519324,False,False,False,True
N21000254,N21000219,4,1,17102,2333,6378.590608335869,False,False,False,True
N21000254,N21000221,4,1,17102,22550,7463.933182289425,False,False,False,True
N21000254,N21000223,4,1,17102,22810,4388.012241014427,False,False,False,True
N21000254,N21000225,4,2,17102,25527,4877.42991504433,False,False,False,True
N21000254,N21000232,4,1,17102,26582,5219.691371040181,False,False,False,True
N21000254,N21000237,4,1,17102,5957,4412.544958032317,False,False,False,True
N21000254,N21000238,4,1,17102,26190,2870.735473927154,False,False,False,True
N21000254,N21000239,4,1,17102,22166,3108.6358875273145,False,False,False,True
N21000254,N21000240,4,1,17102,17764,3988.4214909197303,False,False,False,True
N21000254,N21000241,4,4,17102,20619,2515.255163469162,False,False,False,True
N21000254,N21000244,4,1,17102,16707,4317.045067925086,False,False,False,True
N21000254,N21000248,4,1,17102,14259,3584.8170459514276,False,False,False,True
N21000254,N21000249,4,4,17102,28796,2846.181295225635,False,False,False,True
N21000254,N21000251,4,58,17102,15928,1256.6382039098492,False,False,False,True
N21000254,N21000252,4,15,17102,6604,1059.4205919741535,False,False,False,True
N21000254,N21000253,4,15,17102,7436,935.6572359116606,False,False,False,True
N21000254,N21000256,4,11,17102,24260,1534.8199032899022,False,False,False,True
N21000254,N21000258,4,15,17102,27783,1205.6875796618447,False,False,False,True
N21000254,N21000259,4,1,17102,15492,1084.0674306672704,False,False,False,True
N21000254,N21000262,4,1,17102,8231,1148.551246524607,False,False,False,True
N21000254,N21000263,4,4,17102,6770,1868.5435581756649,False,False,False,True
N21000254,N21000264,4,9,17102,24247,1977.3018777775003,False,False,False,True
N21000254,N21000265,4,11,17102,27041,2468.383253439802,False,False,False,True
N21000254,N21000266,4,4,17102,18253,2446.6359138128973,False,False,False,True
N21000254,N21000267,4,2,17102,21949,1732.4632687596481,False,False,False,True
N21000254,N21000268,4,12,17102,1126,3613.5706718980605,False,False,False,True
N21000254,N21000269,4,3,17102,1407,1987.6649464960465,False,False,False,True
N21000254,N21000270,4,1,17102,1364,2786.0827904879434,False,False,False,True
N21000254,N21000274,4,5,17102,391,5029.617828829228,False,False,False,True
N21000254,N21000275,4,1,17102,24042,4945.557914795441,False,False,False,True
N21000254,N21000279,4,1,17102,4115,5747.787120996393,False,False,False,True
N21000254,N21000283,4,1,17102,9205,6609.5831274144675,False,False,False,True
N21000254,N21000285,4,1,17102,4192,6976.442729046446,False,False,False,True
N21000254,N21000291,4,1,17102,23779,7643.564599136463,False,False,False,True
N21000254,N21000293,4,2,17102,25505,7534.358024329563,False,False,False,True
N21000254,N21000295,4,2,17102,8555,8862.665560478454,False,False,False,True
N21000254,N21000307,4,2,17102,2710,4496.2965351852845,False,False,False,True
N21000254,N21000308,4,1,17102,13508,5184.70790347161,False,False,False,True
N21000254,N21000309,4,4,17102,2721,4583.62424009737,False,False,False,True
N21000254,N21000311,4,1,17102,2072,5758.581696971167,False,False,False,True
N21000254,N21000315,4,3,17102,2055,5734.499529920177,False,False,False,True
N21000254,N21000318,4,1,17102,29337,6450.867660633288,False,False,False,True
N21000254,N21000319,4,1,17102,20953,3995.909845839979,False,False,False,True
N21000254,N21000321,4,1,17102,19488,3905.2615882593896,False,False,False,True
N21000254,N21000325,4,2,17102,14225,2629.771551474786,False,False,False,True
N21000254,N21000326,4,1,17102,3406,5152.2726730456025,False,False,False,True
N21000254,N21000329,4,1,17102,7369,2145.78587682191,False,False,False,True
N21000254,N21000331,4,3,17102,13387,2855.134167196099,False,False,False,True
N21000254,N21000335,4,13,17102,18611,2753.1290921406835,False,False,False,True
N21000255,N21000163,4,1,11696,20140,5930.028784194978,False,False,False,True
N21000255,N21000164,4,1,11696,26366,6155.287615653004,False,False,False,True
N21000255,N21000170,4,1,11696,23278,4665.467531827638,False,False,False,True
N21000255,N21000172,4,1,11696,18162,4234.682802548396,False,False,False,True
N21000255,N21000175,4,5,11696,27201,4138.159583733575,False,False,False,True
N21000255,N21000177,4,3,11696,22862,3574.103665844933,False,False,False,True
N21000255,N21000189,4,2,11696,4448,5922.716628607326,False,False,False,True
N21000255,N21000192,4,28,11696,17614,6884.609633294594,False,False,False,True
N21000255,N21000193,4,2,11696,24443,5167.941070035444,False,False,False,True
N21000255,N21000195,4,1,11696,22584,4573.919785067671,False,False,False,True
N21000255,N21000197,4,4,11696,11265,7837.255675456431,False,False,False,True
N21000255,N21000198,4,14,11696,15611,4795.286208181599,False,False,False,True
N21000255,N21000199,4,1,11696,8027,6076.724349222749,False,False,False,True
N21000255,N21000203,4,1,11696,15685,5361.92200067348,False,False,False,True
N21000255,N21000205,4,3,11696,27396,4716.096446451904,False,False,False,True
N21000255,N21000209,4,1,11696,9382,3387.425790219756,False,False,False,True
N21000255,N21000213,4,1,11696,9502,4102.11670583898,False,False,False,True
N21000255,N21000214,4,1,11696,55,4231.360411774534,False,False,False,True
N21000255,N21000215,4,2,11696,25962,4379.975232063084,False,False,False,True
N21000255,N21000216,4,3,11696,14179,5368.009888555599,False,False,False,True
N21000255,N21000218,4,2,11696,15318,4406.025092944178,False,False,False,True
N21000255,N21000221,4,5,11696,22550,9164.974927900574,False,False,False,True
N21000255,N21000222,4,2,11696,11993,6656.7097933537025,False,False,False,True
N21000255,N21000223,4,2,11696,22810,6089.053986625575,False,False,False,True
N21000255,N21000224,4,1,11696,15583,7234.714461677349,False,False,False,True
N21000255,N21000232,4,1,11696,26582,6920.7331166513295,False,False,False,True
N21000255,N21000237,4,1,11696,5957,6113.586703643467,False,False,False,True
N21000255,N21000240,4,4,11696,17764,5390.612234030727,False,False,False,True
N21000255,N21000249,4,1,11696,28796,4017.522922576911,False,False,False,True
N21000255,N21000251,4,74,11696,15928,1952.2232718500504,False,False,False,True
N21000255,N21000252,4,10,11696,6604,2566.7775337414805,False,False,False,True
N21000255,N21000253,4,18,11696,7436,1469.2337186498305,False,False,False,True
N21000255,N21000254,4,7,11696,17102,2076.3031743494307,False,False,False,True
N21000255,N21000258,4,20,11696,27783,1419.303526089084,False,False,False,True
N21000255,N21000259,4,4,11696,15492,1899.3368712766207,False,False,False,True
N21000255,N21000260,4,2,11696,17259,1361.857095153363,False,False,True,True
N21000255,N21000261,4,4,11696,1844,1574.6424630477811,False,False,True,True
N21000255,N21000262,4,2,11696,8231,2250.748690862407,False,False,False,True
N21000255,N21000263,4,3,11696,6770,3270.7343012866636,False,False,False,True
N21000255,N21000264,4,6,11696,24247,2082.057763548689,False,False,False,True
N21000255,N21000265,4,7,11696,27041,1916.343436122854,False,False,False,True
N21000255,N21000266,4,4,11696,18253,1794.4326038255358,False,False,False,True
N21000255,N21000267,4,1,11696,21949,3074.454536026858,False,False,False,True
N21000255,N21000268,4,47,11696,1126,1741.1819950508996,False,False,False,True
N21000255,N21000269,4,3,11696,1407,3040.6070693958,False,False,False,True
N21000255,N21000270,4,5,11696,1364,2748.400928431185,False,False,False,True
N21000255,N21000271,4,1,11696,15197,2988.76798165171,False,False,False,True
N21000255,N21000272,4,1,11696,20779,4013.757325633183,False,False,False,True
N21000255,N21000273,4,1,11696,2383,3334.314207994409,False,False,False,True
N21000255,N21000274,4,7,11696,391,3777.1106150052865,False,False,False,True
N21000255,N21000275,4,1,11696,24042,3992.958634483261,False,False,False,True
N21000255,N21000276,4,3,11696,6161,5253.597079789809,False,False,False,True
N21000255,N21000277,4,1,11696,6659,4298.849218862228,False,False,False,True
N21000255,N21000280,4,1,11696,9328,4937.00456739044,False,False,False,True
N21000255,N21000283,4,4,11696,9205,6335.498323098918,False,False,False,True
N21000255,N21000287,4,1,11696,4756,7803.932837230171,False,False,False,True
N21000255,N21000293,4,2,11696,25505,6581.758744017382,False,False,False,True
N21000255,N21000300,4,2,11696,5088,6917.714633955159,False,False,False,True
N21000255,N21000301,4,1,11696,22078,3383.310003576818,False,False,False,True
N21000255,N21000303,4,1,11696,6397,1174.2933761392785,False,False,False,True
N21000255,N21000304,4,1,11696,2229,8440.011751298589,False,False,False,True
N21000255,N21000308,4,3,11696,13508,3312.319226624448,False,False,False,True
N21000255,N21000309,4,12,11696,2721,2711.2355632502076,False,False,False,True
N21000255,N21000310,4,1,11696,15134,4126.685727355007,False,False,False,True
N21000255,N21000311,4,1,11696,2072,3886.1930201240048,False,False,False,True
N21000255,N21000312,4,1,11696,18228,4436.574651587342,False,False,False,True
N21000255,N21000314,4,2,11696,23517,5172.460809373444,False,False,False,True
N21000255,N21000315,4,1,11696,2055,3862.1108530730166,False,False,False,True
N21000255,N21000319,4,1,11696,20953,3916.3882491023724,False,False,False,True
N21000255,N21000322,4,1,11696,3303,3267.877805016519,False,False,False,True
N21000255,N21000323,4,1,11696,10135,3356.519455194423,False,False,False,True
N21000255,N21000325,4,2,11696,14225,3165.547951647689,False,False,False,True
N21000255,N21000326,4,2,11696,3406,4093.4471140039705,False,False,False,True
N21000255,N21000327,4,1,11696,12871,2865.455676978422,False,False,False,True
N21000255,N21000329,4,6,11696,7369,2743.5603103373646,False,False,False,True
N21000255,N21000332,4,5,11696,23473,2927.3661571429107,False,False,False,True
N21000255,N21000335,4,29,11696,18611,1422.1818523165562,False,False,False,True
N21000256,N21000165,4,2,24260,19703,5360.647971966326,False,False,False,True
N21000256,N21000175,4,3,24260,27201,3596.676312674047,False,False,False,True
N21000256,N21000177,4,3,24260,22862,3032.6203947854046,False,False,False,True
N21000256,N21000178,4,1,24260,12747,2659.9085344875475,False,False,False,True
N21000256,N21000181,4,1,24260,10525,7460.810637480839,False,False,False,True
N21000256,N21000186,4,2,24260,13768,5963.906252785816,False,False,False,True
N21000256,N21000188,4,3,24260,9768,5223.261551495429,False,False,False,True
N21000256,N21000189,4,1,24260,4448,5381.233357547798,False,False,False,True
N21000256,N21000191,4,3,24260,10156,4764.36661805262,False,False,False,True
N21000256,N21000192,4,23,24260,17614,6343.126362235064,False,False,False,True
N21000256,N21000193,4,1,24260,24443,4626.4577989759155,False,False,False,True
N21000256,N21000194,4,1,24260,25109,4517.22977661104,False,False,False,True
N21000256,N21000195,4,3,24260,22584,4032.4365140081422,False,False,False,True
N21000256,N21000197,4,5,24260,11265,7295.7724043969,False,False,False,True
N21000256,N21000198,4,5,24260,15611,4253.802937122069,False,False,False,True
N21000256,N21000199,4,1,24260,8027,5535.24107816322,False,False,False,True
N21000256,N21000205,4,1,24260,27396,4174.613175392373,False,False,False,True
N21000256,N21000209,4,1,24260,9382,2845.9425191602277,False,False,False,True
N21000256,N21000213,4,1,24260,9502,3560.633434779452,False,False,False,True
N21000256,N21000220,4,2,24260,9614,7249.642718883896,False,False,False,True
N21000256,N21000221,4,1,24260,22550,8623.491656841044,False,False,False,True
N21000256,N21000223,4,1,24260,22810,5547.570715566046,False,False,False,True
N21000256,N21000225,4,2,24260,25527,6036.988389595951,False,False,False,True
N21000256,N21000226,4,1,24260,7766,5466.805979114219,False,False,False,True
N21000256,N21000239,4,1,24260,22166,3974.406543851884,False,False,False,True
N21000256,N21000240,4,2,24260,17764,4753.58564687522,False,False,False,True
N21000256,N21000243,4,1,24260,1454,4291.742398603562,False,False,False,True
N21000256,N21000251,4,54,24260,15928,1410.7400007905221,False,False,False,True
N21000256,N21000252,4,5,24260,6604,2025.2942626819522,False,False,False,True
N21000256,N21000253,4,20,24260,7436,927.750447590302,False,False,False,True
N21000256,N21000254,4,5,24260,17102,1534.8199032899024,False,False,False,True
N21000256,N21000257,4,1,24260,60,920.3711759665299,False,False,True,True
N21000256,N21000258,4,19,24260,27783,842.9767944605162,False,False,False,True
N21000256,N21000259,4,2,24260,15492,1274.3781878806847,False,False,False,True
N21000256,N21000260,4,2,24260,17259,1273.0522217916048,False,False,True,True
N21000256,N21000261,4,3,24260,1844,937.6158758922728,False,False,False,True
N21000256,N21000263,4,1,24260,6770,2633.7077141311547,False,False,False,True
N21000256,N21000264,4,7,24260,24247,1445.03117639318,False,False,False,True
N21000256,N21000265,4,5,24260,27041,1511.3808413329543,False,False,False,True
N21000256,N21000266,4,6,24260,18253,1415.2172129825392,False,False,False,True
N21000256,N21000268,4,29,24260,1126,2174.2940847041386,False,False,False,True
N21000256,N21000270,4,11,24260,1364,2127.220919881422,False,False,False,True
N21000256,N21000272,4,2,24260,20779,3376.7307384776736,False,False,False,True
N21000256,N21000273,4,1,24260,2383,2984.4255585165088,False,False,False,True
N21000256,N21000274,4,13,24260,391,3998.1991279988697,False,False,False,True
N21000256,N21000277,4,2,24260,6659,3956.149883243534,False,False,False,True
N21000256,N21000278,4,1,24260,25468,4211.737682635726,False,False,False,True
N21000256,N21000280,4,2,24260,9328,4858.18514687226,False,False,False,True
N21000256,N21000281,4,2,24260,9316,5203.761820118955,False,False,False,True
N21000256,N21000283,4,1,24260,9205,5950.721256807948,False,False,False,True
N21000256,N21000287,4,1,24260,4756,8237.044926883413,False,False,False,True
N21000256,N21000294,4,2,24260,22846,6012.684155877143,False,False,False,True
N21000256,N21000301,4,1,24260,22078,3816.422093230058,False,False,False,True
N21000256,N21000303,4,2,24260,6397,1607.4054657925187,False,False,False,True
N21000256,N21000309,4,11,24260,2721,3144.347652903447,False,False,False,True
N21000256,N21000311,4,1,24260,2072,4319.305109777244,False,False,False,True
N21000256,N21000315,4,4,24260,2055,4295.2229427262555,False,False,False,True
N21000256,N21000317,4,2,24260,25675,4289.306972763727,False,False,False,True
N21000256,N21000319,4,1,24260,20953,4135.812661585163,False,False,False,True
N21000256,N21000324,4,1,24260,25636,3535.4640834142456,False,False,False,True
N21000256,N21000325,4,2,24260,14225,2768.366266197418,False,False,False,True
N21000256,N21000329,4,7,24260,7369,2202.0770392778363,False,False,False,True
N21000256,N21000333,4,2,24260,3340,2414.125321238599,False,False,False,True
N21000256,N21000334,4,1,24260,27702,1773.9228202494912,False,False,False,True
N21000256,N21000335,4,19,24260,18611,1855.2939419697964,False,False,False,True
N21000257,N21000166,4,1,60,23646,5238.062099467886,False,False,False,True
N21000257,N21000175,4,2,60,27201,3914.3103695843206,False,False,False,True
N21000257,N21000177,4,3,60,22862,3857.448254655954,False,False,False,True
N21000257,N21000178,4,1,60,12747,3484.7363943580967,False,False,False,True
N21000257,N21000181,4,1,60,10525,7965.85250215271,False,False,False,True
N21000257,N21000186,4,1,60,13768,6599.136029451599,False,False,False,True
N21000257,N21000188,4,1,60,9768,6048.08941136598,False,False,False,True
N21000257,N21000192,4,23,60,17614,7167.954222105615,False,False,False,True
N21000257,N21000195,4,1,60,22584,4857.264373878693,False,False,False,True
N21000257,N21000196,4,1,60,8754,4608.957178178179,False,False,False,True
N21000257,N21000197,4,9,60,11265,8120.600264267452,False,False,False,True
N21000257,N21000198,4,9,60,15611,5078.630796992618,False,False,False,True
N21000257,N21000201,4,1,60,24818,5345.90832943932,False,False,False,True
N21000257,N21000203,4,1,60,15685,5645.266589484502,False,False,False,True
N21000257,N21000208,4,3,60,5457,4511.070649367421,False,False,False,True
N21000257,N21000209,4,2,60,9382,3670.770379030777,False,False,False,True
N21000257,N21000213,4,1,60,9502,4385.461294650001,False,False,False,True
N21000257,N21000215,4,2,60,25962,4663.319820874106,False,False,False,True
N21000257,N21000216,4,2,60,14179,5651.354477366621,False,False,False,True
N21000257,N21000217,4,1,60,19481,4376.25403264016,False,False,False,True
N21000257,N21000221,4,1,60,22550,9448.319516711595,False,False,False,True
N21000257,N21000226,4,1,60,7766,6291.63383898477,False,False,False,True
N21000257,N21000228,4,1,60,182,6376.951538626394,False,False,False,True
N21000257,N21000232,4,1,60,26582,7204.077705462351,False,False,False,True
N21000257,N21000240,4,5,60,17764,5673.956822841749,False,False,False,True
N21000257,N21000241,4,1,60,20619,4200.790495391181,False,False,False,True
N21000257,N21000243,4,1,60,1454,5212.113574570091,False,False,False,True
N21000257,N21000245,4,2,60,8653,3711.220911433655,False,False,False,True
N21000257,N21000248,4,1,60,14259,4920.263168010666,False,False,False,True
N21000257,N21000251,4,46,60,15928,2235.5678606610713,False,False,False,True
N21000257,N21000252,4,6,60,6604,2850.1221225525014,False,False,False,True
N21000257,N21000253,4,12,60,7436,1752.5783074608514,False,False,False,True
N21000257,N21000254,4,6,60,17102,2359.647763160451,False,False,False,True
N21000257,N21000256,4,40,60,24260,920.3711759665298,False,False,True,True
N21000257,N21000258,4,9,60,27783,1702.648114900105,False,False,False,True
N21000257,N21000260,4,6,60,17259,960.4912017200627,False,False,True,True
N21000257,N21000261,4,5,60,1844,1429.3994977040218,False,False,True,True
N21000257,N21000263,4,3,60,6770,3554.0788900976845,False,False,False,True
N21000257,N21000264,4,10,60,24247,2046.0186463298144,False,False,False,True
N21000257,N21000265,4,3,60,27041,1514.9775426895533,False,False,False,True
N21000257,N21000266,4,3,60,18253,1393.0667103922353,False,False,False,True
N21000257,N21000267,4,3,60,21949,3017.7156806133366,False,False,False,True
N21000257,N21000268,4,46,60,1126,1316.64626231303,False,False,False,True
N21000257,N21000270,4,2,60,1364,2347.0350349978844,False,False,False,True
N21000257,N21000271,4,1,60,15197,2932.029126238189,False,False,False,True
N21000257,N21000273,4,5,60,2383,2932.9483145611075,False,False,False,True
N21000257,N21000274,4,16,60,391,3352.574882267417,False,False,False,True
N21000257,N21000277,4,1,60,6659,3874.3134861243584,False,False,False,True
N21000257,N21000280,4,3,60,9328,4512.46883465257,False,False,False,True
N21000257,N21000283,4,2,60,9205,5910.9625903610495,False,False,False,True
N21000257,N21000285,4,2,60,4192,6531.146583146581,False,False,False,True
N21000257,N21000290,4,1,60,18971,6840.762856251842,False,False,False,True
N21000257,N21000291,4,1,60,23779,5537.0117105208765,False,False,False,True
N21000257,N21000293,4,1,60,25505,6157.223011279512,False,False,False,True
N21000257,N21000294,4,1,60,22846,5666.967843657453,False,False,False,True
N21000257,N21000300,4,3,60,5088,6493.178901217289,False,False,False,True
N21000257,N21000302,4,2,60,6864,1702.4476567926608,False,False,False,True
N21000257,N21000303,4,2,60,6397,940.1291643708536,False,False,False,True
N21000257,N21000305,4,2,60,6602,1805.2353319047481,False,False,False,True
N21000257,N21000309,4,3,60,2721,2477.0713514817826,False,False,False,True
N21000257,N21000310,4,1,60,15134,3892.5215155865817,False,False,False,True
N21000257,N21000312,4,2,60,18228,4202.410439818918,False,False,False,True
N21000257,N21000318,4,3,60,29337,5322.188892567159,False,False,False,True
N21000257,N21000319,4,1,60,20953,3682.224037333948,False,False,False,True
N21000257,N21000323,4,1,60,10135,3122.3552434259987,False,False,False,True
N21000257,N21000325,4,1,60,14225,2931.3837398792634,False,False,False,True
N21000257,N21000326,4,1,60,3406,3859.2829022355463,False,False,False,True
N21000257,N21000329,4,2,60,7369,3026.9048991483855,False,False,False,True
N21000257,N21000331,4,2,60,13387,1874.8532587766313,False,False,False,True
N21000257,N21000332,4,2,60,23473,2693.2019453744856,False,False,False,True
N21000257,N21000334,4,1,60,27702,1804.6162667420397,False,False,False,True
N21000257,N21000335,4,21,60,18611,1188.017640548131,False,False,False,True
N21000258,N21000171,4,1,27783,18303,4062.167164815405,False,False,False,True
N21000258,N21000175,4,6,27783,27201,3332.293872097638,False,False,False,True
N21000258,N21000178,4,1,27783,12747,2395.526093911138,False,False,False,True
N21000258,N21000186,4,1,27783,13768,5699.523812209405,False,False,False,True
N21000258,N21000187,4,1,27783,23892,5565.235933281331,False,False,False,True
N21000258,N21000188,4,1,27783,9768,4958.879110919018,False,False,False,True
N21000258,N21000192,4,24,27783,17614,6072.596307024826,False,False,False,True
N21000258,N21000193,4,2,27783,24443,4362.0753583995065,False,False,False,True
N21000258,N21000195,4,1,27783,22584,3768.0540734317324,False,False,False,True
N21000258,N21000197,4,4,27783,11265,7025.24234918666,False,False,False,True
N21000258,N21000198,4,14,27783,15611,3983.2728819118283,False,False,False,True
N21000258,N21000203,4,1,27783,15685,4507.581479404704,False,False,False,True
N21000258,N21000205,4,2,27783,27396,3861.7559251831235,False,False,False,True
N21000258,N21000207,4,1,27783,26051,2932.9984727822634,False,False,False,True
N21000258,N21000208,4,1,27783,5457,3373.3855392876208,False,False,False,True
N21000258,N21000209,4,2,27783,9382,2533.085268950978,False,False,False,True
N21000258,N21000211,4,1,27783,7197,4627.377260885027,False,False,False,True
N21000258,N21000215,4,3,27783,25962,3525.6347107943047,False,False,False,True
N21000258,N21000216,4,1,27783,14179,4513.669367286819,False,False,False,True
N21000258,N21000219,4,1,27783,2333,7225.291832678239,False,False,False,True
N21000258,N21000221,4,1,27783,22550,8310.634406631796,False,False,False,True
N21000258,N21000222,4,1,27783,11993,5802.369272084926,False,False,False,True
N21000258,N21000223,4,1,27783,22810,5234.713465356798,False,False,False,True
N21000258,N21000226,4,1,27783,7766,5153.948728904969,False,False,False,True
N21000258,N21000230,4,1,27783,5611,6727.050358551301,False,False,False,True
N21000258,N21000238,4,1,27783,26190,3157.7363397814543,False,False,False,True
N21000258,N21000240,4,3,27783,17764,4275.42235677403,False,False,True,True
N21000258,N21000249,4,1,27783,28796,2975.3783941594693,False,False,False,True
N21000258,N21000251,4,63,27783,15928,1146.357560214113,False,False,False,True
N21000258,N21000252,4,29,27783,6604,1712.437012472702,False,False,False,True
N21000258,N21000254,4,6,27783,17102,1205.6875796618447,False,False,False,True
N21000258,N21000256,4,34,27783,24260,842.9767944605161,False,False,False,True
N21000258,N21000262,4,1,27783,8231,1164.2344732567606,False,True,True,True
N21000258,N21000264,4,32,27783,24247,1039.9132351312478,False,False,True,True
N21000258,N21000265,4,3,27783,27041,1404.4034415713497,False,False,False,True
N21000258,N21000266,4,1,27783,18253,1502.3463346717176,False,False,False,True
N21000258,N21000267,4,1,27783,21949,2019.4641346139479,False,False,True,True
N21000258,N21000268,4,11,27783,1126,2802.8038022570536,False,False,False,True
N21000258,N21000269,4,1,27783,1407,1998.462540978359,False,False,True,True
N21000258,N21000270,4,4,27783,1364,1722.1029786194908,False,False,False,True
N21000258,N21000271,4,2,27783,15197,1946.623453234269,False,False,True,True
N21000258,N21000273,4,3,27783,2383,2908.1062983034612,False,False,False,True
N21000258,N21000274,4,7,27783,391,4085.328249688048,False,False,False,True
N21000258,N21000275,4,3,27783,24042,4001.2683356542598,False,False,False,True
N21000258,N21000277,4,4,27783,6659,3551.031941981602,False,False,False,True
N21000258,N21000278,4,1,27783,25468,3806.619741373794,False,False,True,True
N21000258,N21000279,4,1,27783,4115,4803.497541855212,False,False,False,True
N21000258,N21000284,4,1,27783,16991,6486.768146285225,False,False,False,True
N21000258,N21000290,4,1,27783,18971,8290.316096607083,False,False,False,True
N21000258,N21000293,4,1,27783,25505,6590.068445188382,False,False,False,True
N21000258,N21000294,4,2,27783,22846,6099.813277566322,False,False,False,True
N21000258,N21000299,4,1,27783,5987,9173.153152278233,False,False,False,True
N21000258,N21000304,4,1,27783,2229,9655.400779885405,False,False,False,True
N21000258,N21000305,4,1,27783,6602,3254.788572259988,False,False,False,True
N21000258,N21000308,4,1,27783,13508,4527.708255211263,False,False,False,True
N21000258,N21000309,4,6,27783,2721,3926.6245918370228,False,False,False,True
N21000258,N21000318,4,1,27783,29337,6302.859460911457,False,False,False,True
N21000258,N21000324,4,2,27783,25636,3848.858350336878,False,False,False,True
N21000258,N21000326,4,1,27783,3406,4839.953470579842,False,False,False,True
N21000258,N21000335,4,23,27783,18611,2440.809889674923,False,False,False,True
N21000259,N21000167,4,1,15492,23946,4940.996907918796,False,False,False,True
N21000259,N21000175,4,2,15492,27201,3705.32646036025,False,False,False,True
N21000259,N21000177,4,2,15492,22862,3141.270542471607,False,False,False,True
N21000259,N21000178,4,5,15492,12747,2768.55868217375,False,False,False,True
N21000259,N21000181,4,3,15492,10525,7536.314431216919,False,False,False,True
N21000259,N21000186,4,1,15492,13768,6039.410046521895,False,False,False,True
N21000259,N21000192,4,12,15492,17614,6042.600527195848,False,False,False,True
N21000259,N21000197,4,3,15492,11265,6821.691305189659,False,False,False,True
N21000259,N21000198,4,2,15492,15611,3898.2439191030444,False,False,False,True
N21000259,N21000219,4,1,15492,2333,6987.0543957526,False,False,False,True
N21000259,N21000221,4,1,15492,22550,8072.396969706155,False,False,False,True
N21000259,N21000223,4,1,15492,22810,4996.476028431158,False,False,False,True
N21000259,N21000225,4,1,15492,25527,5485.8937024610605,False,False,False,True
N21000259,N21000233,4,1,15492,19725,6066.536375927681,False,False,False,True
N21000259,N21000248,4,2,15492,14259,3123.489012888539,False,False,False,True
N21000259,N21000251,4,25,15492,15928,1519.3901484767248,False,False,False,True
N21000259,N21000252,4,6,15492,6604,1618.0808337533686,False,False,False,True
N21000259,N21000253,4,6,15492,7436,1007.3469344642563,False,False,False,True
N21000259,N21000254,4,1,15492,17102,1084.0674306672702,False,False,False,True
N21000259,N21000256,4,10,15492,24260,1274.378187880685,False,False,False,True
N21000259,N21000264,4,6,15492,24247,1028.1576423808426,True,True,True,True
N21000259,N21000265,4,1,15492,27041,1653.1453721321893,False,False,False,True
N21000259,N21000267,4,1,15492,21949,1271.1352356967604,False,False,True,True
N21000259,N21000268,4,7,15492,1126,3210.721443373708,False,False,False,True
N21000259,N21000269,4,2,15492,1407,1526.3369134331588,False,False,True,True
N21000259,N21000270,4,3,15492,1364,1970.8449091803304,False,False,False,True
N21000259,N21000271,4,5,15492,15197,1895.8601035808902,False,False,True,True
N21000259,N21000273,4,1,15492,2383,3156.8482288643013,False,False,False,True
N21000259,N21000274,4,1,15492,391,4493.245890804704,False,False,False,True
N21000259,N21000280,4,1,15492,9328,5353.231909678094,False,False,False,True
N21000259,N21000282,4,1,15492,4530,5177.238323744205,False,False,True,True
N21000259,N21000283,4,1,15492,9205,5794.3452461068555,False,False,False,True
N21000259,N21000295,4,1,15492,8555,8326.293622453924,False,False,False,True
N21000259,N21000309,4,3,15492,2721,4406.65793702456,False,False,False,True
N21000259,N21000317,4,2,15492,25675,4810.814580017135,False,False,False,True
N21000259,N21000323,4,1,15492,10135,3804.262958560639,False,False,False,True
N21000259,N21000324,4,1,15492,25636,4258.851826792303,False,False,False,True
N21000259,N21000325,4,1,15492,14225,2877.0164138836208,False,False,False,True
N21000259,N21000332,4,1,15492,23473,4222.311082561974,False,False,False,True
N21000259,N21000335,4,10,15492,18611,2850.803366130349,False,False,False,True
N21000260,N21000163,4,1,17259,20140,6579.72864911848,False,False,False,True
N21000260,N21000175,4,5,17259,27201,4374.7125720081485,False,False,False,True
N21000260,N21000177,4,1,17259,22862,3810.656654119505,False,False,False,True
N21000260,N21000178,4,1,17259,12747,3437.944793821648,False,False,False,True
N21000260,N21000181,4,2,17259,10525,8238.846896814943,False,False,False,True
N21000260,N21000184,4,1,17259,4165,6842.079064665992,False,False,False,True
N21000260,N21000186,4,1,17259,13768,6741.942512119919,False,False,False,True
N21000260,N21000188,4,1,17259,9768,6001.297810829532,False,False,False,True
N21000260,N21000189,4,1,17259,4448,6159.2696168818975,False,False,False,True
N21000260,N21000190,4,1,17259,9490,6072.305820457723,False,False,False,True
N21000260,N21000192,4,25,17259,17614,7115.015006935338,False,False,False,True
N21000260,N21000196,4,2,17259,8754,4750.737842171593,False,False,False,True
N21000260,N21000197,4,7,17259,11265,8067.661049097174,False,False,False,True
N21000260,N21000198,4,12,17259,15611,5025.6915818223415,False,False,False,True
N21000260,N21000205,4,2,17259,27396,4946.501820092648,False,False,False,True
N21000260,N21000208,4,2,17259,5457,4458.131434197143,False,False,False,True
N21000260,N21000209,4,2,17259,9382,3617.831163860499,False,False,False,True
N21000260,N21000210,4,1,17259,23126,5201.3343947431185,False,False,False,True
N21000260,N21000213,4,1,17259,9502,4332.522079479723,False,False,False,True
N21000260,N21000214,4,1,17259,55,4461.765785415277,False,False,False,True
N21000260,N21000217,4,1,17259,19481,4164.456795870331,False,False,False,True
N21000260,N21000218,4,1,17259,15318,4565.361416151899,False,False,False,True
N21000260,N21000219,4,1,17259,2333,8310.03772758776,False,False,False,True
N21000260,N21000220,4,1,17259,9614,8021.531363584169,False,False,False,True
N21000260,N21000221,4,2,17259,22550,9395.380301541318,False,False,False,True
N21000260,N21000223,4,1,17259,22810,6319.459360266319,False,False,False,True
N21000260,N21000224,4,3,17259,15583,7465.1198353180935,False,False,False,True
N21000260,N21000225,4,1,17259,25527,6808.877034296224,False,False,False,True
N21000260,N21000226,4,1,17259,7766,6238.694623814492,False,False,False,True
N21000260,N21000230,4,1,17259,5611,7811.796253460824,False,False,False,True
N21000260,N21000237,4,2,17259,5957,6014.192967570015,False,False,False,True
N21000260,N21000239,4,1,17259,22166,4345.377186810849,False,False,False,True
N21000260,N21000240,4,5,17259,17764,5124.556289834184,False,False,False,True
N21000260,N21000245,4,1,17259,8653,3122.3158410782603,False,False,False,True
N21000260,N21000246,4,1,17259,1102,4220.176892805696,False,False,False,True
N21000260,N21000251,4,82,17259,15928,2188.7762601246227,False,False,False,True
N21000260,N21000252,4,20,17259,6604,2797.1829073822237,False,False,False,True
N21000260,N21000253,4,17,17259,7436,1699.6390922905737,False,False,False,True
N21000260,N21000254,4,4,17259,17102,2304.470922621963,False,False,False,True
N21000260,N21000255,4,3,17259,11696,1361.8570951533632,False,False,True,True
N21000260,N21000256,4,34,17259,24260,1273.0522217916048,False,False,True,True
N21000260,N21000258,4,29,17259,27783,1360.1813434807837,False,False,False,True
N21000260,N21000259,4,3,17259,15492,1768.0989845974384,False,False,False,True
N21000260,N21000263,4,1,17259,6770,3004.67835709012,False,False,False,True
N21000260,N21000264,4,14,17259,24247,1436.413837779773,False,False,False,True
N21000260,N21000265,4,6,17259,27041,978.4186902612656,False,False,False,True
N21000260,N21000266,4,5,17259,18253,835.4415303777084,False,False,False,True
N21000260,N21000268,4,41,17259,1126,1766.9043940877616,False,False,False,True
N21000260,N21000269,4,1,17259,1407,2394.963143626884,False,False,False,True
N21000260,N21000270,4,3,17259,1364,1685.6121047502158,False,False,False,True
N21000260,N21000271,4,6,17259,15197,2343.124055882794,False,False,False,True
N21000260,N21000272,4,1,17259,20779,3368.1133998642667,False,False,False,True
N21000260,N21000273,4,4,17259,2383,2239.6270804530304,False,False,False,True
N21000260,N21000274,4,6,17259,391,3253.400649935392,False,False,False,True
N21000260,N21000276,4,2,17259,6161,4429.979181208152,False,False,False,True
N21000260,N21000277,4,3,17259,6659,3381.6682753657137,False,False,False,True
N21000260,N21000278,4,5,17259,25468,4203.120344022319,False,False,False,True
N21000260,N21000279,4,2,17259,4115,3971.569942102558,False,False,False,True
N21000260,N21000280,4,1,17259,9328,4113.386668808784,False,False,False,True
N21000260,N21000283,4,1,17259,9205,5455.243218507686,False,False,False,True
N21000260,N21000284,4,2,17259,16991,6118.151296794405,False,False,False,True
N21000260,N21000300,4,3,17259,5088,6094.096735373503,False,False,False,True
N21000260,N21000302,4,2,17259,6864,2586.311733484585,False,False,False,True
N21000260,N21000303,4,2,17259,6397,1823.9932410627785,False,False,False,True
N21000260,N21000305,4,1,17259,6602,2638.3132077112555,False,False,False,True
N21000260,N21000306,4,1,17259,28173,3032.336928191455,False,False,False,True
N21000260,N21000308,4,1,17259,13508,3911.2328906625303,False,False,False,True
N21000260,N21000309,4,5,17259,2721,3310.1492272882897,False,False,False,True
N21000260,N21000311,4,1,17259,2072,4485.106684162087,False,False,False,True
N21000260,N21000315,4,2,17259,2055,4407.894988964258,False,False,False,True
N21000260,N21000321,4,2,17259,19488,3847.5866186850767,False,False,False,True
N21000260,N21000325,4,2,17259,14225,3546.402525531518,False,False,False,True
N21000260,N21000326,4,4,17259,3406,4743.14697892747,False,False,False,True
N21000260,N21000329,4,3,17259,7369,2980.113298611937,False,False,False,True
N21000260,N21000331,4,1,17259,13387,2758.717335468556,False,False,False,True
N21000260,N21000334,4,1,17259,27702,2665.4032695714573,False,False,False,True
N21000260,N21000335,4,34,17259,18611,2071.881717240056,False,False,False,True
N21000261,N21000161,4,1,1844,4145,8330.221491715283,False,False,False,True
N21000261,N21000170,4,1,1844,23278,5784.0756927351,False,False,False,True
N21000261,N21000175,4,2,1844,27201,4039.2762261088155,False,False,False,True
N21000261,N21000178,4,1,1844,12747,3102.508447922316,False,False,False,True
N21000261,N21000189,4,1,1844,4448,5823.833270982566,False,False,False,True
N21000261,N21000192,4,22,1844,17614,6779.5786610360055,False,False,False,True
N21000261,N21000195,4,2,1844,22584,4475.036427442912,False,False,False,True
N21000261,N21000197,4,2,1844,11265,7732.224703197842,False,False,False,True
N21000261,N21000198,4,10,1844,15611,4690.255235923009,False,False,False,True
N21000261,N21000205,4,3,1844,27396,4611.065474193314,False,False,False,True
N21000261,N21000209,4,2,1844,9382,3282.394817961166,False,False,False,True
N21000261,N21000211,4,2,1844,7197,5376.6868098952145,False,False,False,True
N21000261,N21000212,4,1,1844,26189,3676.2244131826433,False,False,False,True
N21000261,N21000215,4,1,1844,25962,4274.944259804493,False,False,False,True
N21000261,N21000219,4,3,1844,2333,7974.601381688427,False,False,False,True
N21000261,N21000220,4,1,1844,9614,7686.0950176848355,False,False,False,True
N21000261,N21000226,4,1,1844,7766,5903.258277915158,False,False,False,True
N21000261,N21000240,4,3,1844,17764,4789.119943934853,False,False,False,True
N21000261,N21000241,4,2,1844,20619,3315.953616484285,False,False,False,True
N21000261,N21000245,4,1,1844,8653,2921.702729043564,False,False,False,True
N21000261,N21000250,4,1,1844,4849,5124.879895460061,False,False,False,True
N21000261,N21000251,4,50,1844,15928,1853.3399142252906,False,False,False,True
N21000261,N21000252,4,14,1844,6604,2461.7465614828907,False,False,False,True
N21000261,N21000253,4,15,1844,7436,1364.2027463912411,False,False,False,True
N21000261,N21000254,4,7,1844,17102,1969.0345767226308,False,False,False,True
N21000261,N21000256,4,42,1844,24260,937.6158758922726,False,False,False,True
N21000261,N21000258,4,31,1844,27783,1024.7449975814513,False,False,False,True
N21000261,N21000259,4,2,1844,15492,1432.662638698106,False,False,False,True
N21000261,N21000263,4,4,1844,6770,2669.2420111907877,False,False,False,True
N21000261,N21000264,4,20,1844,24247,1235.800725745076,False,False,False,True
N21000261,N21000265,4,10,1844,27041,1031.5188508368008,False,False,False,True
N21000261,N21000266,4,4,1844,18253,935.355222486386,False,False,False,True
N21000261,N21000268,4,19,1844,1126,2235.8126900717207,False,False,False,True
N21000261,N21000269,4,3,1844,1407,2194.3500315921874,False,False,False,True
N21000261,N21000270,4,5,1844,1364,1754.34921414255,False,False,False,True
N21000261,N21000271,4,2,1844,15197,2142.510943848097,False,False,False,True
N21000261,N21000273,4,3,1844,2383,2504.563568020354,False,False,False,True
N21000261,N21000274,4,9,1844,391,3518.3371375027154,False,False,False,True
N21000261,N21000276,4,1,1844,6161,4694.915668775476,False,False,False,True
N21000261,N21000277,4,1,1844,6659,3583.278177504661,False,False,False,True
N21000261,N21000280,4,2,1844,9328,4378.323156376106,False,False,False,True
N21000261,N21000283,4,2,1844,9205,5577.849551069075,False,False,False,True
N21000261,N21000284,4,1,1844,16991,6383.087784361728,False,False,False,True
N21000261,N21000287,4,2,1844,4756,8614.65346068874,False,False,False,True
N21000261,N21000294,4,1,1844,22846,5532.82216538099,False,False,False,True
N21000261,N21000298,4,1,1844,89,7094.716262018028,False,False,False,True
N21000261,N21000303,4,2,1844,6397,2292.9015370467373,False,False,False,True
N21000261,N21000304,4,2,1844,2229,9507.833711320633,False,False,False,True
N21000261,N21000308,4,3,1844,13508,4380.1411866464905,False,False,False,True
N21000261,N21000309,4,3,1844,2721,3779.05752327225,False,False,False,True
N21000261,N21000316,4,1,1844,23306,6357.792519434033,False,False,False,True
N21000261,N21000325,4,1,1844,14225,3210.966179632186,False,False,False,True
N21000261,N21000326,4,2,1844,3406,5212.055274911429,False,False,False,True
N21000261,N21000327,4,1,1844,12871,3984.063837885881,False,False,False,True
N21000261,N21000328,4,1,1844,25177,3533.879964941126,False,False,False,True
N21000261,N21000329,4,1,1844,7369,2644.676952712605,False,False,False,True
N21000261,N21000332,4,2,1844,23473,4045.9743180503688,False,False,False,True
N21000261,N21000333,4,1,1844,3340,3099.6213924928184,False,False,False,True
N21000261,N21000335,4,37,1844,18611,2540.790013224015,False,False,False,True
N21000262,N21000165,4,1,8231,19703,5843.889213857696,False,False,False,True
N21000262,N21000170,4,2,8231,23278,5823.7258682404645,False,False,False,True
N21000262,N21000171,4,1,8231,18303,4654.1118685996325,False,False,False,True
N21000262,N21000172,4,1,8231,18162,4644.214192387408,False,False,False,True
N21000262,N21000175,4,4,8231,27201,3924.2385758818637,False,False,False,True
N21000262,N21000177,4,2,8231,22862,3338.793266096467,False,False,False,True
N21000262,N21000178,4,9,8231,12747,2987.470797695364,False,False,False,True
N21000262,N21000181,4,2,8231,10525,7600.798247074257,False,False,False,True
N21000262,N21000186,4,1,8231,13768,6103.893862379234,False,False,False,True
N21000262,N21000187,4,2,8231,23892,6157.180637065558,False,False,False,True
N21000262,N21000188,4,2,8231,9768,5363.249161088846,False,False,False,True
N21000262,N21000192,4,39,8231,17614,6107.084343053185,False,False,False,True
N21000262,N21000193,4,2,8231,24443,4954.020062183732,False,False,False,True
N21000262,N21000194,4,1,8231,25109,4717.183915557765,False,False,False,True
N21000262,N21000197,4,6,8231,11265,6822.872201336855,False,False,False,True
N21000262,N21000198,4,13,8231,15611,3962.727734960382,False,False,False,True
N21000262,N21000205,4,1,8231,27396,3624.699384404679,False,False,False,True
N21000262,N21000208,4,2,8231,5457,3136.3289985091765,False,False,False,True
N21000262,N21000209,4,2,8231,9382,2194.898663637266,False,False,False,True
N21000262,N21000212,4,1,8231,26189,2576.975138135574,False,False,False,True
N21000262,N21000216,4,1,8231,14179,3571.279502319979,False,False,False,True
N21000262,N21000217,4,1,8231,19481,2179.764049204468,False,False,False,True
N21000262,N21000219,4,2,8231,2333,6988.235291899796,False,False,False,True
N21000262,N21000220,4,1,8231,9614,6699.728927896204,False,False,False,True
N21000262,N21000221,4,3,8231,22550,8073.577865853352,False,False,False,True
N21000262,N21000226,4,6,8231,7766,4916.892188126525,False,False,False,True
N21000262,N21000240,4,3,8231,17764,3139.86354316832,False,False,False,True
N21000262,N21000241,4,1,8231,20619,1666.697215717752,False,False,False,True
N21000262,N21000251,4,54,8231,15928,1879.7822615464008,False,False,False,True
N21000262,N21000252,4,19,8231,6604,1682.564649610706,False,False,False,True
N21000262,N21000253,4,6,8231,7436,1368.869359048958,False,False,False,True
N21000262,N21000254,4,12,8231,17102,1148.5512465246077,False,False,False,True
N21000262,N21000256,4,6,8231,24260,1613.7221037068982,False,False,False,True
N21000262,N21000258,4,18,8231,27783,1164.2344732567603,False,True,True,True
N21000262,N21000261,4,1,8231,1844,1649.2564007665317,False,False,False,True
N21000262,N21000263,4,4,8231,6770,1019.9856104242551,False,False,False,True
N21000262,N21000264,4,7,8231,24247,828.7506312528932,True,True,True,True
N21000262,N21000265,4,3,8231,27041,1760.9154060295712,False,False,False,True
N21000262,N21000266,4,1,8231,18253,2126.857737856799,False,False,False,True
N21000262,N21000267,4,1,8231,21949,883.9053210082382,False,False,True,True
N21000262,N21000268,4,10,8231,1126,3427.315205442134,False,False,False,True
N21000262,N21000269,4,2,8231,1407,1139.1069987446363,False,False,True,True
N21000262,N21000270,4,4,8231,1364,2078.614943077712,False,False,False,True
N21000262,N21000271,4,1,8231,15197,1660.408924337772,False,False,True,True
N21000262,N21000273,4,1,8231,2383,3264.618262761683,False,False,False,True
N21000262,N21000274,4,3,8231,391,4709.839652873129,False,False,False,True
N21000262,N21000277,4,1,8231,6659,3825.297940320171,False,False,False,True
N21000262,N21000278,4,1,8231,25468,3520.4052124772975,False,False,True,True
N21000262,N21000284,4,1,8231,16991,6761.0341446237935,False,False,False,True
N21000262,N21000294,4,4,8231,22846,6724.324680751402,False,False,False,True
N21000262,N21000295,4,2,8231,8555,8542.887384522352,False,False,False,True
N21000262,N21000301,4,1,8231,22078,5430.144196936959,False,False,False,True
N21000262,N21000307,4,1,8231,2710,4670.742051698261,False,False,False,True
N21000262,N21000309,4,5,8231,2721,4758.069756610345,False,False,False,True
N21000262,N21000315,4,1,8231,2055,5864.333991901994,False,False,False,True
N21000262,N21000317,4,1,8231,25675,5172.337004601836,False,False,False,True
N21000262,N21000322,4,1,8231,3303,3690.1470599460727,False,False,False,True
N21000262,N21000324,4,2,8231,25636,4620.374251377006,False,False,False,True
N21000262,N21000325,4,1,8231,14225,3238.538838468322,False,False,False,True
N21000262,N21000329,4,2,8231,7369,2672.2496115487406,False,False,False,True
N21000262,N21000331,4,1,8231,13387,3342.8458666411216,False,False,False,True
N21000262,N21000332,4,1,8231,23473,4583.833507146676,False,False,False,True
N21000262,N21000333,4,1,8231,3340,3499.0354892013593,False,False,False,True
N21000262,N21000335,4,7,8231,18611,3212.325790715051,False,False,False,True
N21000263,N21000164,4,1,6770,26366,8033.538263716884,False,False,False,True
N21000263,N21000166,4,1,6770,23646,7350.47695930019,False,False,False,True
N21000263,N21000174,4,2,6770,19652,5630.6311567248895,False,False,False,True
N21000263,N21000175,4,6,6770,27201,4644.230887532925,False,False,False,True
N21000263,N21000177,4,3,6770,22862,3990.9713083919887,False,False,False,True
N21000263,N21000178,4,2,6770,12747,3707.463109346423,False,False,False,True
N21000263,N21000181,4,1,6770,10525,8122.74607128038,False,False,False,True
N21000263,N21000184,4,1,6770,4165,7111.597380190768,False,False,False,True
N21000263,N21000186,4,1,6770,13768,6625.841686585357,False,False,False,True
N21000263,N21000189,4,1,6770,4448,6428.7879324066735,False,False,False,True
N21000263,N21000190,4,2,6770,9490,6051.022383284112,False,False,False,True
N21000263,N21000191,4,1,6770,10156,5426.302051852161,False,False,False,True
N21000263,N21000192,4,39,6770,17614,6614.106524730555,False,False,False,True
N21000263,N21000194,4,1,6770,25109,5239.1317397638895,False,False,False,True
N21000263,N21000195,4,2,6770,22584,4750.033137974157,False,False,False,True
N21000263,N21000197,4,10,6770,11265,6327.429413283137,False,False,False,True
N21000263,N21000198,4,24,6770,15611,3550.7802082343132,False,False,False,True
N21000263,N21000202,4,1,6770,15786,3148.4314526988783,False,False,False,True
N21000263,N21000204,4,2,6770,26239,1927.969050460063,False,False,False,True
N21000263,N21000205,4,2,6770,27396,2942.1631160053093,False,False,False,True
N21000263,N21000206,4,1,6770,4787,3355.3608687408387,False,False,False,True
N21000263,N21000209,4,5,6770,9382,1247.810188837839,False,False,False,True
N21000263,N21000220,4,1,6770,9614,6017.1926594968345,False,False,False,True
N21000263,N21000221,4,11,6770,22550,7157.210526147754,False,False,False,True
N21000263,N21000224,4,2,6770,15583,5460.7811312307595,False,False,False,True
N21000263,N21000226,4,2,6770,7766,4000.524848420927,False,False,False,True
N21000263,N21000231,4,2,6770,16315,6251.8481808689785,False,False,False,True
N21000263,N21000237,4,7,6770,5957,3624.3126045701583,False,False,True,True
N21000263,N21000239,4,2,6770,22166,1949.4437637143633,False,False,True,True
N21000263,N21000240,4,9,6770,17764,2734.675926834327,False,False,True,True
N21000263,N21000241,4,12,6770,20619,1261.509599383759,False,True,True,True
N21000263,N21000243,4,1,6770,1454,2272.8326785626687,False,False,True,True
N21000263,N21000245,4,3,6770,8653,1443.7302143522113,False,False,True,True
N21000263,N21000246,4,1,6770,1102,2541.1590058853117,False,False,True,True
N21000263,N21000247,4,2,6770,18676,5215.359584693148,False,False,False,True
N21000263,N21000248,4,8,6770,14259,2652.340210734887,False,False,True,True
N21000263,N21000249,4,5,6770,28796,1914.1367202034296,False,False,False,True
N21000263,N21000250,4,1,6770,4849,3646.475120574373,False,False,False,True
N21000263,N21000251,4,103,6770,15928,2599.7745731974587,False,False,False,True
N21000263,N21000252,4,34,6770,6604,2068.4584453161146,False,False,False,True
N21000263,N21000253,4,26,6770,7436,2268.2737860113307,False,False,False,True
N21000263,N21000254,4,14,6770,17102,1868.5435581756653,False,False,False,True
N21000263,N21000256,4,16,6770,24260,2633.707714131154,False,False,False,True
N21000263,N21000258,4,24,6770,27783,2155.544424029965,False,False,False,True
N21000263,N21000259,4,2,6770,15492,1407.2155251127776,False,False,False,True
N21000263,N21000261,4,4,6770,1844,2669.242011190787,False,False,False,True
N21000263,N21000262,4,3,6770,8231,1019.9856104242552,False,False,False,True
N21000263,N21000264,4,28,6770,24247,1834.9284409925783,False,False,False,True
N21000263,N21000265,4,6,6770,27041,2722.9478196881296,False,False,False,True
N21000263,N21000266,4,4,6770,18253,3128.443637547275,False,False,False,True
N21000263,N21000267,4,5,6770,21949,819.0860106279292,False,False,False,True
N21000263,N21000268,4,10,6770,1126,4447.300815866391,False,False,False,True
N21000263,N21000269,4,10,6770,1407,1055.6203714738406,False,False,True,True
N21000263,N21000270,4,2,6770,1364,2810.967054689223,False,False,False,True
N21000263,N21000271,4,6,6770,15197,2056.810026513817,False,False,True,True
N21000263,N21000272,4,1,6770,20779,3081.7993704952896,False,False,True,True
N21000263,N21000274,4,6,6770,391,5584.771274708924,False,False,False,True
N21000263,N21000276,4,1,6770,6161,6761.349805981683,False,False,False,True
N21000263,N21000277,4,3,6770,6659,4221.699042496217,False,False,False,True
N21000263,N21000280,4,1,6770,9328,6444.757293582315,False,False,False,True
N21000263,N21000281,4,1,6770,9316,6790.333966829011,False,False,False,True
N21000263,N21000283,4,3,6770,9205,6216.270416060629,False,False,False,True
N21000263,N21000286,4,4,6770,16479,7616.176744295195,False,False,False,True
N21000263,N21000293,4,1,6770,25505,8089.511470209257,False,False,False,True
N21000263,N21000294,4,1,6770,22846,7599.256302587198,False,False,False,True
N21000263,N21000303,4,2,6770,6397,4241.113179923672,False,False,False,True
N21000263,N21000308,4,1,6770,13508,6379.139030408842,False,False,False,True
N21000263,N21000309,4,6,6770,2721,5778.055367034601,False,False,False,True
N21000263,N21000315,4,2,6770,2055,6739.265613737787,False,False,False,True
N21000263,N21000319,4,1,6770,20953,5339.046215127587,False,False,False,True
N21000263,N21000325,4,3,6770,14225,3972.9079207623963,False,False,False,True
N21000263,N21000329,4,4,6770,7369,3488.9222461095196,False,False,False,True
N21000263,N21000331,4,1,6770,13387,4198.27053648371,False,False,False,True
N21000263,N21000335,4,49,6770,18611,4096.265461428293,False,False,False,True
N21000264,N21000163,4,1,24247,20140,6650.4032262418805,False,False,False,True
N21000264,N21000174,4,1,24247,19652,5141.857914897359,False,False,False,True
N21000264,N21000175,4,6,24247,27201,4174.134696385885,False,False,False,True
N21000264,N21000177,4,1,24247,22862,3610.0787784972426,False,False,False,True
N21000264,N21000178,4,3,24247,12747,3237.3669181993855,False,False,False,True
N21000264,N21000181,4,1,24247,10525,8038.269021192678,False,False,False,True
N21000264,N21000188,4,1,24247,9768,5800.719935207268,False,False,False,True
N21000264,N21000192,4,19,24247,17614,6914.437131313075,False,False,False,True
N21000264,N21000193,4,1,24247,24443,5203.9161826877535,False,False,False,True
N21000264,N21000195,4,3,24247,22584,4609.894897719981,False,False,False,True
N21000264,N21000197,4,2,24247,11265,7651.622832589752,False,False,False,True
N21000264,N21000198,4,6,24247,15611,4791.478366213276,False,False,False,True
N21000264,N21000200,4,1,24247,16344,5349.185753159512,False,False,False,True
N21000264,N21000203,4,1,24247,15685,5099.275569879151,False,False,False,True
N21000264,N21000205,4,3,24247,27396,4453.450015657573,False,False,False,True
N21000264,N21000206,4,2,24247,4787,5100.478839699331,False,False,False,True
N21000264,N21000208,4,1,24247,5457,3965.0796297620695,False,False,False,True
N21000264,N21000212,4,2,24247,26189,3391.9179687038973,False,False,False,True
N21000264,N21000216,4,1,24247,14179,4386.222332888302,False,False,True,True
N21000264,N21000219,4,1,24247,2333,7816.985923152687,False,False,False,True
N21000264,N21000226,4,1,24247,7766,5745.642819379418,False,False,True,True
N21000264,N21000230,4,1,24247,5611,7036.648377415068,False,False,False,True
N21000264,N21000233,4,2,24247,19725,6494.24929180748,False,False,False,True
N21000264,N21000237,4,2,24247,5957,4844.443051472474,False,False,True,True
N21000264,N21000240,4,2,24247,17764,3954.8063737366433,False,False,True,True
N21000264,N21000241,4,2,24247,20619,2481.6400462860756,False,False,True,True
N21000264,N21000249,4,1,24247,28796,2098.594551427071,False,False,False,True
N21000264,N21000251,4,49,24247,15928,1988.19838450236,False,False,False,True
N21000264,N21000252,4,11,24247,6604,2511.3152808635987,False,False,False,True
N21000264,N21000253,4,8,24247,7436,1499.0612166683109,False,False,False,True
N21000264,N21000254,4,9,24247,17102,1977.3018777775007,False,False,False,True
N21000264,N21000256,4,10,24247,24260,1445.0311763931793,False,False,False,True
N21000264,N21000258,4,14,24247,27783,1039.9132351312478,False,False,True,True
N21000264,N21000259,4,3,24247,15492,1028.1576423808424,True,True,True,True
N21000264,N21000262,4,2,24247,8231,828.7506312528932,True,True,True,True
N21000264,N21000263,4,3,24247,6770,1834.9284409925783,False,False,False,True
N21000264,N21000265,4,5,24247,27041,932.1647747766777,False,False,False,True
N21000264,N21000266,4,3,24247,18253,1337.6605926358234,False,False,False,True
N21000264,N21000267,4,1,24247,21949,1155.526164877018,False,False,True,True
N21000264,N21000268,4,5,24247,1126,2852.4318386975137,False,False,False,True
N21000264,N21000269,4,1,24247,1407,1121.6786982459594,False,False,True,True
N21000264,N21000270,4,5,24247,1364,1249.864311824819,False,False,False,True
N21000264,N21000271,4,2,24247,15197,1123.0352777081189,False,False,True,True
N21000264,N21000272,4,1,24247,20779,2148.024621689592,False,False,True,True
N21000264,N21000273,4,4,24247,2383,2435.8676315087896,False,False,False,True
N21000264,N21000274,4,8,24247,391,3951.3522407934524,False,False,False,True
N21000264,N21000277,4,1,24247,6659,3078.7932751869303,False,False,False,True
N21000264,N21000278,4,2,24247,25468,2983.0315658476443,False,False,True,True
N21000264,N21000279,4,2,24247,4115,4669.521532960617,False,False,False,True
N21000264,N21000284,4,1,24247,16991,6014.529479490555,False,False,False,True
N21000264,N21000300,4,1,24247,5088,6792.048326231563,False,False,False,True
N21000264,N21000303,4,1,24247,6397,2909.52068567253,False,False,False,True
N21000264,N21000308,4,1,24247,13508,4996.760335272283,False,False,False,True
N21000264,N21000309,4,1,24247,2721,4395.6766718980425,False,False,False,True
N21000264,N21000315,4,1,24247,2055,5105.846579822318,False,False,False,True
N21000264,N21000325,4,1,24247,14225,3345.8246499092556,False,False,False,True
N21000264,N21000329,4,5,24247,7369,2779.5354229896743,False,False,False,True
N21000264,N21000332,4,1,24247,23473,4654.158430394796,False,False,False,True
N21000264,N21000335,4,17,24247,18611,3157.409161849808,False,False,False,True
N21000265,N21000167,4,1,27041,23946,5774.295350384535,False,False,False,True
N21000265,N21000170,4,1,27041,23278,5869.653737720631,False,False,False,True
N21000265,N21000171,4,1,27041,18303,5268.498195543756,False,False,False,True
N21000265,N21000175,4,6,27041,27201,4538.62490282599,False,False,False,True
N21000265,N21000177,4,1,27041,22862,3974.568984937345,False,False,False,True
N21000265,N21000178,4,4,27041,12747,3601.8571246394877,False,False,False,True
N21000265,N21000181,4,2,27041,10525,8402.759227632781,False,False,False,True
N21000265,N21000184,4,1,27041,4165,7005.991395483832,False,False,False,True
N21000265,N21000189,4,2,27041,4448,6323.181947699738,False,False,False,True
N21000265,N21000192,4,27,27041,17614,7278.927337753176,False,False,False,True
N21000265,N21000195,4,7,27041,22584,4974.385104160084,False,False,False,True
N21000265,N21000197,4,5,27041,11265,8231.573379915013,False,False,False,True
N21000265,N21000198,4,12,27041,15611,5189.60391264018,False,False,False,True
N21000265,N21000205,4,4,27041,27396,5110.414150910487,False,False,False,True
N21000265,N21000208,4,1,27041,5457,4622.043765014982,False,False,False,True
N21000265,N21000211,4,1,27041,7197,5876.035486612389,False,False,False,True
N21000265,N21000221,4,7,27041,22550,9559.292632359156,False,False,False,True
N21000265,N21000222,4,1,27041,11993,7051.027497812285,False,False,False,True
N21000265,N21000226,4,2,27041,7766,6402.606954632331,False,False,False,True
N21000265,N21000230,4,1,27041,5611,7814.140735640046,False,False,False,True
N21000265,N21000237,4,3,27041,5957,5621.93540969745,False,False,False,True
N21000265,N21000240,4,4,27041,17764,4732.2987319616195,False,False,False,True
N21000265,N21000241,4,1,27041,20619,3259.1324045110514,False,False,False,True
N21000265,N21000245,4,1,27041,8653,2597.3670398805184,False,False,False,True
N21000265,N21000249,4,1,27041,28796,2846.9301956102527,False,False,False,True
N21000265,N21000251,4,74,27041,15928,2352.6885909424623,False,False,False,True
N21000265,N21000252,4,24,27041,6604,2961.0952382000623,False,False,False,True
N21000265,N21000253,4,11,27041,7436,1863.5514231084128,False,False,False,True
N21000265,N21000254,4,9,27041,17102,2468.383253439802,False,False,False,True
N21000265,N21000256,4,33,27041,24260,1511.3808413329543,False,False,False,True
N21000265,N21000258,4,13,27041,27783,1404.4034415713497,False,False,False,True
N21000265,N21000259,4,6,27041,15492,1653.1453721321893,False,False,False,True
N21000265,N21000260,4,1,27041,17259,978.4186902612655,False,False,False,True
N21000265,N21000261,4,1,27041,1844,1031.5188508368008,False,False,False,True
N21000265,N21000262,4,1,27041,8231,1760.9154060295716,False,False,False,True
N21000265,N21000263,4,2,27041,6770,2722.9478196881305,False,False,False,True
N21000265,N21000264,4,27,27041,24247,932.1647747766781,False,False,False,True
N21000265,N21000267,4,1,27041,21949,1903.8618090602004,False,False,False,True
N21000265,N21000268,4,13,27041,1126,2321.3907350572517,False,False,False,True
N21000265,N21000270,4,3,27041,1364,960.7885167165321,False,False,False,True
N21000265,N21000271,4,2,27041,15197,1818.1752546850519,False,False,False,True
N21000265,N21000272,4,3,27041,20779,2714.599248779182,False,False,False,True
N21000265,N21000273,4,3,27041,2383,2139.4764591918106,False,False,False,True
N21000265,N21000274,4,18,27041,391,3153.2500286741715,False,False,False,True
N21000265,N21000277,4,6,27041,6659,2789.7174800786443,False,False,False,True
N21000265,N21000278,4,1,27041,25468,3549.606192937234,False,False,False,True
N21000265,N21000279,4,1,27041,4115,3871.4193208413376,False,False,False,True
N21000265,N21000280,4,2,27041,9328,4013.236047547564,False,False,False,True
N21000265,N21000283,4,1,27041,9205,4784.288853643058,False,False,False,True
N21000265,N21000284,4,2,27041,16991,5725.453684382268,False,False,False,True
N21000265,N21000287,4,2,27041,4756,8249.566351860196,False,False,False,True
N21000265,N21000288,4,1,27041,18650,5954.588984341112,False,False,False,True
N21000265,N21000290,4,1,27041,18971,7520.560582650289,False,False,False,True
N21000265,N21000293,4,2,27041,25505,5657.990224174507,False,False,False,True
N21000265,N21000297,4,1,27041,8391,9140.882371413161,False,False,False,True
N21000265,N21000300,4,1,27041,5088,5993.946114112283,False,False,False,True
N21000265,N21000303,4,2,27041,6397,2378.479582032269,False,False,False,True
N21000265,N21000305,4,1,27041,6602,3192.7995486807463,False,False,False,True
N21000265,N21000306,4,1,27041,28173,3586.823269160947,False,False,False,True
N21000265,N21000309,4,8,27041,2721,3864.635568257781,False,False,False,True
N21000265,N21000311,4,3,27041,2072,4606.980470626776,False,False,False,True
N21000265,N21000315,4,3,27041,2055,4307.744367703038,False,False,False,True
N21000265,N21000319,4,1,27041,20953,5120.574454995363,False,False,False,True
N21000265,N21000323,4,2,27041,10135,4560.705661087413,False,False,False,True
N21000265,N21000325,4,1,27041,14225,3710.314856349358,False,False,False,True
N21000265,N21000328,4,1,27041,25177,3942.561803093682,False,False,False,True
N21000265,N21000329,4,4,27041,7369,3144.0256294297765,False,False,False,True
N21000265,N21000332,4,5,27041,23473,4131.552363035899,False,False,False,True
N21000265,N21000335,4,43,27041,18611,2626.3680582095467,False,False,False,True
N21000266,N21000165,4,1,18253,19703,6355.086888389362,False,False,False,True
N21000266,N21000171,4,1,18253,18303,5246.750855916851,False,False,False,True
N21000266,N21000175,4,9,18253,27201,4516.877563199085,False,False,False,True
N21000266,N21000177,4,1,18253,22862,3952.8216453104396,False,False,False,True
N21000266,N21000178,4,2,18253,12747,3580.109785012583,False,False,False,True
N21000266,N21000181,4,1,18253,10525,8381.011888005876,False,False,False,True
N21000266,N21000188,4,1,18253,9768,6143.4628020204655,False,False,False,True
N21000266,N21000192,4,31,18253,17614,7257.179998126271,False,False,False,True
N21000266,N21000194,4,2,18253,25109,5437.431027136077,False,False,False,True
N21000266,N21000196,4,2,18253,8754,4892.902833362527,False,False,False,True
N21000266,N21000197,4,6,18253,11265,8209.826040288108,False,False,False,True
N21000266,N21000198,4,17,18253,15611,5167.856573013276,False,False,False,True
N21000266,N21000205,4,1,18253,27396,5088.666811283582,False,False,False,True
N21000266,N21000206,4,3,18253,4787,5735.695635325338,False,False,False,True
N21000266,N21000208,4,1,18253,5457,4600.296425388077,False,False,False,True
N21000266,N21000216,4,1,18253,14179,5569.210508972423,False,False,False,True
N21000266,N21000220,4,2,18253,9614,8163.696354775103,False,False,False,True
N21000266,N21000221,4,4,18253,22550,9537.545292732251,False,False,False,True
N21000266,N21000226,4,1,18253,7766,6380.859615005425,False,False,False,True
N21000266,N21000231,4,1,18253,16315,8822.855939163452,False,False,False,True
N21000266,N21000237,4,2,18253,5957,6027.431227556596,False,False,False,True
N21000266,N21000240,4,4,18253,17764,5137.7945498207655,False,False,False,True
N21000266,N21000242,4,2,18253,13928,6605.03289792596,False,False,False,True
N21000266,N21000247,4,1,18253,18676,7476.050925794212,False,False,False,True
N21000266,N21000248,4,1,18253,14259,4211.905114316675,False,False,False,True
N21000266,N21000250,4,3,18253,4849,5206.040024156162,False,False,False,True
N21000266,N21000251,4,63,18253,15928,2330.9412513155576,False,False,False,True
N21000266,N21000252,4,23,18253,6604,2939.347898573158,False,False,False,True
N21000266,N21000253,4,10,18253,7436,1841.8040834815083,False,False,False,True
N21000266,N21000254,4,6,18253,17102,2446.635913812898,False,False,False,True
N21000266,N21000256,4,39,18253,24260,1415.2172129825394,False,False,False,True
N21000266,N21000257,4,1,18253,60,1393.0667103922353,False,False,False,True
N21000266,N21000258,4,27,18253,27783,1502.3463346717183,False,False,False,True
N21000266,N21000259,4,5,18253,15492,1910.2639757883728,False,False,False,True
N21000266,N21000261,4,9,18253,1844,935.355222486386,False,False,False,True
N21000266,N21000264,4,27,18253,24247,1337.6605926358236,False,False,False,True
N21000266,N21000267,4,1,18253,21949,2309.3576269193463,False,False,False,True
N21000266,N21000268,4,17,18253,1126,2199.479902759934,False,False,False,True
N21000266,N21000270,4,6,18253,1364,1099.6687976836301,False,False,False,True
N21000266,N21000271,4,3,18253,15197,2149.2035737035044,False,False,False,True
N21000266,N21000274,4,15,18253,391,2767.8883881239776,False,False,False,True
N21000266,N21000276,4,1,18253,6161,3944.466919396738,False,False,False,True
N21000266,N21000277,4,3,18253,6659,2896.156013554299,False,False,False,True
N21000266,N21000278,4,2,18253,25468,3688.486473904333,False,False,False,True
N21000266,N21000280,4,1,18253,9328,3627.8744069973704,False,False,False,True
N21000266,N21000283,4,1,18253,9205,4923.169134610155,False,False,False,True
N21000266,N21000288,4,1,18253,18650,5569.227343790916,False,False,False,True
N21000266,N21000293,4,1,18253,25505,5272.628583624314,False,False,False,True
N21000266,N21000294,4,3,18253,22846,4782.373416002254,False,False,False,True
N21000266,N21000295,4,1,18253,8555,6600.936119773201,False,False,False,True
N21000266,N21000301,4,3,18253,22078,4414.799176287075,False,False,False,True
N21000266,N21000303,4,3,18253,6397,2256.568749734951,False,False,False,True
N21000266,N21000304,4,2,18253,2229,9330.97367924873,False,False,False,True
N21000266,N21000308,4,4,18253,13508,4225.526639007989,False,False,False,True
N21000266,N21000310,4,1,18253,15134,4996.006408253998,False,False,False,True
N21000266,N21000311,4,2,18253,2072,4221.6188300765825,False,False,False,True
N21000266,N21000324,4,3,18253,25636,4184.627367356678,False,False,False,True
N21000266,N21000325,4,2,18253,14225,3688.5675167224526,False,False,False,True
N21000266,N21000329,4,1,18253,7369,3122.2782898028713,False,False,False,True
N21000266,N21000332,4,3,18253,23473,4009.6415307385823,False,False,False,True
N21000266,N21000335,4,44,18253,18611,2504.4572259122288,False,False,False,True
N21000267,N21000165,4,3,21949,19703,6427.801236092735,False,False,False,True
N21000267,N21000167,4,3,21949,23946,5743.821045675452,False,False,False,True
N21000267,N21000170,4,1,21949,23278,6407.637890475502,False,False,False,True
N21000267,N21000175,4,4,21949,27201,4508.1505981169075,False,False,False,True
N21000267,N21000177,4,1,21949,22862,3922.7052883315073,False,False,False,True
N21000267,N21000178,4,5,21949,12747,3571.382819930406,False,False,False,True
N21000267,N21000186,4,1,21949,13768,6687.805884614273,False,False,False,True
N21000267,N21000187,4,1,21949,23892,6741.092659300599,False,False,False,True
N21000267,N21000192,4,32,21949,17614,6690.996365288226,False,False,False,True
N21000267,N21000195,4,4,21949,22584,4811.9973360030735,False,False,False,True
N21000267,N21000196,4,1,21949,8754,4796.601047286177,False,False,False,True
N21000267,N21000197,4,4,21949,11265,7146.515423911065,False,False,False,True
N21000267,N21000198,4,12,21949,15611,4369.866218862241,False,False,False,True
N21000267,N21000203,4,1,21949,15685,4407.074680854819,False,False,False,True
N21000267,N21000204,4,1,21949,26239,2747.0550610879927,False,False,False,True
N21000267,N21000205,4,1,21949,27396,3761.2491266332395,False,False,False,True
N21000267,N21000206,4,2,21949,4787,4174.446879368769,False,False,False,True
N21000267,N21000207,4,2,21949,26051,2832.4916742323794,False,False,False,True
N21000267,N21000208,4,3,21949,5457,3156.6757853983045,False,False,False,True
N21000267,N21000209,4,5,21949,9382,2066.896199465768,False,False,False,True
N21000267,N21000210,4,2,21949,23126,3543.509281274868,False,False,False,True
N21000267,N21000216,4,4,21949,14179,3368.2248006349328,False,False,True,True
N21000267,N21000218,4,1,21949,15318,2377.613967800987,False,False,False,True
N21000267,N21000219,4,4,21949,2333,7124.785034128355,False,False,False,True
N21000267,N21000220,4,2,21949,9614,6836.278670124763,False,False,False,True
N21000267,N21000224,4,2,21949,15583,6279.867141858688,False,False,False,True
N21000267,N21000236,4,3,21949,20050,2708.791102299245,False,False,True,True
N21000267,N21000237,4,1,21949,5957,3826.4455192191053,False,False,True,True
N21000267,N21000239,4,1,21949,22166,2157.6297384599384,False,False,False,True
N21000267,N21000240,4,4,21949,17764,2936.808841483274,False,False,True,True
N21000267,N21000241,4,3,21949,20619,1463.642514032706,False,False,True,True
N21000267,N21000245,4,1,21949,8653,1181.6678058997995,False,False,True,True
N21000267,N21000248,4,1,21949,14259,2390.71006247681,False,False,False,True
N21000267,N21000249,4,5,21949,28796,1520.7703671744387,False,False,False,True
N21000267,N21000251,4,70,21949,15928,2463.6942837814413,False,False,False,True
N21000267,N21000252,4,14,21949,6604,2266.4766718457468,False,False,False,True
N21000267,N21000253,4,16,21949,7436,2132.1934965953137,False,False,False,True
N21000267,N21000254,4,8,21949,17102,1732.4632687596481,False,False,False,True
N21000267,N21000256,4,22,21949,24260,2437.42794887135,False,False,False,True
N21000267,N21000258,4,12,21949,27783,2019.4641346139476,False,False,True,True
N21000267,N21000259,4,11,21949,15492,1271.1352356967604,False,False,True,True
N21000267,N21000261,4,3,21949,1844,2228.1974982232464,False,False,False,True
N21000267,N21000262,4,1,21949,8231,883.905321008238,False,False,True,True
N21000267,N21000263,4,18,21949,6770,819.0860106279292,False,False,False,True
N21000267,N21000264,4,27,21949,24247,1155.5261648770181,False,False,True,True
N21000267,N21000265,4,5,21949,27041,1903.8618090602008,False,False,False,True
N21000267,N21000266,4,8,21949,18253,2309.3576269193463,False,False,False,True
N21000267,N21000268,4,9,21949,1126,3824.1288729810353,False,False,False,True
N21000267,N21000270,4,1,21949,1364,1991.881044061294,False,False,False,True
N21000267,N21000271,4,2,21949,15197,1237.7240158858872,False,False,True,True
N21000267,N21000273,4,2,21949,2383,2929.906786462894,False,False,False,True
N21000267,N21000274,4,10,21949,391,4765.685264080994,False,False,False,True
N21000267,N21000275,4,2,21949,24042,4681.625350047207,False,False,False,True
N21000267,N21000276,4,2,21949,6161,5942.263795353753,False,False,False,True
N21000267,N21000277,4,2,21949,6659,3402.613031868286,False,False,False,True
N21000267,N21000278,4,3,21949,25468,3097.720304025413,False,False,True,True
N21000267,N21000280,4,1,21949,9328,5625.671282954385,False,False,False,True
N21000267,N21000283,4,5,21949,9205,5397.184405432699,False,False,True,True
N21000267,N21000284,4,1,21949,16991,6338.349236171909,False,False,False,True
N21000267,N21000286,4,2,21949,16479,6797.090733667266,False,False,False,True
N21000267,N21000294,4,2,21949,22846,6780.170291959268,False,False,False,True
N21000267,N21000295,4,1,21949,8555,8598.732995730217,False,False,False,True
N21000267,N21000303,4,1,21949,6397,3881.217719956051,False,False,False,True
N21000267,N21000305,4,1,21949,6602,4695.53768660453,False,False,False,True
N21000267,N21000307,4,1,21949,2710,5280.046001269481,False,False,False,True
N21000267,N21000308,4,1,21949,13508,5968.4573695558065,False,False,False,True
N21000267,N21000309,4,3,21949,2721,5367.3737061815655,False,False,False,True
N21000267,N21000314,4,1,21949,23517,7627.309973103786,False,False,False,True
N21000267,N21000315,4,3,21949,2055,5920.179603109858,False,False,False,True
N21000267,N21000321,4,1,21949,19488,5112.3176681309815,False,False,False,True
N21000267,N21000324,4,4,21949,25636,5368.233632674232,False,False,False,True
N21000267,N21000325,4,1,21949,14225,3836.8276313463793,False,False,False,True
N21000267,N21000327,4,1,21949,12871,5076.258300708603,False,False,False,True
N21000267,N21000328,4,1,21949,25177,4420.933443171151,False,False,False,True
N21000267,N21000329,4,1,21949,7369,3352.841956693502,False,False,False,True
N21000267,N21000332,4,2,21949,23473,5331.6928884439,False,False,False,True
N21000267,N21000335,4,15,21949,18611,3960.185172012276,False,False,False,True
N21000268,N21000167,4,1,1126,23946,5700.390338418229,False,False,False,True
N21000268,N21000170,4,1,1126,23278,5377.755835205952,False,False,False,True
N21000268,N21000172,4,1,1126,18162,4946.971105926712,False,False,False,True
N21000268,N21000173,4,1,1126,24908,4847.234616931692,False,False,False,True
N21000268,N21000175,4,2,1126,27201,4860.762884731061,False,False,False,True
N21000268,N21000177,4,1,1126,22862,4870.87169285117,False,False,False,True
N21000268,N21000184,4,1,1126,4165,7375.508113798347,False,False,False,True
N21000268,N21000188,4,1,1126,9768,7061.512849561195,False,False,False,True
N21000268,N21000190,4,2,1126,9490,6605.734869590078,False,False,False,True
N21000268,N21000192,4,24,1126,17614,8269.266027054793,False,False,False,True
N21000268,N21000195,4,2,1126,22584,5870.6878120739075,False,False,False,True
N21000268,N21000197,4,2,1126,11265,9364.429483812124,False,False,False,True
N21000268,N21000198,4,8,1126,15611,6318.557423607079,False,False,False,True
N21000268,N21000203,4,3,1126,15685,6899.18949822211,False,False,False,True
N21000268,N21000204,4,1,1126,26239,5088.995455669864,False,False,False,True
N21000268,N21000208,4,1,1126,5457,5764.993558105029,False,False,False,True
N21000268,N21000210,4,1,1126,23126,6508.196518651005,False,False,False,True
N21000268,N21000213,4,1,1126,9502,5639.38420338761,False,False,False,True
N21000268,N21000216,4,1,1126,14179,6905.27738610423,False,False,False,True
N21000268,N21000226,4,3,1126,7766,7545.556747722378,False,False,False,True
N21000268,N21000230,4,1,1126,5611,9118.65837736871,False,False,False,True
N21000268,N21000240,4,1,1126,17764,6567.178748610456,False,False,False,True
N21000268,N21000249,4,2,1126,28796,4767.197259531089,False,False,False,True
N21000268,N21000251,4,71,1126,15928,3323.438381223952,False,False,False,True
N21000268,N21000252,4,10,1126,6604,4104.04503129011,False,False,False,True
N21000268,N21000253,4,8,1126,7436,3006.5012161984605,False,False,False,True
N21000268,N21000254,4,7,1126,17102,3613.57067189806,False,False,False,True
N21000268,N21000256,4,19,1126,24260,2174.29408470414,False,False,False,True
N21000268,N21000258,4,8,1126,27783,2802.8038022570536,False,False,False,True
N21000268,N21000259,4,2,1126,15492,3210.721443373709,False,False,False,True
N21000268,N21000260,4,1,1126,17259,1766.9043940877618,False,False,False,True
N21000268,N21000261,4,6,1126,1844,2235.8126900717216,False,False,False,True
N21000268,N21000264,4,7,1126,24247,2852.4318386975146,False,False,False,True
N21000268,N21000265,4,8,1126,27041,2321.3907350572536,False,False,False,True
N21000268,N21000266,4,4,1126,18253,2199.479902759935,False,False,False,True
N21000268,N21000270,4,5,1126,1364,2826.094601045271,False,False,False,True
N21000268,N21000271,4,2,1126,15197,3562.011494986938,False,False,False,True
N21000268,N21000272,4,1,1126,20779,3449.8979705263637,False,False,False,True
N21000268,N21000273,4,8,1126,2383,2030.9090327662218,False,False,False,True
N21000268,N21000274,4,6,1126,391,2091.768520600392,False,False,False,True
N21000268,N21000276,4,2,1126,6161,3568.2549853849146,False,False,False,True
N21000268,N21000277,4,1,1126,6659,2613.5071244573314,False,False,False,True
N21000268,N21000279,4,2,1126,4115,3109.845746279321,False,False,False,True
N21000268,N21000280,4,1,1126,9328,3251.662472985547,False,False,False,True
N21000268,N21000282,4,1,1126,4530,5662.332861535633,False,False,False,True
N21000268,N21000283,4,1,1126,9205,4650.156228694024,False,False,False,True
N21000268,N21000284,4,1,1126,16991,5313.064306980745,False,False,False,True
N21000268,N21000286,4,1,1126,16479,3648.507912581861,False,False,False,True
N21000268,N21000287,4,2,1126,4756,6713.4187661816095,False,False,False,True
N21000268,N21000294,4,2,1126,22846,4406.161481990432,False,False,False,True
N21000268,N21000303,4,1,1126,6397,1886.5816795175913,False,False,False,True
N21000268,N21000304,4,1,1126,2229,8180.187734120342,False,False,False,True
N21000268,N21000308,4,2,1126,13508,3074.740693879599,False,False,False,True
N21000268,N21000309,4,3,1126,2721,3264.211797880854,False,False,False,True
N21000268,N21000310,4,3,1126,15134,3845.220463125609,False,False,False,True
N21000268,N21000311,4,1,1126,2072,3070.8328849481927,False,False,False,True
N21000268,N21000317,4,1,1126,25675,4568.4831864888,False,False,False,True
N21000268,N21000319,4,2,1126,20953,4628.676552480685,False,False,False,True
N21000268,N21000321,4,1,1126,19488,3910.1750571398893,False,False,False,True
N21000268,N21000328,4,1,1126,25177,3450.663900579004,False,False,False,True
N21000268,N21000329,4,2,1126,7369,4030.6748925389147,False,False,False,True
N21000268,N21000332,4,1,1126,23473,3639.654460521222,False,False,False,True
N21000268,N21000335,4,23,1126,18611,2134.4701556948685,False,False,False,True
N21000269,N21000165,4,1,1407,19703,6683.002913829133,False,False,False,True
N21000269,N21000166,4,1,1407,23646,7469.598347620572,False,False,False,True
N21000269,N21000168,4,1,1407,4451,6158.836290386054,False,False,False,True
N21000269,N21000170,4,1,1407,23278,6662.839568211901,False,False,False,True
N21000269,N21000171,4,1,1407,18303,5493.225568571073,False,False,False,True
N21000269,N21000173,4,1,1407,24908,5937.232998472922,False,False,False,True
N21000269,N21000175,4,5,1407,27201,4763.352275853307,False,False,False,True
N21000269,N21000178,4,3,1407,12747,3826.584497666804,False,False,False,True
N21000269,N21000186,4,2,1407,13768,6943.00756235067,False,False,False,True
N21000269,N21000188,4,1,1407,9768,6202.362861060283,False,False,False,True
N21000269,N21000189,4,3,1407,4448,6547.909320727055,False,False,False,True
N21000269,N21000191,4,2,1407,10156,5743.467927617474,False,False,False,True
N21000269,N21000192,4,40,1407,17614,6946.198043024625,False,False,False,True
N21000269,N21000193,4,2,1407,24443,5793.133762155173,False,False,False,True
N21000269,N21000195,4,6,1407,22584,5067.199013739471,False,False,False,True
N21000269,N21000196,4,1,1407,8754,5051.802725022575,False,False,False,True
N21000269,N21000197,4,7,1407,11265,7383.049784756979,False,False,False,True
N21000269,N21000198,4,11,1407,15611,4606.4005797081545,False,False,False,True
N21000269,N21000202,4,1,1407,15786,4204.0518241727195,False,False,False,True
N21000269,N21000203,4,1,1407,15685,4643.609041700729,False,False,False,True
N21000269,N21000205,4,4,1407,27396,3997.78348747915,False,False,False,True
N21000269,N21000206,4,1,1407,4787,4410.981240214681,False,False,False,True
N21000269,N21000207,4,1,1407,26051,3069.02603507829,False,False,False,True
N21000269,N21000209,4,5,1407,9382,2303.43056031168,False,False,False,True
N21000269,N21000210,4,2,1407,23126,3780.0436421207796,False,False,True,True
N21000269,N21000213,4,1,1407,9502,2701.716763769806,False,False,False,True
N21000269,N21000219,4,1,1407,2333,7361.3193949742645,False,False,False,True
N21000269,N21000220,4,2,1407,9614,7072.813030970673,False,False,False,True
N21000269,N21000221,4,9,1407,22550,8025.080204219748,False,False,False,True
N21000269,N21000222,4,2,1407,11993,5873.693755298837,False,False,False,True
N21000269,N21000223,4,2,1407,22810,5280.498431962867,False,False,False,True
N21000269,N21000225,4,2,1407,25527,5438.576936974654,False,False,False,True
N21000269,N21000226,4,4,1407,7766,4709.817567395886,False,False,True,True
N21000269,N21000230,4,2,1407,5611,5983.1589384144745,False,False,False,True
N21000269,N21000231,4,1,1407,16315,6852.053632926171,False,False,False,True
N21000269,N21000233,4,1,1407,19725,5440.759852806883,False,False,False,True
N21000269,N21000236,4,1,1407,20050,2730.9949000259976,False,False,True,True
N21000269,N21000237,4,5,1407,5957,3790.953612471879,False,False,True,True
N21000269,N21000239,4,2,1407,22166,2179.833536186691,False,False,True,True
N21000269,N21000240,4,3,1407,17764,2901.3169347360476,False,False,True,True
N21000269,N21000241,4,11,1407,20619,1428.1506072854793,False,False,True,True
N21000269,N21000242,4,1,1407,13928,4368.555282841239,False,False,False,True
N21000269,N21000243,4,3,1407,1454,2321.647885008305,False,False,True,True
N21000269,N21000248,4,1,1407,14259,1936.394954028386,False,False,False,True
N21000269,N21000249,4,4,1407,28796,976.9158531811114,False,False,False,True
N21000269,N21000251,4,98,1407,15928,2718.89596151784,False,False,False,True
N21000269,N21000252,4,19,1407,6604,2521.678349582144,False,False,False,True
N21000269,N21000253,4,28,1407,7436,2333.719811373633,False,False,False,True
N21000269,N21000254,4,14,1407,17102,1987.6649464960465,False,False,False,True
N21000269,N21000255,4,1,1407,11696,3040.6070693958,False,False,False,True
N21000269,N21000256,4,28,1407,24260,2403.5804822402915,False,False,False,True
N21000269,N21000258,4,23,1407,27783,1998.4625409783596,False,False,True,True
N21000269,N21000259,4,7,1407,15492,1526.3369134331588,False,False,True,True
N21000269,N21000261,4,1,1407,1844,2194.350031592188,False,False,False,True
N21000269,N21000262,4,3,1407,8231,1139.1069987446365,False,False,True,True
N21000269,N21000263,4,18,1407,6770,1055.6203714738408,False,False,True,True
N21000269,N21000264,4,34,1407,24247,1121.6786982459598,False,False,True,True
N21000269,N21000265,4,8,1407,27041,1870.014342429142,False,False,False,True
N21000269,N21000266,4,2,1407,18253,2275.5101602882874,False,False,False,True
N21000269,N21000268,4,12,1407,1126,3790.281406349977,False,False,False,True
N21000269,N21000270,4,6,1407,1364,1958.0335774302357,False,False,False,True
N21000269,N21000271,4,3,1407,15197,1203.876549254829,False,False,True,True
N21000269,N21000272,4,1,1407,20779,2228.865893236302,False,False,True,True
N21000269,N21000273,4,3,1407,2383,2896.059319831836,False,False,False,True
N21000269,N21000274,4,7,1407,391,4731.837797449936,False,False,False,True
N21000269,N21000275,4,2,1407,24042,4647.777883416149,False,False,False,True
N21000269,N21000276,4,1,1407,6161,5908.416328722694,False,False,False,True
N21000269,N21000277,4,1,1407,6659,3368.765565237228,False,False,False,True
N21000269,N21000278,4,2,1407,25468,3063.8728373943545,False,False,True,True
N21000269,N21000279,4,1,1407,4115,5450.007089617099,False,False,False,True
N21000269,N21000280,4,5,1407,9328,5591.823816323325,False,False,False,True
N21000269,N21000282,4,1,1407,4530,4485.254769418144,False,False,True,True
N21000269,N21000283,4,2,1407,9205,5363.336938801642,False,False,True,True
N21000269,N21000284,4,1,1407,16991,6304.5017695408515,False,False,False,True
N21000269,N21000293,4,2,1407,25505,7236.577992950269,False,False,False,True
N21000269,N21000295,4,2,1407,8555,8564.885529099158,False,False,False,True
N21000269,N21000298,4,1,1407,89,8308.216921965244,False,False,False,True
N21000269,N21000302,4,1,1407,6864,4609.688745746802,False,False,False,True
N21000269,N21000303,4,2,1407,6397,3847.3702533249925,False,False,False,True
N21000269,N21000305,4,2,1407,6602,4661.690219973471,False,False,False,True
N21000269,N21000309,4,7,1407,2721,5333.526239550506,False,False,False,True
N21000269,N21000310,4,2,1407,15134,6748.976403655305,False,False,False,True
N21000269,N21000311,4,1,1407,2072,6185.568239402539,False,False,False,True
N21000269,N21000315,4,1,1407,2055,5886.3321364788,False,False,False,True
N21000269,N21000318,4,1,1407,29337,7913.125418241276,False,False,False,True
N21000269,N21000319,4,1,1407,20953,5458.167603447968,False,False,False,True
N21000269,N21000329,4,6,1407,7369,3608.043634429901,False,False,False,True
N21000269,N21000331,4,1,1407,13387,4307.696318965797,False,False,False,True
N21000269,N21000332,4,1,1407,23473,5548.68395947135,False,False,False,True
N21000269,N21000335,4,23,1407,18611,4095.2587295022704,False,False,False,True
N21000270,N21000171,4,1,1364,18303,5586.197732591899,False,False,False,True
N21000270,N21000175,4,8,1364,27201,4856.324439874133,False,False,False,True
N21000270,N21000178,4,2,1364,12747,3919.5566616876285,False,False,False,True
N21000270,N21000188,4,1,1364,9768,6482.909678695511,False,False,False,True
N21000270,N21000189,4,2,1364,4448,6640.881484747881,False,False,False,True
N21000270,N21000190,4,2,1364,9490,6553.917688323705,False,False,False,True
N21000270,N21000192,4,25,1364,17614,7596.626874801316,False,False,False,True
N21000270,N21000193,4,1,1364,24443,5886.105926175998,False,False,False,True
N21000270,N21000195,4,1,1364,22584,5292.084641208224,False,False,False,True
N21000270,N21000197,4,10,1364,11265,8549.272916963157,False,False,False,True
N21000270,N21000198,4,4,1364,15611,5507.303449688322,False,False,False,True
N21000270,N21000203,4,2,1364,15685,6073.939242180205,False,False,False,True
N21000270,N21000205,4,1,1364,27396,5428.113687958628,False,False,False,True
N21000270,N21000209,4,1,1364,9382,4058.777243527063,False,False,False,True
N21000270,N21000216,4,1,1364,14179,5251.73392611437,False,False,False,True
N21000270,N21000226,4,1,1364,7766,6628.818599622552,False,False,False,True
N21000270,N21000236,4,2,1364,20050,4592.300227778681,False,False,False,True
N21000270,N21000237,4,1,1364,5957,5709.954644698543,False,False,False,True
N21000270,N21000240,4,3,1364,17764,4820.3179669627125,False,False,False,True
N21000270,N21000241,4,4,1364,20619,3347.1516395121444,False,False,False,True
N21000270,N21000245,4,2,1364,8653,2685.3862748816114,False,False,False,True
N21000270,N21000248,4,1,1364,14259,3894.4285314586223,False,False,False,True
N21000270,N21000251,4,52,1364,15928,2670.388127990603,False,False,False,True
N21000270,N21000252,4,26,1364,6604,3278.7947752482037,False,False,False,True
N21000270,N21000253,4,12,1364,7436,2181.250960156554,False,False,False,True
N21000270,N21000254,4,8,1364,17102,2786.0827904879425,False,False,False,True
N21000270,N21000256,4,20,1364,24260,2127.220919881422,False,False,False,True
N21000270,N21000258,4,17,1364,27783,1722.1029786194906,False,False,False,True
N21000270,N21000261,4,1,1364,1844,1754.3492141425497,False,False,False,True
N21000270,N21000263,4,1,1364,6770,2810.967054689224,False,False,False,True
N21000270,N21000264,4,17,1364,24247,1249.864311824819,False,False,False,True
N21000270,N21000265,4,6,1364,27041,960.788516716532,False,False,False,True
N21000270,N21000266,4,10,1364,18253,1099.66879768363,False,False,False,True
N21000270,N21000268,4,11,1364,1126,2826.0946010452703,False,False,False,True
N21000270,N21000271,4,4,1364,15197,1127.4507237145815,False,False,False,True
N21000270,N21000272,4,4,1364,20779,1766.2761159398406,False,False,False,True
N21000270,N21000273,4,8,1364,2383,1186.0033196839709,False,False,False,True
N21000270,N21000274,4,7,1364,391,2871.832327080954,False,False,False,True
N21000270,N21000275,4,2,1364,24042,2787.7724130471665,False,False,False,True
N21000270,N21000277,4,2,1364,6659,1828.9289633621124,False,False,False,True
N21000270,N21000278,4,1,1364,25468,2601.2830600978928,False,False,False,True
N21000270,N21000280,4,2,1364,9328,3731.8183459543466,False,False,False,True
N21000270,N21000283,4,1,1364,9205,3823.5003369265246,False,False,False,True
N21000270,N21000286,4,2,1364,16479,4903.2377966672275,False,False,False,True
N21000270,N21000287,4,3,1364,4756,7968.148650266976,False,False,False,True
N21000270,N21000300,4,2,1364,5088,5712.528412519067,False,False,False,True
N21000270,N21000306,4,1,1364,28173,4418.880761469279,False,False,False,True
N21000270,N21000308,4,2,1364,13508,4329.470577964965,False,False,False,True
N21000270,N21000309,4,2,1364,2721,4518.94168196622,False,False,False,True
N21000270,N21000315,4,1,1364,2055,4026.326666109821,False,False,False,True
N21000270,N21000317,4,1,1364,25675,5892.438581311808,False,False,False,True
N21000270,N21000322,4,1,1364,3303,4479.622614875249,False,False,False,True
N21000270,N21000325,4,1,1364,14225,4028.0143933974987,False,False,False,True
N21000270,N21000329,4,3,1364,7369,3461.7251664779174,False,False,False,True
N21000270,N21000331,4,1,1364,13387,4095.360533377484,False,False,False,True
N21000270,N21000332,4,4,1364,23473,4963.60985534423,False,False,False,True
N21000270,N21000333,4,1,1364,3340,4017.2569297866803,False,False,False,True
N21000270,N21000335,4,44,1364,18611,3458.425550517877,False,False,False,True
N21000271,N21000165,4,2,15197,19703,6981.818501784239,False,False,False,True
N21000271,N21000168,4,2,15197,4451,6457.65187834116,False,False,False,True
N21000271,N21000170,4,1,15197,23278,6961.655156167006,False,False,False,True
N21000271,N21000172,4,1,15197,18162,5782.143480313951,False,False,False,True
N21000271,N21000175,4,7,15197,27201,5080.844914488909,False,False,False,True
N21000271,N21000177,4,1,15197,22862,4516.788996600264,False,False,False,True
N21000271,N21000178,4,2,15197,12747,4144.077136302406,False,False,False,True
N21000271,N21000181,4,1,15197,10525,8944.979239295699,False,False,False,True
N21000271,N21000186,4,2,15197,13768,7448.074854600675,False,False,False,True
N21000271,N21000189,4,2,15197,4448,6865.401959362657,False,False,False,True
N21000271,N21000192,4,35,15197,17614,7746.490642622987,False,False,False,True
N21000271,N21000193,4,2,15197,24443,6110.626400790775,False,False,False,True
N21000271,N21000195,4,6,15197,22584,5516.605115823001,False,False,False,True
N21000271,N21000196,4,2,15197,8754,5456.87018465235,False,False,False,True
N21000271,N21000197,4,2,15197,11265,8384.239439796955,False,False,False,True
N21000271,N21000198,4,27,15197,15611,5602.134034530186,False,False,False,True
N21000271,N21000202,4,2,15197,15786,5205.241479212695,False,False,False,True
N21000271,N21000205,4,7,15197,27396,4998.9731425191285,False,False,False,True
N21000271,N21000207,4,1,15197,26051,4070.2156901182652,False,False,False,True
N21000271,N21000208,4,2,15197,5457,4394.399801284191,False,False,False,True
N21000271,N21000209,4,6,15197,9382,3304.6202153516556,False,False,False,True
N21000271,N21000210,4,1,15197,23126,4781.233297160754,False,False,True,True
N21000271,N21000213,4,1,15197,9502,3702.906418809782,False,False,False,True
N21000271,N21000217,4,1,15197,19481,3229.2349784706425,False,False,False,True
N21000271,N21000219,4,1,15197,2333,8362.50905001424,False,False,False,True
N21000271,N21000220,4,2,15197,9614,8074.002686010649,False,False,False,True
N21000271,N21000221,4,6,15197,22550,9189.924208271004,False,False,False,True
N21000271,N21000225,4,1,15197,25527,6603.420941025912,False,False,False,True
N21000271,N21000226,4,1,15197,7766,5874.661571447144,False,False,True,True
N21000271,N21000230,4,1,15197,5611,7148.0029424657305,False,False,False,True
N21000271,N21000231,4,2,15197,16315,8016.897636977427,False,False,False,True
N21000271,N21000236,4,1,15197,20050,3838.143199603276,False,False,True,True
N21000271,N21000237,4,1,15197,5957,4955.797616523136,False,False,True,True
N21000271,N21000239,4,1,15197,22166,3286.9818357639697,False,False,True,True
N21000271,N21000240,4,7,15197,17764,4066.1609387873054,False,False,True,True
N21000271,N21000241,4,3,15197,20619,2592.9946113367373,False,False,True,True
N21000271,N21000243,4,2,15197,1454,3525.524434263134,False,False,True,True
N21000271,N21000245,4,2,15197,8653,1931.2292467062045,False,False,True,True
N21000271,N21000249,4,2,15197,28796,2180.7924024359395,False,False,False,True
N21000271,N21000251,4,84,15197,15928,2894.908602605381,False,False,False,True
N21000271,N21000252,4,31,15197,6604,3321.970949180508,False,False,False,True
N21000271,N21000253,4,23,15197,7436,2405.7714347713318,False,False,False,True
N21000271,N21000254,4,8,15197,17102,2787.9575460944097,False,False,False,True
N21000271,N21000256,4,40,15197,24260,2351.741394496201,False,False,False,True
N21000271,N21000258,4,18,15197,27783,1946.623453234269,False,False,True,True
N21000271,N21000259,4,4,15197,15492,1895.8601035808902,False,False,True,True
N21000271,N21000260,4,1,15197,17259,2343.1240558827935,False,False,False,True
N21000271,N21000261,4,5,15197,1844,2142.510943848097,False,False,False,True
N21000271,N21000263,4,4,15197,6770,2056.8100265138164,False,False,True,True
N21000271,N21000264,4,36,15197,24247,1123.035277708119,False,False,True,True
N21000271,N21000265,4,15,15197,27041,1818.1752546850516,False,False,False,True
N21000271,N21000266,4,3,15197,18253,2149.2035737035044,False,False,False,True
N21000271,N21000268,4,12,15197,1126,3562.0114949869385,False,False,False,True
N21000271,N21000269,4,2,15197,1407,1203.8765492548287,False,False,True,True
N21000271,N21000270,4,12,15197,1364,1127.4507237145813,False,False,False,True
N21000271,N21000272,4,7,15197,20779,1024.989343981473,False,True,True,True
N21000271,N21000273,4,5,15197,2383,1692.1827705770072,False,False,False,True
N21000271,N21000274,4,17,15197,391,3607.7492210226224,False,False,False,True
N21000271,N21000275,4,4,15197,24042,3523.6893069888342,False,False,False,True
N21000271,N21000277,4,2,15197,6659,2164.8890159824005,False,False,False,True
N21000271,N21000278,4,4,15197,25468,1859.9962881395254,True,True,True,True
N21000271,N21000279,4,2,15197,4115,4325.918513189788,False,False,False,True
N21000271,N21000280,4,1,15197,9328,4467.735239896013,False,False,False,True
N21000271,N21000284,4,2,15197,16991,5100.625220286026,False,False,False,True
N21000271,N21000286,4,2,15197,16479,5639.154690608895,False,False,False,True
N21000271,N21000290,4,1,15197,18971,7975.059774998738,False,False,False,True
N21000271,N21000294,4,2,15197,22846,5622.234248900896,False,False,False,True
N21000271,N21000298,4,1,15197,89,7184.128345537934,False,False,False,True
N21000271,N21000299,4,2,15197,5987,8695.574123612809,False,False,False,True
N21000271,N21000303,4,3,15197,6397,3795.531165580902,False,False,False,True
N21000271,N21000307,4,1,15197,2710,4944.220568863703,False,False,False,True
N21000271,N21000308,4,2,15197,13508,5065.387471906633,False,False,False,True
N21000271,N21000309,4,5,15197,2721,5254.858575907889,False,False,False,True
N21000271,N21000311,4,1,15197,2072,5061.479662975226,False,False,False,True
N21000271,N21000315,4,3,15197,2055,4762.243560051487,False,False,False,True
N21000271,N21000319,4,1,15197,20953,5756.983191403074,False,False,False,True
N21000271,N21000323,4,1,15197,10135,5167.43823385978,False,False,False,True
N21000271,N21000324,4,1,15197,25636,5597.409392728147,False,False,False,True
N21000271,N21000329,4,7,15197,7369,3686.2456410926948,False,False,False,True
N21000271,N21000331,4,1,15197,13387,4319.881007992263,False,False,False,True
N21000271,N21000332,4,2,15197,23473,5548.603946584532,False,False,False,True
N21000271,N21000333,4,2,15197,3340,4476.0706305525,False,False,False,True
N21000271,N21000335,4,55,15197,18611,4043.4196417581798,False,False,False,True
N21000272,N21000164,4,1,20779,26366,9476.464583973844,False,False,False,True
N21000272,N21000168,4,1,20779,4451,7482.6412223226325,False,False,False,True
N21000272,N21000172,4,2,20779,18162,6807.132824295423,False,False,False,True
N21000272,N21000175,4,5,20779,27201,6105.834258470382,False,False,False,True
N21000272,N21000178,4,2,20779,12747,5169.066480283879,False,False,False,True
N21000272,N21000188,4,1,20779,9768,7732.419497291761,False,False,False,True
N21000272,N21000189,4,4,20779,4448,7890.39130334413,False,False,False,True
N21000272,N21000190,4,1,20779,9490,7803.427506919956,False,False,False,True
N21000272,N21000192,4,19,20779,17614,8771.47998660446,False,False,False,True
N21000272,N21000193,4,2,20779,24443,7135.615744772248,False,False,False,True
N21000272,N21000195,4,2,20779,22584,6541.594459804473,False,False,False,True
N21000272,N21000197,4,1,20779,11265,9409.228783778428,False,False,False,True
N21000272,N21000198,4,7,20779,15611,6627.123378511661,False,False,False,True
N21000272,N21000199,4,1,20779,8027,7384.590389271448,False,False,False,True
N21000272,N21000209,4,1,20779,9382,4329.609559333128,False,False,False,True
N21000272,N21000210,4,1,20779,23126,5806.222641142226,False,False,True,True
N21000272,N21000226,4,1,20779,7766,6873.328295128566,False,False,True,True
N21000272,N21000230,4,3,20779,5611,7862.043013714819,False,False,False,True
N21000272,N21000231,4,1,20779,16315,8498.782251270331,False,False,False,True
N21000272,N21000237,4,2,20779,5957,5954.464340204558,False,False,True,True
N21000272,N21000240,4,7,20779,17764,5020.780077383263,False,False,True,True
N21000272,N21000243,4,1,20779,1454,4008.7610720665734,False,False,True,True
N21000272,N21000245,4,2,20779,8653,2956.218590687679,False,False,True,True
N21000272,N21000248,4,3,20779,14259,3623.508141086654,False,False,False,True
N21000272,N21000251,4,34,20779,15928,3919.8979465868542,False,False,False,True
N21000272,N21000252,4,16,20779,6604,4346.960293161981,False,False,False,True
N21000272,N21000253,4,4,20779,7436,3430.760778752805,False,False,False,True
N21000272,N21000254,4,4,20779,17102,3812.946890075884,False,False,False,True
N21000272,N21000255,4,1,20779,11696,4013.7573256331816,False,False,False,True
N21000272,N21000256,4,22,20779,24260,3376.7307384776736,False,False,False,True
N21000272,N21000258,4,7,20779,27783,2971.6127972157424,False,False,True,True
N21000272,N21000259,4,3,20779,15492,2920.849447562364,False,False,True,True
N21000272,N21000261,4,4,20779,1844,3167.50028782957,False,False,False,True
N21000272,N21000262,4,1,20779,8231,2685.3982683192457,False,False,True,True
N21000272,N21000263,4,2,20779,6770,3081.799370495291,False,False,True,True
N21000272,N21000264,4,31,20779,24247,2148.024621689592,False,False,True,True
N21000272,N21000265,4,10,20779,27041,2714.5992487791827,False,False,False,True
N21000272,N21000266,4,3,20779,18253,2853.4795297462806,False,False,False,True
N21000272,N21000267,4,1,20779,21949,2262.7133598673604,False,False,True,True
N21000272,N21000268,4,9,20779,1126,3449.8979705263646,False,False,False,True
N21000272,N21000269,4,1,20779,1407,2228.8658932363023,False,False,True,True
N21000272,N21000270,4,4,20779,1364,1766.27611593984,False,False,False,True
N21000272,N21000271,4,4,20779,15197,1024.9893439814732,False,True,True,True
N21000272,N21000273,4,8,20779,2383,1559.1165357887478,False,False,False,True
N21000272,N21000274,4,7,20779,391,3495.6356965620485,False,False,False,True
N21000272,N21000275,4,2,20779,24042,3411.5757825282603,False,False,False,True
N21000272,N21000276,4,5,20779,6161,4672.214227834808,False,False,False,True
N21000272,N21000277,4,3,20779,6659,1987.5884461457954,False,False,False,True
N21000272,N21000278,4,3,20779,25468,835.0069441580523,True,True,True,True
N21000272,N21000279,4,2,20779,4115,4172.369864142819,False,False,False,True
N21000272,N21000280,4,3,20779,9328,4355.62171543544,False,False,False,True
N21000272,N21000283,4,2,20779,9205,3982.159819710208,False,False,True,True
N21000272,N21000284,4,5,20779,16991,4923.324650449422,False,False,False,True
N21000272,N21000286,4,2,20779,16479,5527.041166148323,False,False,False,True
N21000272,N21000293,4,1,20779,25505,6000.375892062383,False,False,False,True
N21000272,N21000294,4,4,20779,22846,5510.120724440323,False,False,False,True
N21000272,N21000295,4,1,20779,8555,7328.68342821127,False,False,False,True
N21000272,N21000301,4,1,20779,22078,6828.0036999985505,False,False,False,True
N21000272,N21000303,4,1,20779,6397,4820.520509562375,False,False,False,True
N21000272,N21000307,4,1,20779,2710,4832.107044403129,False,False,False,True
N21000272,N21000309,4,2,20779,2721,5142.745051447315,False,False,False,True
N21000272,N21000310,4,1,20779,15134,5723.753716692067,False,False,False,True
N21000272,N21000311,4,2,20779,2072,4949.366138514654,False,False,False,True
N21000272,N21000312,4,2,20779,18228,5671.896634372768,False,False,False,True
N21000272,N21000315,4,1,20779,2055,4650.130035590915,False,False,False,True
N21000272,N21000327,4,1,20779,12871,6358.938405614646,False,False,False,True
N21000272,N21000329,4,3,20779,7369,4711.234985074168,False,False,False,True
N21000272,N21000331,4,2,20779,13387,5344.870351973735,False,False,False,True
N21000272,N21000332,4,1,20779,23473,6573.5932905660065,False,False,False,True
N21000272,N21000335,4,38,20779,18611,5068.408985739654,False,False,False,True
N21000273,N21000165,4,1,2383,19703,7894.968492558231,False,False,False,True
N21000273,N21000170,4,1,2383,23278,7287.624509592183,False,False,False,True
N21000273,N21000174,4,2,2383,19652,7010.0509780695675,False,False,False,True
N21000273,N21000175,4,14,2383,27201,6042.327759558102,False,False,False,True
N21000273,N21000177,4,1,2383,22862,5478.271841669456,False,False,False,True
N21000273,N21000178,4,1,2383,12747,5105.559981371599,False,False,False,True
N21000273,N21000184,4,1,2383,4165,8509.694252215944,False,False,False,True
N21000273,N21000189,4,2,2383,4448,7826.88480443185,False,False,False,True
N21000273,N21000190,4,3,2383,9490,7739.9210080076755,False,False,False,True
N21000273,N21000192,4,23,2383,17614,8782.630194485288,False,False,False,True
N21000273,N21000195,4,2,2383,22584,6478.087960892193,False,False,False,True
N21000273,N21000196,4,1,2383,8754,6418.353029721542,False,False,False,True
N21000273,N21000198,4,14,2383,15611,6693.306769372296,False,False,False,True
N21000273,N21000203,4,1,2383,15685,7259.942561864172,False,False,False,True
N21000273,N21000205,4,2,2383,27396,6614.117007642596,False,False,False,True
N21000273,N21000207,4,3,2383,26051,5685.359555241733,False,False,False,True
N21000273,N21000209,4,1,2383,9382,4996.802985928663,False,False,False,True
N21000273,N21000210,4,2,2383,23126,6473.4160677377595,False,False,False,True
N21000273,N21000211,4,1,2383,7197,6984.20482878919,False,False,False,True
N21000273,N21000213,4,2,2383,9502,5395.089189386788,False,False,False,True
N21000273,N21000216,4,1,2383,14179,6189.7596685159715,False,False,False,True
N21000273,N21000224,4,1,2383,15583,9132.735022868035,False,False,False,True
N21000273,N21000225,4,1,2383,25527,8295.603711602918,False,False,False,True
N21000273,N21000226,4,2,2383,7766,7566.844342024152,False,False,False,True
N21000273,N21000230,4,1,2383,5611,8840.18571304274,False,False,False,True
N21000273,N21000236,4,2,2383,20050,5530.325970180283,False,False,False,True
N21000273,N21000238,4,1,2383,26190,4640.657692371736,False,False,False,True
N21000273,N21000240,4,3,2383,17764,5758.343709364312,False,False,False,True
N21000273,N21000241,4,3,2383,20619,4285.177381913745,False,False,False,True
N21000273,N21000242,4,2,2383,13928,7179.431549889963,False,False,False,True
N21000273,N21000243,4,1,2383,1454,5213.791681158868,False,False,False,True
N21000273,N21000245,4,3,2383,8653,3623.412017283212,False,False,False,True
N21000273,N21000247,4,1,2383,18676,7895.576346311052,False,False,False,True
N21000273,N21000251,4,71,2383,15928,3856.391447674573,False,False,False,True
N21000273,N21000252,4,32,2383,6604,4464.798094932173,False,False,False,True
N21000273,N21000253,4,11,2383,7436,3367.254279840524,False,False,False,True
N21000273,N21000254,4,8,2383,17102,3972.086110171913,False,False,False,True
N21000273,N21000256,4,38,2383,24260,2984.4255585165088,False,False,False,True
N21000273,N21000258,4,16,2383,27783,2908.1062983034612,False,False,False,True
N21000273,N21000259,4,4,2383,15492,3156.8482288643,False,False,False,True
N21000273,N21000260,4,1,2383,17259,2239.6270804530313,False,False,False,True
N21000273,N21000261,4,2,2383,1844,2504.563568020356,False,False,False,True
N21000273,N21000263,4,5,2383,6770,3748.9927970908248,False,False,False,True
N21000273,N21000264,4,11,2383,24247,2435.8676315087905,False,False,False,True
N21000273,N21000265,4,12,2383,27041,2139.476459191811,False,False,False,True
N21000273,N21000266,4,2,2383,18253,1754.114818641617,False,False,False,True
N21000273,N21000267,4,2,2383,21949,2929.906786462894,False,False,False,True
N21000273,N21000268,4,21,2383,1126,2030.9090327662213,False,False,False,True
N21000273,N21000269,4,2,2383,1407,2896.059319831836,False,False,False,True
N21000273,N21000270,4,8,2383,1364,1186.0033196839706,False,False,False,True
N21000273,N21000272,4,3,2383,20779,1559.116535788748,False,False,False,True
N21000273,N21000274,4,17,2383,391,2076.646758801907,False,False,False,True
N21000273,N21000275,4,2,2383,24042,1992.586844768118,False,False,False,True
N21000273,N21000276,4,1,2383,6161,3253.225290074666,False,False,False,True
N21000273,N21000278,4,1,2383,25468,2394.1234799468007,False,False,False,True
N21000273,N21000279,4,3,2383,4115,2794.8160509690724,False,False,False,True
N21000273,N21000280,4,3,2383,9328,2936.6327776752983,False,False,False,True
N21000273,N21000282,4,1,2383,4530,3815.5054119705896,False,False,False,True
N21000273,N21000286,4,1,2383,16479,4108.052228388179,False,False,False,True
N21000273,N21000287,4,1,2383,4756,7172.9630819879285,False,False,False,True
N21000273,N21000289,4,1,2383,25081,4294.678607887897,False,False,False,True
N21000273,N21000295,4,1,2383,8555,5909.694490451129,False,False,False,True
N21000273,N21000300,4,1,2383,5088,4917.342844240019,False,False,False,True
N21000273,N21000301,4,2,2383,22078,5409.014762238409,False,False,False,True
N21000273,N21000306,4,1,2383,28173,4386.31036204399,False,False,False,True
N21000273,N21000309,4,10,2383,2721,3723.7561136871723,False,False,False,True
N21000273,N21000310,4,1,2383,15134,4304.764778931926,False,False,False,True
N21000273,N21000311,4,5,2383,2072,3530.3772007545103,False,False,False,True
N21000273,N21000315,4,3,2383,2055,3231.1410978307727,False,False,False,True
N21000273,N21000317,4,1,2383,25675,6478.351860875031,False,False,False,True
N21000273,N21000322,4,1,2383,3303,5665.625934559217,False,False,False,True
N21000273,N21000324,4,1,2383,25636,5724.50897152555,False,False,False,True
N21000273,N21000325,4,3,2383,14225,5214.017713081468,False,False,False,True
N21000273,N21000326,4,2,2383,3406,6715.604091768515,False,False,False,True
N21000273,N21000329,4,4,2383,7369,4647.728486161887,False,False,False,True
N21000273,N21000332,4,1,2383,23473,5549.523134907452,False,False,False,True
N21000273,N21000333,4,1,2383,3340,4603.1702093499025,False,False,False,True
N21000273,N21000335,4,61,2383,18611,4044.3388300810993,False,False,False,True
N21000274,N21000175,4,6,391,27201,6896.6915046854465,False,False,False,True
N21000274,N21000177,4,1,391,22862,6535.803560326772,False,False,False,True
N21000274,N21000178,4,6,391,12747,6163.091700028915,False,False,False,True
N21000274,N21000187,4,1,391,23892,9177.012302278581,False,False,False,True
N21000274,N21000188,4,1,391,9768,8726.444717036797,False,False,False,True
N21000274,N21000193,4,1,391,24443,7973.851727396756,False,False,False,True
N21000274,N21000195,4,1,391,22584,7535.619679549509,False,False,False,True
N21000274,N21000196,4,1,391,8754,7475.884748378858,False,False,False,True
N21000274,N21000198,4,10,391,15611,7750.838488029613,False,False,False,True
N21000274,N21000204,4,2,391,26239,6507.280237969242,False,False,False,True
N21000274,N21000209,4,3,391,9382,6342.978070067764,False,False,False,True
N21000274,N21000225,4,2,391,25527,9534.023940503486,False,False,False,True
N21000274,N21000226,4,2,391,7766,8963.841530021755,False,False,False,True
N21000274,N21000236,4,1,391,20050,7366.104447798382,False,False,False,True
N21000274,N21000237,4,2,391,5957,8483.758864718244,False,False,False,True
N21000274,N21000240,4,4,391,17764,7594.122186982412,False,False,False,True
N21000274,N21000245,4,2,391,8653,5459.190494901311,False,False,False,True
N21000274,N21000248,4,1,391,14259,6668.232751478321,False,False,False,True
N21000274,N21000251,4,49,391,15928,4913.92316633189,False,False,False,True
N21000274,N21000252,4,15,391,6604,5522.329813589488,False,False,False,True
N21000274,N21000253,4,5,391,7436,4424.785998497838,False,False,False,True
N21000274,N21000254,4,6,391,17102,5029.617828829226,False,False,False,True
N21000274,N21000256,4,25,391,24260,3998.1991279988692,False,False,False,True
N21000274,N21000258,4,1,391,27783,4085.3282496880483,False,False,False,True
N21000274,N21000260,4,1,391,17259,3253.4006499353927,False,False,False,True
N21000274,N21000261,4,1,391,1844,3518.3371375027164,False,False,False,True
N21000274,N21000263,4,3,391,6770,5584.771274708922,False,False,False,True
N21000274,N21000264,4,5,391,24247,3951.3522407934543,False,False,False,True
N21000274,N21000265,4,1,391,27041,3153.2500286741724,False,False,False,True
N21000274,N21000266,4,2,391,18253,2767.888388123978,False,False,False,True
N21000274,N21000268,4,14,391,1126,2091.7685206003916,False,False,False,True
N21000274,N21000269,4,2,391,1407,4731.8377974499335,False,False,False,True
N21000274,N21000270,4,3,391,1364,2871.832327080955,False,False,False,True
N21000274,N21000271,4,1,391,15197,3607.7492210226224,False,False,False,True
N21000274,N21000273,4,3,391,2383,2076.646758801906,False,False,False,True
N21000274,N21000275,4,2,391,24042,1884.8958473483551,False,False,False,True
N21000274,N21000276,4,1,391,6161,3145.5342926549033,False,False,False,True
N21000274,N21000277,4,3,391,6659,2209.2647704667893,False,False,False,True
N21000274,N21000278,4,1,391,25468,4330.642640720101,False,False,False,True
N21000274,N21000279,4,1,391,4115,2687.1250535493095,False,False,False,True
N21000274,N21000280,4,1,391,9328,2828.941780255536,False,False,False,True
N21000274,N21000284,4,2,391,16991,4890.343614250735,False,False,False,True
N21000274,N21000286,4,1,391,16479,3606.3411824686123,False,False,False,True
N21000274,N21000287,4,2,391,4756,6671.25203606836,False,False,False,True
N21000274,N21000288,4,1,391,18650,4376.2746685492775,False,False,False,True
N21000274,N21000293,4,1,391,25505,4473.69595688248,False,False,False,True
N21000274,N21000294,4,2,391,22846,3983.440789260421,False,False,False,True
N21000274,N21000295,4,3,391,8555,5802.003493031369,False,False,False,True
N21000274,N21000299,4,1,391,5987,7056.780663972334,False,False,False,True
N21000274,N21000301,4,1,391,22078,4907.303716318842,False,False,False,True
N21000274,N21000303,4,3,391,6397,3922.510299471978,False,False,False,True
N21000274,N21000305,4,2,391,6602,3984.626751004177,False,False,False,True
N21000274,N21000306,4,3,391,28173,3884.5993161244232,False,False,False,True
N21000274,N21000308,4,3,391,13508,3032.57396376635,False,False,False,True
N21000274,N21000309,4,13,391,2721,3222.045067767605,False,False,False,True
N21000274,N21000311,4,9,391,2072,3028.666154834944,False,False,False,True
N21000274,N21000312,4,1,391,18228,3751.1966506930576,False,False,False,True
N21000274,N21000313,4,2,391,24972,4956.902690186647,False,False,False,True
N21000274,N21000315,4,3,391,2055,2729.430051911206,False,False,False,True
N21000274,N21000329,4,2,391,7369,5705.260204819205,False,False,False,True
N21000274,N21000330,4,1,391,3126,5709.768574374458,False,False,False,True
N21000274,N21000331,4,5,391,13387,4857.234393877758,False,False,False,True
N21000274,N21000335,4,40,391,18611,4170.398775649256,False,False,False,True
N21000275,N21000171,4,1,24042,18303,7280.596703813452,False,False,False,True
N21000275,N21000175,4,5,24042,27201,7015.799564181629,False,False,False,True
N21000275,N21000196,4,2,24042,8754,7391.824834345069,False,False,False,True
N21000275,N21000198,4,7,24042,15611,7666.778573995824,False,False,False,True
N21000275,N21000202,4,1,24042,15786,7793.85714895969,False,False,False,True
N21000275,N21000204,4,1,24042,26239,6423.220323935454,False,False,False,True
N21000275,N21000205,4,1,24042,27396,7587.588812266124,False,False,False,True
N21000275,N21000208,4,2,24042,5457,7099.2184263706185,False,False,False,True
N21000275,N21000209,4,2,24042,9382,6258.918156033976,False,False,False,True
N21000275,N21000215,4,1,24042,25962,7251.467597877305,False,False,False,True
N21000275,N21000223,4,3,24042,22810,8960.546352439798,False,False,False,True
N21000275,N21000225,4,1,24042,25527,9449.9640264697,False,False,False,True
N21000275,N21000226,4,1,24042,7766,8879.781615987968,False,False,False,True
N21000275,N21000237,4,1,24042,5957,8399.698950684455,False,False,False,True
N21000275,N21000239,4,1,24042,22166,6730.883169925289,False,False,False,True
N21000275,N21000240,4,1,24042,17764,7510.062272948623,False,False,False,True
N21000275,N21000241,4,1,24042,20619,6036.895945498055,False,False,False,True
N21000275,N21000245,4,1,24042,8653,5375.1305808675215,False,False,False,True
N21000275,N21000249,4,1,24042,28796,5624.693736597255,False,False,False,True
N21000275,N21000251,4,39,24042,15928,4829.863252298101,False,False,False,True
N21000275,N21000252,4,10,24042,6604,5438.2698995557,False,False,False,True
N21000275,N21000253,4,8,24042,7436,4340.72608446405,False,False,False,True
N21000275,N21000254,4,6,24042,17102,4945.557914795438,False,False,False,True
N21000275,N21000256,4,21,24042,24260,3914.1392139650807,False,False,False,True
N21000275,N21000257,4,1,24042,60,3568.422901745393,False,False,False,True
N21000275,N21000258,4,10,24042,27783,4001.26833565426,False,False,False,True
N21000275,N21000259,4,1,24042,15492,4409.185976770916,False,False,False,True
N21000275,N21000261,4,2,24042,1844,3434.277223468928,False,False,False,True
N21000275,N21000262,4,2,24042,8231,4625.779738839341,False,False,False,True
N21000275,N21000263,4,1,24042,6770,5500.711360675133,False,False,False,True
N21000275,N21000264,4,7,24042,24247,3867.2923267596652,False,False,False,True
N21000275,N21000265,4,7,24042,27041,3069.190114640384,False,False,False,True
N21000275,N21000266,4,5,24042,18253,2683.8284740901895,False,False,False,True
N21000275,N21000268,4,10,24042,1126,2307.616540078366,False,False,False,True
N21000275,N21000269,4,1,24042,1407,4647.7778834161445,False,False,False,True
N21000275,N21000270,4,2,24042,1364,2787.7724130471665,False,False,False,True
N21000275,N21000271,4,2,24042,15197,3523.6893069888333,False,False,False,True
N21000275,N21000273,4,4,24042,2383,1992.5868447681175,False,False,False,True
N21000275,N21000274,4,23,24042,391,1884.8958473483553,False,False,False,True
N21000275,N21000276,4,2,24042,6161,2626.7392178013324,False,False,False,True
N21000275,N21000277,4,4,24042,6659,2125.2048564330007,False,False,False,True
N21000275,N21000279,4,2,24042,4115,2168.329978695739,False,False,False,True
N21000275,N21000280,4,3,24042,9328,2310.1467054019654,False,False,False,True
N21000275,N21000281,4,6,24042,9316,2655.723378648658,False,False,False,True
N21000275,N21000283,4,3,24042,9205,4143.375621930225,False,False,False,True
N21000275,N21000284,4,1,24042,16991,4433.054037700668,False,False,False,True
N21000275,N21000286,4,2,24042,16479,3797.0257966517183,False,False,False,True
N21000275,N21000294,4,3,24042,22846,3464.6457144068504,False,False,False,True
N21000275,N21000295,4,2,24042,8555,5283.208418177799,False,False,False,True
N21000275,N21000299,4,1,24042,5987,6537.985589118764,False,False,False,True
N21000275,N21000302,4,1,24042,6864,4900.676811371762,False,False,False,True
N21000275,N21000303,4,1,24042,6397,4138.358318949953,False,False,False,True
N21000275,N21000304,4,1,24042,2229,8328.705618190197,False,False,False,True
N21000275,N21000308,4,5,24042,13508,3342.5340982323655,False,False,False,True
N21000275,N21000309,4,4,24042,2721,3532.005202233621,False,False,False,True
N21000275,N21000310,4,4,24042,15134,4113.013867478376,False,False,False,True
N21000275,N21000311,4,1,24042,2072,3338.6262893009593,False,False,False,True
N21000275,N21000313,4,1,24042,24972,5147.587304369753,False,False,False,True
N21000275,N21000314,4,3,24042,23517,4627.24503608824,False,False,False,True
N21000275,N21000315,4,3,24042,2055,3039.3901863772217,False,False,False,True
N21000275,N21000317,4,1,24042,25675,6820.259825921163,False,False,False,True
N21000275,N21000318,4,1,24042,29337,8520.41804714626,False,False,False,True
N21000275,N21000322,4,1,24042,3303,6231.942747827192,False,False,False,True
N21000275,N21000325,4,1,24042,14225,6129.612894458362,False,False,False,True
N21000275,N21000331,4,1,24042,13387,5073.082413355732,False,False,False,True
N21000275,N21000332,4,1,24042,23473,5891.431099953584,False,False,False,True
N21000275,N21000334,4,1,24042,27702,5002.845421321136,False,False,False,True
N21000275,N21000335,4,32,24042,18611,4386.246795127231,False,False,False,True
N21000276,N21000164,4,3,6161,26366,9532.076203978497,False,False,False,True
N21000276,N21000171,4,1,6161,18303,7901.91282624605,False,False,False,True
N21000276,N21000175,4,7,6161,27201,7733.855646596019,False,False,False,True
N21000276,N21000177,4,1,6161,22862,7712.38209159953,False,False,False,True
N21000276,N21000178,4,2,6161,12747,7339.670231301673,False,False,False,True
N21000276,N21000189,4,2,6161,4448,9565.791427879212,False,False,False,True
N21000276,N21000193,4,3,6161,24443,8811.01586930733,False,False,False,True
N21000276,N21000196,4,2,6161,8754,8428.502455189877,False,False,False,True
N21000276,N21000198,4,13,6161,15611,8927.417019302367,False,False,False,True
N21000276,N21000201,4,1,6161,24818,9194.694551749062,False,False,False,True
N21000276,N21000202,4,2,6161,15786,9054.495594266233,False,False,False,True
N21000276,N21000204,4,1,6161,26239,7683.858769242001,False,False,False,True
N21000276,N21000209,4,2,6161,9382,7519.556601340522,False,False,False,True
N21000276,N21000217,4,2,6161,19481,7933.774757938508,False,False,False,True
N21000276,N21000240,4,2,6161,17764,8770.700718255168,False,False,False,True
N21000276,N21000241,4,2,6161,20619,7297.534390804602,False,False,False,True
N21000276,N21000245,4,1,6161,8653,6635.769026174068,False,False,False,True
N21000276,N21000249,4,2,6161,28796,6885.332181903802,False,False,False,True
N21000276,N21000251,4,60,6161,15928,6090.501697604648,False,False,False,True
N21000276,N21000252,4,19,6161,6604,6698.908344862247,False,False,False,True
N21000276,N21000253,4,10,6161,7436,5601.364529770596,False,False,False,True
N21000276,N21000254,4,12,6161,17102,6206.196360101984,False,False,False,True
N21000276,N21000255,4,1,6161,11696,5253.597079789812,False,False,False,True
N21000276,N21000256,4,20,6161,24260,5174.777659271628,False,False,False,True
N21000276,N21000258,4,6,6161,27783,5261.906780960809,False,False,False,True
N21000276,N21000259,4,1,6161,15492,5669.824422077464,False,False,False,True
N21000276,N21000260,4,1,6161,17259,4429.979181208151,False,False,False,True
N21000276,N21000263,4,1,6161,6770,6761.349805981679,False,False,False,True
N21000276,N21000264,4,10,6161,24247,5127.930772066211,False,False,False,True
N21000276,N21000265,4,7,6161,27041,4329.82855994693,False,False,False,True
N21000276,N21000266,4,7,6161,18253,3944.4669193967375,False,False,False,True
N21000276,N21000268,4,7,6161,1126,3568.2549853849127,False,False,False,True
N21000276,N21000270,4,11,6161,1364,4048.4108583537145,False,False,False,True
N21000276,N21000271,4,1,6161,15197,4784.327752295382,False,False,False,True
N21000276,N21000272,4,1,6161,20779,4672.2142278348065,False,False,False,True
N21000276,N21000273,4,4,6161,2383,3253.2252900746653,False,False,False,True
N21000276,N21000274,4,24,6161,391,3145.534292654902,False,False,False,True
N21000276,N21000275,4,5,6161,24042,2626.739217801332,False,False,False,True
N21000276,N21000277,4,2,6161,6659,3385.8433017395478,False,False,False,True
N21000276,N21000278,4,3,6161,25468,5507.221171992859,False,False,False,True
N21000276,N21000280,4,5,6161,9328,1238.4931382363359,False,False,False,True
N21000276,N21000283,4,2,6161,9205,3501.046947664641,False,False,False,True
N21000276,N21000284,4,11,6161,16991,3377.6684176950025,False,False,False,True
N21000276,N21000286,4,9,6161,16479,1706.0841250223623,False,False,False,True
N21000276,N21000287,4,3,6161,4756,4671.14364364904,False,False,False,True
N21000276,N21000289,4,1,6161,25081,1577.250863985206,False,False,True,True
N21000276,N21000293,4,3,6161,25505,2883.2473148632794,False,False,False,True
N21000276,N21000294,4,7,6161,22846,2392.992147241222,False,False,False,True
N21000276,N21000295,4,6,6161,8555,3912.120692239155,False,False,False,True
N21000276,N21000298,4,1,6161,89,3954.886243878259,False,False,False,True
N21000276,N21000303,4,4,6161,6397,4637.8588641635515,False,False,False,True
N21000276,N21000304,4,2,6161,2229,6237.763946560839,False,False,False,True
N21000276,N21000305,4,1,6161,6602,4344.591980349782,False,False,False,True
N21000276,N21000306,4,3,6161,28173,4244.564545470027,False,False,False,True
N21000276,N21000307,4,5,6161,2710,2942.080471746164,False,False,False,True
N21000276,N21000308,4,7,6161,13508,2948.8192566903276,False,False,False,True
N21000276,N21000309,4,17,6161,2721,3582.0102971132096,False,False,False,True
N21000276,N21000310,4,4,6161,15134,2699.443533724644,False,False,False,True
N21000276,N21000311,4,4,6161,2072,2041.0053821251431,False,False,True,True
N21000276,N21000312,4,6,6161,18228,1876.964295253258,False,False,False,True
N21000276,N21000313,4,1,6161,24972,3056.645632740396,False,False,True,True
N21000276,N21000314,4,1,6161,23517,2536.303364458882,False,False,True,True
N21000276,N21000315,4,4,6161,2055,1759.6566697652484,False,False,True,True
N21000276,N21000319,4,1,6161,20953,7351.009491057648,False,False,False,True
N21000276,N21000325,4,3,6161,14225,6750.929016890959,False,False,False,True
N21000276,N21000327,4,2,6161,12871,6300.076918933699,False,False,False,True
N21000276,N21000329,4,2,6161,7369,6881.838736091963,False,False,False,True
N21000276,N21000332,4,1,6161,23473,6116.911580563753,False,False,False,True
N21000276,N21000334,4,3,6161,27702,5850.282273239263,False,False,False,True
N21000276,N21000335,4,51,6161,18611,5007.56291755983,False,False,False,True
N21000277,N21000165,4,1,6659,19703,8542.76704198333,False,False,False,True
N21000277,N21000172,4,1,6659,18162,7386.5519690612855,False,False,False,True
N21000277,N21000174,4,2,6659,19652,7652.976621747711,False,False,False,True
N21000277,N21000175,4,12,6659,27201,6685.253403236244,False,False,False,True
N21000277,N21000177,4,2,6659,22862,6121.197485347598,False,False,False,True
N21000277,N21000186,4,4,6659,13768,9052.483343348013,False,False,False,True
N21000277,N21000189,4,3,6659,4448,8469.81044810999,False,False,False,True
N21000277,N21000190,4,2,6659,9490,8382.846651685815,False,False,False,True
N21000277,N21000192,4,31,6659,17614,9425.55583816343,False,False,False,True
N21000277,N21000193,4,3,6659,24443,7715.034889538109,False,False,False,True
N21000277,N21000195,4,2,6659,22584,7121.013604570335,False,False,False,True
N21000277,N21000198,4,6,6659,15611,7336.232413050441,False,False,False,True
N21000277,N21000201,4,1,6659,24818,7510.329452677926,False,False,False,True
N21000277,N21000204,4,2,6659,26239,6092.674162990071,False,False,False,True
N21000277,N21000205,4,1,6659,27396,7163.862158501532,False,False,False,True
N21000277,N21000208,4,1,6659,5457,6559.288817266594,False,False,False,True
N21000277,N21000211,4,1,6659,7197,7456.911074194584,False,False,False,True
N21000277,N21000213,4,2,6659,9502,5867.795434792182,False,False,False,True
N21000277,N21000223,4,1,6659,22810,8536.819698675203,False,False,False,True
N21000277,N21000225,4,2,6659,25527,8768.309957008312,False,False,False,True
N21000277,N21000237,4,1,6659,5957,7120.686632505537,False,False,False,True
N21000277,N21000239,4,3,6659,22166,5451.870851746373,False,False,False,True
N21000277,N21000240,4,1,6659,17764,6231.049954769706,False,False,False,True
N21000277,N21000241,4,4,6659,20619,4757.883627319139,False,False,False,True
N21000277,N21000245,4,1,6659,8653,4096.118262688607,False,False,False,True
N21000277,N21000249,4,1,6659,28796,4345.68141841834,False,False,False,True
N21000277,N21000251,4,58,6659,15928,4499.317091352716,False,False,False,True
N21000277,N21000252,4,28,6659,6604,5107.723738610317,False,False,False,True
N21000277,N21000253,4,13,6659,7436,4010.1799235186663,False,False,False,True
N21000277,N21000254,4,6,6659,17102,4615.011753850054,False,False,False,True
N21000277,N21000256,4,23,6659,24260,3956.149883243535,False,False,False,True
N21000277,N21000258,4,8,6659,27783,3551.0319419816037,False,False,False,True
N21000277,N21000259,4,3,6659,15492,3799.7738725424424,False,False,False,True
N21000277,N21000260,4,1,6659,17259,3381.668275365714,False,False,False,True
N21000277,N21000261,4,1,6659,1844,3583.2781775046624,False,False,False,True
N21000277,N21000264,4,13,6659,24247,3078.7932751869325,False,False,False,True
N21000277,N21000265,4,12,6659,27041,2789.7174800786447,False,False,False,True
N21000277,N21000266,4,7,6659,18253,2896.1560135542995,False,False,False,True
N21000277,N21000268,4,6,6659,1126,2613.5071244573323,False,False,False,True
N21000277,N21000269,4,1,6659,1407,3368.76556523723,False,False,False,True
N21000277,N21000270,4,8,6659,1364,1828.9289633621122,False,False,False,True
N21000277,N21000271,4,3,6659,15197,2164.8890159824005,False,False,False,True
N21000277,N21000272,4,2,6659,20779,1987.5884461457956,False,False,False,True
N21000277,N21000273,4,7,6659,2383,1429.9030421158332,False,False,False,True
N21000277,N21000274,4,10,6659,391,2209.2647704667884,False,False,False,True
N21000277,N21000275,4,1,6659,24042,2125.2048564330003,False,False,False,True
N21000277,N21000278,4,2,6659,25468,2822.5953903038485,False,False,False,True
N21000277,N21000279,4,3,6659,4115,2927.434062633955,False,False,False,True
N21000277,N21000280,4,3,6659,9328,3069.250789340181,False,False,False,True
N21000277,N21000282,4,1,6659,4530,3728.9056663108463,False,False,False,True
N21000277,N21000283,4,1,6659,9205,2913.5017947992906,False,False,True,True
N21000277,N21000286,4,2,6659,16479,4240.670240053061,False,False,False,True
N21000277,N21000287,4,3,6659,4756,7305.5810936528105,False,False,False,True
N21000277,N21000291,4,2,6659,23779,5272.82417871194,False,False,False,True
N21000277,N21000293,4,2,6659,25505,4714.004965967125,False,False,False,True
N21000277,N21000294,4,2,6659,22846,4223.749798345067,False,False,False,True
N21000277,N21000295,4,3,6659,8555,6042.312502116012,False,False,False,True
N21000277,N21000297,4,1,6659,8391,8196.897113205778,False,False,False,True
N21000277,N21000299,4,1,6659,5987,7297.0896730569775,False,False,False,True
N21000277,N21000300,4,1,6659,5088,5049.960855904901,False,False,False,True
N21000277,N21000301,4,1,6659,22078,5541.632773903291,False,False,False,True
N21000277,N21000302,4,1,6659,6864,5206.567395750727,False,False,False,True
N21000277,N21000303,4,3,6659,6397,4444.2489033289185,False,False,False,True
N21000277,N21000307,4,1,6659,2710,3545.73611830787,False,False,False,True
N21000277,N21000308,4,3,6659,13508,3666.903021350799,False,False,False,True
N21000277,N21000309,4,4,6659,2721,3856.3741253520543,False,False,False,True
N21000277,N21000310,4,1,6659,15134,4437.382790596809,False,False,False,True
N21000277,N21000311,4,1,6659,2072,3662.995212419393,False,False,False,True
N21000277,N21000313,4,1,6659,24972,5591.231747771094,False,False,False,True
N21000277,N21000315,4,7,6659,2055,3363.759109495655,False,False,False,True
N21000277,N21000318,4,1,6659,29337,8826.308631525228,False,False,False,True
N21000277,N21000319,4,1,6659,20953,7186.343776292013,False,False,False,True
N21000277,N21000322,4,2,6659,3303,6308.55157823736,False,False,False,True
N21000277,N21000323,4,1,6659,10135,6626.474982384064,False,False,False,True
N21000277,N21000331,4,3,6659,13387,5378.972997734698,False,False,False,True
N21000277,N21000332,4,1,6659,23473,6197.32168433255,False,False,False,True
N21000277,N21000333,4,1,6659,3340,5250.968758775,False,False,False,True
N21000277,N21000334,4,3,6659,27702,5079.119651574055,False,False,False,True
N21000277,N21000335,4,35,6659,18611,4692.137379506197,False,False,False,True
N21000278,N21000165,4,2,25468,19703,8841.814789923767,False,False,False,True
N21000278,N21000168,4,1,25468,4451,8317.648166480685,False,False,False,True
N21000278,N21000175,4,3,25468,27201,6940.841202628435,False,False,False,True
N21000278,N21000177,4,1,25468,22862,6376.785284739789,False,False,False,True
N21000278,N21000178,4,3,25468,12747,6004.073424441932,False,False,False,True
N21000278,N21000186,4,3,25468,13768,9308.071142740204,False,False,False,True
N21000278,N21000189,4,1,25468,4448,8725.398247502182,False,False,False,True
N21000278,N21000192,4,36,25468,17614,9606.48693076251,False,False,False,True
N21000278,N21000195,4,5,25468,22584,7376.601403962526,False,False,False,True
N21000278,N21000198,4,9,25468,15611,7462.130322669715,False,False,False,True
N21000278,N21000202,4,1,25468,15786,7065.237767352223,False,False,False,True
N21000278,N21000203,4,2,25468,15685,7504.794984880234,False,False,False,True
N21000278,N21000204,4,2,25468,26239,5844.775365113405,False,False,False,True
N21000278,N21000205,4,1,25468,27396,6858.969430658657,False,False,False,True
N21000278,N21000206,4,2,25468,4787,7272.16718339418,False,False,False,True
N21000278,N21000209,4,4,25468,9382,5164.616503491182,False,False,False,True
N21000278,N21000212,4,1,25468,26189,5546.69297798949,False,False,True,True
N21000278,N21000223,4,1,25468,22810,7912.483147264508,False,False,False,True
N21000278,N21000225,4,1,25468,25527,8070.561652276296,False,False,False,True
N21000278,N21000226,4,1,25468,7766,7341.8022826975275,False,False,True,True
N21000278,N21000230,4,2,25468,5611,8330.517001283779,False,False,False,True
N21000278,N21000231,4,1,25468,16315,8967.256238839293,False,False,False,True
N21000278,N21000236,4,2,25468,20050,5631.34267894288,False,False,True,True
N21000278,N21000237,4,5,25468,5957,6422.93832777352,False,False,True,True
N21000278,N21000239,4,2,25468,22166,5146.978123903496,False,False,True,True
N21000278,N21000240,4,3,25468,17764,5489.254064952224,False,False,True,True
N21000278,N21000241,4,2,25468,20619,4430.023250008856,False,False,True,True
N21000278,N21000242,4,1,25468,13928,6442.874928366629,False,False,False,True
N21000278,N21000248,4,2,25468,14259,4091.9821286556144,False,False,False,True
N21000278,N21000249,4,4,25468,28796,3411.4683887846286,False,False,False,True
N21000278,N21000251,4,47,25468,15928,4754.904890744907,False,False,False,True
N21000278,N21000252,4,20,25468,6604,5181.967237320035,False,False,False,True
N21000278,N21000253,4,12,25468,7436,4265.767722910858,False,False,False,True
N21000278,N21000254,4,8,25468,17102,4647.953834233936,False,False,False,True
N21000278,N21000256,4,22,25468,24260,4211.737682635727,False,False,False,True
N21000278,N21000258,4,7,25468,27783,3806.619741373795,False,False,True,True
N21000278,N21000259,4,3,25468,15492,3755.8563917204156,False,False,True,True
N21000278,N21000261,4,2,25468,1844,4002.507231987623,False,False,False,True
N21000278,N21000262,4,4,25468,8231,3520.4052124772975,False,False,True,True
N21000278,N21000263,4,3,25468,6770,3916.8063146533436,False,False,True,True
N21000278,N21000264,4,10,25468,24247,2983.0315658476457,False,False,True,True
N21000278,N21000265,4,6,25468,27041,3549.6061929372354,False,False,False,True
N21000278,N21000266,4,3,25468,18253,3688.4864739043333,False,False,False,True
N21000278,N21000267,4,3,25468,21949,3097.720304025413,False,False,True,True
N21000278,N21000268,4,10,25468,1126,4284.904914684416,False,False,False,True
N21000278,N21000269,4,3,25468,1407,3063.872837394355,False,False,True,True
N21000278,N21000270,4,3,25468,1364,2601.2830600978937,False,False,False,True
N21000278,N21000271,4,1,25468,15197,1859.9962881395259,True,True,True,True
N21000278,N21000272,4,2,25468,20779,835.0069441580523,True,True,True,True
N21000278,N21000273,4,1,25468,2383,2394.1234799468,False,False,False,True
N21000278,N21000274,4,13,25468,391,4330.642640720102,False,False,False,True
N21000278,N21000275,4,7,25468,24042,4246.582726686313,False,False,False,True
N21000278,N21000276,4,2,25468,6161,5507.22117199286,False,False,False,True
N21000278,N21000277,4,1,25468,6659,2822.5953903038476,False,False,False,True
N21000278,N21000279,4,1,25468,4115,4987.865778744882,False,False,False,True
N21000278,N21000281,4,2,25468,9316,5402.348848880766,False,False,False,True
N21000278,N21000282,4,10,25468,4530,2015.9571152412354,False,False,True,True
N21000278,N21000283,4,5,25468,9205,4279.4338802002485,False,True,True,True
N21000278,N21000285,4,3,25468,4192,3333.78779275171,False,False,True,True
N21000278,N21000291,4,1,25468,23779,7394.202048965251,False,False,False,True
N21000278,N21000294,4,2,25468,22846,6345.127668598375,False,False,False,True
N21000278,N21000299,4,1,25468,5987,9418.46754331029,False,False,False,True
N21000278,N21000300,4,1,25468,5088,7171.338726158211,False,False,False,True
N21000278,N21000307,4,1,25468,2710,5667.11398856118,False,False,False,True
N21000278,N21000308,4,2,25468,13508,5788.280891604111,False,False,False,True
N21000278,N21000309,4,2,25468,2721,5977.751995605366,False,False,False,True
N21000278,N21000311,4,1,25468,2072,5784.373082672705,False,False,False,True
N21000278,N21000312,4,1,25468,18228,6506.903578530819,False,False,False,True
N21000278,N21000315,4,1,25468,2055,5485.136979748966,False,False,False,True
N21000278,N21000327,4,1,25468,12871,7193.945349772701,False,False,False,True
N21000278,N21000329,4,4,25468,7369,5546.241929232222,False,False,False,True
N21000278,N21000331,4,1,25468,13387,6179.877296131789,False,False,False,True
N21000278,N21000332,4,2,25468,23473,7408.600234724059,False,False,False,True
N21000278,N21000334,4,1,25468,27702,5334.707450966248,False,False,False,True
N21000278,N21000335,4,28,25468,18611,5903.4159298977065,False,False,False,True
N21000279,N21000175,4,1,4115,27201,7818.028770382583,False,False,False,True
N21000279,N21000195,4,3,4115,22584,8253.788971716676,False,False,False,True
N21000279,N21000198,4,12,4115,15611,8469.007780196776,False,False,False,True
N21000279,N21000202,4,2,4115,15786,8596.086355160642,False,False,False,True
N21000279,N21000205,4,2,4115,27396,8389.818018467078,False,False,False,True
N21000279,N21000206,4,1,4115,4787,9036.846842508834,False,False,False,True
N21000279,N21000209,4,7,4115,9382,7061.1473622349295,False,False,False,True
N21000279,N21000213,4,1,4115,9502,7775.838277854154,False,False,False,True
N21000279,N21000216,4,1,4115,14179,8743.707438301237,False,False,False,True
N21000279,N21000236,4,1,4115,20050,8084.273739965547,False,False,False,True
N21000279,N21000237,4,1,4115,5957,9201.928156885408,False,False,False,True
N21000279,N21000239,4,1,4115,22166,7533.112376126242,False,False,False,True
N21000279,N21000240,4,4,4115,17764,8312.291479149577,False,False,False,True
N21000279,N21000241,4,1,4115,20619,6839.125151699009,False,False,False,True
N21000279,N21000243,4,3,4115,1454,7771.654974625405,False,False,False,True
N21000279,N21000248,4,1,4115,14259,7386.402043645486,False,False,False,True
N21000279,N21000251,4,32,4115,15928,5632.092458499055,False,False,False,True
N21000279,N21000252,4,9,4115,6604,6240.499105756654,False,False,False,True
N21000279,N21000253,4,14,4115,7436,5142.955290665003,False,False,False,True
N21000279,N21000254,4,5,4115,17102,5747.787120996391,False,False,False,True
N21000279,N21000256,4,31,4115,24260,4716.368420166035,False,False,False,True
N21000279,N21000257,4,1,4115,60,4370.6521079463455,False,False,False,True
N21000279,N21000258,4,9,4115,27783,4803.497541855216,False,False,False,True
N21000279,N21000259,4,4,4115,15492,5211.415182971871,False,False,False,True
N21000279,N21000261,4,1,4115,1844,4236.506429669883,False,False,False,True
N21000279,N21000263,4,1,4115,6770,6302.940566876086,False,False,False,True
N21000279,N21000264,4,10,4115,24247,4669.521532960618,False,False,False,True
N21000279,N21000265,4,7,4115,27041,3871.4193208413385,False,False,False,True
N21000279,N21000266,4,7,4115,18253,3486.057680291144,False,False,False,True
N21000279,N21000268,4,29,4115,1126,3109.8457462793194,False,False,False,True
N21000279,N21000270,4,7,4115,1364,3590.001619248121,False,False,False,True
N21000279,N21000273,4,8,4115,2383,2794.816050969072,False,False,False,True
N21000279,N21000274,4,38,4115,391,2687.1250535493086,False,False,False,True
N21000279,N21000275,4,6,4115,24042,2168.329978695738,False,False,False,True
N21000279,N21000276,4,11,4115,6161,1515.850576182342,False,False,True,True
N21000279,N21000277,4,1,4115,6659,2927.434062633954,False,False,False,True
N21000279,N21000278,4,2,4115,25468,4987.865778744885,False,False,False,True
N21000279,N21000280,4,9,4115,9328,1072.141903533418,False,False,False,True
N21000279,N21000283,4,10,4115,9205,2388.1025889745665,False,False,False,True
N21000279,N21000284,4,4,4115,16991,2264.724059004928,False,False,False,True
N21000279,N21000285,4,1,4115,4192,4320.244968227494,False,False,False,True
N21000279,N21000288,4,1,4115,18650,3435.032694616598,False,False,True,True
N21000279,N21000291,4,3,4115,23779,3614.410162409595,False,False,True,True
N21000279,N21000293,4,1,4115,25505,2716.896080160362,False,False,False,True
N21000279,N21000294,4,10,4115,22846,2226.6409125383043,False,False,False,True
N21000279,N21000298,4,1,4115,89,3788.5350091753407,False,False,False,True
N21000279,N21000299,4,1,4115,5987,5299.980787250216,False,False,False,True
N21000279,N21000300,4,5,4115,5088,3052.8519700981406,False,False,False,True
N21000279,N21000301,4,1,4115,22078,5935.036864813717,False,False,False,True
N21000279,N21000303,4,3,4115,6397,4940.587525150906,False,False,False,True
N21000279,N21000305,4,2,4115,6602,5096.816091671149,False,False,False,True
N21000279,N21000307,4,2,4115,2710,3922.1335017565307,False,False,False,True
N21000279,N21000308,4,2,4115,13508,3928.872286700694,False,False,False,True
N21000279,N21000309,4,4,4115,2721,4334.234408434575,False,False,False,True
N21000279,N21000310,4,2,4115,15134,3679.4965637350115,False,False,False,True
N21000279,N21000319,4,3,4115,20953,7682.6823981140005,False,False,False,True
N21000279,N21000323,4,2,4115,10135,7122.813604206051,False,False,False,True
N21000279,N21000325,4,3,4115,14225,6931.842100659314,False,False,False,True
N21000279,N21000326,4,1,4115,3406,7250.799344403884,False,False,False,True
N21000279,N21000327,4,2,4115,12871,6631.749825990051,False,False,False,True
N21000279,N21000334,4,1,4115,27702,5805.074627522089,False,False,False,True
N21000279,N21000335,4,29,4115,18611,5188.476001328185,False,False,False,True
N21000280,N21000170,4,2,9328,23278,8573.578407545496,False,False,False,True
N21000280,N21000175,4,3,9328,27201,7959.845497088811,False,False,False,True
N21000280,N21000193,4,1,9328,24443,8989.626983390675,False,False,False,True
N21000280,N21000195,4,2,9328,22584,8395.605698422902,False,False,False,True
N21000280,N21000198,4,8,9328,15611,8610.824506903005,False,False,False,True
N21000280,N21000205,4,1,9328,27396,8531.634745173304,False,False,False,True
N21000280,N21000208,4,2,9328,5457,8043.2643592777995,False,False,False,True
N21000280,N21000213,4,1,9328,9502,7917.655004560381,False,False,False,True
N21000280,N21000240,4,1,9328,17764,8454.1082058558,False,False,False,True
N21000280,N21000241,4,1,9328,20619,6980.941878405234,False,False,False,True
N21000280,N21000249,4,1,9328,28796,6568.7396695044345,False,False,False,True
N21000280,N21000251,4,28,9328,15928,5773.9091852052825,False,False,False,True
N21000280,N21000252,4,20,9328,6604,6382.315832462881,False,False,False,True
N21000280,N21000253,4,2,9328,7436,5284.7720173712305,False,False,False,True
N21000280,N21000254,4,3,9328,17102,5889.603847702619,False,False,False,True
N21000280,N21000256,4,16,9328,24260,4858.185146872262,False,False,False,True
N21000280,N21000258,4,6,9328,27783,4945.314268561443,False,False,False,True
N21000280,N21000261,4,6,9328,1844,4378.323156376108,False,False,False,True
N21000280,N21000264,4,6,9328,24247,4811.338259666843,False,False,False,True
N21000280,N21000265,4,9,9328,27041,4013.2360475475643,False,False,False,True
N21000280,N21000266,4,3,9328,18253,3627.87440699737,False,False,False,True
N21000280,N21000268,4,13,9328,1126,3251.6624729855453,False,False,False,True
N21000280,N21000270,4,5,9328,1364,3731.818345954347,False,False,False,True
N21000280,N21000272,4,1,9328,20779,4355.621715435439,False,False,False,True
N21000280,N21000273,4,5,9328,2383,2936.632777675298,False,False,False,True
N21000280,N21000274,4,10,9328,391,2828.9417802555345,False,False,False,True
N21000280,N21000275,4,3,9328,24042,2310.1467054019645,False,False,False,True
N21000280,N21000276,4,2,9328,6161,1238.4931382363357,False,False,False,True
N21000280,N21000277,4,1,9328,6659,3069.2507893401794,False,False,False,True
N21000280,N21000278,4,1,9328,25468,5190.628659593492,False,False,False,True
N21000280,N21000279,4,2,9328,4115,1072.141903533418,False,False,False,True
N21000280,N21000283,4,1,9328,9205,2904.9810191023475,False,False,False,True
N21000280,N21000284,4,5,9328,16991,2781.602489132709,False,False,False,True
N21000280,N21000286,4,4,9328,16479,2408.779717086722,False,False,False,True
N21000280,N21000287,4,3,9328,4756,4376.150268620647,False,False,False,True
N21000280,N21000289,4,1,9328,25081,2279.946456049566,False,False,False,True
N21000280,N21000290,4,1,9328,18971,3647.1444994107424,False,False,False,True
N21000280,N21000293,4,5,9328,25505,1644.7541766269446,False,False,False,True
N21000280,N21000294,4,9,9328,22846,1154.499009004886,False,False,False,True
N21000280,N21000298,4,1,9328,89,2716.3931056419224,False,False,False,True
N21000280,N21000299,4,1,9328,5987,4227.838883716798,False,False,False,True
N21000280,N21000300,4,3,9328,5088,1980.7100665647226,False,False,False,True
N21000280,N21000301,4,1,9328,22078,5657.679426867713,False,False,False,True
N21000280,N21000302,4,1,9328,6864,5783.10917687783,False,False,False,True
N21000280,N21000303,4,2,9328,6397,5082.404251857131,False,False,False,True
N21000280,N21000306,4,3,9328,28173,4947.2601375343875,False,False,False,True
N21000280,N21000308,4,5,9328,13508,3651.514848754689,False,False,False,True
N21000280,N21000309,4,8,9328,2721,4284.7058891775705,False,False,False,True
N21000280,N21000310,4,2,9328,15134,3402.1391257890054,False,False,False,True
N21000280,N21000311,4,3,9328,2072,2743.7009741895044,False,False,False,True
N21000280,N21000312,4,2,9328,18228,2579.659887317618,False,False,False,True
N21000280,N21000315,4,2,9328,2055,2462.3522618296092,False,False,False,True
N21000280,N21000317,4,1,9328,25675,7764.305758828343,False,False,False,True
N21000280,N21000319,4,1,9328,20953,7824.499124820226,False,False,False,True
N21000280,N21000323,4,2,9328,10135,7264.630330912277,False,False,False,True
N21000280,N21000325,4,4,9328,14225,7073.65882736554,False,False,False,True
N21000280,N21000326,4,1,9328,3406,6973.44190645788,False,False,False,True
N21000280,N21000329,4,1,9328,7369,6565.246223692598,False,False,False,True
N21000280,N21000331,4,4,9328,13387,6017.128346262911,False,False,False,True
N21000280,N21000334,4,2,9328,27702,5946.891354228314,False,False,False,True
N21000280,N21000335,4,20,9328,18611,5330.29272803441,False,False,False,True
N21000281,N21000167,4,1,9316,23946,9241.789584004466,False,False,False,True
N21000281,N21000175,4,4,9316,27201,8305.422170335502,False,False,False,True
N21000281,N21000178,4,2,9316,12747,7368.654392149,False,False,False,True
N21000281,N21000193,4,1,9316,24443,9335.203656637368,False,False,False,True
N21000281,N21000194,4,1,9316,25109,9225.97563427249,False,False,False,True
N21000281,N21000195,4,3,9316,22584,8741.182371669594,False,False,False,True
N21000281,N21000196,4,1,9316,8754,8681.447440498945,False,False,False,True
N21000281,N21000198,4,13,9316,15611,8956.401180149693,False,False,False,True
N21000281,N21000201,4,1,9316,24818,9223.67871259639,False,False,False,True
N21000281,N21000202,4,1,9316,15786,9083.479755113558,False,False,False,True
N21000281,N21000205,4,2,9316,27396,8877.211418419996,False,False,False,True
N21000281,N21000208,4,1,9316,5457,8388.841032524491,False,False,False,True
N21000281,N21000209,4,4,9316,9382,7548.540762187849,False,False,False,True
N21000281,N21000214,4,1,9316,55,8392.475383742625,False,False,False,True
N21000281,N21000215,4,2,9316,25962,8541.090204031176,False,False,False,True
N21000281,N21000240,4,5,9316,17764,8799.684879102495,False,False,False,True
N21000281,N21000245,4,5,9316,8653,6664.753187021395,False,False,False,True
N21000281,N21000249,4,3,9316,28796,6914.316342751129,False,False,False,True
N21000281,N21000250,4,1,9316,4849,8646.76800185808,False,False,False,True
N21000281,N21000251,4,57,9316,15928,6119.485858451975,False,False,False,True
N21000281,N21000252,4,12,9316,6604,6727.892505709574,False,False,False,True
N21000281,N21000253,4,6,9316,7436,5630.348690617923,False,False,False,True
N21000281,N21000254,4,3,9316,17102,6235.180520949311,False,False,False,True
N21000281,N21000255,4,1,9316,11696,5282.581240637137,False,False,False,True
N21000281,N21000256,4,27,9316,24260,5203.761820118955,False,False,False,True
N21000281,N21000258,4,13,9316,27783,5290.890941808136,False,False,False,True
N21000281,N21000259,4,3,9316,15492,5698.808582924791,False,False,False,True
N21000281,N21000260,4,2,9316,17259,4458.963342055478,False,False,False,True
N21000281,N21000261,4,5,9316,1844,4723.899829622802,False,False,False,True
N21000281,N21000263,4,4,9316,6770,6790.333966829006,False,False,False,True
N21000281,N21000264,4,7,9316,24247,5156.914932913538,False,False,False,True
N21000281,N21000265,4,9,9316,27041,4358.812720794257,False,False,False,True
N21000281,N21000267,4,1,9316,21949,5971.247956201078,False,False,False,True
N21000281,N21000268,4,31,9316,1126,3597.23914623224,False,False,False,True
N21000281,N21000270,4,11,9316,1364,4077.3950192010416,False,False,False,True
N21000281,N21000271,4,3,9316,15197,4811.142211520477,False,False,False,True
N21000281,N21000272,4,1,9316,20779,4633.841641683871,False,False,False,True
N21000281,N21000273,4,7,9316,2383,3282.2094509219924,False,False,False,True
N21000281,N21000274,4,25,9316,391,3174.518453502229,False,False,False,True
N21000281,N21000275,4,14,9316,24042,2655.723378648659,False,False,False,True
N21000281,N21000276,4,2,9316,6161,2106.556108154454,False,False,True,True
N21000281,N21000277,4,11,9316,6659,3414.827462586875,False,False,False,True
N21000281,N21000278,4,4,9316,25468,5402.348848880766,False,False,False,True
N21000281,N21000280,4,4,9316,9328,1584.32409328782,False,False,False,True
N21000281,N21000282,4,1,9316,4530,5290.4766856170745,False,False,False,True
N21000281,N21000283,4,14,9316,9205,2603.1111577924344,False,False,False,True
N21000281,N21000284,4,3,9316,16991,2479.732627822796,False,False,False,True
N21000281,N21000286,4,1,9316,16479,3276.84268700484,False,False,True,True
N21000281,N21000287,4,1,9316,4756,5960.474361908465,False,False,False,True
N21000281,N21000288,4,1,9316,18650,4025.73822658871,False,False,True,True
N21000281,N21000290,4,2,9316,18971,5231.468592698559,False,False,False,True
N21000281,N21000291,4,3,9316,23779,4126.592352163998,False,False,True,True
N21000281,N21000293,4,2,9316,25505,3229.0782699147635,False,False,False,True
N21000281,N21000294,4,7,9316,22846,2738.8231022927052,False,False,False,True
N21000281,N21000295,4,1,9316,8555,4557.385806063653,False,False,False,True
N21000281,N21000300,4,15,9316,5088,3565.0341598525424,False,False,False,True
N21000281,N21000302,4,1,9316,6864,6190.299417525634,False,False,False,True
N21000281,N21000303,4,4,9316,6397,5427.980925103826,False,False,False,True
N21000281,N21000304,4,2,9316,2229,7808.522508543319,False,False,False,True
N21000281,N21000309,4,6,9316,2721,4821.627808387497,False,False,False,True
N21000281,N21000310,4,1,9316,15134,4270.202095707124,False,False,False,True
N21000281,N21000311,4,3,9316,2072,3611.7639441076217,False,False,True,True
N21000281,N21000313,4,2,9316,24972,4627.404194722874,False,False,True,True
N21000281,N21000315,4,1,9316,2055,3330.415231747727,False,False,True,True
N21000281,N21000317,4,2,9316,25675,8109.882432075037,False,False,False,True
N21000281,N21000322,4,1,9316,3303,7521.5653539810655,False,False,False,True
N21000281,N21000324,4,1,9316,25636,7356.039542725555,False,False,False,True
N21000281,N21000325,4,8,9316,14225,7419.235500612234,False,False,False,True
N21000281,N21000326,4,1,9316,3406,7822.648936528899,False,False,False,True
N21000281,N21000327,4,1,9316,12871,7119.143225942971,False,False,False,True
N21000281,N21000329,4,3,9316,7369,6910.82289693929,False,False,False,True
N21000281,N21000331,4,1,9316,13387,6362.705019509605,False,False,False,True
N21000281,N21000332,4,1,9316,23473,7181.053706107457,False,False,False,True
N21000281,N21000334,4,1,9316,27702,6292.468027475009,False,False,False,True
N21000281,N21000335,4,23,9316,18611,5675.869401281105,False,False,False,True
N21000282,N21000178,4,2,4530,12747,7425.455356465726,False,False,False,True
N21000282,N21000195,4,3,4530,22584,8797.98333598632,False,False,False,True
N21000282,N21000198,4,11,4530,15611,8883.512254693502,False,False,False,True
N21000282,N21000199,4,1,4530,8027,9640.979265453288,False,False,False,True
N21000282,N21000202,4,1,4530,15786,8486.61969937601,False,False,False,True
N21000282,N21000203,4,1,4530,15685,8926.176916904024,False,False,False,True
N21000282,N21000204,4,1,4530,26239,7266.1572971371925,False,False,False,True
N21000282,N21000205,4,2,4530,27396,8280.351362682444,False,False,False,True
N21000282,N21000207,4,1,4530,26051,7351.593910281581,False,False,False,True
N21000282,N21000208,4,3,4530,5457,7675.778021447507,False,False,False,True
N21000282,N21000209,4,4,4530,9382,6585.998435514969,False,False,False,True
N21000282,N21000210,4,1,4530,23126,8062.611517324066,False,False,True,True
N21000282,N21000213,4,1,4530,9502,6984.284638973095,False,False,True,True
N21000282,N21000215,4,2,4530,25962,7348.924645648957,False,False,True,True
N21000282,N21000216,4,1,4530,14179,7625.590275832991,False,False,True,True
N21000282,N21000223,4,2,4530,22810,9468.87627203983,False,False,False,True
N21000282,N21000232,4,1,4530,26582,8932.356286920687,False,False,True,True
N21000282,N21000235,4,1,4530,15632,8790.357854930486,False,False,False,True
N21000282,N21000238,4,4,4530,26190,6229.853141958045,False,False,False,True
N21000282,N21000239,4,1,4530,22166,6568.360055927287,False,False,True,True
N21000282,N21000240,4,11,4530,17764,7045.6471897275505,False,False,True,True
N21000282,N21000246,4,1,4530,1102,5537.194048581366,False,False,False,True
N21000282,N21000248,4,2,4530,14259,5648.375253430941,False,False,False,True
N21000282,N21000249,4,3,4530,28796,4967.861513559955,False,False,False,True
N21000282,N21000250,4,2,4530,4849,6347.645064166605,False,False,False,True
N21000282,N21000251,4,26,4530,15928,6176.286822768701,False,False,False,True
N21000282,N21000252,4,8,4530,6604,6603.349169343826,False,False,False,True
N21000282,N21000253,4,1,4530,7436,5687.149654934649,False,False,False,True
N21000282,N21000254,4,1,4530,17102,6069.335766257727,False,False,False,True
N21000282,N21000256,4,13,4530,24260,5633.119614659518,False,False,False,True
N21000282,N21000257,4,1,4530,60,6213.4073464015055,False,False,False,True
N21000282,N21000258,4,3,4530,27783,5228.001673397587,False,False,True,True
N21000282,N21000259,4,1,4530,15492,5177.238323744206,False,False,True,True
N21000282,N21000261,4,1,4530,1844,5423.889164011414,False,False,False,True
N21000282,N21000263,4,5,4530,6770,5338.188246677131,False,False,True,True
N21000282,N21000264,4,1,4530,24247,4404.413497871435,False,False,True,True
N21000282,N21000265,4,1,4530,27041,4970.9881249610235,False,False,False,True
N21000282,N21000266,4,2,4530,18253,5109.868405928122,False,False,False,True
N21000282,N21000267,4,2,4530,21949,4519.1022360492025,False,False,True,True
N21000282,N21000268,4,22,4530,1126,5662.332861535634,False,False,False,True
N21000282,N21000269,4,1,4530,1407,4485.254769418143,False,False,True,True
N21000282,N21000270,4,4,4530,1364,4022.6649921216826,False,False,False,True
N21000282,N21000271,4,1,4530,15197,3281.378220163315,False,False,True,True
N21000282,N21000273,4,2,4530,2383,3815.5054119705887,False,False,False,True
N21000282,N21000274,4,12,4530,391,5308.0659687253865,False,False,False,True
N21000282,N21000275,4,2,4530,24042,5224.006054691599,False,False,False,True
N21000282,N21000276,4,2,4530,6161,6188.412475489278,False,False,False,True
N21000282,N21000277,4,1,4530,6659,3728.905666310847,False,False,False,True
N21000282,N21000278,4,7,4530,25468,2015.957115241236,False,False,True,True
N21000282,N21000283,4,3,4530,9205,4184.626321088482,False,False,True,True
N21000282,N21000284,4,1,4530,16991,5366.916182429362,False,False,False,True
N21000282,N21000285,4,8,4530,4192,2153.755662191981,False,False,False,True
N21000282,N21000301,4,1,4530,22078,8640.433972161885,False,False,False,True
N21000282,N21000305,4,1,4530,6602,7717.757006847224,False,False,False,True
N21000282,N21000309,4,5,4530,2721,6955.17532361065,False,False,False,True
N21000282,N21000311,4,1,4530,2072,6761.796410677989,False,False,False,True
N21000282,N21000330,4,1,4530,3126,9423.549330093212,False,False,False,True
N21000282,N21000332,4,1,4530,23473,8829.98216674785,False,False,False,True
N21000282,N21000334,4,1,4530,27702,6756.08938299004,False,False,False,True
N21000282,N21000335,4,10,4530,18611,7324.797861921497,False,False,False,True
N21000283,N21000172,4,4,9205,18162,9381.123342625708,False,False,False,True
N21000283,N21000174,4,1,9205,19652,9647.547995312136,False,False,False,True
N21000283,N21000175,4,6,9205,27201,8679.824776800655,False,False,False,True
N21000283,N21000198,4,12,9205,15611,9330.803786614852,False,False,False,True
N21000283,N21000201,4,1,9205,24818,9504.900826242336,False,False,False,True
N21000283,N21000202,4,1,9205,15786,9364.701868759505,False,False,False,True
N21000283,N21000204,4,1,9205,26239,8087.245536554486,False,False,False,True
N21000283,N21000205,4,1,9205,27396,9158.433532065943,False,False,False,True
N21000283,N21000208,4,2,9205,5457,8553.860190831007,False,False,False,True
N21000283,N21000209,4,2,9205,9382,7464.080604898468,False,False,False,True
N21000283,N21000213,4,2,9205,9502,7862.3668083565935,False,False,False,True
N21000283,N21000218,4,2,9205,15318,7666.426454651834,False,False,False,True
N21000283,N21000237,4,1,9205,5957,9115.258006069951,False,False,True,True
N21000283,N21000238,4,1,9205,26190,7107.935311341544,False,False,False,True
N21000283,N21000239,4,1,9205,22166,7446.442225310786,False,False,True,True
N21000283,N21000240,4,2,9205,17764,8225.62132833412,False,False,True,True
N21000283,N21000241,4,4,9205,20619,6752.455000883552,False,False,True,True
N21000283,N21000243,4,1,9205,1454,7681.069300128675,False,False,True,True
N21000283,N21000245,4,1,9205,8653,6090.689636253019,False,False,True,True
N21000283,N21000251,4,40,9205,15928,6493.888464917132,False,False,False,True
N21000283,N21000252,4,23,9205,6604,7102.295112174732,False,False,False,True
N21000283,N21000253,4,11,9205,7436,6004.751297083081,False,False,False,True
N21000283,N21000254,4,12,9205,17102,6609.583127414469,False,False,False,True
N21000283,N21000256,4,31,9205,24260,5950.72125680795,False,False,False,True
N21000283,N21000258,4,8,9205,27783,5545.603315546019,False,False,False,True
N21000283,N21000261,4,1,9205,1844,5577.849551069076,False,False,False,True
N21000283,N21000263,4,1,9205,6770,6216.27041606063,False,False,False,True
N21000283,N21000264,4,16,9205,24247,5073.364648751343,False,False,False,True
N21000283,N21000265,4,5,9205,27041,4784.288853643057,False,False,False,True
N21000283,N21000266,4,4,9205,18253,4923.169134610156,False,False,False,True
N21000283,N21000268,4,11,9205,1126,4650.156228694025,False,False,False,True
N21000283,N21000270,4,6,9205,1364,3823.5003369265255,False,False,False,True
N21000283,N21000271,4,2,9205,15197,4159.4603895468135,False,False,False,True
N21000283,N21000272,4,2,9205,20779,3982.159819710208,False,False,True,True
N21000283,N21000273,4,5,9205,2383,3424.474415680246,False,False,False,True
N21000283,N21000274,4,13,9205,391,4227.435535964015,False,False,False,True
N21000283,N21000276,4,3,9205,6161,3501.0469476646413,False,False,False,True
N21000283,N21000277,4,2,9205,6659,2913.5017947992906,False,False,True,True
N21000283,N21000279,4,4,9205,4115,2388.1025889745665,False,False,False,True
N21000283,N21000280,4,4,9205,9328,2904.9810191023485,False,False,False,True
N21000283,N21000282,4,2,9205,4530,4184.626321088482,False,False,True,True
N21000283,N21000284,4,4,9205,16991,2266.828750948831,False,False,False,True
N21000283,N21000289,4,1,9205,25081,4542.500265477872,False,False,False,True
N21000283,N21000293,4,4,9205,25505,4549.735195729293,False,False,False,True
N21000283,N21000294,4,2,9205,22846,4059.4800281072335,False,False,False,True
N21000283,N21000300,4,1,9205,5088,3999.7728519163948,False,False,False,True
N21000283,N21000303,4,2,9205,6397,6480.8980075656145,False,False,False,True
N21000283,N21000304,4,3,9205,2229,9203.013348053506,False,False,False,True
N21000283,N21000307,4,2,9205,2710,5563.9068838050935,False,False,False,True
N21000283,N21000308,4,3,9205,13508,5685.073786848025,False,False,False,True
N21000283,N21000309,4,3,9205,2721,5874.544890849279,False,False,False,True
N21000283,N21000310,4,3,9205,15134,5664.692935217309,False,False,False,True
N21000283,N21000311,4,5,9205,2072,5006.254783617807,False,False,False,True
N21000283,N21000312,4,2,9205,18228,4842.213696745924,False,False,False,True
N21000283,N21000315,4,9,9205,2055,4724.906071257914,False,False,False,True
N21000283,N21000317,4,1,9205,25675,9162.799514536826,False,False,False,True
N21000283,N21000325,4,3,9205,14225,7851.514730324028,False,False,False,True
N21000283,N21000329,4,1,9205,7369,7285.225503404447,False,False,False,True
N21000283,N21000332,4,1,9205,23473,8233.970788569248,False,False,False,True
N21000283,N21000334,4,2,9205,27702,7073.691025138472,False,False,False,True
N21000283,N21000335,4,29,9205,18611,6728.786483742893,False,False,False,True
N21000284,N21000175,4,8,16991,27201,9620.989607539863,False,False,False,True
N21000284,N21000178,4,2,16991,12747,8684.221829353368,False,False,False,True
N21000284,N21000204,4,1,16991,26239,9028.410367293689,False,False,False,True
N21000284,N21000209,4,2,16991,9382,8405.245435637682,False,False,False,True
N21000284,N21000213,4,3,16991,9502,8803.531639095805,False,False,False,True
N21000284,N21000216,4,3,16991,14179,9598.202118224994,False,False,False,True
N21000284,N21000239,4,1,16991,22166,8387.607056049997,False,False,False,True
N21000284,N21000240,4,11,16991,17764,9166.78615907333,False,False,False,True
N21000284,N21000248,4,2,16991,14259,8236.981199887965,False,False,False,True
N21000284,N21000249,4,1,16991,28796,7281.417622721963,False,False,False,True
N21000284,N21000251,4,53,16991,15928,7435.053295656342,False,False,False,True
N21000284,N21000252,4,16,16991,6604,8043.459942913941,False,False,False,True
N21000284,N21000253,4,11,16991,7436,6945.91612782229,False,False,False,True
N21000284,N21000254,4,5,16991,17102,7550.747958153678,False,False,False,True
N21000284,N21000255,4,4,16991,11696,6998.406401385644,False,False,False,True
N21000284,N21000256,4,21,16991,24260,6862.9497748578815,False,False,False,True
N21000284,N21000257,4,1,16991,60,6573.870668647772,False,False,False,True
N21000284,N21000258,4,12,16991,27783,6486.768146285228,False,False,False,True
N21000284,N21000259,4,3,16991,15492,6735.510076846068,False,False,False,True
N21000284,N21000261,4,2,16991,1844,6383.087784361728,False,False,False,True
N21000284,N21000264,4,12,16991,24247,6014.529479490552,False,False,False,True
N21000284,N21000265,4,3,16991,27041,5725.453684382266,False,False,False,True
N21000284,N21000266,4,10,16991,18253,5632.639034982989,False,False,False,True
N21000284,N21000268,4,40,16991,1126,5313.064306980744,False,False,False,True
N21000284,N21000269,4,2,16991,1407,6304.501769540852,False,False,False,True
N21000284,N21000270,4,4,16991,1364,4764.665167665735,False,False,False,True
N21000284,N21000271,4,2,16991,15197,5100.625220286024,False,False,False,True
N21000284,N21000272,4,4,16991,20779,4923.324650449417,False,False,False,True
N21000284,N21000273,4,5,16991,2383,4365.639246419456,False,False,False,True
N21000284,N21000274,4,22,16991,391,4890.343614250733,False,False,False,True
N21000284,N21000275,4,3,16991,24042,4433.054037700667,False,False,False,True
N21000284,N21000276,4,8,16991,6161,3377.6684176950025,False,False,False,True
N21000284,N21000277,4,2,16991,6659,3854.6666255385003,False,False,False,True
N21000284,N21000278,4,1,16991,25468,5461.723741541128,False,False,False,True
N21000284,N21000279,4,15,16991,4115,2264.7240590049278,False,False,False,True
N21000284,N21000280,4,15,16991,9328,2781.6024891327093,False,False,False,True
N21000284,N21000281,4,1,16991,9316,2479.7326278227965,False,False,False,True
N21000284,N21000283,4,4,16991,9205,2266.828750948831,False,False,False,True
N21000284,N21000286,4,1,16991,16479,4547.954996545388,False,False,False,True
N21000284,N21000287,4,2,16991,4756,5382.364126240252,False,False,False,True
N21000284,N21000288,4,2,16991,18650,4516.356538701236,False,False,False,True
N21000284,N21000293,4,3,16991,25505,3311.8387417160775,False,False,False,True
N21000284,N21000294,4,8,16991,22846,2485.5543478518516,False,False,False,True
N21000284,N21000295,4,1,16991,8555,3659.077406635182,False,False,False,True
N21000284,N21000300,4,3,16991,5088,2254.976250857652,False,False,True,True
N21000284,N21000302,4,1,16991,6864,7906.124578274142,False,False,False,True
N21000284,N21000304,4,3,16991,2229,8585.117578671954,False,False,False,True
N21000284,N21000309,4,12,16991,2721,6423.881168636234,False,False,False,True
N21000284,N21000310,4,2,16991,15134,5541.31440524767,False,False,False,True
N21000284,N21000311,4,5,16991,2072,4882.876253648169,False,False,False,True
N21000284,N21000313,4,2,16991,24972,5668.648075273359,False,False,False,True
N21000284,N21000315,4,4,16991,2055,4601.527541288275,False,False,False,True
N21000284,N21000322,4,1,16991,3303,9237.390514729574,False,False,False,True
N21000284,N21000325,4,2,16991,14225,8792.679561063238,False,False,False,True
N21000284,N21000329,4,1,16991,7369,8226.390334143658,False,False,False,True
N21000284,N21000335,4,28,16991,18611,7391.694562029612,False,False,False,True
N21000285,N21000175,4,3,4192,27201,9046.684378432627,False,False,False,True
N21000285,N21000195,4,2,4192,22584,9482.444579766734,False,False,False,True
N21000285,N21000204,4,1,4192,26239,8454.105138186462,False,False,False,True
N21000285,N21000205,4,2,4192,27396,9525.29313369792,False,False,False,True
N21000285,N21000207,4,4,4192,26051,8596.535681297057,False,False,False,True
N21000285,N21000208,4,1,4192,5457,8920.719792462984,False,False,False,True
N21000285,N21000209,4,2,4192,9382,7830.940206530445,False,False,False,True
N21000285,N21000213,4,2,4192,9502,8229.22640998857,False,False,True,True
N21000285,N21000216,4,1,4192,14179,8943.420953343464,False,False,True,True
N21000285,N21000236,4,2,4192,20050,8364.463190782066,False,False,True,True
N21000285,N21000237,4,2,4192,5957,9297.162130059321,False,False,True,True
N21000285,N21000240,4,7,4192,17764,8363.477867238025,False,False,True,True
N21000285,N21000241,4,2,4192,20619,7119.314602515529,False,False,True,True
N21000285,N21000242,4,1,4192,13928,9317.098730652431,False,False,False,True
N21000285,N21000244,4,1,4192,16707,8258.964521021475,False,False,True,True
N21000285,N21000248,4,3,4192,14259,6966.205930941415,False,False,False,True
N21000285,N21000249,4,3,4192,28796,6285.6921910704295,False,False,False,True
N21000285,N21000250,4,1,4192,4849,7665.475741677079,False,False,False,True
N21000285,N21000251,4,56,4192,15928,6860.748066549109,False,False,False,True
N21000285,N21000252,4,8,4192,6604,7469.154713806708,False,False,False,True
N21000285,N21000253,4,2,4192,7436,6371.610898715057,False,False,False,True
N21000285,N21000254,4,6,4192,17102,6976.4427290464455,False,False,False,True
N21000285,N21000256,4,22,4192,24260,6317.5808584399265,False,False,False,True
N21000285,N21000258,4,6,4192,27783,5912.462917177995,False,False,False,True
N21000285,N21000259,4,3,4192,15492,6161.204847738835,False,False,True,True
N21000285,N21000261,4,4,4192,1844,5944.7091527010525,False,False,False,True
N21000285,N21000263,4,5,4192,6770,6583.130017692607,False,False,True,True
N21000285,N21000264,4,7,4192,24247,5440.2242503833195,False,False,True,True
N21000285,N21000265,4,4,4192,27041,5151.1484552750335,False,False,False,True
N21000285,N21000266,4,5,4192,18253,5290.028736242132,False,False,False,True
N21000285,N21000267,4,1,4192,21949,5764.044007064678,False,False,True,True
N21000285,N21000268,4,15,4192,1126,5270.340221479556,False,False,False,True
N21000285,N21000269,4,2,4192,1407,5730.196540433619,False,False,True,True
N21000285,N21000270,4,4,4192,1364,4190.359938558502,False,False,False,True
N21000285,N21000272,4,1,4192,20779,3709.2307464438522,False,False,True,True
N21000285,N21000273,4,3,4192,2383,3791.334017312223,False,False,False,True
N21000285,N21000274,4,11,4192,391,4847.619528749546,False,False,False,True
N21000285,N21000275,4,4,4192,24042,4763.559614715758,False,False,False,True
N21000285,N21000276,4,1,4192,6161,5632.6638282355825,False,False,False,True
N21000285,N21000277,4,2,4192,6659,3280.3613964312676,False,False,False,True
N21000285,N21000278,4,5,4192,25468,3333.78779275171,False,False,True,True
N21000285,N21000280,4,2,4192,9328,5036.59789967329,False,False,False,True
N21000285,N21000282,4,7,4192,4530,2153.7556621919816,False,False,False,True
N21000285,N21000283,4,6,4192,9205,3782.839400926285,False,False,True,True
N21000285,N21000284,4,3,4192,16991,4965.129262267166,False,False,False,True
N21000285,N21000287,4,2,4192,4756,9412.748168293934,False,False,False,True
N21000285,N21000288,4,1,4192,18650,7551.84594666984,False,False,False,True
N21000285,N21000293,4,1,4192,25505,6681.352076300233,False,False,False,True
N21000285,N21000294,4,1,4192,22846,6191.096908678173,False,False,False,True
N21000285,N21000295,4,1,4192,8555,8009.659612449121,False,False,False,True
N21000285,N21000299,4,1,4192,5987,9264.436783390087,False,False,False,True
N21000285,N21000300,4,1,4192,5088,6698.073363234727,False,False,False,True
N21000285,N21000302,4,1,4192,6864,7863.400492772954,False,False,False,True
N21000285,N21000306,4,1,4192,28173,7157.283131991626,False,False,False,True
N21000285,N21000307,4,2,4192,2710,6184.090876590623,False,False,False,True
N21000285,N21000308,4,1,4192,13508,6305.2577796335545,False,False,False,True
N21000285,N21000309,4,1,4192,2721,6494.728883634809,False,False,False,True
N21000285,N21000313,4,1,4192,24972,8153.511914804,False,False,False,True
N21000285,N21000324,4,2,4192,25636,9029.140617972876,False,False,False,True
N21000285,N21000325,4,1,4192,14225,8218.374331956005,False,False,False,True
N21000285,N21000326,4,3,4192,3406,9495.75001177621,False,False,False,True
N21000285,N21000329,4,3,4192,7369,7652.0851050364245,False,False,False,True
N21000285,N21000331,4,3,4192,13387,8035.806094756925,False,False,False,True
N21000285,N21000332,4,2,4192,23473,8854.154781354777,False,False,False,True
N21000285,N21000335,4,26,4192,18611,7348.970476528424,False,False,False,True
N21000286,N21000170,4,1,16479,23278,7439.943067708729,False,False,False,True
N21000286,N21000172,4,2,16479,18162,7265.157003435869,False,False,False,True
N21000286,N21000175,4,5,16479,27201,7178.948782240216,False,False,False,True
N21000286,N21000177,4,2,16479,22862,7212.519555111676,False,False,False,True
N21000286,N21000178,4,3,16479,12747,6839.807694813819,False,False,False,True
N21000286,N21000187,4,1,16479,23892,9459.26957983335,False,False,False,True
N21000286,N21000189,4,2,16479,4448,9010.884563523407,False,False,False,True
N21000286,N21000195,4,5,16479,22584,8212.335674334414,False,False,False,True
N21000286,N21000198,4,5,16479,15611,8797.774075224403,False,False,False,True
N21000286,N21000201,4,1,16479,24818,9413.713833766611,False,False,False,True
N21000286,N21000204,4,2,16479,26239,7909.407640753167,False,False,False,True
N21000286,N21000205,4,1,16479,27396,9073.776129083837,False,False,False,True
N21000286,N21000209,4,1,16479,9382,7745.105472851688,False,False,False,True
N21000286,N21000240,4,2,16479,17764,9625.527656568682,False,False,False,True
N21000286,N21000251,4,63,16479,15928,5971.495166521128,False,False,False,True
N21000286,N21000252,4,11,16479,6604,6924.457216373413,False,False,False,True
N21000286,N21000253,4,7,16479,7436,6004.341204777986,False,False,False,True
N21000286,N21000254,4,4,16479,17102,6611.410660477583,False,False,False,True
N21000286,N21000256,4,15,16479,24260,5172.134073283663,False,False,False,True
N21000286,N21000258,4,2,16479,27783,5954.41101221724,False,False,False,True
N21000286,N21000259,4,1,16479,15492,6434.4443574047755,False,False,False,True
N21000286,N21000261,4,3,16479,1844,5549.742607088989,False,False,False,True
N21000286,N21000264,4,3,16479,24247,5982.757710379724,False,False,False,True
N21000286,N21000265,4,1,16479,27041,5184.655498260444,False,False,False,True
N21000286,N21000266,4,1,16479,18253,4799.2938577102495,False,False,False,True
N21000286,N21000267,4,1,16479,21949,6797.090733667264,False,False,False,True
N21000286,N21000268,4,20,16479,1126,3648.507912581862,False,False,False,True
N21000286,N21000269,4,2,16479,1407,6763.243267036205,False,False,False,True
N21000286,N21000270,4,3,16479,1364,4903.2377966672275,False,False,False,True
N21000286,N21000273,4,1,16479,2383,4108.05222838818,False,False,False,True
N21000286,N21000274,4,13,16479,391,3606.3411824686127,False,False,False,True
N21000286,N21000275,4,2,16479,24042,3797.025796651719,False,False,False,True
N21000286,N21000276,4,1,16479,6161,1706.0841250223618,False,False,False,True
N21000286,N21000278,4,1,16479,25468,6362.048110306373,False,False,False,True
N21000286,N21000280,4,2,16479,9328,2408.779717086722,False,False,False,True
N21000286,N21000283,4,1,16479,9205,4671.333526515027,False,False,False,True
N21000286,N21000284,4,1,16479,16991,4547.95499654539,False,False,False,True
N21000286,N21000287,4,2,16479,4756,3458.409246913635,False,False,False,True
N21000286,N21000288,4,1,16479,18650,1163.4318793945524,False,False,False,True
N21000286,N21000289,4,4,16479,25081,909.64144044975,False,False,True,True
N21000286,N21000294,4,6,16479,22846,3563.278726091607,False,False,False,True
N21000286,N21000295,4,4,16479,8555,2699.386295503748,False,False,False,True
N21000286,N21000301,4,1,16479,22078,4138.5371802810805,False,False,False,True
N21000286,N21000302,4,4,16479,6864,4525.506720457665,False,False,False,True
N21000286,N21000303,4,10,16479,6397,4082.9519998077494,False,False,False,True
N21000286,N21000304,4,2,16479,2229,5197.553788575306,False,False,False,True
N21000286,N21000305,4,4,16479,6602,3789.6851159939783,False,False,False,True
N21000286,N21000306,4,1,16479,28173,3689.6576811142245,False,False,False,True
N21000286,N21000307,4,10,16479,2710,2125.633817223893,False,False,False,True
N21000286,N21000308,4,7,16479,13508,2132.3726021680563,False,False,False,True
N21000286,N21000309,4,28,16479,2721,3027.103432757406,False,False,False,True
N21000286,N21000310,4,1,16479,15134,1659.233375739109,False,False,False,True
N21000286,N21000311,4,5,16479,2072,1228.2406864528805,False,False,False,True
N21000286,N21000312,4,3,16479,18228,836.7541372677231,False,False,False,True
N21000286,N21000313,4,2,16479,24972,2016.4354747548605,False,False,False,True
N21000286,N21000314,4,4,16479,23517,1223.7176327504064,False,False,False,True
N21000286,N21000315,4,14,16479,2055,1204.7498054094458,False,False,False,True
N21000286,N21000317,4,1,16479,25675,6638.272445704132,False,False,False,True
N21000286,N21000322,4,1,16479,3303,6298.352005903987,False,False,False,True
N21000286,N21000324,4,1,16479,25636,5584.909760661468,False,False,False,True
N21000286,N21000325,4,3,16479,14225,6196.022152535157,False,False,False,True
N21000286,N21000327,4,1,16479,12871,5745.170054577895,False,False,False,True
N21000286,N21000329,4,3,16479,7369,6391.660592537043,False,False,False,True
N21000286,N21000331,4,6,16479,13387,5139.491671432527,False,False,False,True
N21000286,N21000332,4,3,16479,23473,5300.464926041483,False,False,False,True
N21000286,N21000334,4,2,16479,27702,5295.37540888346,False,False,False,True
N21000286,N21000335,4,38,16479,18611,4452.656053204027,False,False,False,True
N21000287,N21000251,4,55,4756,15928,9036.40602012088,False,False,False,True
N21000287,N21000253,4,1,4756,7436,9069.252058377733,False,False,False,True
N21000287,N21000256,4,6,4756,24260,8237.044926883413,False,False,False,True
N21000287,N21000258,4,4,4756,27783,9019.321865816984,False,False,False,True
N21000287,N21000259,4,3,4756,15492,9499.355211004524,False,False,False,True
N21000287,N21000260,4,1,4756,17259,8349.716973121414,False,False,False,True
N21000287,N21000264,4,4,4756,24247,9047.668563979472,False,False,False,True
N21000287,N21000265,4,2,4756,27041,8249.56635186019,False,False,False,True
N21000287,N21000266,4,1,4756,18253,7864.204711309995,False,False,False,True
N21000287,N21000268,4,26,4756,1126,6713.418766181609,False,False,False,True
N21000287,N21000270,4,1,4756,1364,7968.148650266973,False,False,False,True
N21000287,N21000273,4,1,4756,2383,7172.963081987926,False,False,False,True
N21000287,N21000274,4,8,4756,391,6671.252036068362,False,False,False,True
N21000287,N21000275,4,1,4756,24042,6686.296974022612,False,False,False,True
N21000287,N21000276,4,1,4756,6161,4671.143643649043,False,False,False,True
N21000287,N21000277,4,3,4756,6659,7305.58109365281,False,False,False,True
N21000287,N21000279,4,1,4756,4115,5448.292172154066,False,False,False,True
N21000287,N21000280,4,2,4756,9328,4376.150268620647,False,False,False,True
N21000287,N21000283,4,3,4756,9205,7127.160727298996,False,False,False,True
N21000287,N21000284,4,4,4756,16991,5382.364126240253,False,False,False,True
N21000287,N21000286,4,1,4756,16479,3458.4092469136344,False,False,False,True
N21000287,N21000288,4,6,4756,18650,2550.9829689758776,False,False,False,True
N21000287,N21000289,4,2,4756,25081,3172.706168140107,False,False,False,True
N21000287,N21000290,4,7,4756,18971,1138.9893117028814,False,False,True,True
N21000287,N21000291,4,4,4756,23779,2032.7569149408719,False,False,False,True
N21000287,N21000293,4,10,4756,25505,2731.3960919937035,False,False,False,True
N21000287,N21000294,4,4,4756,22846,4342.064958005642,False,False,False,True
N21000287,N21000295,4,29,4756,8555,2562.172342159556,False,False,True,True
N21000287,N21000296,4,2,4756,12268,5360.907398176662,False,False,False,True
N21000287,N21000298,4,2,4756,89,3386.3051278387393,False,False,True,True
N21000287,N21000299,4,1,4756,5987,3753.472080222153,False,False,False,True
N21000287,N21000300,4,5,4756,5088,4135.350759983635,False,False,True,True
N21000287,N21000301,4,2,4756,22078,7203.448033880827,False,False,False,True
N21000287,N21000302,4,3,4756,6864,7590.417574057414,False,False,False,True
N21000287,N21000303,4,6,4756,6397,7147.862853407497,False,False,False,True
N21000287,N21000304,4,9,4756,2229,6619.744008946596,False,False,False,True
N21000287,N21000305,4,1,4756,6602,6854.595969593728,False,False,False,True
N21000287,N21000306,4,2,4756,28173,6754.5685347139715,False,False,False,True
N21000287,N21000307,4,9,4756,2710,5190.54467082364,False,False,False,True
N21000287,N21000308,4,9,4756,13508,5197.283455767803,False,False,False,True
N21000287,N21000309,4,27,4756,2721,6092.014286357154,False,False,False,True
N21000287,N21000310,4,6,4756,15134,4724.144229338859,False,False,False,True
N21000287,N21000311,4,8,4756,2072,4293.15154005263,False,False,False,True
N21000287,N21000312,4,2,4756,18228,3901.6649908674717,False,False,False,True
N21000287,N21000313,4,4,4756,24972,3703.2745055480004,False,False,False,True
N21000287,N21000315,4,8,4756,2055,4269.660659009194,False,False,False,True
N21000287,N21000322,4,1,4756,3303,9363.262859503739,False,False,False,True
N21000287,N21000325,4,4,4756,14225,9260.933006134908,False,False,False,True
N21000287,N21000327,4,1,4756,12871,8810.080908177642,False,False,False,True
N21000287,N21000328,4,1,4756,25177,8833.760651687913,False,False,False,True
N21000287,N21000329,4,4,4756,7369,9456.571446136795,False,False,False,True
N21000287,N21000331,4,2,4756,13387,8204.402525032276,False,False,False,True
N21000287,N21000333,4,2,4756,3340,7932.127509782877,False,False,False,True
N21000287,N21000334,4,2,4756,27702,8360.28626248321,False,False,False,True
N21000287,N21000335,4,43,4756,18611,7517.566906803775,False,False,False,True
N21000288,N21000165,4,1,18650,19703,8922.459378473832,False,False,False,True
N21000288,N21000167,4,1,18650,23946,8788.509722008053,False,False,False,True
N21000288,N21000168,4,1,18650,4451,8239.88704161052,False,False,False,True
N21000288,N21000175,4,1,18650,27201,7948.882268320883,False,False,False,True
N21000288,N21000178,4,1,18650,12747,7609.741180894485,False,False,False,True
N21000288,N21000194,4,1,18650,25109,9074.847210310818,False,False,False,True
N21000288,N21000195,4,1,18650,22584,8982.26916041508,False,False,False,True
N21000288,N21000198,4,3,18650,15611,9567.70756130507,False,False,False,True
N21000288,N21000204,4,1,18650,26239,8679.34112683383,False,False,False,True
N21000288,N21000207,4,1,18650,26051,8914.952162763637,False,False,False,True
N21000288,N21000208,4,1,18650,5457,9355.33922926899,False,False,False,True
N21000288,N21000209,4,2,18650,9382,8515.038958932353,False,False,False,True
N21000288,N21000251,4,55,18650,15928,6741.428652601795,False,False,False,True
N21000288,N21000252,4,10,18650,6604,7694.3907024540795,False,False,False,True
N21000288,N21000253,4,6,18650,7436,6774.274690858652,False,False,False,True
N21000288,N21000254,4,4,18650,17102,7381.34414655825,False,False,False,True
N21000288,N21000256,4,10,18650,24260,5942.06755936433,False,False,False,True
N21000288,N21000258,4,2,18650,27783,6724.344498297906,False,False,False,True
N21000288,N21000259,4,1,18650,15492,7204.377843485442,False,False,False,True
N21000288,N21000260,4,2,18650,17259,6054.739605602333,False,False,False,True
N21000288,N21000263,4,1,18650,6770,8386.11023037586,False,False,False,True
N21000288,N21000264,4,1,18650,24247,6752.6911964603905,False,False,False,True
N21000288,N21000265,4,5,18650,27041,5954.5889843411105,False,False,False,True
N21000288,N21000267,4,1,18650,21949,7567.024219747931,False,False,False,True
N21000288,N21000268,4,15,18650,1126,4418.441398662529,False,False,False,True
N21000288,N21000273,4,4,18650,2383,4877.985714468847,False,False,False,True
N21000288,N21000274,4,19,18650,391,4376.274668549281,False,False,False,True
N21000288,N21000275,4,1,18650,24042,4545.921336235589,False,False,False,True
N21000288,N21000276,4,1,18650,6161,2454.979664606231,False,False,True,True
N21000288,N21000278,4,1,18650,25468,7131.98159638704,False,False,False,True
N21000288,N21000279,4,6,18650,4115,3435.0326946165974,False,False,True,True
N21000288,N21000280,4,4,18650,9328,2678.5072541407653,False,False,False,True
N21000288,N21000283,4,1,18650,9205,5420.229066098896,False,False,False,True
N21000288,N21000284,4,4,18650,16991,4516.3565387012395,False,False,False,True
N21000288,N21000286,4,3,18650,16479,1163.4318793945527,False,False,False,True
N21000288,N21000287,4,4,18650,4756,2550.982968975877,False,False,False,True
N21000288,N21000289,4,2,18650,25081,877.7288006210251,False,False,True,True
N21000288,N21000290,4,1,18650,18971,1821.9771997659718,False,False,False,True
N21000288,N21000292,4,1,18650,17159,1761.4472246593011,False,False,False,True
N21000288,N21000293,4,4,18650,25505,1865.388504454687,False,False,False,True
N21000288,N21000294,4,9,18650,22846,2959.43975343995,False,False,False,True
N21000288,N21000295,4,6,18650,8555,1791.9600175659898,False,False,False,True
N21000288,N21000298,4,1,18650,89,2616.092803245173,False,False,False,True
N21000288,N21000299,4,1,18650,5987,3028.0329647333083,False,False,False,True
N21000288,N21000300,4,1,18650,5088,3269.3431724446186,False,False,False,True
N21000288,N21000301,4,2,18650,22078,4908.470666361746,False,False,False,True
N21000288,N21000302,4,1,18650,6864,5295.440206538332,False,False,False,True
N21000288,N21000303,4,2,18650,6397,4852.885485888415,False,False,False,True
N21000288,N21000304,4,8,18650,2229,4382.249558661339,False,False,False,True
N21000288,N21000305,4,3,18650,6602,4559.618602074645,False,False,False,True
N21000288,N21000306,4,4,18650,28173,4459.591167194891,False,False,False,True
N21000288,N21000307,4,9,18650,2710,2895.5673033045587,False,False,False,True
N21000288,N21000308,4,4,18650,13508,2902.306088248722,False,False,False,True
N21000288,N21000309,4,18,18650,2721,3797.0369188380732,False,False,False,True
N21000288,N21000310,4,1,18650,15134,2429.1668618197755,False,False,False,True
N21000288,N21000311,4,5,18650,2072,1998.1741725335467,False,False,False,True
N21000288,N21000313,4,7,18650,24972,1465.780055262742,False,False,True,True
N21000288,N21000314,4,3,18650,23517,903.4505862312784,False,False,True,True
N21000288,N21000315,4,8,18650,2055,1974.6832914901124,False,False,False,True
N21000288,N21000322,4,1,18650,3303,7068.285491984654,False,False,False,True
N21000288,N21000324,4,1,18650,25636,6354.843246742133,False,False,False,True
N21000288,N21000325,4,3,18650,14225,6965.955638615824,False,False,False,True
N21000288,N21000327,4,1,18650,12871,6515.103540658563,False,False,False,True
N21000288,N21000328,4,1,18650,25177,6538.783284168828,False,False,False,True
N21000288,N21000329,4,2,18650,7369,7161.59407861771,False,False,False,True
N21000288,N21000331,4,5,18650,13387,5909.425157513194,False,False,False,True
N21000288,N21000332,4,2,18650,23473,6070.398412122147,False,False,False,True
N21000288,N21000333,4,2,18650,3340,5637.150142263795,False,False,False,True
N21000288,N21000334,4,3,18650,27702,6065.308894964127,False,False,False,True
N21000288,N21000335,4,31,18650,18611,5222.589539284693,False,False,False,True
N21000289,N21000165,4,2,25081,19703,8668.66893952903,False,False,False,True
N21000289,N21000168,4,1,25081,4451,7986.096602665721,False,False,False,True
N21000289,N21000170,4,1,25081,23278,7956.086114844592,False,False,False,True
N21000289,N21000172,4,4,25081,18162,7781.300050571735,False,False,False,True
N21000289,N21000175,4,2,25081,27201,7695.0918293760815,False,False,False,True
N21000289,N21000176,4,1,25081,15329,7693.86980797279,False,False,False,True
N21000289,N21000177,4,1,25081,22862,7728.662602247541,False,False,False,True
N21000289,N21000178,4,5,25081,12747,7355.950741949684,False,False,False,True
N21000289,N21000189,4,2,25081,4448,9527.027610659276,False,False,False,True
N21000289,N21000190,4,1,25081,9490,9440.0638142351,False,False,False,True
N21000289,N21000193,4,2,25081,24443,8772.252052087393,False,False,False,True
N21000289,N21000194,4,1,25081,25109,8821.056771366017,False,False,False,True
N21000289,N21000195,4,3,25081,22584,8728.47872147028,False,False,False,True
N21000289,N21000196,4,1,25081,8754,8389.73863796994,False,False,False,True
N21000289,N21000198,4,15,25081,15611,9313.917122360268,False,False,False,True
N21000289,N21000204,4,1,25081,26239,8425.550687889032,False,False,False,True
N21000289,N21000205,4,1,25081,27396,9589.919176219699,False,False,False,True
N21000289,N21000209,4,3,25081,9382,8261.248519987554,False,False,False,True
N21000289,N21000213,4,1,25081,9502,8975.939435606779,False,False,False,True
N21000289,N21000248,4,1,25081,14259,8886.26460056431,False,False,False,True
N21000289,N21000249,4,1,25081,28796,7926.785499717032,False,False,False,True
N21000289,N21000251,4,69,25081,15928,6487.638213656994,False,False,False,True
N21000289,N21000252,4,21,25081,6604,7440.600263509278,False,False,False,True
N21000289,N21000253,4,7,25081,7436,6520.484251913849,False,False,False,True
N21000289,N21000254,4,4,25081,17102,7127.553707613447,False,False,False,True
N21000289,N21000255,4,1,25081,11696,5255.165030766288,False,False,False,True
N21000289,N21000256,4,12,25081,24260,5688.277120419527,False,False,False,True
N21000289,N21000258,4,4,25081,27783,6303.36009877404,False,False,False,True
N21000289,N21000259,4,1,25081,15492,6711.277739890695,False,False,False,True
N21000289,N21000260,4,2,25081,17259,5471.432499021382,False,False,False,True
N21000289,N21000262,4,1,25081,8231,6927.871501959118,False,False,False,True
N21000289,N21000264,4,4,25081,24247,6169.384089879441,False,False,False,True
N21000289,N21000265,4,8,25081,27041,5371.281877760161,False,False,False,True
N21000289,N21000266,4,3,25081,18253,4985.920237209966,False,False,False,True
N21000289,N21000267,4,1,25081,21949,6983.71711316698,False,False,False,True
N21000289,N21000268,4,36,25081,1126,4164.6509597177255,False,False,False,True
N21000289,N21000269,4,2,25081,1407,6949.869646535921,False,False,False,True
N21000289,N21000270,4,6,25081,1364,5089.864176166944,False,False,False,True
N21000289,N21000273,4,3,25081,2383,4294.678607887896,False,False,False,True
N21000289,N21000274,4,20,25081,391,4122.484229604477,False,False,False,True
N21000289,N21000275,4,6,25081,24042,3668.1925356145634,False,False,False,True
N21000289,N21000276,4,6,25081,6161,1577.250863985206,False,False,True,True
N21000289,N21000277,4,1,25081,6659,4427.296619552779,False,False,False,True
N21000289,N21000279,4,2,25081,4115,2557.3038939955723,False,False,True,True
N21000289,N21000280,4,3,25081,9328,2279.9464560495667,False,False,False,True
N21000289,N21000283,4,2,25081,9205,4542.500265477871,False,False,False,True
N21000289,N21000284,4,4,25081,16991,4349.531191208323,False,False,False,True
N21000289,N21000285,4,1,25081,4192,6674.117146048813,False,False,False,True
N21000289,N21000286,4,10,25081,16479,909.6414404497499,False,False,True,True
N21000289,N21000287,4,2,25081,4756,3172.706168140108,False,False,False,True
N21000289,N21000288,4,2,25081,18650,877.7288006210251,False,False,True,True
N21000289,N21000290,4,1,25081,18971,2443.700398930203,False,False,False,True
N21000289,N21000291,4,2,25081,23779,1139.9492531992355,False,False,True,True
N21000289,N21000293,4,7,25081,25505,2368.4849223947717,False,False,False,True
N21000289,N21000294,4,9,25081,22846,2664.192377986095,False,False,False,True
N21000289,N21000295,4,12,25081,8555,2413.6832167302205,False,False,False,True
N21000289,N21000298,4,2,25081,89,3237.816002409403,False,False,False,True
N21000289,N21000299,4,7,25081,5987,3649.7561638975385,False,False,False,True
N21000289,N21000301,4,4,25081,22078,4654.680227416944,False,False,False,True
N21000289,N21000302,4,2,25081,6864,5041.649767593531,False,False,False,True
N21000289,N21000303,4,19,25081,6397,4599.095046943614,False,False,False,True
N21000289,N21000304,4,2,25081,2229,5133.223924994914,False,False,False,True
N21000289,N21000305,4,5,25081,6602,4305.828163129843,False,False,False,True
N21000289,N21000306,4,7,25081,28173,4205.8007282500885,False,False,False,True
N21000289,N21000307,4,4,25081,2710,2641.7768643597565,False,False,False,True
N21000289,N21000308,4,12,25081,13508,2648.51564930392,False,False,False,True
N21000289,N21000309,4,36,25081,2721,3543.246479893271,False,False,False,True
N21000289,N21000310,4,15,25081,15134,2175.3764228749733,False,False,False,True
N21000289,N21000311,4,10,25081,2072,1744.3837335887445,False,False,False,True
N21000289,N21000312,4,5,25081,18228,1352.897184403587,False,False,False,True
N21000289,N21000313,4,3,25081,24972,1782.4046339646377,False,False,True,True
N21000289,N21000314,4,2,25081,23517,1069.0008772917017,False,False,True,True
N21000289,N21000315,4,11,25081,2055,1720.8928525453098,False,False,False,True
N21000289,N21000322,4,1,25081,3303,6814.495053039853,False,False,False,True
N21000289,N21000324,4,2,25081,25636,6101.05280779733,False,False,False,True
N21000289,N21000325,4,3,25081,14225,6712.1651996710225,False,False,False,True
N21000289,N21000327,4,5,25081,12871,6261.313101713762,False,False,False,True
N21000289,N21000328,4,2,25081,25177,6284.9928452240265,False,False,False,True
N21000289,N21000329,4,6,25081,7369,6907.8036396729085,False,False,False,True
N21000289,N21000331,4,3,25081,13387,5655.634718568393,False,False,False,True
N21000289,N21000332,4,5,25081,23473,5816.607973177345,False,False,False,True
N21000289,N21000333,4,2,25081,3340,5383.3597033189935,False,False,False,True
N21000289,N21000334,4,5,25081,27702,5811.518456019326,False,False,False,True
N21000289,N21000335,4,64,25081,18611,4968.799100339892,False,False,False,True
N21000290,N21000172,4,1,18971,18162,9601.062087825712,False,False,False,True
N21000290,N21000175,4,3,18971,27201,9514.85386663006,False,False,False,True
N21000290,N21000177,4,7,18971,22862,9548.424639501522,False,False,False,True
N21000290,N21000178,4,5,18971,12747,9175.712779203664,False,False,False,True
N21000290,N21000251,4,61,18971,15928,8307.400250910972,False,False,False,True
N21000290,N21000252,4,13,18971,6604,9260.362300763252,False,False,False,True
N21000290,N21000253,4,4,18971,7436,8340.246289167831,False,False,False,True
N21000290,N21000254,4,2,18971,17102,8947.315744867432,False,False,False,True
N21000290,N21000255,4,1,18971,11696,7074.92706802027,False,False,False,True
N21000290,N21000256,4,11,18971,24260,7508.039157673509,False,False,False,True
N21000290,N21000258,4,4,18971,27783,8290.316096607085,False,False,False,True
N21000290,N21000259,4,3,18971,15492,8770.34944179462,False,False,False,True
N21000290,N21000264,4,3,18971,24247,8318.662794769567,False,False,False,True
N21000290,N21000265,4,2,18971,27041,7520.560582650285,False,False,False,True
N21000290,N21000266,4,2,18971,18253,7135.198942100091,False,False,False,True
N21000290,N21000268,4,33,18971,1126,5984.412996971704,False,False,False,True
N21000290,N21000269,4,1,18971,1407,9099.14835142605,False,False,False,True
N21000290,N21000270,4,6,18971,1364,7239.142881057069,False,False,False,True
N21000290,N21000272,4,1,18971,20779,7862.946250538162,False,False,False,True
N21000290,N21000273,4,1,18971,2383,6443.957312778021,False,False,False,True
N21000290,N21000274,4,16,18971,391,5942.246266858457,False,False,False,True
N21000290,N21000275,4,2,18971,24042,5957.291204812708,False,False,False,True
N21000290,N21000276,4,4,18971,6161,3942.1378744391377,False,False,False,True
N21000290,N21000277,4,3,18971,6659,6576.575324442905,False,False,False,True
N21000290,N21000279,4,1,18971,4115,4719.286402944162,False,False,False,True
N21000290,N21000280,4,1,18971,9328,3647.1444994107424,False,False,False,True
N21000290,N21000283,4,1,18971,9205,6398.154958089092,False,False,False,True
N21000290,N21000284,4,1,18971,16991,4653.35835703035,False,False,False,True
N21000290,N21000286,4,5,18971,16479,2729.40347770373,False,False,False,True
N21000290,N21000287,4,19,18971,4756,1138.9893117028814,False,False,True,True
N21000290,N21000288,4,3,18971,18650,1821.9771997659723,False,False,False,True
N21000290,N21000289,4,1,18971,25081,2443.7003989302025,False,False,False,True
N21000290,N21000291,4,7,18971,23779,1303.751145730967,False,False,False,True
N21000290,N21000292,4,1,18971,17159,1440.2557169366532,False,False,True,True
N21000290,N21000293,4,5,18971,25505,2002.3903227837984,False,False,False,True
N21000290,N21000294,4,7,18971,22846,3613.0591887957385,False,False,False,True
N21000290,N21000295,4,16,18971,8555,1833.1665729496508,False,False,True,True
N21000290,N21000297,4,1,18971,8391,3969.0469602657704,False,False,False,True
N21000290,N21000298,4,4,18971,89,2657.299358628834,False,False,True,True
N21000290,N21000299,4,5,18971,5987,3069.2395201169693,False,False,False,True
N21000290,N21000300,4,1,18971,5088,3406.3449907737295,False,False,False,True
N21000290,N21000301,4,3,18971,22078,6474.4422646709245,False,False,False,True
N21000290,N21000303,4,5,18971,6397,6418.857084197593,False,False,False,True
N21000290,N21000304,4,7,18971,2229,5890.738239736691,False,False,False,True
N21000290,N21000306,4,1,18971,28173,6025.562765504068,False,False,False,True
N21000290,N21000307,4,7,18971,2710,4461.538901613738,False,False,False,True
N21000290,N21000308,4,6,18971,13508,4468.277686557901,False,False,False,True
N21000290,N21000309,4,24,18971,2721,5363.00851714725,False,False,False,True
N21000290,N21000310,4,2,18971,15134,3995.1384601289546,False,False,False,True
N21000290,N21000311,4,7,18971,2072,3564.145770842725,False,False,False,True
N21000290,N21000313,4,2,18971,24972,2974.268736338095,False,False,False,True
N21000290,N21000314,4,1,18971,23517,2610.1263086724775,False,False,False,True
N21000290,N21000315,4,5,18971,2055,3540.6548897992893,False,False,False,True
N21000290,N21000325,4,3,18971,14225,8531.927236925003,False,False,False,True
N21000290,N21000327,4,2,18971,12871,8081.075138967741,False,False,False,True
N21000290,N21000329,4,3,18971,7369,8727.565676926888,False,False,False,True
N21000290,N21000331,4,1,18971,13387,7475.396755822372,False,False,False,True
N21000290,N21000332,4,6,18971,23473,7636.370010431326,False,False,False,True
N21000290,N21000333,4,2,18971,3340,7203.121740572973,False,False,False,True
N21000290,N21000334,4,2,18971,27702,7631.280493273305,False,False,False,True
N21000290,N21000335,4,26,18971,18611,6788.5611375938715,False,False,False,True
N21000291,N21000165,4,1,23779,19703,9184.679831052043,False,False,False,True
N21000291,N21000167,4,1,23779,23946,9050.730174586264,False,False,False,True
N21000291,N21000172,4,3,23779,18162,8297.310942094746,False,False,False,True
N21000291,N21000174,4,1,23779,19652,8359.669062007635,False,False,False,True
N21000291,N21000175,4,4,23779,27201,8211.102720899094,False,False,False,True
N21000291,N21000178,4,2,23779,12747,7871.961633472696,False,False,False,True
N21000291,N21000195,4,1,23779,22584,9244.489612993295,False,False,False,True
N21000291,N21000196,4,4,23779,8754,8905.749529492949,False,False,False,True
N21000291,N21000204,4,1,23779,26239,8941.56157941204,False,False,False,True
N21000291,N21000207,4,1,23779,26051,9177.172615341848,False,False,False,True
N21000291,N21000208,4,1,23779,5457,9617.5596818472,False,False,False,True
N21000291,N21000209,4,2,23779,9382,8777.259411510564,False,False,False,True
N21000291,N21000251,4,49,23779,15928,7003.649105180006,False,False,False,True
N21000291,N21000252,4,14,23779,6604,7956.61115503229,False,False,False,True
N21000291,N21000253,4,6,23779,7436,7036.495143436863,False,False,False,True
N21000291,N21000256,4,10,23779,24260,6204.288011942541,False,False,False,True
N21000291,N21000261,4,3,23779,1844,6581.896545747865,False,False,False,True
N21000291,N21000263,4,2,23779,6770,8648.330682954069,False,False,False,True
N21000291,N21000264,4,6,23779,24247,7014.9116490386,False,False,False,True
N21000291,N21000265,4,1,23779,27041,6216.80943691932,False,False,False,True
N21000291,N21000268,4,26,23779,1126,4680.661851240739,False,False,False,True
N21000291,N21000270,4,5,23779,1364,5935.391735326104,False,False,False,True
N21000291,N21000274,4,12,23779,391,4638.495121127492,False,False,False,True
N21000291,N21000275,4,1,23779,24042,4729.3284003375275,False,False,False,True
N21000291,N21000276,4,7,23779,6161,2638.38672870817,False,False,True,True
N21000291,N21000277,4,2,23779,6659,5272.8241787119405,False,False,False,True
N21000291,N21000279,4,3,23779,4115,3614.410162409596,False,False,True,True
N21000291,N21000280,4,1,23779,9328,2542.268258876178,False,False,False,True
N21000291,N21000283,4,3,23779,9205,5447.249277978525,False,False,False,True
N21000291,N21000284,4,8,23779,16991,3998.130484666233,False,False,False,True
N21000291,N21000286,4,6,23779,16479,1425.652331972763,False,False,False,True
N21000291,N21000287,4,5,23779,4756,2032.7569149408716,False,False,False,True
N21000291,N21000289,4,4,23779,25081,1139.9492531992355,False,False,True,True
N21000291,N21000290,4,4,23779,18971,1303.7511457309668,False,False,False,True
N21000291,N21000293,4,3,23779,25505,1347.162450419682,False,False,False,True
N21000291,N21000294,4,11,23779,22846,2823.200758175362,False,False,False,True
N21000291,N21000295,4,4,23779,8555,1273.7339635309847,False,False,False,True
N21000291,N21000298,4,2,23779,89,2097.866749210168,False,False,False,True
N21000291,N21000299,4,2,23779,5987,2509.8069106983025,False,False,False,True
N21000291,N21000300,4,2,23779,5088,2751.1171184096133,False,False,False,True
N21000291,N21000301,4,1,23779,22078,5170.691118939957,False,False,False,True
N21000291,N21000302,4,2,23779,6864,5557.660659116543,False,False,False,True
N21000291,N21000303,4,4,23779,6397,5115.105938466626,False,False,False,True
N21000291,N21000304,4,7,23779,2229,4586.987094005724,False,False,False,True
N21000291,N21000305,4,3,23779,6602,4821.839054652857,False,False,False,True
N21000291,N21000306,4,1,23779,28173,4721.8116197731015,False,False,False,True
N21000291,N21000307,4,4,23779,2710,3157.7877558827695,False,False,False,True
N21000291,N21000308,4,11,23779,13508,3164.526540826933,False,False,False,True
N21000291,N21000309,4,15,23779,2721,4059.257371416284,False,False,False,True
N21000291,N21000310,4,4,23779,15134,2691.3873143979863,False,False,False,True
N21000291,N21000311,4,7,23779,2072,2260.3946251117573,False,False,False,True
N21000291,N21000312,4,1,23779,18228,1868.9080759265998,False,False,False,True
N21000291,N21000313,4,2,23779,24972,1670.5175906071272,False,False,True,True
N21000291,N21000315,4,2,23779,2055,2236.9037440683232,False,False,False,True
N21000291,N21000317,4,1,23779,25675,7670.426384363008,False,False,False,True
N21000291,N21000324,4,2,23779,25636,6617.063699320343,False,False,False,True
N21000291,N21000325,4,1,23779,14225,7228.176091194035,False,False,False,True
N21000291,N21000327,4,3,23779,12871,6777.323993236774,False,False,False,True
N21000291,N21000329,4,1,23779,7369,7423.814531195921,False,False,False,True
N21000291,N21000331,4,5,23779,13387,6171.645610091405,False,False,False,True
N21000291,N21000333,4,2,23779,3340,5899.370594842006,False,False,False,True
N21000291,N21000334,4,3,23779,27702,6327.529347542338,False,False,False,True
N21000291,N21000335,4,32,23779,18611,5484.809991862904,False,False,False,True
N21000292,N21000175,4,3,17159,27201,9454.323891523387,False,False,False,True
N21000292,N21000177,4,3,17159,22862,9487.89466439485,False,False,False,True
N21000292,N21000178,4,1,17159,12747,9115.182804096992,False,False,False,True
N21000292,N21000251,4,52,17159,15928,8246.870275804302,False,False,False,True
N21000292,N21000252,4,13,17159,6604,9199.832325656582,False,False,False,True
N21000292,N21000253,4,5,17159,7436,8279.71631406116,False,False,False,True
N21000292,N21000254,4,3,17159,17102,8886.785769760758,False,False,False,True
N21000292,N21000256,4,16,17159,24260,7447.509182566837,False,False,False,True
N21000292,N21000258,4,1,17159,27783,8229.786121500414,False,False,False,True
N21000292,N21000259,4,2,17159,15492,8709.81946668795,False,False,False,True
N21000292,N21000264,4,3,17159,24247,8258.132819662895,False,False,False,True
N21000292,N21000265,4,3,17159,27041,7460.030607543614,False,False,False,True
N21000292,N21000266,4,3,17159,18253,7074.668966993419,False,False,False,True
N21000292,N21000268,4,19,17159,1126,5923.883021865033,False,False,False,True
N21000292,N21000270,4,3,17159,1364,7178.612905950397,False,False,False,True
N21000292,N21000273,4,4,17159,2383,6383.42733767135,False,False,False,True
N21000292,N21000274,4,13,17159,391,5881.716291751786,False,False,False,True
N21000292,N21000275,4,1,17159,24042,5846.925561216651,False,False,False,True
N21000292,N21000276,4,5,17159,6161,3881.607899332466,False,False,False,True
N21000292,N21000277,4,3,17159,6659,6516.045349336234,False,False,False,True
N21000292,N21000278,4,1,17159,25468,8637.423219589542,False,False,False,True
N21000292,N21000279,4,1,17159,4115,4608.920759348104,False,False,False,True
N21000292,N21000284,4,3,17159,16991,4435.21968069021,False,False,True,True
N21000292,N21000286,4,4,17159,16479,2668.8735025970586,False,False,False,True
N21000292,N21000287,4,23,17159,4756,2006.7813783135418,False,False,True,True
N21000292,N21000288,4,4,17159,18650,1761.447224659301,False,False,False,True
N21000292,N21000290,4,5,17159,18971,1440.2557169366532,False,False,True,True
N21000292,N21000291,4,5,17159,23779,1243.2211706242958,False,False,False,True
N21000292,N21000293,4,5,17159,25505,1892.0246791877407,False,False,False,True
N21000292,N21000294,4,16,17159,22846,3394.920512455598,False,False,False,True
N21000292,N21000297,4,2,17159,8391,2846.396574336941,False,False,False,True
N21000292,N21000298,4,6,17159,89,1600.6537465950637,False,False,True,True
N21000292,N21000299,4,2,17159,5987,1946.5891341881404,False,False,False,True
N21000292,N21000300,4,5,17159,5088,3188.2063144335893,False,False,True,True
N21000292,N21000301,4,1,17159,22078,6413.912289564252,False,False,False,True
N21000292,N21000303,4,9,17159,6397,6358.327109090921,False,False,False,True
N21000292,N21000304,4,2,17159,2229,5830.208264630019,False,False,False,True
N21000292,N21000306,4,6,17159,28173,5965.032790397396,False,False,False,True
N21000292,N21000307,4,7,17159,2710,4401.008926507066,False,False,False,True
N21000292,N21000308,4,2,17159,13508,4407.7477114512285,False,False,False,True
N21000292,N21000309,4,36,17159,2721,5302.478542040579,False,False,False,True
N21000292,N21000310,4,1,17159,15134,3934.6084850222833,False,False,False,True
N21000292,N21000311,4,7,17159,2072,3503.6157957360538,False,False,False,True
N21000292,N21000312,4,1,17159,18228,3112.129246550896,False,False,False,True
N21000292,N21000313,4,1,17159,24972,2913.7387612314237,False,False,False,True
N21000292,N21000314,4,2,17159,23517,2549.596333565806,False,False,False,True
N21000292,N21000315,4,6,17159,2055,3480.124914692618,False,False,False,True
N21000292,N21000317,4,1,17159,25675,8913.647554987303,False,False,False,True
N21000292,N21000319,4,1,17159,20953,9071.477735985016,False,False,False,True
N21000292,N21000322,4,1,17159,3303,8573.727115187161,False,False,False,True
N21000292,N21000325,4,1,17159,14225,8471.39726181833,False,False,False,True
N21000292,N21000328,4,2,17159,25177,8044.224907371334,False,False,False,True
N21000292,N21000329,4,3,17159,7369,8667.035701820214,False,False,False,True
N21000292,N21000331,4,3,17159,13387,7414.8667807157,False,False,False,True
N21000292,N21000332,4,3,17159,23473,7575.840035324653,False,False,False,True
N21000292,N21000333,4,1,17159,3340,7142.591765466301,False,False,False,True
N21000292,N21000334,4,1,17159,27702,7570.750518166633,False,False,False,True
N21000292,N21000335,4,30,17159,18611,6728.031162487199,False,False,False,True
N21000293,N21000175,4,9,25505,27201,9558.265171318773,False,False,False,True
N21000293,N21000177,4,2,25505,22862,9040.543755827108,False,False,False,True
N21000293,N21000178,4,2,25505,12747,8667.83189552925,False,False,False,True
N21000293,N21000204,4,2,25505,26239,9012.020433469572,False,False,False,True
N21000293,N21000209,4,1,25505,9382,8847.718265568097,False,False,False,True
N21000293,N21000241,4,1,25505,20619,8625.696055032178,False,False,False,True
N21000293,N21000251,4,120,25505,15928,7418.663361832225,False,False,False,True
N21000293,N21000252,4,24,25505,6604,8027.0700090898235,False,False,False,True
N21000293,N21000253,4,19,25505,7436,6929.526193998173,False,False,False,True
N21000293,N21000254,4,9,25505,17102,7534.358024329561,False,False,False,True
N21000293,N21000255,4,1,25505,11696,6581.75874401739,False,False,False,True
N21000293,N21000256,4,23,25505,24260,6502.939323499205,False,False,False,True
N21000293,N21000258,4,7,25505,27783,6590.068445188385,False,False,False,True
N21000293,N21000259,4,3,25505,15492,6997.986086305041,False,False,False,True
N21000293,N21000260,4,1,25505,17259,5758.140845435729,False,False,False,True
N21000293,N21000264,4,7,25505,24247,6456.092436293787,False,False,False,True
N21000293,N21000265,4,8,25505,27041,5657.990224174507,False,False,False,True
N21000293,N21000266,4,1,25505,18253,5272.628583624312,False,False,False,True
N21000293,N21000268,4,25,25505,1126,4896.416649612491,False,False,False,True
N21000293,N21000270,4,4,25505,1364,5376.57252258129,False,False,False,True
N21000293,N21000272,4,2,25505,20779,6000.375892062384,False,False,False,True
N21000293,N21000273,4,3,25505,2383,4581.386954302243,False,False,False,True
N21000293,N21000274,4,18,25505,391,4473.69595688248,False,False,False,True
N21000293,N21000275,4,8,25505,24042,3954.9008820289096,False,False,False,True
N21000293,N21000276,4,3,25505,6161,2883.2473148632807,False,False,False,True
N21000293,N21000277,4,2,25505,6659,4714.004965967125,False,False,False,True
N21000293,N21000279,4,3,25505,4115,2716.8960801603625,False,False,False,True
N21000293,N21000280,4,2,25505,9328,1644.7541766269444,False,False,False,True
N21000293,N21000283,4,4,25505,9205,4549.735195729292,False,False,False,True
N21000293,N21000284,4,15,25505,16991,3311.8387417160784,False,False,False,True
N21000293,N21000286,4,3,25505,16479,2772.814782392445,False,False,False,True
N21000293,N21000287,4,7,25505,4756,2731.3960919937035,False,False,False,True
N21000293,N21000288,4,1,25505,18650,1865.3885044546873,False,False,False,True
N21000293,N21000289,4,2,25505,25081,2368.484922394771,False,False,False,True
N21000293,N21000290,4,6,25505,18971,2002.3903227837984,False,False,False,True
N21000293,N21000294,4,18,25505,22846,1917.0655335297386,False,False,False,True
N21000293,N21000295,4,9,25505,8555,1532.469881816958,False,False,False,True
N21000293,N21000298,4,3,25505,89,1275.801274683046,False,False,False,True
N21000293,N21000299,4,1,25505,5987,2787.247052757921,False,False,False,True
N21000293,N21000300,4,5,25505,5088,2064.8253754594602,False,False,False,True
N21000293,N21000301,4,4,25505,22078,6517.85356935964,False,False,False,True
N21000293,N21000302,4,4,25505,6864,6904.823109536224,False,False,False,True
N21000293,N21000303,4,11,25505,6397,6462.268388886308,False,False,False,True
N21000293,N21000304,4,10,25505,2229,5934.149544425405,False,False,False,True
N21000293,N21000305,4,2,25505,6602,6169.001505072539,False,False,False,True
N21000293,N21000306,4,1,25505,28173,6068.974070192782,False,False,False,True
N21000293,N21000307,4,6,25505,2710,4504.950206302453,False,False,False,True
N21000293,N21000308,4,10,25505,13508,4511.688991246616,False,False,False,True
N21000293,N21000309,4,25,25505,2721,5406.419821835965,False,False,False,True
N21000293,N21000310,4,8,25505,15134,4038.5497648176697,False,False,False,True
N21000293,N21000311,4,5,25505,2072,3607.55707553144,False,False,False,True
N21000293,N21000312,4,2,25505,18228,3216.0705263462823,False,False,False,True
N21000293,N21000313,4,4,25505,24972,3017.6800410268092,False,False,False,True
N21000293,N21000314,4,2,25505,23517,2653.5376133611926,False,False,False,True
N21000293,N21000315,4,6,25505,2055,3584.0661944880044,False,False,False,True
N21000293,N21000317,4,3,25505,25675,9017.58883478269,False,False,False,True
N21000293,N21000319,4,1,25505,20953,9175.419015780402,False,False,False,True
N21000293,N21000322,4,1,25505,3303,8677.668394982547,False,False,False,True
N21000293,N21000324,4,1,25505,25636,7964.226149740026,False,False,False,True
N21000293,N21000325,4,2,25505,14225,8575.338541613717,False,False,False,True
N21000293,N21000327,4,1,25505,12871,8124.486443656455,False,False,False,True
N21000293,N21000328,4,1,25505,25177,8148.16618716672,False,False,False,True
N21000293,N21000329,4,8,25505,7369,8210.000400319539,False,False,False,True
N21000293,N21000331,4,1,25505,13387,7518.808060511086,False,False,False,True
N21000293,N21000332,4,5,25505,23473,7679.781315120041,False,False,False,True
N21000293,N21000334,4,8,25505,27702,7591.645530855262,False,False,False,True
N21000293,N21000335,4,56,25505,18611,6831.972442282586,False,False,False,True
N21000294,N21000173,4,1,22846,24908,9197.556198276125,False,False,False,True
N21000294,N21000175,4,4,22846,27201,9114.344506093687,False,False,False,True
N21000294,N21000177,4,1,22846,22862,8550.28858820505,False,False,False,True
N21000294,N21000178,4,5,22846,12747,8177.576727907192,False,False,False,True
N21000294,N21000195,4,1,22846,22584,9550.104707427792,False,False,False,True
N21000294,N21000196,4,1,22846,8754,9490.369776257141,False,False,False,True
N21000294,N21000204,4,2,22846,26239,8521.765265847518,False,False,False,True
N21000294,N21000207,4,1,22846,26051,8757.376301777324,False,False,False,True
N21000294,N21000209,4,1,22846,9382,8357.463097946042,False,False,False,True
N21000294,N21000239,4,1,22846,22166,8829.428111837351,False,False,False,True
N21000294,N21000240,4,2,22846,17764,9608.607214860685,False,False,False,True
N21000294,N21000241,4,1,22846,20619,8135.440887410119,False,False,False,True
N21000294,N21000243,4,1,22846,1454,9067.970710336514,False,False,False,True
N21000294,N21000248,4,1,22846,14259,8682.717779356597,False,False,False,True
N21000294,N21000251,4,65,22846,15928,6928.4081942101675,False,False,False,True
N21000294,N21000252,4,17,22846,6604,7536.814841467766,False,False,False,True
N21000294,N21000253,4,8,22846,7436,6439.2710263761155,False,False,False,True
N21000294,N21000254,4,4,22846,17102,7044.102856707504,False,False,False,True
N21000294,N21000255,4,1,22846,11696,6091.503576395331,False,False,False,True
N21000294,N21000256,4,27,22846,24260,6012.684155877147,False,False,False,True
N21000294,N21000258,4,10,22846,27783,6099.813277566328,False,False,False,True
N21000294,N21000263,4,1,22846,6770,7599.256302587197,False,False,False,True
N21000294,N21000264,4,7,22846,24247,5965.837268671728,False,False,False,True
N21000294,N21000265,4,3,22846,27041,5167.735056552448,False,False,False,True
N21000294,N21000267,4,2,22846,21949,6780.170291959268,False,False,False,True
N21000294,N21000268,4,16,22846,1126,4406.161481990432,False,False,False,True
N21000294,N21000269,4,1,22846,1407,6746.322825328209,False,False,False,True
N21000294,N21000270,4,8,22846,1364,4886.317354959232,False,False,False,True
N21000294,N21000272,4,2,22846,20779,5510.120724440325,False,False,False,True
N21000294,N21000273,4,3,22846,2383,4091.131786680184,False,False,False,True
N21000294,N21000274,4,19,22846,391,3983.440789260421,False,False,False,True
N21000294,N21000275,4,1,22846,24042,3464.6457144068513,False,False,False,True
N21000294,N21000276,4,2,22846,6161,2392.992147241222,False,False,False,True
N21000294,N21000277,4,1,22846,6659,4223.749798345068,False,False,False,True
N21000294,N21000279,4,2,22846,4115,2226.6409125383034,False,False,False,True
N21000294,N21000280,4,2,22846,9328,1154.499009004886,False,False,False,True
N21000294,N21000281,4,1,22846,9316,2738.8231022927052,False,False,False,True
N21000294,N21000283,4,2,22846,9205,4059.4800281072335,False,False,False,True
N21000294,N21000284,4,12,22846,16991,2485.5543478518516,False,False,False,True
N21000294,N21000286,4,4,22846,16479,3563.278726091608,False,False,False,True
N21000294,N21000287,4,8,22846,4756,4342.0649580056415,False,False,False,True
N21000294,N21000288,4,4,22846,18650,2959.439753439951,False,False,False,True
N21000294,N21000289,4,2,22846,25081,2664.192377986094,False,False,False,True
N21000294,N21000290,4,1,22846,18971,3613.059188795737,False,False,False,True
N21000294,N21000291,4,2,22846,23779,2823.200758175363,False,False,False,True
N21000294,N21000293,4,9,22846,25505,1917.0655335297379,False,False,False,True
N21000294,N21000295,4,2,22846,8555,2618.778238400572,False,False,False,True
N21000294,N21000298,4,1,22846,89,2362.1096312666605,False,False,False,True
N21000294,N21000301,4,2,22846,22078,6812.178435872596,False,False,False,True
N21000294,N21000303,4,5,22846,6397,6236.90326086202,False,False,False,True
N21000294,N21000304,4,2,22846,2229,7028.20079341067,False,False,False,True
N21000294,N21000307,4,3,22846,2710,4799.27507281541,False,False,False,True
N21000294,N21000308,4,4,22846,13508,4806.013857759573,False,False,False,True
N21000294,N21000309,4,16,22846,2721,5439.204898182456,False,False,False,True
N21000294,N21000310,4,3,22846,15134,4556.638134793892,False,False,False,True
N21000294,N21000311,4,3,22846,2072,3898.1999831943895,False,False,False,True
N21000294,N21000312,4,7,22846,18228,3734.158896322504,False,False,False,True
N21000294,N21000313,4,5,22846,24972,4111.731290012074,False,False,False,True
N21000294,N21000314,4,2,22846,23517,3488.405820994946,False,False,False,True
N21000294,N21000315,4,8,22846,2055,3616.8512708344947,False,False,False,True
N21000294,N21000323,4,1,22846,10135,8419.129339917166,False,False,False,True
N21000294,N21000324,4,5,22846,25636,8164.961878483749,False,False,False,True
N21000294,N21000325,4,4,22846,14225,8228.157836370428,False,False,False,True
N21000294,N21000327,4,1,22846,12871,7928.065561701165,False,False,False,True
N21000294,N21000328,4,2,22846,25177,7800.985481923433,False,False,False,True
N21000294,N21000329,4,3,22846,7369,7719.745232697483,False,False,False,True
N21000294,N21000331,4,5,22846,13387,7171.627355267799,False,False,False,True
N21000294,N21000332,4,5,22846,23473,7974.1061816329975,False,False,False,True
N21000294,N21000334,4,2,22846,27702,7101.390363233203,False,False,False,True
N21000294,N21000335,4,47,22846,18611,6484.791737039299,False,False,False,True
N21000295,N21000174,4,1,8555,19652,9633.403025538619,False,False,False,True
N21000295,N21000175,4,4,8555,27201,9484.836684430076,False,False,False,True
N21000295,N21000177,4,2,8555,22862,9518.407457301539,False,False,False,True
N21000295,N21000178,4,2,8555,12747,9145.695597003682,False,False,False,True
N21000295,N21000251,4,27,8555,15928,8277.38306871099,False,False,False,True
N21000295,N21000252,4,13,8555,6604,9230.34511856327,False,False,False,True
N21000295,N21000253,4,9,8555,7436,8257.833730147064,False,False,False,True
N21000295,N21000254,4,1,8555,17102,8862.665560478452,False,False,False,True
N21000295,N21000256,4,7,8555,24260,7478.021975473526,False,False,False,True
N21000295,N21000258,4,1,8555,27783,7918.375981337275,False,False,False,True
N21000295,N21000259,4,2,8555,15492,8326.29362245393,False,False,False,True
N21000295,N21000261,4,1,8555,1844,7351.3848691519415,False,False,False,True
N21000295,N21000263,4,1,8555,6770,9417.819006358146,False,False,False,True
N21000295,N21000266,4,1,8555,18253,6600.936119773202,False,False,False,True
N21000295,N21000268,4,20,8555,1126,5954.395814771721,False,False,False,True
N21000295,N21000270,4,3,8555,1364,6704.88005873018,False,False,False,True
N21000295,N21000272,4,1,8555,20779,7328.683428211274,False,False,False,True
N21000295,N21000274,4,11,8555,391,5802.003493031371,False,False,False,True
N21000295,N21000275,4,3,8555,24042,5283.2084181778,False,False,False,True
N21000295,N21000276,4,2,8555,6161,3912.1206922391552,False,False,False,True
N21000295,N21000277,4,1,8555,6659,6042.312502116017,False,False,False,True
N21000295,N21000278,4,2,8555,25468,8163.690372369326,False,False,False,True
N21000295,N21000279,4,1,8555,4115,4045.203616309251,False,False,False,True
N21000295,N21000280,4,2,8555,9328,2973.0617127758333,False,False,False,True
N21000295,N21000283,4,2,8555,9205,5403.874007693926,False,False,False,True
N21000295,N21000284,4,10,8555,16991,3659.077406635183,False,False,False,True
N21000295,N21000285,4,1,8555,4192,8009.659612449124,False,False,False,True
N21000295,N21000286,4,5,8555,16479,2699.386295503747,False,False,False,True
N21000295,N21000287,4,7,8555,4756,2562.1723421595557,False,False,True,True
N21000295,N21000290,4,6,8555,18971,1833.1665729496506,False,False,True,True
N21000295,N21000291,4,6,8555,23779,1273.7339635309845,False,False,False,True
N21000295,N21000293,4,7,8555,25505,1532.4698818169577,False,False,False,True
N21000295,N21000294,4,10,8555,22846,2618.778238400572,False,False,False,True
N21000295,N21000297,4,3,8555,8391,2477.251017516651,False,False,False,True
N21000295,N21000298,4,9,8555,89,824.5114725400385,False,False,True,True
N21000295,N21000299,4,3,8555,5987,1577.4435773678501,False,False,False,True
N21000295,N21000300,4,5,8555,5088,2412.064040378564,False,False,True,True
N21000295,N21000302,4,1,8555,6864,6831.394622647527,False,False,False,True
N21000295,N21000303,4,4,8555,6397,6388.8399019976105,False,False,False,True
N21000295,N21000304,4,8,8555,2229,5860.721057536708,False,False,False,True
N21000295,N21000305,4,1,8555,6602,6095.573018183842,False,False,False,True
N21000295,N21000307,4,4,8555,2710,4431.521719413755,False,False,False,True
N21000295,N21000308,4,5,8555,13508,4438.260504357917,False,False,False,True
N21000295,N21000309,4,19,8555,2721,5332.991334947267,False,False,False,True
N21000295,N21000310,4,1,8555,15134,3965.1212779289717,False,False,False,True
N21000295,N21000311,4,2,8555,2072,3534.128588642742,False,False,False,True
N21000295,N21000313,4,4,8555,24972,2944.251554138112,False,False,False,True
N21000295,N21000315,4,8,8555,2055,3510.6377075993064,False,False,False,True
N21000295,N21000319,4,1,8555,20953,9101.990528891705,False,False,False,True
N21000295,N21000323,4,1,8555,10135,8542.121734983759,False,False,False,True
N21000295,N21000324,4,1,8555,25636,7890.797662851328,False,False,False,True
N21000295,N21000325,4,1,8555,14225,8501.91005472502,False,False,False,True
N21000295,N21000329,4,6,8555,7369,8697.548494726905,False,False,False,True
N21000295,N21000331,4,2,8555,13387,7445.379573622389,False,False,False,True
N21000295,N21000332,4,4,8555,23473,7606.352828231343,False,False,False,True
N21000295,N21000335,4,24,8555,18611,6758.543955393889,False,False,False,True
N21000296,N21000266,4,1,12268,18253,9463.148608668678,False,False,False,True
N21000296,N21000268,4,31,12268,1126,8797.90407989355,False,False,False,True
N21000296,N21000270,4,2,12268,1364,9567.092547625649,False,False,False,True
N21000296,N21000274,4,15,12268,391,8664.21598192684,False,False,False,True
N21000296,N21000275,4,4,12268,24042,8145.420907073269,False,False,False,True
N21000296,N21000276,4,1,12268,6161,6755.62895736098,False,False,False,True
N21000296,N21000277,4,2,12268,6659,8904.524991011485,False,False,False,True
N21000296,N21000279,4,1,12268,4115,6907.416105204723,False,False,False,True
N21000296,N21000280,4,2,12268,9328,5835.274201671304,False,False,False,True
N21000296,N21000283,4,1,12268,9205,8266.086496589394,False,False,False,True
N21000296,N21000284,4,3,12268,16991,6521.289895530654,False,False,False,True
N21000296,N21000286,4,3,12268,16479,5542.894560625576,False,False,False,True
N21000296,N21000287,4,9,12268,4756,5360.90739817666,False,False,False,True
N21000296,N21000288,4,3,12268,18650,4635.468282687816,False,False,False,True
N21000296,N21000289,4,2,12268,25081,5257.191481852049,False,False,False,True
N21000296,N21000290,4,3,12268,18971,4676.674838071477,False,False,False,True
N21000296,N21000291,4,1,12268,23779,4117.242228652812,False,False,False,True
N21000296,N21000293,4,2,12268,25505,4394.6823707124295,False,False,False,True
N21000296,N21000294,4,6,12268,22846,5480.990727296042,False,False,False,True
N21000296,N21000295,4,15,12268,8555,3184.878895322359,False,False,False,True
N21000296,N21000297,4,2,12268,8391,1318.1856282847466,True,True,True,True
N21000296,N21000298,4,1,12268,89,3686.7239614355103,False,False,False,True
N21000296,N21000299,4,2,12268,5987,2182.406300979769,True,True,True,True
N21000296,N21000300,4,2,12268,5088,5274.276529274034,False,False,False,True
N21000296,N21000301,4,3,12268,22078,9287.933347592769,False,False,False,True
N21000296,N21000303,4,6,12268,6397,9232.348167119439,False,False,False,True
N21000296,N21000304,4,9,12268,2229,8704.229322658535,False,False,False,True
N21000296,N21000305,4,1,12268,6602,8939.081283305668,False,False,False,True
N21000296,N21000306,4,4,12268,28173,8839.05384842591,False,False,False,True
N21000296,N21000307,4,9,12268,2710,7275.029984535581,False,False,False,True
N21000296,N21000308,4,7,12268,13508,7281.768769479744,False,False,False,True
N21000296,N21000309,4,23,12268,2721,8176.499600069095,False,False,False,True
N21000296,N21000310,4,1,12268,15134,6808.629543050797,False,False,False,True
N21000296,N21000311,4,12,12268,2072,6377.63685376457,False,False,False,True
N21000296,N21000312,4,2,12268,18228,5986.150304579412,False,False,False,True
N21000296,N21000313,4,4,12268,24972,5787.759819259938,False,False,False,True
N21000296,N21000314,4,2,12268,23517,5423.6173915943245,False,False,False,True
N21000296,N21000315,4,14,12268,2055,6354.145972721136,False,False,False,True
N21000296,N21000335,4,71,12268,18611,9602.052220515714,False,False,False,True
N21000297,N21000256,4,22,8391,24260,9613.902362789642,False,False,False,True
N21000297,N21000261,4,2,8391,1844,9505.969480241705,False,False,False,True
N21000297,N21000265,4,4,8391,27041,9140.882371413163,False,False,False,True
N21000297,N21000266,4,3,8391,18253,8755.520730862969,False,False,False,True
N21000297,N21000268,4,31,8391,1126,8090.276202087841,False,False,False,True
N21000297,N21000270,4,4,8391,1364,8859.464669819941,False,False,False,True
N21000297,N21000272,4,1,8391,20779,9483.268039301041,False,False,False,True
N21000297,N21000274,4,21,8391,391,7956.588104121133,False,False,False,True
N21000297,N21000275,4,6,8391,24042,7437.793029267562,False,False,False,True
N21000297,N21000276,4,2,8391,6161,6048.001079555273,False,False,False,True
N21000297,N21000277,4,1,8391,6659,8196.89711320578,False,False,False,True
N21000297,N21000279,4,2,8391,4115,6199.788227399016,False,False,False,True
N21000297,N21000280,4,1,8391,9328,5127.646323865597,False,False,False,True
N21000297,N21000283,4,2,8391,9205,7558.458618783688,False,False,False,True
N21000297,N21000284,4,4,8391,16991,5813.662017724946,False,False,False,True
N21000297,N21000286,4,5,8391,16479,4835.266682819866,False,False,False,True
N21000297,N21000287,4,6,8391,4756,4653.279520370953,False,False,False,True
N21000297,N21000288,4,3,8391,18650,3927.8404048821094,False,False,False,True
N21000297,N21000289,4,3,8391,25081,4549.56360404634,False,False,False,True
N21000297,N21000290,4,3,8391,18971,3969.0469602657704,False,False,False,True
N21000297,N21000291,4,3,8391,23779,3409.6143508471037,False,False,False,True
N21000297,N21000292,4,1,8391,17159,2846.3965743369417,False,False,False,True
N21000297,N21000293,4,2,8391,25505,3687.0544929067223,False,False,False,True
N21000297,N21000294,4,7,8391,22846,4773.362849490335,False,False,False,True
N21000297,N21000295,4,16,8391,8555,2477.251017516651,False,False,False,True
N21000297,N21000296,4,4,8391,12268,1318.1856282847466,True,True,True,True
N21000297,N21000298,4,1,8391,89,2979.0960836298027,False,False,False,True
N21000297,N21000299,4,6,8391,5987,1253.4867104252644,True,True,True,True
N21000297,N21000300,4,3,8391,5088,4566.648651468328,False,False,False,True
N21000297,N21000301,4,1,8391,22078,8580.305469787058,False,False,False,True
N21000297,N21000303,4,8,8391,6397,8524.720289313731,False,False,False,True
N21000297,N21000304,4,11,8391,2229,7996.601444852828,False,False,False,True
N21000297,N21000305,4,5,8391,6602,8231.453405499959,False,False,False,True
N21000297,N21000306,4,4,8391,28173,8131.425970620203,False,False,False,True
N21000297,N21000307,4,7,8391,2710,6567.402106729872,False,False,False,True
N21000297,N21000308,4,11,8391,13508,6574.140891674035,False,False,False,True
N21000297,N21000309,4,44,8391,2721,7468.871722263386,False,False,False,True
N21000297,N21000310,4,6,8391,15134,6101.001665245088,False,False,False,True
N21000297,N21000311,4,6,8391,2072,5670.008975958861,False,False,False,True
N21000297,N21000312,4,1,8391,18228,5278.522426773702,False,False,False,True
N21000297,N21000313,4,3,8391,24972,5080.131941454232,False,False,False,True
N21000297,N21000315,4,6,8391,2055,5646.518094915426,False,False,False,True
N21000297,N21000331,4,4,8391,13387,9581.259960938507,False,False,False,True
N21000297,N21000333,4,4,8391,3340,9308.98494568911,False,False,False,True
N21000297,N21000335,4,64,8391,18611,8894.424342710006,False,False,False,True
N21000298,N21000251,4,46,89,15928,8490.302290847207,False,False,False,True
N21000298,N21000252,4,7,89,6604,9098.708938104803,False,False,False,True
N21000298,N21000253,4,7,89,7436,8001.165123013153,False,False,False,True
N21000298,N21000254,4,4,89,17102,8605.996953344542,False,False,False,True
N21000298,N21000256,4,17,89,24260,7574.578252514184,False,False,False,True
N21000298,N21000258,4,6,89,27783,7661.707374203365,False,False,False,True
N21000298,N21000259,4,1,89,15492,8069.62501532002,False,False,False,True
N21000298,N21000262,4,1,89,8231,8286.218777388443,False,False,False,True
N21000298,N21000264,4,4,89,24247,7527.731365308766,False,False,False,True
N21000298,N21000265,4,2,89,27041,6729.629153189486,False,False,False,True
N21000298,N21000266,4,6,89,18253,6344.267512639291,False,False,False,True
N21000298,N21000268,4,23,89,1126,5968.055578627471,False,False,False,True
N21000298,N21000270,4,1,89,1364,6448.211451596269,False,False,False,True
N21000298,N21000271,4,1,89,15197,7184.128345537939,False,False,False,True
N21000298,N21000273,4,3,89,2383,5653.025883317222,False,False,False,True
N21000298,N21000274,4,14,89,391,5545.3348858974605,False,False,False,True
N21000298,N21000275,4,4,89,24042,5026.539811043889,False,False,False,True
N21000298,N21000276,4,1,89,6161,3954.886243878258,False,False,False,True
N21000298,N21000279,4,1,89,4115,3788.5350091753394,False,False,False,True
N21000298,N21000280,4,1,89,9328,2716.3931056419215,False,False,False,True
N21000298,N21000283,4,6,89,9205,5147.205400560016,False,False,False,True
N21000298,N21000284,4,4,89,16991,3402.4087995012715,False,False,False,True
N21000298,N21000286,4,3,89,16479,3523.51908118293,False,False,False,True
N21000298,N21000287,4,6,89,4756,3386.305127838739,False,False,True,True
N21000298,N21000288,4,3,89,18650,2616.0928032451734,False,False,False,True
N21000298,N21000289,4,2,89,25081,3237.8160024094027,False,False,False,True
N21000298,N21000290,4,2,89,18971,2657.299358628834,False,False,True,True
N21000298,N21000291,4,2,89,23779,2097.8667492101677,False,False,False,True
N21000298,N21000293,4,5,89,25505,1275.801274683046,False,False,False,True
N21000298,N21000294,4,12,89,22846,2362.10963126666,False,False,False,True
N21000298,N21000295,4,21,89,8555,824.5114725400384,False,False,True,True
N21000298,N21000297,4,2,89,8391,2979.0960836298027,False,False,False,True
N21000298,N21000299,4,2,89,5987,2079.2886434810016,False,False,False,True
N21000298,N21000300,4,1,89,5088,2155.3954332446533,False,False,True,True
N21000298,N21000301,4,2,89,22078,7268.557868150123,False,False,False,True
N21000298,N21000302,4,1,89,6864,7655.527408326709,False,False,False,True
N21000298,N21000303,4,6,89,6397,7212.972687676792,False,False,False,True
N21000298,N21000304,4,7,89,2229,6684.853843215891,False,False,False,True
N21000298,N21000305,4,4,89,6602,6919.705803863023,False,False,False,True
N21000298,N21000306,4,4,89,28173,6819.678368983266,False,False,False,True
N21000298,N21000307,4,8,89,2710,5255.654505092936,False,False,False,True
N21000298,N21000308,4,8,89,13508,5262.393290037099,False,False,False,True
N21000298,N21000309,4,20,89,2721,6157.124120626449,False,False,False,True
N21000298,N21000311,4,8,89,2072,4358.261374321925,False,False,False,True
N21000298,N21000312,4,3,89,18228,3966.7748251367675,False,False,False,True
N21000298,N21000313,4,1,89,24972,3768.384339817296,False,False,False,True
N21000298,N21000315,4,5,89,2055,4334.77049327849,False,False,False,True
N21000298,N21000323,4,1,89,10135,9366.25452066294,False,False,False,True
N21000298,N21000325,4,1,89,14225,9326.042840404203,False,False,False,True
N21000298,N21000329,4,2,89,7369,9281.639329334515,False,False,False,True
N21000298,N21000330,4,1,89,3126,8071.022726205739,False,False,False,True
N21000298,N21000331,4,3,89,13387,8269.51235930157,False,False,False,True
N21000298,N21000333,4,1,89,3340,7997.2373440521715,False,False,False,True
N21000298,N21000334,4,3,89,27702,8425.396096752505,False,False,False,True
N21000298,N21000335,4,38,89,18611,7582.67674107307,False,False,False,True
N21000299,N21000251,4,80,5987,15928,9513.456015878313,False,False,False,True
N21000299,N21000253,4,14,5987,7436,9512.610901088025,False,False,False,True
N21000299,N21000256,4,22,5987,24260,8714.094922640847,False,False,False,True
N21000299,N21000258,4,6,5987,27783,9173.153152278233,False,False,False,True
N21000299,N21000259,4,3,5987,15492,9581.070793394887,False,False,False,True
N21000299,N21000264,4,2,5987,24247,9039.177143383642,False,False,False,True
N21000299,N21000265,4,7,5987,27041,8241.07493126436,False,False,False,True
N21000299,N21000266,4,2,5987,18253,7855.713290714165,False,False,False,True
N21000299,N21000268,4,24,5987,1126,7190.468761939041,False,False,False,True
N21000299,N21000270,4,1,5987,1364,7959.657229671143,False,False,False,True
N21000299,N21000273,4,2,5987,2383,7164.4716613920955,False,False,False,True
N21000299,N21000274,4,20,5987,391,7056.780663972334,False,False,False,True
N21000299,N21000275,4,2,5987,24042,6537.985589118763,False,False,False,True
N21000299,N21000276,4,6,5987,6161,5148.193639406473,False,False,False,True
N21000299,N21000277,4,1,5987,6659,7297.089673056979,False,False,False,True
N21000299,N21000278,4,2,5987,25468,9418.467543310291,False,False,False,True
N21000299,N21000279,4,1,5987,4115,5299.980787250217,False,False,False,True
N21000299,N21000280,4,1,5987,9328,4227.838883716798,False,False,False,True
N21000299,N21000283,4,5,5987,9205,6658.65117863489,False,False,False,True
N21000299,N21000284,4,4,5987,16991,4913.854577576148,False,False,False,True
N21000299,N21000286,4,3,5987,16479,3935.4592426710647,False,False,False,True
N21000299,N21000287,4,14,5987,4756,3753.472080222153,False,False,False,True
N21000299,N21000289,4,5,5987,25081,3649.756163897537,False,False,False,True
N21000299,N21000290,4,7,5987,18971,3069.239520116969,False,False,False,True
N21000299,N21000291,4,5,5987,23779,2509.806910698302,False,False,False,True
N21000299,N21000293,4,3,5987,25505,2787.247052757922,False,False,False,True
N21000299,N21000294,4,19,5987,22846,3873.5554093415362,False,False,False,True
N21000299,N21000295,4,21,5987,8555,1577.4435773678508,False,False,False,True
N21000299,N21000296,4,3,5987,12268,2182.4063009797696,True,True,True,True
N21000299,N21000297,4,5,5987,8391,1253.4867104252646,True,True,True,True
N21000299,N21000298,4,1,5987,89,2079.288643481002,False,False,False,True
N21000299,N21000300,4,3,5987,5088,3666.8412113195277,False,False,False,True
N21000299,N21000301,4,2,5987,22078,7680.498029638257,False,False,False,True
N21000299,N21000302,4,2,5987,6864,8067.467569814846,False,False,False,True
N21000299,N21000303,4,8,5987,6397,7624.912849164929,False,False,False,True
N21000299,N21000304,4,6,5987,2229,7096.7940047040265,False,False,False,True
N21000299,N21000305,4,4,5987,6602,7331.64596535116,False,False,False,True
N21000299,N21000306,4,4,5987,28173,7231.618530471404,False,False,False,True
N21000299,N21000307,4,6,5987,2710,5667.594666581071,False,False,False,True
N21000299,N21000308,4,10,5987,13508,5674.333451525234,False,False,False,True
N21000299,N21000309,4,29,5987,2721,6569.064282114586,False,False,False,True
N21000299,N21000310,4,4,5987,15134,5201.1942250962875,False,False,False,True
N21000299,N21000311,4,5,5987,2072,4770.20153581006,False,False,False,True
N21000299,N21000312,4,5,5987,18228,4378.714986624902,False,False,False,True
N21000299,N21000313,4,1,5987,24972,4180.324501305431,False,False,False,True
N21000299,N21000314,4,1,5987,23517,3816.182073639812,False,False,False,True
N21000299,N21000315,4,9,5987,2055,4746.710654766626,False,False,False,True
N21000299,N21000328,4,1,5987,25177,9310.810647445345,False,False,False,True
N21000299,N21000331,4,2,5987,13387,8681.452520789708,False,False,False,True
N21000299,N21000332,4,3,5987,23473,8842.425775398662,False,False,False,True
N21000299,N21000333,4,1,5987,3340,8409.177505540309,False,False,False,True
N21000299,N21000334,4,2,5987,27702,8837.33625824064,False,False,False,True
N21000299,N21000335,4,70,5987,18611,7994.616902561207,False,False,False,True
N21000300,N21000178,4,1,5088,12747,9003.78778546703,False,False,False,True
N21000300,N21000204,4,1,5088,26239,9347.976323407353,False,False,False,True
N21000300,N21000241,4,2,5088,20619,8961.651944969957,False,False,False,True
N21000300,N21000248,4,1,5088,14259,9508.928836916435,False,False,False,True
N21000300,N21000249,4,2,5088,28796,8549.449736069157,False,False,False,True
N21000300,N21000251,4,40,5088,15928,7754.619251770004,False,False,False,True
N21000300,N21000252,4,15,5088,6604,8363.025899027603,False,False,False,True
N21000300,N21000253,4,11,5088,7436,7265.482083935952,False,False,False,True
N21000300,N21000254,4,4,5088,17102,7870.31391426734,False,False,False,True
N21000300,N21000255,4,1,5088,11696,6917.714633955169,False,False,False,True
N21000300,N21000256,4,21,5088,24260,6838.895213436983,False,False,False,True
N21000300,N21000257,4,1,5088,60,6493.178901217297,False,False,False,True
N21000300,N21000258,4,6,5088,27783,6926.024335126164,False,False,False,True
N21000300,N21000259,4,6,5088,15492,7333.941976242819,False,False,False,True
N21000300,N21000261,4,2,5088,1844,6359.03322294083,False,False,False,True
N21000300,N21000263,4,2,5088,6770,8425.467360147033,False,False,False,True
N21000300,N21000264,4,9,5088,24247,6792.048326231565,False,False,False,True
N21000300,N21000265,4,6,5088,27041,5993.946114112285,False,False,False,True
N21000300,N21000266,4,1,5088,18253,5608.58447356209,False,False,False,True
N21000300,N21000267,4,1,5088,21949,7606.381349519104,False,False,False,True
N21000300,N21000268,4,25,5088,1126,5232.372539550269,False,False,False,True
N21000300,N21000269,4,5,5088,1407,7572.533882888045,False,False,False,True
N21000300,N21000270,4,9,5088,1364,5712.528412519068,False,False,False,True
N21000300,N21000272,4,1,5088,20779,6336.331782000161,False,False,False,True
N21000300,N21000273,4,2,5088,2383,4917.342844240021,False,False,False,True
N21000300,N21000274,4,48,5088,391,4809.651846820258,False,False,False,True
N21000300,N21000275,4,2,5088,24042,4290.856771966688,False,False,False,True
N21000300,N21000276,4,1,5088,6161,3219.2032048010587,False,False,False,True
N21000300,N21000277,4,2,5088,6659,5049.960855904904,False,False,False,True
N21000300,N21000278,4,1,5088,25468,7171.338726158213,False,False,False,True
N21000300,N21000279,4,3,5088,4115,3052.85197009814,False,False,False,True
N21000300,N21000280,4,1,5088,9328,1980.710066564722,False,False,False,True
N21000300,N21000283,4,5,5088,9205,3999.772851916395,False,False,False,True
N21000300,N21000284,4,6,5088,16991,2254.9762508576523,False,False,True,True
N21000300,N21000286,4,1,5088,16479,4176.769450382374,False,False,False,True
N21000300,N21000287,4,4,5088,4756,4135.350759983633,False,False,True,True
N21000300,N21000288,4,2,5088,18650,3269.343172444618,False,False,False,True
N21000300,N21000289,4,1,5088,25081,3490.40343554593,False,False,False,True
N21000300,N21000290,4,2,5088,18971,3406.3449907737286,False,False,False,True
N21000300,N21000291,4,4,5088,23779,2751.1171184096124,False,False,False,True
N21000300,N21000293,4,4,5088,25505,2064.825375459459,False,False,False,True
N21000300,N21000294,4,17,5088,22846,1626.4265921894607,False,False,False,True
N21000300,N21000295,4,4,5088,8555,2412.0640403785637,False,False,True,True
N21000300,N21000297,4,1,5088,8391,4566.648651468329,False,False,False,True
N21000300,N21000298,4,3,5088,89,2155.395433244652,False,False,True,True
N21000300,N21000299,4,1,5088,5987,3666.8412113195277,False,False,False,True
N21000300,N21000303,4,2,5088,6397,7063.114318421858,False,False,False,True
N21000300,N21000304,4,3,5088,2229,7338.104212415337,False,False,False,True
N21000300,N21000305,4,1,5088,6602,7027.997638978865,False,False,False,True
N21000300,N21000306,4,2,5088,28173,6927.970204099109,False,False,False,True
N21000300,N21000307,4,1,5088,2710,5625.486130375245,False,False,False,True
N21000300,N21000308,4,6,5088,13508,5632.224915319408,False,False,False,True
N21000300,N21000309,4,5,5088,2721,6265.415955742291,False,False,False,True
N21000300,N21000310,4,2,5088,15134,5382.849192353727,False,False,False,True
N21000300,N21000311,4,1,5088,2072,4724.411040754225,False,False,False,True
N21000300,N21000315,4,2,5088,2055,4443.062328394331,False,False,False,True
N21000300,N21000321,4,1,5088,19488,9086.707696044157,False,False,False,True
N21000300,N21000322,4,1,5088,3303,9156.698747299099,False,False,False,True
N21000300,N21000325,4,2,5088,14225,9054.368893930268,False,False,False,True
N21000300,N21000327,4,2,5088,12871,8754.276619261002,False,False,False,True
N21000300,N21000329,4,3,5088,7369,8545.956290257318,False,False,False,True
N21000300,N21000331,4,3,5088,13387,7997.8384128276375,False,False,False,True
N21000300,N21000332,4,1,5088,23473,8800.317239192835,False,False,False,True
N21000300,N21000334,4,1,5088,27702,7927.601420793041,False,False,False,True
N21000300,N21000335,4,26,5088,18611,7311.002794599137,False,False,False,True
N21000301,N21000164,4,1,22078,26366,5007.738569614737,False,False,False,True
N21000301,N21000167,4,3,22078,23946,4673.0077219843215,False,False,False,True
N21000301,N21000170,4,1,22078,23278,3732.0520878672373,False,False,False,True
N21000301,N21000172,4,1,22078,18162,3899.5330829595423,False,False,False,True
N21000301,N21000175,4,7,22078,27201,4449.915311701215,False,False,False,True
N21000301,N21000177,4,2,22078,22862,4781.363347227128,False,False,False,True
N21000301,N21000178,4,1,22078,12747,4245.404807572379,False,False,False,True
N21000301,N21000188,4,2,22078,9768,6972.004503937153,False,False,False,True
N21000301,N21000190,4,1,22078,9490,6057.882476632916,False,False,False,True
N21000301,N21000191,4,1,22078,10156,6503.2691108484505,False,False,False,True
N21000301,N21000192,4,25,22078,17614,8281.118147963787,False,False,False,True
N21000301,N21000196,4,2,22078,8754,5274.968808592116,False,False,False,True
N21000301,N21000198,4,4,22078,15611,6661.622777680443,False,False,False,True
N21000301,N21000203,4,1,22078,15685,7709.582789635412,False,False,False,True
N21000301,N21000204,4,2,22078,26239,5899.388747083166,False,False,False,True
N21000301,N21000205,4,2,22078,27396,7063.757235413836,False,False,False,True
N21000301,N21000208,4,1,22078,5457,6575.386849518331,False,False,False,True
N21000301,N21000209,4,2,22078,9382,5735.086579181688,False,False,False,True
N21000301,N21000212,4,1,22078,26189,6128.9161744031635,False,False,False,True
N21000301,N21000216,4,1,22078,14179,7715.670677517532,False,False,False,True
N21000301,N21000217,4,1,22078,19481,6440.57023279107,False,False,False,True
N21000301,N21000224,4,1,22078,15583,9582.375250639276,False,False,False,True
N21000301,N21000225,4,2,22078,25527,8926.132449617411,False,False,False,True
N21000301,N21000237,4,3,22078,5957,8461.2474926054,False,False,False,True
N21000301,N21000240,4,2,22078,17764,8206.463951056512,False,False,False,True
N21000301,N21000241,4,1,22078,20619,7096.841412654709,False,False,False,True
N21000301,N21000249,4,2,22078,28796,6982.516533058227,False,False,False,True
N21000301,N21000250,4,2,22078,4849,8936.130543744988,False,False,False,True
N21000301,N21000251,4,50,22078,15928,3961.476272851127,False,False,False,True
N21000301,N21000252,4,13,22078,6604,4914.438322703412,False,False,False,True
N21000301,N21000253,4,5,22078,7436,4337.163404412946,False,False,False,True
N21000301,N21000254,4,4,22078,17102,5165.088535475539,False,False,False,True
N21000301,N21000255,4,1,22078,11696,3383.3100035768175,False,False,False,True
N21000301,N21000256,4,12,22078,24260,3816.4220932300573,False,False,False,True
N21000301,N21000258,4,6,22078,27783,4598.699032163633,False,False,False,True
N21000301,N21000259,4,1,22078,15492,5078.732377351169,False,False,False,True
N21000301,N21000261,4,1,22078,1844,4451.13196359886,False,False,False,True
N21000301,N21000263,4,2,22078,6770,6450.129807361212,False,False,False,True
N21000301,N21000264,4,2,22078,24247,5067.7511122246515,False,False,False,True
N21000301,N21000265,4,1,22078,27041,4536.710008584391,False,False,False,True
N21000301,N21000267,4,1,22078,21949,6039.448146508175,False,False,False,True
N21000301,N21000268,4,29,22078,1126,4044.8121060697135,False,False,False,True
N21000301,N21000269,4,2,22078,1407,6005.600679877116,False,False,False,True
N21000301,N21000270,4,1,22078,1364,5368.767500892722,False,False,False,True
N21000301,N21000273,4,1,22078,2383,5409.014762238408,False,False,False,True
N21000301,N21000274,4,16,22078,391,4907.303716318843,False,False,False,True
N21000301,N21000275,4,4,22078,24042,5217.26385078486,False,False,False,True
N21000301,N21000276,4,1,22078,6161,4954.983834803351,False,False,False,True
N21000301,N21000277,4,3,22078,6659,5541.632773903292,False,False,False,True
N21000301,N21000278,4,1,22078,25468,7663.010644156601,False,False,False,True
N21000301,N21000279,4,1,22078,4115,5935.036864813718,False,False,False,True
N21000301,N21000280,4,1,22078,9328,5657.6794268677095,False,False,False,True
N21000301,N21000283,4,3,22078,9205,7559.803539400515,False,False,False,True
N21000301,N21000284,4,1,22078,16991,7796.854706326376,False,False,False,True
N21000301,N21000287,4,2,22078,4756,7203.448033880829,False,False,False,True
N21000301,N21000288,4,3,22078,18650,4908.470666361746,False,False,False,True
N21000301,N21000291,4,2,22078,23779,5170.691118939958,False,False,False,True
N21000301,N21000294,4,5,22078,22846,6812.178435872593,False,False,False,True
N21000301,N21000295,4,1,22078,8555,6444.4250824709425,False,False,False,True
N21000301,N21000300,4,3,22078,5088,7638.389493432429,False,False,False,True
N21000301,N21000302,4,7,22078,6864,3110.178280710451,False,False,False,True
N21000301,N21000303,4,19,22078,6397,2667.623560060537,False,False,False,True
N21000301,N21000304,4,13,22078,2229,6230.0327356682465,False,False,False,True
N21000301,N21000305,4,14,22078,6602,1676.330093750225,False,False,True,True
N21000301,N21000306,4,11,22078,28173,1489.4019484311764,False,False,True,True
N21000301,N21000307,4,8,22078,2710,2314.016925847709,False,False,False,True
N21000301,N21000308,4,14,22078,13508,2316.7795426078605,False,False,False,True
N21000301,N21000309,4,47,22078,2721,2922.724945801334,False,False,False,True
N21000301,N21000310,4,3,22078,15134,3515.68123207407,False,False,False,True
N21000301,N21000311,4,2,22078,2072,3275.1885248430685,False,False,False,True
N21000301,N21000312,4,3,22078,18228,3825.5701563064067,False,False,False,True
N21000301,N21000313,4,3,22078,24972,4999.373043545937,False,False,False,True
N21000301,N21000315,4,14,22078,2055,3775.6757136349506,False,False,False,True
N21000301,N21000319,4,2,22078,20953,3303.8585615803477,False,False,False,True
N21000301,N21000324,4,2,22078,25636,1877.0187808199757,False,False,False,True
N21000301,N21000325,4,7,22078,14225,3570.2801892719044,False,False,False,True
N21000301,N21000327,4,4,22078,12871,2062.5830267243637,False,False,False,True
N21000301,N21000328,4,1,22078,25177,3090.415354370866,False,False,False,True
N21000301,N21000329,4,6,22078,7369,4255.509294993079,False,False,False,True
N21000301,N21000331,4,5,22078,13387,3016.60188593541,False,False,False,True
N21000301,N21000332,4,10,22078,23473,1592.5739461999915,False,False,False,True
N21000301,N21000333,4,8,22078,3340,2289.782797845776,False,False,False,True
N21000301,N21000334,4,5,22078,27702,3285.3565152134574,False,False,False,True
N21000301,N21000335,4,85,22078,18611,2755.7906329700413,False,False,False,True
N21000302,N21000170,4,1,6864,23278,4189.515089751294,False,False,False,True
N21000302,N21000172,4,1,6864,18162,4046.6997273955003,False,False,True,True
N21000302,N21000175,4,5,6864,27201,4000.6258134866716,False,False,False,True
N21000302,N21000177,4,4,6864,22862,4034.196586358131,False,False,False,True
N21000302,N21000178,4,1,6864,12747,3661.484726060274,False,False,False,True
N21000302,N21000186,4,1,6864,13768,6685.451473353949,False,False,False,True
N21000302,N21000189,4,1,6864,4448,5832.561594769863,False,False,False,True
N21000302,N21000192,4,14,6864,17614,7462.090933263115,False,False,False,True
N21000302,N21000195,4,3,6864,22584,5034.01270558087,False,False,False,True
N21000302,N21000196,4,3,6864,8754,4695.272622080529,False,False,False,True
N21000302,N21000197,4,2,6864,11265,8751.33554374434,False,False,False,True
N21000302,N21000198,4,3,6864,15611,5619.45110647086,False,False,False,True
N21000302,N21000202,4,1,6864,15786,5875.965865778255,False,False,False,True
N21000302,N21000204,4,1,6864,26239,4731.08467199962,False,False,False,True
N21000302,N21000206,4,1,6864,4787,6542.481984372046,False,False,False,True
N21000302,N21000209,4,1,6864,9382,4566.7825040981415,False,False,False,True
N21000302,N21000222,4,1,6864,11993,7836.066507232088,False,False,False,True
N21000302,N21000241,4,1,6864,20619,5650.1432776389765,False,False,False,True
N21000302,N21000248,4,2,6864,14259,6546.083699775188,False,False,False,True
N21000302,N21000249,4,1,6864,28796,5586.604598927911,False,False,False,True
N21000302,N21000251,4,49,6864,15928,2793.1721977675843,False,False,False,True
N21000302,N21000252,4,11,6864,6604,3746.1342476198656,False,False,False,True
N21000302,N21000253,4,5,6864,7436,3168.859329329404,False,False,False,True
N21000302,N21000254,4,1,6864,17102,3809.0005454082466,False,False,False,True
N21000302,N21000256,4,12,6864,24260,2369.723958214326,False,False,False,True
N21000302,N21000258,4,3,6864,27783,3152.000897147901,False,False,False,True
N21000302,N21000259,4,2,6864,15492,3632.0342423354396,False,False,False,True
N21000302,N21000264,4,4,6864,24247,3671.8391780943375,False,False,False,True
N21000302,N21000265,4,3,6864,27041,3140.7980744540773,False,False,False,True
N21000302,N21000266,4,1,6864,18253,3018.8872421567585,False,False,False,True
N21000302,N21000268,4,21,6864,1126,2648.900171939398,False,False,False,True
N21000302,N21000270,4,1,6864,1364,3972.855566762407,False,False,False,True
N21000302,N21000274,4,7,6864,391,4684.828791893787,False,False,False,True
N21000302,N21000275,4,4,6864,24042,4900.676811371761,False,False,False,True
N21000302,N21000278,4,2,6864,25468,6417.845946142234,False,False,False,True
N21000302,N21000280,4,1,6864,9328,5783.109176877826,False,False,False,True
N21000302,N21000284,4,4,6864,16991,7906.124578274136,False,False,False,True
N21000302,N21000287,4,1,6864,4756,7590.417574057412,False,False,False,True
N21000302,N21000288,4,1,6864,18650,5295.44020653833,False,False,False,True
N21000302,N21000290,4,3,6864,18971,6861.411804847507,False,False,False,True
N21000302,N21000291,4,1,6864,23779,5557.660659116541,False,False,False,True
N21000302,N21000293,4,2,6864,25505,6904.823109536223,False,False,False,True
N21000302,N21000294,4,3,6864,22846,6937.608185882709,False,False,False,True
N21000302,N21000295,4,3,6864,8555,6831.3946226475255,False,False,False,True
N21000302,N21000300,4,1,6864,5088,7763.8192434425455,False,False,False,True
N21000302,N21000301,4,6,6864,22078,3110.178280710452,False,False,False,True
N21000302,N21000304,4,1,6864,2229,8166.880028432222,False,False,False,True
N21000302,N21000305,4,7,6864,6602,1644.592861379328,False,False,False,True
N21000302,N21000306,4,7,6864,28173,2219.9080009806144,False,False,False,True
N21000302,N21000307,4,5,6864,2710,2410.392595165364,False,False,False,True
N21000302,N21000308,4,9,6864,13508,3098.8039634516895,False,False,False,True
N21000302,N21000309,4,33,6864,2721,2497.720300077449,False,False,False,True
N21000302,N21000310,4,4,6864,15134,3913.170464182248,False,False,False,True
N21000302,N21000311,4,2,6864,2072,3672.677756951246,False,False,False,True
N21000302,N21000312,4,1,6864,18228,4223.059388414585,False,False,False,True
N21000302,N21000314,4,1,6864,23517,4958.945546200687,False,False,False,True
N21000302,N21000315,4,7,6864,2055,3648.595589900258,False,False,False,True
N21000302,N21000316,4,1,6864,23306,4710.932175880735,False,False,False,True
N21000302,N21000322,4,1,6864,3303,3120.029037150444,False,False,False,True
N21000302,N21000324,4,1,6864,25636,2574.0998111151666,False,False,False,True
N21000302,N21000325,4,6,6864,14225,3017.699183781614,False,False,False,True
N21000302,N21000328,4,1,6864,25177,2590.526829334615,False,False,False,True
N21000302,N21000329,4,3,6864,7369,3213.3376237834964,False,False,False,True
N21000302,N21000331,4,10,6864,13387,1961.1687026789814,False,False,False,True
N21000302,N21000332,4,4,6864,23473,2358.478780917277,False,False,False,True
N21000302,N21000333,4,3,6864,3340,1522.1392354975876,False,False,False,True
N21000302,N21000334,4,3,6864,27702,2117.0524401299144,False,False,False,True
N21000302,N21000335,4,76,6864,18611,1307.9433039782189,False,False,True,True
N21000303,N21000165,4,2,6397,19703,4240.883664581695,False,False,True,True
N21000303,N21000167,4,1,6397,23946,4088.304859972875,False,False,False,True
N21000303,N21000170,4,1,6397,23278,3622.950282625363,False,False,False,True
N21000303,N21000173,4,2,6397,24908,3092.4290643511013,False,False,False,True
N21000303,N21000174,4,2,6397,19652,3415.8728955372876,False,False,True,True
N21000303,N21000175,4,9,6397,27201,3248.677406285706,False,False,False,True
N21000303,N21000177,4,3,6397,22862,3282.248179157168,False,False,False,True
N21000303,N21000178,4,2,6397,12747,2909.536318859311,False,False,False,True
N21000303,N21000181,4,2,6397,10525,7300.219538854095,False,False,False,True
N21000303,N21000186,4,1,6397,13768,5933.503066152984,False,False,False,True
N21000303,N21000188,4,1,6397,9768,5472.889335867194,False,False,False,True
N21000303,N21000189,4,4,6397,4448,5080.613187568898,False,False,False,True
N21000303,N21000192,4,20,6397,17614,6710.142526062154,False,False,False,True
N21000303,N21000194,4,1,6397,25109,4374.642348275644,False,False,False,True
N21000303,N21000195,4,4,6397,22584,4282.064298379906,False,False,False,True
N21000303,N21000196,4,1,6397,8754,3943.324214879565,False,False,False,True
N21000303,N21000197,4,4,6397,11265,7999.387136543373,False,False,False,True
N21000303,N21000198,4,7,6397,15611,4867.502699269894,False,False,False,True
N21000303,N21000204,4,1,6397,26239,3979.1362647986552,False,False,False,True
N21000303,N21000212,4,1,6397,26189,4208.663692118654,False,False,False,True
N21000303,N21000216,4,1,6397,14179,5795.418195233022,False,False,False,True
N21000303,N21000221,4,1,6397,22550,9592.383234577994,False,False,False,True
N21000303,N21000237,4,1,6397,5957,6540.99501032089,False,False,False,True
N21000303,N21000241,4,1,6397,20619,4887.824785217171,False,False,False,True
N21000303,N21000247,4,1,6397,18676,8373.667358968116,False,False,False,True
N21000303,N21000251,4,59,6397,15928,2041.2237905666202,False,False,False,True
N21000303,N21000252,4,5,6397,6604,2994.185840418901,False,False,False,True
N21000303,N21000253,4,9,6397,7436,2416.9109221284393,False,False,False,True
N21000303,N21000254,4,3,6397,17102,3046.682052986439,False,False,False,True
N21000303,N21000256,4,17,6397,24260,1607.405465792519,False,False,False,True
N21000303,N21000258,4,3,6397,27783,2389.6824047260943,False,False,False,True
N21000303,N21000261,4,3,6397,1844,2292.901537046738,False,False,False,True
N21000303,N21000262,4,3,6397,8231,3221.127569499417,False,False,False,True
N21000303,N21000263,4,2,6397,6770,4241.113179923674,False,False,False,True
N21000303,N21000264,4,4,6397,24247,2909.520685672531,False,False,False,True
N21000303,N21000265,4,1,6397,27041,2378.47958203227,False,False,False,True
N21000303,N21000266,4,1,6397,18253,2256.568749734952,False,False,False,True
N21000303,N21000268,4,22,6397,1126,1886.5816795175906,False,False,False,True
N21000303,N21000269,4,5,6397,1407,3847.3702533249943,False,False,False,True
N21000303,N21000273,4,1,6397,2383,3796.4503539038237,False,False,False,True
N21000303,N21000274,4,8,6397,391,3922.5102994719778,False,False,False,True
N21000303,N21000276,4,1,6397,6161,4637.858864163554,False,False,False,True
N21000303,N21000277,4,1,6397,6659,4444.2489033289185,False,False,False,True
N21000303,N21000279,4,1,6397,4115,4940.587525150904,False,False,False,True
N21000303,N21000280,4,2,6397,9328,5082.4042518571305,False,False,False,True
N21000303,N21000284,4,1,6397,16991,7143.8060858523295,False,False,False,True
N21000303,N21000286,4,1,6397,16479,4082.95199980775,False,False,False,True
N21000303,N21000287,4,5,6397,4756,7147.8628534075,False,False,False,True
N21000303,N21000288,4,1,6397,18650,4852.885485888418,False,False,False,True
N21000303,N21000290,4,1,6397,18971,6418.857084197594,False,False,False,True
N21000303,N21000293,4,1,6397,25505,6462.26838888631,False,False,False,True
N21000303,N21000294,4,2,6397,22846,6236.903260862014,False,False,False,True
N21000303,N21000295,4,3,6397,8555,6388.839901997613,False,False,False,True
N21000303,N21000301,4,3,6397,22078,2667.6235600605373,False,False,False,True
N21000303,N21000304,4,1,6397,2229,7724.32530778231,False,False,False,True
N21000303,N21000305,4,7,6397,6602,1202.0381407294137,False,False,False,True
N21000303,N21000306,4,1,6397,28173,1777.3532803306994,False,False,False,True
N21000303,N21000307,4,6,6397,2710,1967.8378745154505,False,False,False,True
N21000303,N21000308,4,6,6397,13508,2656.2492428017763,False,False,False,True
N21000303,N21000309,4,34,6397,2721,2055.165579427535,False,False,False,True
N21000303,N21000310,4,1,6397,15134,3470.615743532334,False,False,False,True
N21000303,N21000311,4,2,6397,2072,3230.1230363013324,False,False,False,True
N21000303,N21000312,4,3,6397,18228,3780.5046677646706,False,False,False,True
N21000303,N21000313,4,2,6397,24972,4954.307555004201,False,False,False,True
N21000303,N21000315,4,5,6397,2055,3206.040869250344,False,False,False,True
N21000303,N21000317,4,2,6397,25675,2813.677633908211,False,False,False,True
N21000303,N21000319,4,2,6397,20953,2884.4603988903746,False,False,True,True
N21000303,N21000322,4,3,6397,3303,2368.0806299494784,False,False,False,True
N21000303,N21000324,4,1,6397,25636,2007.5350039892355,False,False,False,True
N21000303,N21000325,4,2,6397,14225,2265.7507765806495,False,False,False,True
N21000303,N21000326,4,1,6397,3406,2965.517306441454,False,False,False,True
N21000303,N21000327,4,1,6397,12871,1833.5278267664246,False,False,False,True
N21000303,N21000329,4,1,6397,7369,2461.389216582533,False,False,False,True
N21000303,N21000331,4,3,6397,13387,1209.2202954780175,False,False,False,True
N21000303,N21000332,4,3,6397,23473,1791.9139737913454,False,False,False,True
N21000303,N21000333,4,5,6397,3340,955.5744283716565,False,False,True,True
N21000303,N21000334,4,2,6397,27702,1365.1040329289506,False,False,False,True
N21000304,N21000170,4,2,2229,23278,9544.198674189653,False,False,False,True
N21000304,N21000174,4,1,2229,19652,9647.41764454968,False,False,False,True
N21000304,N21000251,4,89,2229,15928,9612.868474495692,False,False,False,True
N21000304,N21000256,4,20,2229,24260,8873.123840951832,False,False,False,True
N21000304,N21000258,4,6,2229,27783,9655.400779885404,False,False,False,True
N21000304,N21000261,4,1,2229,1844,9507.83371132063,False,False,False,True
N21000304,N21000265,4,5,2229,27041,9593.411756306163,False,False,False,True
N21000304,N21000266,4,4,2229,18253,9330.973679248731,False,False,False,True
N21000304,N21000268,4,31,2229,1126,8180.187734120338,False,False,False,True
N21000304,N21000273,4,1,2229,2383,8639.732049926655,False,False,False,True
N21000304,N21000274,4,26,2229,391,8138.0210040070915,False,False,False,True
N21000304,N21000275,4,3,2229,24042,8328.705618190195,False,False,False,True
N21000304,N21000276,4,1,2229,6161,6237.763946560838,False,False,False,True
N21000304,N21000277,4,2,2229,6659,8772.35006159154,False,False,False,True
N21000304,N21000280,4,2,2229,9328,6747.268294111482,False,False,False,True
N21000304,N21000283,4,3,2229,9205,9203.013348053499,False,False,False,True
N21000304,N21000284,4,3,2229,16991,8585.117578671947,False,False,False,True
N21000304,N21000286,4,4,2229,16479,5197.553788575303,False,False,False,True
N21000304,N21000287,4,10,2229,4756,6619.7440089465945,False,False,False,True
N21000304,N21000288,4,6,2229,18650,4382.2495586613395,False,False,False,True
N21000304,N21000290,4,2,2229,18971,5890.738239736689,False,False,False,True
N21000304,N21000291,4,2,2229,23779,4586.9870940057235,False,False,False,True
N21000304,N21000293,4,3,2229,25505,5934.149544425405,False,False,False,True
N21000304,N21000294,4,5,2229,22846,7028.200793410666,False,False,False,True
N21000304,N21000295,4,7,2229,8555,5860.721057536708,False,False,False,True
N21000304,N21000297,4,2,2229,8391,7996.6014448528285,False,False,False,True
N21000304,N21000299,4,2,2229,5987,7096.794004704028,False,False,False,True
N21000304,N21000300,4,3,2229,5088,7338.104212415334,False,False,False,True
N21000304,N21000301,4,14,2229,22078,6230.032735668247,False,False,False,True
N21000304,N21000302,4,1,2229,6864,8166.880028432224,False,False,False,True
N21000304,N21000303,4,10,2229,6397,7724.325307782307,False,False,False,True
N21000304,N21000305,4,10,2229,6602,6733.031841471996,False,False,False,True
N21000304,N21000306,4,11,2229,28173,6461.852952058325,False,False,False,True
N21000304,N21000307,4,14,2229,2710,5877.341979478515,False,False,False,True
N21000304,N21000308,4,18,2229,13508,5618.1026148576075,False,False,False,True
N21000304,N21000309,4,31,2229,2721,6804.170269684428,False,False,False,True
N21000304,N21000310,4,9,2229,15134,5021.869226422214,False,False,False,True
N21000304,N21000311,4,14,2229,2072,5699.93452232923,False,False,False,True
N21000304,N21000312,4,5,2229,18228,4665.619441206334,False,False,False,True
N21000304,N21000313,4,13,2229,24972,3820.0132010796556,False,False,False,True
N21000304,N21000314,4,2,2229,23517,4530.12594327728,False,False,False,True
N21000304,N21000315,4,15,2229,2055,5736.429626947924,False,False,False,True
N21000304,N21000316,4,1,2229,23306,9476.25866197358,False,False,False,True
N21000304,N21000322,4,1,2229,3303,9417.718620652913,False,False,False,True
N21000304,N21000323,4,1,2229,10135,8796.191711386058,False,False,False,True
N21000304,N21000325,4,1,2229,14225,9382.426775594316,False,False,False,True
N21000304,N21000327,4,4,2229,12871,7874.72961304678,False,False,False,True
N21000304,N21000328,4,4,2229,25177,8902.561940693278,False,False,False,True
N21000304,N21000330,4,1,2229,3126,7045.2576448176205,False,False,False,True
N21000304,N21000331,4,5,2229,13387,8780.864979407084,False,False,False,True
N21000304,N21000332,4,8,2229,23473,7404.720532522406,False,False,False,True
N21000304,N21000333,4,2,2229,3340,8101.929384168189,False,False,False,True
N21000304,N21000334,4,7,2229,27702,8936.74871685802,False,False,False,True
N21000304,N21000335,4,62,2229,18611,8094.0293611785855,False,False,False,True
N21000305,N21000165,4,1,6602,19703,5271.612033314828,False,False,False,True
N21000305,N21000170,4,2,6602,23278,4653.6786513584975,False,False,False,True
N21000305,N21000174,4,3,6602,19652,4446.601264270423,False,False,False,True
N21000305,N21000175,4,4,6602,27201,4298.034923161881,False,False,False,True
N21000305,N21000176,4,1,6602,15329,4296.812901758592,False,False,False,True
N21000305,N21000177,4,5,6602,22862,4331.605696033342,False,False,False,True
N21000305,N21000178,4,2,6602,12747,3958.893835735484,False,False,False,True
N21000305,N21000190,4,2,6602,9490,6043.006908020898,False,False,False,True
N21000305,N21000192,4,34,6602,17614,7759.500042938326,False,False,False,True
N21000305,N21000197,4,5,6602,11265,9048.744653419548,False,False,False,True
N21000305,N21000198,4,9,6602,15611,5916.860216146069,False,False,False,True
N21000305,N21000201,4,1,6602,24818,6532.799974688272,False,False,False,True
N21000305,N21000202,4,1,6602,15786,6173.374975453464,False,False,False,True
N21000305,N21000205,4,1,6602,27396,6192.8622700054975,False,False,False,True
N21000305,N21000209,4,1,6602,9382,4864.19161377335,False,False,False,True
N21000305,N21000223,4,3,6602,22810,7565.819810179168,False,False,False,True
N21000305,N21000226,4,1,6602,7766,7485.055073727341,False,False,False,True
N21000305,N21000230,4,1,6602,5611,9058.156703373674,False,False,False,True
N21000305,N21000240,4,1,6602,17764,7226.09728020163,False,False,False,True
N21000305,N21000251,4,48,6602,15928,3090.5813074427933,False,False,False,True
N21000305,N21000252,4,3,6602,6604,4043.5433572950747,False,False,False,True
N21000305,N21000253,4,8,6602,7436,3304.7187648207337,False,False,False,True
N21000305,N21000254,4,3,6602,17102,3911.788220520333,False,False,False,True
N21000305,N21000256,4,13,6602,24260,2472.5116333264127,False,False,False,True
N21000305,N21000258,4,2,6602,27783,3254.7885722599876,False,False,False,True
N21000305,N21000259,4,1,6602,15492,3734.821917447526,False,False,False,True
N21000305,N21000264,4,4,6602,24247,3723.840652321008,False,False,False,True
N21000305,N21000266,4,2,6602,18253,3070.8887163834283,False,False,False,True
N21000305,N21000268,4,18,6602,1126,2700.901646166068,False,False,False,True
N21000305,N21000269,4,2,6602,1407,4661.69021997347,False,False,False,True
N21000305,N21000270,4,1,6602,1364,4024.8570409890763,False,False,False,True
N21000305,N21000274,4,7,6602,391,3984.626751004179,False,False,False,True
N21000305,N21000275,4,1,6602,24042,4294.586885470195,False,False,False,True
N21000305,N21000276,4,1,6602,6161,4344.591980349784,False,False,False,True
N21000305,N21000277,4,1,6602,6659,4618.955808588628,False,False,False,True
N21000305,N21000283,4,1,6602,9205,6637.126574085852,False,False,False,True
N21000305,N21000284,4,1,6602,16991,7186.462851872808,False,False,False,True
N21000305,N21000286,4,2,6602,16479,3789.6851159939793,False,False,False,True
N21000305,N21000287,4,2,6602,4756,6854.595969593728,False,False,False,True
N21000305,N21000288,4,2,6602,18650,4559.618602074645,False,False,False,True
N21000305,N21000290,4,2,6602,18971,6125.590200383823,False,False,False,True
N21000305,N21000294,4,3,6602,22846,6201.7865814190245,False,False,False,True
N21000305,N21000295,4,2,6602,8555,6095.573018183842,False,False,False,True
N21000305,N21000297,4,1,6602,8391,8231.453405499962,False,False,False,True
N21000305,N21000298,4,1,6602,89,6919.705803863024,False,False,False,True
N21000305,N21000300,4,1,6602,5088,7027.997638978861,False,False,False,True
N21000305,N21000301,4,9,6602,22078,1676.3300937502258,False,False,True,True
N21000305,N21000302,4,6,6602,6864,1644.5928613793278,False,False,False,True
N21000305,N21000303,4,9,6602,6397,1202.038140729414,False,False,False,True
N21000305,N21000304,4,5,6602,2229,6733.031841471999,False,False,False,True
N21000305,N21000306,4,7,6602,28173,828.7546620487567,False,False,True,True
N21000305,N21000307,4,5,6602,2710,1674.5709907016796,False,False,False,True
N21000305,N21000308,4,6,6602,13508,2362.982358988005,False,False,False,True
N21000305,N21000309,4,49,6602,2721,1761.8986956137642,False,False,False,True
N21000305,N21000310,4,3,6602,15134,3177.3488597185633,False,False,False,True
N21000305,N21000311,4,5,6602,2072,2936.8561524875618,False,False,False,True
N21000305,N21000313,4,2,6602,24972,4661.04067119043,False,False,False,True
N21000305,N21000315,4,8,6602,2055,2912.773985436573,False,False,False,True
N21000305,N21000323,4,1,6602,10135,3355.3199737155605,False,False,False,True
N21000305,N21000325,4,2,6602,14225,3315.1082934568235,False,False,False,True
N21000305,N21000327,4,5,6602,12871,2864.2561954995595,False,False,False,True
N21000305,N21000328,4,2,6602,25177,2887.935939009825,False,False,False,True
N21000305,N21000329,4,3,6602,7369,3510.7467334587063,False,False,False,True
N21000305,N21000331,4,5,6602,13387,2258.5778123541904,False,False,False,True
N21000305,N21000332,4,7,6602,23473,2744.1149026472267,False,False,False,True
N21000305,N21000333,4,2,6602,3340,1986.302797104792,False,False,False,True
N21000305,N21000334,4,6,6602,27702,2414.461549805124,False,False,False,True
N21000305,N21000335,4,62,6602,18611,1571.7421941256907,False,False,False,True
N21000306,N21000164,4,1,28173,26366,5972.351380742923,False,False,False,True
N21000306,N21000165,4,1,28173,19703,5624.894638399851,False,False,False,True
N21000306,N21000167,4,1,28173,23946,5637.620533112505,False,False,False,True
N21000306,N21000170,4,2,28173,23278,4696.664898995421,False,False,False,True
N21000306,N21000175,4,2,28173,27201,4873.350062763168,False,False,False,True
N21000306,N21000177,4,2,28173,22862,4906.920835634627,False,False,False,True
N21000306,N21000178,4,4,28173,12747,4534.20897533677,False,False,False,True
N21000306,N21000190,4,1,28173,9490,6618.322047622185,False,False,False,True
N21000306,N21000192,4,22,28173,17614,8334.815182539614,False,False,False,True
N21000306,N21000193,4,2,28173,24443,5950.510285474478,False,False,False,True
N21000306,N21000194,4,1,28173,25109,5999.315004753106,False,False,False,True
N21000306,N21000195,4,2,28173,22584,5906.736954857364,False,False,False,True
N21000306,N21000197,4,6,28173,11265,9624.059793020835,False,False,False,True
N21000306,N21000198,4,3,28173,15611,6492.1753557473585,False,False,False,True
N21000306,N21000199,4,1,28173,8027,8128.805312377633,False,False,False,True
N21000306,N21000204,4,2,28173,26239,5603.808921276118,False,False,False,True
N21000306,N21000213,4,1,28173,9502,6154.197668993864,False,False,False,True
N21000306,N21000215,4,1,28173,25962,6432.056195217969,False,False,False,True
N21000306,N21000223,4,1,28173,22810,8141.134949780459,False,False,False,True
N21000306,N21000225,4,1,28173,25527,8630.552623810363,False,False,False,True
N21000306,N21000230,4,1,28173,5611,9633.471842974965,False,False,False,True
N21000306,N21000238,4,1,28173,26190,6502.4349836892525,False,False,False,True
N21000306,N21000240,4,2,28173,17764,7620.121000681828,False,False,False,True
N21000306,N21000251,4,50,28173,15928,3665.8964470440787,False,False,False,True
N21000306,N21000252,4,7,28173,6604,4618.858496896364,False,False,False,True
N21000306,N21000253,4,6,28173,7436,3698.7424853009325,False,False,False,True
N21000306,N21000254,4,7,28173,17102,4305.811941000532,False,False,False,True
N21000306,N21000256,4,10,28173,24260,2866.5353538066115,False,False,False,True
N21000306,N21000259,4,1,28173,15492,4128.845637927725,False,False,False,True
N21000306,N21000261,4,1,28173,1844,3501.245224175415,False,False,False,True
N21000306,N21000262,4,1,28173,8231,4480.25745751351,False,False,False,True
N21000306,N21000263,4,1,28173,6770,5500.243067937765,False,False,False,True
N21000306,N21000264,4,1,28173,24247,4117.864372801207,False,False,False,True
N21000306,N21000265,4,5,28173,27041,3586.8232691609464,False,False,False,True
N21000306,N21000266,4,1,28173,18253,3464.9124368636276,False,False,False,True
N21000306,N21000268,4,22,28173,1126,3094.925366646268,False,False,False,True
N21000306,N21000271,4,2,28173,15197,5003.87485270958,False,False,False,True
N21000306,N21000272,4,1,28173,20779,5805.299299804132,False,False,False,True
N21000306,N21000273,4,1,28173,2383,4386.31036204399,False,False,False,True
N21000306,N21000274,4,14,28173,391,3884.5993161244232,False,False,False,True
N21000306,N21000277,4,1,28173,6659,4518.928373708873,False,False,False,True
N21000306,N21000278,4,1,28173,25468,6640.3062439621835,False,False,False,True
N21000306,N21000279,4,4,28173,4115,4996.78865679139,False,False,False,True
N21000306,N21000280,4,1,28173,9328,4947.260137534387,False,False,False,True
N21000306,N21000286,4,1,28173,16479,3689.6576811142245,False,False,False,True
N21000306,N21000287,4,2,28173,4756,6754.568534713972,False,False,False,True
N21000306,N21000290,4,2,28173,18971,6025.562765504067,False,False,False,True
N21000306,N21000291,4,2,28173,23779,4721.8116197731015,False,False,False,True
N21000306,N21000294,4,4,28173,22846,6101.75914653927,False,False,False,True
N21000306,N21000295,4,4,28173,8555,5995.545583304086,False,False,False,True
N21000306,N21000297,4,1,28173,8391,8131.4259706202065,False,False,False,True
N21000306,N21000298,4,2,28173,89,6819.678368983268,False,False,False,True
N21000306,N21000300,4,1,28173,5088,6927.970204099106,False,False,False,True
N21000306,N21000301,4,9,28173,22078,1489.4019484311764,False,False,True,True
N21000306,N21000302,4,4,28173,6864,2219.908000980614,False,False,False,True
N21000306,N21000303,4,7,28173,6397,1777.3532803306996,False,False,False,True
N21000306,N21000304,4,7,28173,2229,6461.852952058325,False,False,False,True
N21000306,N21000305,4,5,28173,6602,828.7546620487566,False,False,True,True
N21000306,N21000307,4,12,28173,2710,1574.5435558219247,False,False,False,True
N21000306,N21000308,4,17,28173,13508,2175.677853093379,False,False,False,True
N21000306,N21000309,4,44,28173,2721,1661.871260734009,False,False,False,True
N21000306,N21000310,4,2,28173,15134,3077.3214248388085,False,False,False,True
N21000306,N21000311,4,6,28173,2072,2836.828717607807,False,False,False,True
N21000306,N21000312,4,4,28173,18228,3387.210349071145,False,False,False,True
N21000306,N21000313,4,1,28173,24972,4561.013236310675,False,False,False,True
N21000306,N21000315,4,14,28173,2055,2812.7465505568184,False,False,False,True
N21000306,N21000316,4,1,28173,23306,4628.72488677935,False,False,False,True
N21000306,N21000324,4,4,28173,25636,2841.6315919481613,False,False,False,True
N21000306,N21000325,4,2,28173,14225,3890.4234330581103,False,False,False,True
N21000306,N21000327,4,2,28173,12871,3027.195837852549,False,False,False,True
N21000306,N21000328,4,2,28173,25177,3463.2510786111116,False,False,False,True
N21000306,N21000329,4,3,28173,7369,4086.0618730599926,False,False,False,True
N21000306,N21000331,4,11,28173,13387,2833.892951955477,False,False,False,True
N21000306,N21000332,4,6,28173,23473,2557.1867573281775,False,False,False,True
N21000306,N21000333,4,3,28173,3340,2561.617936706077,False,False,False,True
N21000306,N21000334,4,4,28173,27702,2989.776689406409,False,False,False,True
N21000306,N21000335,4,44,28173,18611,2147.057333726976,False,False,False,True
N21000307,N21000161,4,2,2710,4145,7947.435010177674,False,False,False,True
N21000307,N21000164,4,1,2710,26366,6891.109295022857,False,False,False,True
N21000307,N21000165,4,1,2710,19703,6037.4117671008635,False,False,False,True
N21000307,N21000166,4,1,2710,23646,6208.047990606163,False,False,False,True
N21000307,N21000167,4,1,2710,23946,5903.462110635087,False,False,False,True
N21000307,N21000170,4,3,2710,23278,5419.478385144535,False,False,False,True
N21000307,N21000172,4,1,2710,18162,5150.04287814357,False,False,False,True
N21000307,N21000174,4,2,2710,19652,5212.400998056459,False,False,False,True
N21000307,N21000175,4,10,2710,27201,5063.83465694792,False,False,False,True
N21000307,N21000177,4,3,2710,22862,5097.405429819378,False,False,False,True
N21000307,N21000178,4,4,2710,12747,4724.693569521521,False,False,False,True
N21000307,N21000184,4,2,2710,4165,7578.579886015206,False,False,False,True
N21000307,N21000186,4,3,2710,13768,7748.660316815198,False,False,False,True
N21000307,N21000190,4,1,2710,9490,6808.8066418069375,False,False,False,True
N21000307,N21000192,4,44,2710,17614,8525.299776724363,False,False,False,True
N21000307,N21000193,4,1,2710,24443,6140.99487965923,False,False,False,True
N21000307,N21000195,4,3,2710,22584,6097.221549042115,False,False,False,True
N21000307,N21000198,4,8,2710,15611,6682.659949932109,False,False,False,True
N21000307,N21000203,4,1,2710,15685,7604.487558013115,False,False,False,True
N21000307,N21000204,4,1,2710,26239,5794.293515460869,False,False,False,True
N21000307,N21000208,4,2,2710,5457,6470.291617896033,False,False,False,True
N21000307,N21000209,4,2,2710,9382,5629.99134755939,False,False,False,True
N21000307,N21000211,4,1,2710,7197,7724.2833394934405,False,False,False,True
N21000307,N21000216,4,1,2710,14179,7610.575445895234,False,False,False,True
N21000307,N21000217,4,1,2710,19481,6335.475001168773,False,False,False,True
N21000307,N21000223,4,1,2710,22810,8331.61954396521,False,False,False,True
N21000307,N21000225,4,1,2710,25527,8821.037217995114,False,False,False,True
N21000307,N21000237,4,2,2710,5957,8356.152260983103,False,False,False,True
N21000307,N21000241,4,2,2710,20619,6337.439267416012,False,False,False,True
N21000307,N21000245,4,1,2710,8653,5973.551232089797,False,False,False,True
N21000307,N21000249,4,1,2710,28796,6223.114387819531,False,False,False,True
N21000307,N21000251,4,92,2710,15928,3856.3810412288294,False,False,False,True
N21000307,N21000252,4,19,2710,6604,4809.343091081115,False,False,False,True
N21000307,N21000253,4,6,2710,7436,3889.227079485683,False,False,False,True
N21000307,N21000254,4,9,2710,17102,4496.296535185282,False,False,False,True
N21000307,N21000256,4,27,2710,24260,3057.019947991362,False,False,False,True
N21000307,N21000258,4,5,2710,27783,3839.296886924937,False,False,False,True
N21000307,N21000259,4,1,2710,15492,4319.330232112476,False,False,False,True
N21000307,N21000264,4,8,2710,24247,4308.3489669859555,False,False,False,True
N21000307,N21000265,4,7,2710,27041,3777.307863345697,False,False,False,True
N21000307,N21000266,4,1,2710,18253,3655.3970310483783,False,False,False,True
N21000307,N21000267,4,1,2710,21949,5280.046001269479,False,False,False,True
N21000307,N21000268,4,24,2710,1126,2953.573790836669,False,False,False,True
N21000307,N21000269,4,1,2710,1407,5246.19853463842,False,False,False,True
N21000307,N21000270,4,6,2710,1364,4208.3036749220355,False,False,False,True
N21000307,N21000273,4,7,2710,2383,3413.1181066429867,False,False,False,True
N21000307,N21000274,4,21,2710,391,2911.4070607234203,False,False,False,True
N21000307,N21000275,4,5,2710,24042,3221.3671951894353,False,False,False,True
N21000307,N21000276,4,1,2710,6161,2942.0804717461647,False,False,False,True
N21000307,N21000277,4,1,2710,6659,3545.7361183078697,False,False,False,True
N21000307,N21000278,4,2,2710,25468,5667.11398856118,False,False,False,True
N21000307,N21000283,4,2,2710,9205,5563.9068838050935,False,False,False,True
N21000307,N21000284,4,5,2710,16991,5783.951343269192,False,False,False,True
N21000307,N21000286,4,6,2710,16479,2125.6338172238925,False,False,False,True
N21000307,N21000287,4,2,2710,4756,5190.544670823639,False,False,False,True
N21000307,N21000289,4,1,2710,25081,2641.776864359757,False,False,False,True
N21000307,N21000290,4,2,2710,18971,4461.538901613733,False,False,False,True
N21000307,N21000291,4,1,2710,23779,3157.787755882769,False,False,False,True
N21000307,N21000293,4,3,2710,25505,4504.95020630245,False,False,False,True
N21000307,N21000294,4,10,2710,22846,4799.275072815409,False,False,False,True
N21000307,N21000295,4,6,2710,8555,4431.521719413753,False,False,False,True
N21000307,N21000299,4,1,2710,5987,5667.594666581073,False,False,False,True
N21000307,N21000300,4,1,2710,5088,5625.486130375245,False,False,False,True
N21000307,N21000301,4,4,2710,22078,2314.016925847709,False,False,False,True
N21000307,N21000302,4,4,2710,6864,2410.392595165364,False,False,False,True
N21000307,N21000303,4,21,2710,6397,1967.8378745154503,False,False,False,True
N21000307,N21000304,4,8,2710,2229,5877.341979478515,False,False,False,True
N21000307,N21000305,4,11,2710,6602,1674.5709907016796,False,False,False,True
N21000307,N21000306,4,10,2710,28173,1574.5435558219242,False,False,False,True
N21000307,N21000309,4,60,2710,2721,926.8282902059137,False,False,False,True
N21000307,N21000310,4,9,2710,15134,1502.7778690168839,False,False,False,True
N21000307,N21000311,4,14,2710,2072,1262.285161785882,False,False,False,True
N21000307,N21000312,4,7,2710,18228,1812.6667932492196,False,False,False,True
N21000307,N21000313,4,5,2710,24972,2986.4696804887503,False,False,False,True
N21000307,N21000314,4,1,2710,23517,2548.552951035322,False,False,False,True
N21000307,N21000315,4,9,2710,2055,1762.7723505777637,False,False,False,True
N21000307,N21000317,4,1,2710,25675,4610.205736427383,False,False,False,True
N21000307,N21000319,4,1,2710,20953,4680.988501409546,False,False,False,True
N21000307,N21000322,4,2,2710,3303,4183.237880611691,False,False,False,True
N21000307,N21000324,4,2,2710,25636,3760.3895062280953,False,False,False,True
N21000307,N21000325,4,7,2710,14225,4080.908027242861,False,False,False,True
N21000307,N21000327,4,6,2710,12871,3630.0559292855955,False,False,False,True
N21000307,N21000328,4,4,2710,25177,3653.7356727958622,False,False,False,True
N21000307,N21000329,4,3,2710,7369,4276.546467244743,False,False,False,True
N21000307,N21000331,4,10,2710,13387,3024.377546140228,False,False,False,True
N21000307,N21000332,4,3,2710,23473,3475.944671608112,False,False,False,True
N21000307,N21000333,4,4,2710,3340,2752.102530890828,False,False,False,True
N21000307,N21000334,4,6,2710,27702,3180.2612835911596,False,False,False,True
N21000307,N21000335,4,88,2710,18611,2337.541927911727,False,False,False,True
N21000308,N21000173,4,1,13508,24908,5095.266238473802,False,False,False,True
N21000308,N21000175,4,1,13508,27201,5752.2460252342435,False,False,False,True
N21000308,N21000177,4,1,13508,22862,5785.816798105702,False,False,False,True
N21000308,N21000178,4,3,13508,12747,5413.104937807845,False,False,False,True
N21000308,N21000184,4,1,13508,4165,8266.991254301529,False,False,False,True
N21000308,N21000190,4,1,13508,9490,7497.21801009326,False,False,False,True
N21000308,N21000192,4,24,13508,17614,9213.711145010686,False,False,False,True
N21000308,N21000193,4,1,13508,24443,6829.406247945553,False,False,False,True
N21000308,N21000195,4,3,13508,22584,6785.632917328439,False,False,False,True
N21000308,N21000198,4,8,13508,15611,7371.071318218432,False,False,False,True
N21000308,N21000203,4,1,13508,15685,8292.898926299438,False,False,False,True
N21000308,N21000205,4,1,13508,27396,7647.073372077862,False,False,False,True
N21000308,N21000241,4,2,13508,20619,7025.85063570234,False,False,False,True
N21000308,N21000249,4,1,13508,28796,6911.525756105859,False,False,False,True
N21000308,N21000251,4,42,13508,15928,4544.792409515154,False,False,False,True
N21000308,N21000252,4,10,13508,6604,5497.754459367438,False,False,False,True
N21000308,N21000253,4,5,13508,7436,4577.638447772012,False,False,False,True
N21000308,N21000254,4,4,13508,17102,5184.70790347161,False,False,False,True
N21000308,N21000256,4,12,13508,24260,3745.4313162776893,False,False,False,True
N21000308,N21000258,4,8,13508,27783,4527.708255211265,False,False,False,True
N21000308,N21000259,4,1,13508,15492,5007.741600398801,False,False,False,True
N21000308,N21000261,4,1,13508,1844,4380.141186646492,False,False,False,True
N21000308,N21000264,4,4,13508,24247,4996.760335272284,False,False,False,True
N21000308,N21000265,4,6,13508,27041,4465.719231632023,False,False,False,True
N21000308,N21000268,4,17,13508,1126,3074.740693879599,False,False,False,True
N21000308,N21000270,4,2,13508,1364,4329.470577964966,False,False,False,True
N21000308,N21000272,4,1,13508,20779,4953.273947446059,False,False,False,True
N21000308,N21000273,4,1,13508,2383,3534.285009685917,False,False,False,True
N21000308,N21000274,4,17,13508,391,3032.57396376635,False,False,False,True
N21000308,N21000275,4,5,13508,24042,3342.5340982323655,False,False,False,True
N21000308,N21000277,4,2,13508,6659,3666.9030213508,False,False,False,True
N21000308,N21000278,4,1,13508,25468,5788.280891604111,False,False,False,True
N21000308,N21000283,4,1,13508,9205,5685.073786848024,False,False,False,True
N21000308,N21000284,4,2,13508,16991,5790.690128213355,False,False,False,True
N21000308,N21000286,4,5,13508,16479,2132.3726021680554,False,False,False,True
N21000308,N21000287,4,2,13508,4756,5197.283455767802,False,False,False,True
N21000308,N21000288,4,1,13508,18650,2902.3060882487216,False,False,False,True
N21000308,N21000289,4,1,13508,25081,2648.51564930392,False,False,False,True
N21000308,N21000291,4,2,13508,23779,3164.526540826932,False,False,False,True
N21000308,N21000293,4,1,13508,25505,4511.688991246613,False,False,False,True
N21000308,N21000294,4,6,13508,22846,4806.013857759572,False,False,False,True
N21000308,N21000295,4,4,13508,8555,4438.260504357916,False,False,False,True
N21000308,N21000298,4,1,13508,89,5262.393290037098,False,False,False,True
N21000308,N21000299,4,2,13508,5987,5674.333451525236,False,False,False,True
N21000308,N21000301,4,4,13508,22078,2316.77954260786,False,False,False,True
N21000308,N21000302,4,3,13508,6864,3098.80396345169,False,False,False,True
N21000308,N21000303,4,6,13508,6397,2656.249242801776,False,False,False,True
N21000308,N21000304,4,1,13508,2229,5618.102614857604,False,False,False,True
N21000308,N21000305,4,2,13508,6602,2362.9823589880057,False,False,False,True
N21000308,N21000306,4,9,13508,28173,2175.67785309338,False,False,False,True
N21000308,N21000309,4,28,13508,2721,1615.2396584922399,False,False,False,True
N21000308,N21000311,4,11,13508,2072,1269.023946730045,False,False,False,True
N21000308,N21000313,4,1,13508,24972,2993.2084654329133,False,False,False,True
N21000308,N21000315,4,10,13508,2055,1769.5111355219267,False,False,False,True
N21000308,N21000323,4,2,13508,10135,4809.531075787922,False,False,False,True
N21000308,N21000324,4,2,13508,25636,3763.1521229882464,False,False,False,True
N21000308,N21000325,4,1,13508,14225,4769.3193955291845,False,False,False,True
N21000308,N21000327,4,3,13508,12871,3948.716368892635,False,False,False,True
N21000308,N21000328,4,1,13508,25177,4342.147041082188,False,False,False,True
N21000308,N21000329,4,3,13508,7369,4964.95783553107,False,False,False,True
N21000308,N21000331,4,2,13508,13387,3712.788914426553,False,False,False,True
N21000308,N21000332,4,5,13508,23473,3478.707288368263,False,False,False,True
N21000308,N21000334,4,2,13508,27702,3868.6726518774854,False,False,False,True
N21000308,N21000335,4,51,13508,18611,3025.9532961980526,False,False,False,True
N21000309,N21000170,4,3,2721,23278,5506.80609005662,False,False,False,True
N21000309,N21000175,4,9,2721,27201,5151.162361860003,False,False,False,True
N21000309,N21000176,4,1,2721,15329,5149.940340456712,False,False,False,True
N21000309,N21000177,4,1,2721,22862,5184.733134731462,False,False,False,True
N21000309,N21000178,4,5,2721,12747,4812.021274433605,False,False,False,True
N21000309,N21000188,4,3,2721,9768,7375.374291441487,False,False,False,True
N21000309,N21000192,4,31,2721,17614,8612.627481636446,False,False,False,True
N21000309,N21000193,4,1,2721,24443,6228.322584571313,False,False,False,True
N21000309,N21000195,4,5,2721,22584,6184.549253954199,False,False,False,True
N21000309,N21000196,4,2,2721,8754,5845.809170453859,False,False,False,True
N21000309,N21000198,4,11,2721,15611,6769.9876548441935,False,False,False,True
N21000309,N21000200,4,1,2721,16344,7941.725446205561,False,False,False,True
N21000309,N21000202,4,1,2721,15786,7026.502414151588,False,False,False,True
N21000309,N21000203,4,4,2721,15685,7691.815262925199,False,False,False,True
N21000309,N21000205,4,1,2721,27396,7045.9897087036225,False,False,False,True
N21000309,N21000208,4,1,2721,5457,6557.619322808117,False,False,False,True
N21000309,N21000209,4,1,2721,9382,5717.319052471475,False,False,False,True
N21000309,N21000216,4,2,2721,14179,7697.9031508073185,False,False,False,True
N21000309,N21000224,4,1,2721,15583,9564.607723929063,False,False,False,True
N21000309,N21000237,4,2,2721,5957,8443.479965895187,False,False,False,True
N21000309,N21000240,4,2,2721,17764,7897.933299778665,False,False,False,True
N21000309,N21000243,4,2,2721,1454,7436.090051507007,False,False,False,True
N21000309,N21000249,4,1,2721,28796,6310.442092731616,False,False,False,True
N21000309,N21000251,4,87,2721,15928,3943.7087461409137,False,False,False,True
N21000309,N21000252,4,16,2721,6604,4896.670795993199,False,False,False,True
N21000309,N21000253,4,11,2721,7436,3976.5547843977683,False,False,False,True
N21000309,N21000254,4,2,2721,17102,4583.624240097367,False,False,False,True
N21000309,N21000256,4,16,2721,24260,3144.3476529034474,False,False,False,True
N21000309,N21000258,4,2,2721,27783,3926.6245918370223,False,False,False,True
N21000309,N21000263,4,1,2721,6770,5778.055367034601,False,False,False,True
N21000309,N21000264,4,4,2721,24247,4395.676671898041,False,False,False,True
N21000309,N21000265,4,3,2721,27041,3864.6355682577823,False,False,False,True
N21000309,N21000266,4,1,2721,18253,3742.7247359604635,False,False,False,True
N21000309,N21000268,4,32,2721,1126,3264.211797880854,False,False,False,True
N21000309,N21000270,4,2,2721,1364,4518.94168196622,False,False,False,True
N21000309,N21000271,4,2,2721,15197,5254.85857590789,False,False,False,True
N21000309,N21000272,4,2,2721,20779,5142.745051447313,False,False,False,True
N21000309,N21000273,4,3,2721,2383,3723.756113687172,False,False,False,True
N21000309,N21000274,4,16,2721,391,3222.0450677676054,False,False,False,True
N21000309,N21000275,4,5,2721,24042,3532.005202233621,False,False,False,True
N21000309,N21000276,4,1,2721,6161,3582.0102971132096,False,False,False,True
N21000309,N21000278,4,1,2721,25468,5977.751995605365,False,False,False,True
N21000309,N21000279,4,1,2721,4115,4334.234408434574,False,False,False,True
N21000309,N21000280,4,1,2721,9328,4284.70588917757,False,False,False,True
N21000309,N21000283,4,1,2721,9205,5874.544890849279,False,False,False,True
N21000309,N21000284,4,1,2721,16991,6423.881168636235,False,False,False,True
N21000309,N21000286,4,1,2721,16479,3027.1034327574057,False,False,False,True
N21000309,N21000287,4,1,2721,4756,6092.014286357154,False,False,False,True
N21000309,N21000288,4,1,2721,18650,3797.036918838072,False,False,False,True
N21000309,N21000289,4,1,2721,25081,3543.2464798932706,False,False,False,True
N21000309,N21000290,4,3,2721,18971,5363.008517147248,False,False,False,True
N21000309,N21000291,4,2,2721,23779,4059.2573714162822,False,False,False,True
N21000309,N21000293,4,1,2721,25505,5406.419821835964,False,False,False,True
N21000309,N21000294,4,4,2721,22846,5439.204898182453,False,False,False,True
N21000309,N21000295,4,2,2721,8555,5332.991334947267,False,False,False,True
N21000309,N21000299,4,2,2721,5987,6569.0642821145875,False,False,False,True
N21000309,N21000300,4,2,2721,5088,6265.415955742289,False,False,False,True
N21000309,N21000301,4,3,2721,22078,2922.7249458013343,False,False,False,True
N21000309,N21000302,4,4,2721,6864,2497.7203000774484,False,False,False,True
N21000309,N21000303,4,18,2721,6397,2055.1655794275343,False,False,False,True
N21000309,N21000304,4,5,2721,2229,6804.170269684428,False,False,False,True
N21000309,N21000305,4,11,2721,6602,1761.8986956137642,False,False,False,True
N21000309,N21000306,4,10,2721,28173,1661.8712607340087,False,False,False,True
N21000309,N21000307,4,4,2721,2710,926.8282902059137,False,False,False,True
N21000309,N21000308,4,8,2721,13508,1615.2396584922396,False,False,False,True
N21000309,N21000310,4,4,2721,15134,2429.606159222798,False,False,False,True
N21000309,N21000311,4,6,2721,2072,2189.113451991796,False,False,False,True
N21000309,N21000312,4,2,2721,18228,2739.4950834551346,False,False,False,True
N21000309,N21000315,4,5,2721,2055,2150.192302199999,False,False,False,True
N21000309,N21000316,4,1,2721,23306,6028.22317618606,False,False,False,True
N21000309,N21000321,4,1,2721,19488,4049.8147109808347,False,False,False,True
N21000309,N21000322,4,1,2721,3303,4270.565585523775,False,False,False,True
N21000309,N21000323,4,2,2721,10135,4208.4474124136805,False,False,False,True
N21000309,N21000324,4,1,2721,25636,3891.3908114204914,False,False,False,True
N21000309,N21000325,4,3,2721,14225,4168.235732154945,False,False,False,True
N21000309,N21000326,4,1,2721,3406,4147.544720549898,False,False,False,True
N21000309,N21000327,4,3,2721,12871,3717.38363419768,False,False,False,True
N21000309,N21000329,4,6,2721,7369,4363.8741721568285,False,False,False,True
N21000309,N21000331,4,12,2721,13387,3111.705251052312,False,False,False,True
N21000309,N21000332,4,1,2721,23473,3675.769781222601,False,False,False,True
N21000309,N21000333,4,4,2721,3340,2839.430235802912,False,False,False,True
N21000309,N21000334,4,6,2721,27702,3267.588988503244,False,False,False,True
N21000309,N21000335,4,94,2721,18611,2424.869632823811,False,False,False,True
N21000310,N21000161,4,1,15134,4145,9149.099316404036,False,False,False,True
N21000310,N21000169,4,1,15134,623,6923.150133369301,False,False,False,True
N21000310,N21000175,4,6,15134,27201,6566.612525964801,False,False,False,True
N21000310,N21000177,4,1,15134,22862,6600.18329883626,False,False,False,True
N21000310,N21000178,4,5,15134,12747,6227.471438538403,False,False,False,True
N21000310,N21000188,4,1,15134,9768,8790.824455546282,False,False,False,True
N21000310,N21000189,4,1,15134,4448,8398.548307247993,False,False,False,True
N21000310,N21000190,4,1,15134,9490,8311.584510823815,False,False,False,True
N21000310,N21000195,4,3,15134,22584,7599.999418058997,False,False,False,True
N21000310,N21000198,4,6,15134,15611,8185.437818948991,False,False,False,True
N21000310,N21000202,4,1,15134,15786,8441.952578256385,False,False,False,True
N21000310,N21000204,4,2,15134,26239,7297.071384477751,False,False,False,True
N21000310,N21000205,4,1,15134,27396,8461.43987280842,False,False,False,True
N21000310,N21000209,4,1,15134,9382,7132.769216576273,False,False,False,True
N21000310,N21000236,4,1,15134,20050,8777.007844138332,False,False,False,True
N21000310,N21000240,4,1,15134,17764,9313.383463883463,False,False,False,True
N21000310,N21000249,4,1,15134,28796,7725.892256836417,False,False,False,True
N21000310,N21000251,4,39,15134,15928,5359.158910245713,False,False,False,True
N21000310,N21000252,4,14,15134,6604,6312.120960097997,False,False,False,True
N21000310,N21000253,4,4,15134,7436,5392.0049485025675,False,False,False,True
N21000310,N21000254,4,3,15134,17102,5999.074404202165,False,False,False,True
N21000310,N21000255,4,1,15134,11696,4126.685727355007,False,False,False,True
N21000310,N21000256,4,7,15134,24260,4559.797817008245,False,False,False,True
N21000310,N21000258,4,6,15134,27783,5342.074755941821,False,False,False,True
N21000310,N21000259,4,1,15134,15492,5822.108101129357,False,False,False,True
N21000310,N21000264,4,3,15134,24247,5811.126836002842,False,False,False,True
N21000310,N21000265,4,2,15134,27041,5280.0857323625805,False,False,False,True
N21000310,N21000268,4,13,15134,1126,3845.220463125609,False,False,False,True
N21000310,N21000269,4,1,15134,1407,6748.976403655306,False,False,False,True
N21000310,N21000270,4,1,15134,1364,5099.9503472109745,False,False,False,True
N21000310,N21000273,4,1,15134,2383,4304.764778931926,False,False,False,True
N21000310,N21000274,4,8,15134,391,3803.0537330123598,False,False,False,True
N21000310,N21000276,4,2,15134,6161,2699.443533724644,False,False,False,True
N21000310,N21000278,4,2,15134,25468,6558.76066085012,False,False,False,True
N21000310,N21000279,4,1,15134,4115,3679.4965637350106,False,False,False,True
N21000310,N21000286,4,4,15134,16479,1659.2333757391098,False,False,False,True
N21000310,N21000288,4,3,15134,18650,2429.1668618197755,False,False,False,True
N21000310,N21000289,4,3,15134,25081,2175.3764228749733,False,False,False,True
N21000310,N21000290,4,1,15134,18971,3995.1384601289524,False,False,False,True
N21000310,N21000291,4,3,15134,23779,2691.387314397986,False,False,False,True
N21000310,N21000294,4,8,15134,22846,4556.638134793889,False,False,False,True
N21000310,N21000295,4,8,15134,8555,3965.121277928971,False,False,False,True
N21000310,N21000303,4,8,15134,6397,3470.615743532334,False,False,False,True
N21000310,N21000304,4,13,15134,2229,5021.869226422212,False,False,False,True
N21000310,N21000305,4,8,15134,6602,3177.348859718563,False,False,False,True
N21000310,N21000306,4,7,15134,28173,3077.3214248388085,False,False,False,True
N21000310,N21000307,4,8,15134,2710,1502.7778690168836,False,False,False,True
N21000310,N21000308,4,11,15134,13508,1509.516653961047,False,False,False,True
N21000310,N21000309,4,22,15134,2721,2429.6061592227975,False,False,False,True
N21000310,N21000311,4,9,15134,2072,1565.6594227460655,False,False,False,True
N21000310,N21000312,4,3,15134,18228,957.1940401929173,False,False,False,True
N21000310,N21000313,4,3,15134,24972,2130.996927432447,False,False,False,True
N21000310,N21000314,4,2,15134,23517,1693.0801979790206,False,False,False,True
N21000310,N21000315,4,9,15134,2055,1977.7812827003663,False,False,False,True
N21000310,N21000317,4,1,15134,25675,6015.416497497122,False,False,False,True
N21000310,N21000322,4,1,15134,3303,5686.015749628572,False,False,False,True
N21000310,N21000323,4,1,15134,10135,5623.8975765184805,False,False,False,True
N21000310,N21000324,4,3,15134,25636,4962.053812454456,False,False,False,True
N21000310,N21000325,4,3,15134,14225,5583.685896259742,False,False,False,True
N21000310,N21000327,4,3,15134,12871,5132.833798302479,False,False,False,True
N21000310,N21000329,4,5,15134,7369,5779.324336261628,False,False,False,True
N21000310,N21000331,4,4,15134,13387,4527.155415157112,False,False,False,True
N21000310,N21000332,4,6,15134,23473,4677.608977834472,False,False,False,True
N21000310,N21000333,4,3,15134,3340,4254.880399907712,False,False,False,True
N21000310,N21000334,4,2,15134,27702,4683.039152608045,False,False,False,True
N21000310,N21000335,4,40,15134,18611,3840.3197969286107,False,False,False,True
N21000311,N21000165,4,1,2072,19703,7299.696928886742,False,False,False,True
N21000311,N21000170,4,2,2072,23278,6576.594412270716,False,False,False,True
N21000311,N21000171,4,1,2072,18303,6494.17699838383,False,False,False,True
N21000311,N21000172,4,4,2072,18162,6412.328039929452,False,False,False,True
N21000311,N21000174,4,3,2072,19652,6474.6861598423375,False,False,False,True
N21000311,N21000175,4,4,2072,27201,6326.119818733799,False,False,False,True
N21000311,N21000177,4,1,2072,22862,6359.690591605258,False,False,False,True
N21000311,N21000178,4,3,2072,12747,5986.978731307401,False,False,False,True
N21000311,N21000186,4,1,2072,13768,9010.945478601077,False,False,False,True
N21000311,N21000190,4,1,2072,9490,8071.091803592815,False,False,False,True
N21000311,N21000193,4,2,2072,24443,7403.2800414451085,False,False,False,True
N21000311,N21000195,4,2,2072,22584,7359.506710827995,False,False,False,True
N21000311,N21000196,4,2,2072,8754,7020.7666273276545,False,False,False,True
N21000311,N21000198,4,15,2072,15611,7944.945111717989,False,False,False,True
N21000311,N21000200,4,2,2072,16344,9116.682903079352,False,False,False,True
N21000311,N21000205,4,3,2072,27396,8220.947165577418,False,False,False,True
N21000311,N21000206,4,1,2072,4787,8867.975989619177,False,False,False,True
N21000311,N21000208,4,2,2072,5457,7732.576779681914,False,False,False,True
N21000311,N21000209,4,2,2072,9382,6892.276509345271,False,False,False,True
N21000311,N21000213,4,1,2072,9502,7606.967424964495,False,False,False,True
N21000311,N21000218,4,3,2072,15318,7910.875812069693,False,False,False,True
N21000311,N21000223,4,1,2072,22810,9593.904705751096,False,False,False,True
N21000311,N21000236,4,2,2072,20050,8536.51513690733,False,False,False,True
N21000311,N21000237,4,2,2072,5957,9618.437422768984,False,False,False,True
N21000311,N21000240,4,1,2072,17764,9047.852628935012,False,False,False,True
N21000311,N21000241,4,1,2072,20619,7574.686301484446,False,False,False,True
N21000311,N21000248,4,1,2072,14259,8121.963193430923,False,False,False,True
N21000311,N21000250,4,1,2072,4849,8897.105453312832,False,False,False,True
N21000311,N21000251,4,90,2072,15928,5118.666203014711,False,False,False,True
N21000311,N21000252,4,18,2072,6604,6071.628252866995,False,False,False,True
N21000311,N21000253,4,5,2072,7436,5151.512241271566,False,False,False,True
N21000311,N21000254,4,5,2072,17102,5758.581696971164,False,False,False,True
N21000311,N21000255,4,1,2072,11696,3886.1930201240048,False,False,False,True
N21000311,N21000256,4,18,2072,24260,4319.305109777244,False,False,False,True
N21000311,N21000258,4,1,2072,27783,5101.58204871082,False,False,False,True
N21000311,N21000259,4,3,2072,15492,5581.615393898356,False,False,False,True
N21000311,N21000262,4,1,2072,8231,5933.027213484145,False,False,False,True
N21000311,N21000264,4,5,2072,24247,5405.082682746056,False,False,False,True
N21000311,N21000265,4,1,2072,27041,4606.980470626777,False,False,False,True
N21000311,N21000268,4,27,2072,1126,3070.8328849481927,False,False,False,True
N21000311,N21000270,4,4,2072,1364,4325.562769033559,False,False,False,True
N21000311,N21000271,4,1,2072,15197,5061.479662975228,False,False,False,True
N21000311,N21000273,4,2,2072,2383,3530.3772007545103,False,False,False,True
N21000311,N21000274,4,20,2072,391,3028.6661548349434,False,False,False,True
N21000311,N21000275,4,3,2072,24042,3338.6262893009593,False,False,False,True
N21000311,N21000276,4,2,2072,6161,2041.005382125143,False,False,True,True
N21000311,N21000277,4,1,2072,6659,3662.995212419393,False,False,False,True
N21000311,N21000278,4,2,2072,25468,5784.373082672703,False,False,False,True
N21000311,N21000279,4,1,2072,4115,3021.0584121355096,False,False,True,True
N21000311,N21000280,4,1,2072,9328,2743.700974189504,False,False,False,True
N21000311,N21000283,4,2,2072,9205,5006.254783617808,False,False,False,True
N21000311,N21000284,4,1,2072,16991,4882.876253648172,False,False,False,True
N21000311,N21000286,4,2,2072,16479,1228.2406864528807,False,False,False,True
N21000311,N21000287,4,2,2072,4756,4293.151540052628,False,False,False,True
N21000311,N21000288,4,2,2072,18650,1998.1741725335469,False,False,False,True
N21000311,N21000289,4,1,2072,25081,1744.3837335887445,False,False,False,True
N21000311,N21000290,4,2,2072,18971,3564.1457708427233,False,False,False,True
N21000311,N21000291,4,1,2072,23779,2260.394625111757,False,False,False,True
N21000311,N21000293,4,2,2072,25505,3607.557075531439,False,False,False,True
N21000311,N21000294,4,8,2072,22846,3898.199983194389,False,False,False,True
N21000311,N21000295,4,6,2072,8555,3534.1285886427413,False,False,False,True
N21000311,N21000298,4,1,2072,89,4358.261374321925,False,False,False,True
N21000311,N21000299,4,1,2072,5987,4770.20153581006,False,False,False,True
N21000311,N21000300,4,4,2072,5088,4724.411040754225,False,False,False,True
N21000311,N21000301,4,2,2072,22078,3275.1885248430676,False,False,False,True
N21000311,N21000302,4,6,2072,6864,3672.677756951246,False,False,False,True
N21000311,N21000303,4,7,2072,6397,3230.123036301332,False,False,False,True
N21000311,N21000304,4,7,2072,2229,5699.934522329231,False,False,False,True
N21000311,N21000305,4,4,2072,6602,2936.856152487561,False,False,False,True
N21000311,N21000306,4,5,2072,28173,2836.8287176078065,False,False,False,True
N21000311,N21000307,4,11,2072,2710,1262.2851617858817,False,False,False,True
N21000311,N21000308,4,27,2072,13508,1269.023946730045,False,False,False,True
N21000311,N21000309,4,47,2072,2721,2189.1134519917955,False,False,False,True
N21000311,N21000310,4,4,2072,15134,1565.6594227460653,False,False,False,True
N21000311,N21000312,4,8,2072,18228,1181.4480303534722,True,True,True,True
N21000311,N21000313,4,6,2072,24972,2518.816208508788,False,False,False,True
N21000311,N21000314,4,3,2072,23517,2058.4599258894004,False,False,False,True
N21000311,N21000317,4,1,2072,25675,5774.923790266118,False,False,False,True
N21000311,N21000323,4,1,2072,10135,5383.404869287477,False,False,False,True
N21000311,N21000324,4,2,2072,25636,4721.5611052234535,False,False,False,True
N21000311,N21000325,4,5,2072,14225,5343.19318902874,False,False,False,True
N21000311,N21000326,4,1,2072,3406,4590.9510044332355,False,False,False,True
N21000311,N21000327,4,3,2072,12871,4892.341091071476,False,False,False,True
N21000311,N21000328,4,1,2072,25177,4916.020834581744,False,False,False,True
N21000311,N21000329,4,8,2072,7369,5538.831629030626,False,False,False,True
N21000311,N21000331,4,11,2072,13387,4286.66270792611,False,False,False,True
N21000311,N21000332,4,4,2072,23473,4437.116270603469,False,False,False,True
N21000311,N21000333,4,2,2072,3340,4014.38769267671,False,False,False,True
N21000311,N21000334,4,2,2072,27702,4442.546445377042,False,False,False,True
N21000311,N21000335,4,66,2072,18611,3599.8270896976087,False,False,False,True
N21000312,N21000166,4,1,18228,23646,7719.601221064861,False,False,False,True
N21000312,N21000167,4,2,18228,23946,7716.128903884305,False,False,False,True
N21000312,N21000170,4,1,18228,23278,7126.976043734056,False,False,False,True
N21000312,N21000171,4,2,18228,18303,7044.558629847167,False,False,False,True
N21000312,N21000172,4,1,18228,18162,6962.709671392789,False,False,False,True
N21000312,N21000175,4,7,18228,27201,6876.501450197136,False,False,False,True
N21000312,N21000176,4,1,18228,15329,6875.279428793846,False,False,False,True
N21000312,N21000178,4,8,18228,12747,6537.360362770739,False,False,False,True
N21000312,N21000184,4,1,18228,4165,9391.246679264425,False,False,False,True
N21000312,N21000188,4,2,18228,9768,9100.71337977862,False,False,False,True
N21000312,N21000191,4,2,18228,10156,8641.81844633581,False,False,False,True
N21000312,N21000195,4,1,18228,22584,7909.888342291333,False,False,False,True
N21000312,N21000198,4,6,18228,15611,8495.326743181324,False,False,False,True
N21000312,N21000202,4,1,18228,15786,8751.84150248872,False,False,False,True
N21000312,N21000203,4,2,18228,15685,9417.154351262332,False,False,False,True
N21000312,N21000209,4,1,18228,9382,7442.6581408086095,False,False,False,True
N21000312,N21000212,4,1,18228,26189,7836.487736030085,False,False,False,True
N21000312,N21000239,4,1,18228,22166,8844.093285092466,False,False,False,True
N21000312,N21000240,4,1,18228,17764,9623.2723881158,False,False,False,True
N21000312,N21000245,4,2,18228,8653,7635.451432712027,False,False,False,True
N21000312,N21000251,4,79,18228,15928,5669.0478344780495,False,False,False,True
N21000312,N21000252,4,9,18228,6604,6622.009884330334,False,False,False,True
N21000312,N21000253,4,10,18228,7436,5701.893872734905,False,False,False,True
N21000312,N21000254,4,2,18228,17102,6308.963328434503,False,False,False,True
N21000312,N21000255,4,1,18228,11696,4436.574651587343,False,False,False,True
N21000312,N21000256,4,13,18228,24260,4869.686741240583,False,False,False,True
N21000312,N21000258,4,3,18228,27783,5651.963680174159,False,False,False,True
N21000312,N21000259,4,1,18228,15492,6131.997025361695,False,False,False,True
N21000312,N21000261,4,1,18228,1844,5504.396611609384,False,False,False,True
N21000312,N21000262,4,1,18228,8231,6483.408844947484,False,False,False,True
N21000312,N21000264,4,4,18228,24247,6121.015760235177,False,False,False,True
N21000312,N21000266,4,2,18228,18253,4944.149325934694,False,False,False,True
N21000312,N21000268,4,17,18228,1126,3793.3633808063064,False,False,False,True
N21000312,N21000270,4,1,18228,1364,5048.093264891672,False,False,False,True
N21000312,N21000273,4,1,18228,2383,4252.907696612624,False,False,False,True
N21000312,N21000274,4,18,18228,391,3751.1966506930576,False,False,False,True
N21000312,N21000275,4,2,18228,24042,3967.9059668826153,False,False,False,True
N21000312,N21000276,4,5,18228,6161,1876.9642952532577,False,False,False,True
N21000312,N21000277,4,1,18228,6659,4385.525708277506,False,False,False,True
N21000312,N21000278,4,1,18228,25468,6506.903578530816,False,False,False,True
N21000312,N21000279,4,1,18228,4115,2857.0173252636246,False,False,True,True
N21000312,N21000283,4,3,18228,9205,4842.213696745924,False,False,False,True
N21000312,N21000284,4,1,18228,16991,4718.835166776286,False,False,False,True
N21000312,N21000286,4,7,18228,16479,836.754137267723,False,False,False,True
N21000312,N21000287,4,6,18228,4756,3901.6649908674713,False,False,False,True
N21000312,N21000288,4,3,18228,18650,1606.6876233483897,False,False,False,True
N21000312,N21000289,4,2,18228,25081,1352.8971844035873,False,False,False,True
N21000312,N21000291,4,1,18228,23779,1868.9080759265998,False,False,False,True
N21000312,N21000293,4,5,18228,25505,3216.070526346282,False,False,False,True
N21000312,N21000294,4,8,18228,22846,3734.1588963225036,False,False,False,True
N21000312,N21000295,4,16,18228,8555,3142.6420394575844,False,False,False,True
N21000312,N21000297,4,1,18228,8391,5278.522426773703,False,False,False,True
N21000312,N21000299,4,3,18228,5987,4378.714986624903,False,False,False,True
N21000312,N21000301,4,5,18228,22078,3825.5701563064063,False,False,False,True
N21000312,N21000302,4,3,18228,6864,4223.059388414584,False,False,False,True
N21000312,N21000303,4,11,18228,6397,3780.5046677646696,False,False,False,True
N21000312,N21000304,4,13,18228,2229,4665.619441206334,False,False,False,True
N21000312,N21000305,4,6,18228,6602,3487.237783950898,False,False,False,True
N21000312,N21000306,4,5,18228,28173,3387.2103490711443,False,False,False,True
N21000312,N21000307,4,9,18228,2710,1812.6667932492198,False,False,False,True
N21000312,N21000308,4,15,18228,13508,1819.4055781933832,False,False,False,True
N21000312,N21000309,4,42,18228,2721,2739.495083455133,False,False,False,True
N21000312,N21000310,4,5,18228,15134,957.1940401929172,False,False,False,True
N21000312,N21000311,4,18,18228,2072,1181.448030353472,True,True,True,True
N21000312,N21000313,4,3,18228,24972,1484.501127385889,False,False,False,True
N21000312,N21000315,4,19,18228,2055,1349.6052736338902,False,False,True,True
N21000312,N21000316,4,1,18228,23306,7059.036031517982,False,False,False,True
N21000312,N21000319,4,1,18228,20953,6493.655294658765,False,False,False,True
N21000312,N21000323,4,1,18228,10135,5933.786500750816,False,False,False,True
N21000312,N21000325,4,4,18228,14225,5893.5748204920765,False,False,False,True
N21000312,N21000327,4,2,18228,12871,5442.722722534816,False,False,False,True
N21000312,N21000328,4,3,18228,25177,5466.402466045081,False,False,False,True
N21000312,N21000329,4,2,18228,7369,6089.213260493963,False,False,False,True
N21000312,N21000331,4,5,18228,13387,4837.0443393894475,False,False,False,True
N21000312,N21000332,4,5,18228,23473,4987.497902066809,False,False,False,True
N21000312,N21000333,4,1,18228,3340,4564.7693241400475,False,False,False,True
N21000312,N21000335,4,57,18228,18611,4150.208721160947,False,False,False,True
N21000313,N21000165,4,1,24972,19703,9023.881447589616,False,False,False,True
N21000313,N21000167,4,2,24972,23946,8889.931791123836,False,False,False,True
N21000313,N21000170,4,2,24972,23278,8300.778930973585,False,False,False,True
N21000313,N21000174,4,1,24972,19652,8198.870678545207,False,False,False,True
N21000313,N21000175,4,5,24972,27201,8050.304337436665,False,False,False,True
N21000313,N21000177,4,1,24972,22862,8083.875110308125,False,False,False,True
N21000313,N21000178,4,4,24972,12747,7711.163250010268,False,False,False,True
N21000313,N21000193,4,2,24972,24443,9127.464560147977,False,False,False,True
N21000313,N21000195,4,4,24972,22584,9083.691229530865,False,False,False,True
N21000313,N21000204,4,2,24972,26239,8780.763195949612,False,False,False,True
N21000313,N21000208,4,1,24972,5457,9456.761298384772,False,False,False,True
N21000313,N21000209,4,2,24972,9382,8616.461028048136,False,False,False,True
N21000313,N21000213,4,3,24972,9502,9331.151943667363,False,False,False,True
N21000313,N21000249,4,1,24972,28796,9090.72062793535,False,False,False,True
N21000313,N21000251,4,60,24972,15928,6842.8507217175775,False,False,False,True
N21000313,N21000252,4,11,24972,6604,7795.812771569862,False,False,False,True
N21000313,N21000253,4,5,24972,7436,6875.696759974435,False,False,False,True
N21000313,N21000254,4,6,24972,17102,7482.7662156740325,False,False,False,True
N21000313,N21000256,4,16,24972,24260,6043.4896284801125,False,False,False,True
N21000313,N21000258,4,5,24972,27783,6825.766567413689,False,False,False,True
N21000313,N21000259,4,1,24972,15492,7305.799912601225,False,False,False,True
N21000313,N21000264,4,5,24972,24247,7294.818647474704,False,False,False,True
N21000313,N21000265,4,4,24972,27041,6535.217005978476,False,False,False,True
N21000313,N21000266,4,3,24972,18253,6149.855365428281,False,False,False,True
N21000313,N21000267,4,1,24972,21949,8147.652241385296,False,False,False,True
N21000313,N21000268,4,30,24972,1126,4999.069420299895,False,False,False,True
N21000313,N21000269,4,3,24972,1407,8113.804774754237,False,False,False,True
N21000313,N21000270,4,3,24972,1364,6253.799304385259,False,False,False,True
N21000313,N21000274,4,18,24972,391,4956.902690186648,False,False,False,True
N21000313,N21000275,4,3,24972,24042,5147.587304369755,False,False,False,True
N21000313,N21000276,4,3,24972,6161,3056.6456327403957,False,False,True,True
N21000313,N21000280,4,3,24972,9328,3759.3412248047566,False,False,False,True
N21000313,N21000283,4,2,24972,9205,6021.895034233062,False,False,False,True
N21000313,N21000284,4,2,24972,16991,5668.648075273359,False,False,False,True
N21000313,N21000286,4,1,24972,16479,2016.4354747548612,False,False,False,True
N21000313,N21000287,4,5,24972,4756,3703.274505547998,False,False,False,True
N21000313,N21000288,4,13,24972,18650,1465.780055262742,False,False,True,True
N21000313,N21000289,4,3,24972,25081,1782.4046339646382,False,False,True,True
N21000313,N21000290,4,1,24972,18971,2974.2687363380933,False,False,False,True
N21000313,N21000291,4,1,24972,23779,1670.5175906071267,False,False,True,True
N21000313,N21000293,4,7,24972,25505,3017.6800410268083,False,False,False,True
N21000313,N21000294,4,6,24972,22846,4111.7312900120705,False,False,False,True
N21000313,N21000295,4,4,24972,8555,2944.2515541381117,False,False,False,True
N21000313,N21000297,4,1,24972,8391,5080.13194145423,False,False,False,True
N21000313,N21000301,4,2,24972,22078,4999.3730435459365,False,False,False,True
N21000313,N21000302,4,2,24972,6864,5396.8622756541145,False,False,False,True
N21000313,N21000303,4,13,24972,6397,4954.307555004198,False,False,False,True
N21000313,N21000304,4,16,24972,2229,3820.0132010796556,False,False,False,True
N21000313,N21000305,4,2,24972,6602,4661.040671190428,False,False,False,True
N21000313,N21000306,4,4,24972,28173,4561.013236310672,False,False,False,True
N21000313,N21000307,4,9,24972,2710,2986.4696804887494,False,False,False,True
N21000313,N21000308,4,11,24972,13508,2993.208465432913,False,False,False,True
N21000313,N21000309,4,40,24972,2721,3913.2979706946626,False,False,False,True
N21000313,N21000310,4,7,24972,15134,2130.996927432447,False,False,False,True
N21000313,N21000311,4,11,24972,2072,2518.816208508789,False,False,False,True
N21000313,N21000312,4,9,24972,18228,1484.5011273858893,False,False,False,True
N21000313,N21000314,4,6,24972,23517,1185.7934887663164,False,False,True,True
N21000313,N21000315,4,15,24972,2055,2555.3113131274786,False,False,False,True
N21000313,N21000319,4,1,24972,20953,7667.458181898295,False,False,False,True
N21000313,N21000322,4,1,24972,3303,7169.707561100437,False,False,False,True
N21000313,N21000324,4,1,24972,25636,6445.745623926323,False,False,False,True
N21000313,N21000325,4,2,24972,14225,7067.377707731606,False,False,False,True
N21000313,N21000326,4,1,24972,3406,6259.846680843918,False,False,False,True
N21000313,N21000327,4,2,24972,12871,6616.525609774346,False,False,False,True
N21000313,N21000329,4,5,24972,7369,7263.016147733492,False,False,False,True
N21000313,N21000331,4,9,24972,13387,6010.847226628976,False,False,False,True
N21000313,N21000332,4,9,24972,23473,6161.300789306338,False,False,False,True
N21000313,N21000333,4,2,24972,3340,5738.572211379577,False,False,False,True
N21000313,N21000334,4,3,24972,27702,6166.730964079909,False,False,False,True
N21000313,N21000335,4,64,24972,18611,5324.011608400476,False,False,False,True
N21000314,N21000167,4,2,23517,23946,8452.015061670409,False,False,False,True
N21000314,N21000170,4,1,23517,23278,7862.862201520157,False,False,False,True
N21000314,N21000174,4,1,23517,19652,7760.9539490917805,False,False,False,True
N21000314,N21000175,4,5,23517,27201,7612.387607983238,False,False,False,True
N21000314,N21000177,4,1,23517,22862,7645.958380854698,False,False,False,True
N21000314,N21000178,4,1,23517,12747,7273.246520556841,False,False,False,True
N21000314,N21000195,4,1,23517,22584,8645.774500077434,False,False,False,True
N21000314,N21000205,4,1,23517,27396,9507.214954826857,False,False,False,True
N21000314,N21000208,4,1,23517,5457,9018.844568931347,False,False,False,True
N21000314,N21000215,4,1,23517,25962,9171.093740438037,False,False,False,True
N21000314,N21000249,4,1,23517,28796,8570.378359653836,False,False,False,True
N21000314,N21000251,4,48,23517,15928,6404.93399226415,False,False,False,True
N21000314,N21000252,4,13,23517,6604,7357.896042116435,False,False,False,True
N21000314,N21000253,4,2,23517,7436,6437.780030521008,False,False,False,True
N21000314,N21000254,4,4,23517,17102,7044.849486220605,False,False,False,True
N21000314,N21000256,4,13,23517,24260,5605.572899026685,False,False,False,True
N21000314,N21000258,4,2,23517,27783,6387.8498379602615,False,False,False,True
N21000314,N21000260,4,1,23517,17259,5771.374473411525,False,False,False,True
N21000314,N21000261,4,2,23517,1844,6240.282769395484,False,False,False,True
N21000314,N21000264,4,4,23517,24247,6812.976949816244,False,False,False,True
N21000314,N21000268,4,22,23517,1126,4478.727152018382,False,False,False,True
N21000314,N21000274,4,29,23517,391,4436.560421905135,False,False,False,True
N21000314,N21000276,4,2,23517,6161,2536.3033644588822,False,False,True,True
N21000314,N21000277,4,1,23517,6659,5070.889479489584,False,False,False,True
N21000314,N21000279,4,2,23517,4115,3516.3563944692487,False,False,True,True
N21000314,N21000280,4,1,23517,9328,3207.473321695762,False,False,False,True
N21000314,N21000283,4,3,23517,9205,5501.552765951547,False,False,False,True
N21000314,N21000284,4,1,23517,16991,5173.744634217174,False,False,False,True
N21000314,N21000286,4,5,23517,16479,1223.7176327504064,False,False,False,True
N21000314,N21000287,4,3,23517,4756,3339.132077882383,False,False,False,True
N21000314,N21000288,4,12,23517,18650,903.4505862312785,False,False,True,True
N21000314,N21000291,4,2,23517,23779,1306.375162941511,False,False,True,True
N21000314,N21000293,4,2,23517,25505,2653.5376133611935,False,False,False,True
N21000314,N21000294,4,5,23517,22846,3488.4058209949458,False,False,False,True
N21000314,N21000295,4,6,23517,8555,2580.109126472496,False,False,False,True
N21000314,N21000298,4,2,23517,89,3404.2419121516787,False,False,False,True
N21000314,N21000299,4,1,23517,5987,3816.182073639814,False,False,False,True
N21000314,N21000300,4,5,23517,5088,4057.4922813511243,False,False,False,True
N21000314,N21000301,4,2,23517,22078,4561.456314092509,False,False,False,True
N21000314,N21000302,4,2,23517,6864,4958.945546200687,False,False,False,True
N21000314,N21000303,4,8,23517,6397,4516.39082555077,False,False,False,True
N21000314,N21000304,4,9,23517,2229,4530.12594327728,False,False,False,True
N21000314,N21000305,4,5,23517,6602,4223.123941737,False,False,False,True
N21000314,N21000306,4,2,23517,28173,4123.096506857246,False,False,False,True
N21000314,N21000307,4,8,23517,2710,2548.5529510353217,False,False,False,True
N21000314,N21000308,4,5,23517,13508,2555.291735979485,False,False,False,True
N21000314,N21000309,4,21,23517,2721,3475.381241241235,False,False,False,True
N21000314,N21000310,4,6,23517,15134,1693.0801979790199,False,False,False,True
N21000314,N21000311,4,8,23517,2072,2058.4599258894004,False,False,False,True
N21000314,N21000312,4,4,23517,18228,1046.584397932462,False,False,False,True
N21000314,N21000313,4,5,23517,24972,1185.7934887663164,False,False,True,True
N21000314,N21000315,4,14,23517,2055,2034.969044845966,False,False,False,True
N21000314,N21000322,4,1,23517,3303,6731.790831647009,False,False,False,True
N21000314,N21000323,4,1,23517,10135,6669.672658536919,False,False,False,True
N21000314,N21000325,4,1,23517,14225,6629.460978278179,False,False,False,True
N21000314,N21000327,4,1,23517,12871,6178.608880320919,False,False,False,True
N21000314,N21000329,4,3,23517,7369,6825.099418280065,False,False,False,True
N21000314,N21000331,4,3,23517,13387,5572.930497175549,False,False,False,True
N21000314,N21000332,4,6,23517,23473,5723.3840598529105,False,False,False,True
N21000314,N21000333,4,1,23517,3340,5300.65548192615,False,False,False,True
N21000314,N21000334,4,3,23517,27702,5728.814234626482,False,False,False,True
N21000314,N21000335,4,40,23517,18611,4886.0948789470485,False,False,False,True
N21000315,N21000165,4,1,2055,19703,7275.614761835755,False,False,False,True
N21000315,N21000167,4,1,2055,23946,7141.66510536998,False,False,False,True
N21000315,N21000170,4,4,2055,23278,6657.68137987943,False,False,False,True
N21000315,N21000171,4,1,2055,18303,6470.094831332842,False,False,False,True
N21000315,N21000174,4,2,2055,19652,6450.603992791351,False,False,False,True
N21000315,N21000175,4,8,2055,27201,6302.03765168281,False,False,False,True
N21000315,N21000177,4,3,2055,22862,6335.60842455427,False,False,False,True
N21000315,N21000178,4,8,2055,12747,5962.896564256413,False,False,False,True
N21000315,N21000184,4,1,2055,4165,8816.782880750097,False,False,False,True
N21000315,N21000189,4,4,2055,4448,8133.973432966002,False,False,False,True
N21000315,N21000190,4,1,2055,9490,8047.009636541827,False,False,False,True
N21000315,N21000191,4,2,2055,10156,8067.354647821485,False,False,False,True
N21000315,N21000193,4,1,2055,24443,7379.19787439412,False,False,False,True
N21000315,N21000195,4,5,2055,22584,7335.424543777007,False,False,False,True
N21000315,N21000196,4,2,2055,8754,6996.684460276666,False,False,False,True
N21000315,N21000198,4,15,2055,15611,7920.862944667,False,False,False,True
N21000315,N21000202,4,2,2055,15786,8177.3777039743945,False,False,False,True
N21000315,N21000204,4,2,2055,26239,7032.4965101957605,False,False,False,True
N21000315,N21000205,4,2,2055,27396,8196.86499852643,False,False,False,True
N21000315,N21000209,4,3,2055,9382,6868.194342294282,False,False,False,True
N21000315,N21000215,4,1,2055,25962,7860.743784137611,False,False,False,True
N21000315,N21000216,4,1,2055,14179,8848.778440630125,False,False,False,True
N21000315,N21000217,4,1,2055,19481,7573.677995903664,False,False,False,True
N21000315,N21000226,4,1,2055,7766,9489.057802248275,False,False,False,True
N21000315,N21000237,4,3,2055,5957,9594.355255717996,False,False,False,True
N21000315,N21000240,4,3,2055,17764,8748.616526011276,False,False,False,True
N21000315,N21000241,4,2,2055,20619,7275.450198560709,False,False,False,True
N21000315,N21000243,4,1,2055,1454,8207.980021487105,False,False,False,True
N21000315,N21000248,4,1,2055,14259,7822.727090507186,False,False,False,True
N21000315,N21000249,4,1,2055,28796,6863.24798965991,False,False,False,True
N21000315,N21000251,4,77,2055,15928,5094.584035963722,False,False,False,True
N21000315,N21000252,4,21,2055,6604,6047.546085816007,False,False,False,True
N21000315,N21000253,4,4,2055,7436,5127.430074220578,False,False,False,True
N21000315,N21000254,4,5,2055,17102,5734.4995299201755,False,False,False,True
N21000315,N21000256,4,9,2055,24260,4295.2229427262555,False,False,False,True
N21000315,N21000258,4,1,2055,27783,5077.499881659832,False,False,False,True
N21000315,N21000261,4,1,2055,1844,4672.831476531582,False,False,False,True
N21000315,N21000262,4,1,2055,8231,5864.3339919019945,False,False,False,True
N21000315,N21000264,4,7,2055,24247,5105.846579822318,False,False,False,True
N21000315,N21000265,4,1,2055,27041,4307.744367703037,False,False,False,True
N21000315,N21000266,4,2,2055,18253,3922.3827271528444,False,False,False,True
N21000315,N21000267,4,2,2055,21949,5920.179603109858,False,False,False,True
N21000315,N21000268,4,24,2055,1126,2771.5967820244546,False,False,False,True
N21000315,N21000270,4,6,2055,1364,4026.3266661098214,False,False,False,True
N21000315,N21000272,4,1,2055,20779,4650.130035590913,False,False,False,True
N21000315,N21000273,4,2,2055,2383,3231.141097830772,False,False,False,True
N21000315,N21000274,4,27,2055,391,2729.4300519112053,False,False,False,True
N21000315,N21000275,4,8,2055,24042,3039.390186377221,False,False,False,True
N21000315,N21000276,4,6,2055,6161,1759.6566697652484,False,False,True,True
N21000315,N21000277,4,3,2055,6659,3363.7591094956547,False,False,False,True
N21000315,N21000278,4,1,2055,25468,5485.136979748965,False,False,False,True
N21000315,N21000279,4,2,2055,4115,2739.709699775615,False,False,True,True
N21000315,N21000280,4,1,2055,9328,2462.352261829609,False,False,False,True
N21000315,N21000283,4,3,2055,9205,4724.906071257914,False,False,False,True
N21000315,N21000284,4,5,2055,16991,4601.527541288277,False,False,False,True
N21000315,N21000286,4,9,2055,16479,1204.7498054094463,False,False,False,True
N21000315,N21000287,4,5,2055,4756,4269.660659009194,False,False,False,True
N21000315,N21000288,4,7,2055,18650,1974.6832914901124,False,False,False,True
N21000315,N21000289,4,2,2055,25081,1720.89285254531,False,False,False,True
N21000315,N21000290,4,3,2055,18971,3540.6548897992893,False,False,False,True
N21000315,N21000291,4,1,2055,23779,2236.903744068323,False,False,False,True
N21000315,N21000293,4,5,2055,25505,3584.0661944880044,False,False,False,True
N21000315,N21000294,4,9,2055,22846,3616.851270834494,False,False,False,True
N21000315,N21000295,4,6,2055,8555,3510.6377075993078,False,False,False,True
N21000315,N21000299,4,1,2055,5987,4746.710654766626,False,False,False,True
N21000315,N21000301,4,3,2055,22078,3775.67571363495,False,False,False,True
N21000315,N21000302,4,2,2055,6864,3648.5955899002574,False,False,False,True
N21000315,N21000303,4,7,2055,6397,3206.0408692503433,False,False,False,True
N21000315,N21000304,4,11,2055,2229,5736.429626947924,False,False,False,True
N21000315,N21000305,4,5,2055,6602,2912.773985436572,False,False,False,True
N21000315,N21000306,4,6,2055,28173,2812.746550556818,False,False,False,True
N21000315,N21000307,4,12,2055,2710,1762.7723505777637,False,False,False,True
N21000315,N21000308,4,18,2055,13508,1769.5111355219271,False,False,False,True
N21000315,N21000309,4,32,2055,2721,2150.1923021999996,False,False,False,True
N21000315,N21000310,4,9,2055,15134,1977.781282700366,False,False,False,True
N21000315,N21000312,4,9,2055,18228,1349.60527363389,False,False,True,True
N21000315,N21000313,4,4,2055,24972,2555.3113131274795,False,False,False,True
N21000315,N21000319,4,1,2055,20953,5919.191496144438,False,False,False,True
N21000315,N21000322,4,1,2055,3303,5421.440875346581,False,False,False,True
N21000315,N21000323,4,2,2055,10135,5359.322702236489,False,False,False,True
N21000315,N21000324,4,2,2055,25636,5042.266101243301,False,False,False,True
N21000315,N21000325,4,2,2055,14225,5319.111021977751,False,False,False,True
N21000315,N21000327,4,7,2055,12871,4868.258924020489,False,False,False,True
N21000315,N21000328,4,4,2055,25177,4891.938667530755,False,False,False,True
N21000315,N21000329,4,6,2055,7369,5514.749461979637,False,False,False,True
N21000315,N21000331,4,7,2055,13387,4262.580540875121,False,False,False,True
N21000315,N21000332,4,2,2055,23473,4826.645071045409,False,False,False,True
N21000315,N21000333,4,1,2055,3340,3990.305525625721,False,False,False,True
N21000315,N21000334,4,2,2055,27702,4418.464278326052,False,False,False,True
N21000315,N21000335,4,53,2055,18611,3575.74492264662,False,False,False,True
N21000316,N21000161,4,4,23306,4145,2789.885230574092,False,False,False,True
N21000316,N21000163,4,1,23306,20140,1880.971293924089,False,False,False,True
N21000316,N21000164,4,1,23306,26366,1733.5595154192754,False,False,False,True
N21000316,N21000165,4,1,23306,19703,1826.0827755210923,False,False,False,True
N21000316,N21000166,4,10,23306,23646,1050.4982110025828,False,False,False,True
N21000316,N21000167,4,1,23306,23946,3327.8088590811385,False,False,False,True
N21000316,N21000168,4,3,23306,4451,2635.271358925236,False,False,False,True
N21000316,N21000169,4,2,23306,623,1836.50198302968,False,False,False,True
N21000316,N21000170,4,13,23306,23278,1542.9366237007105,False,False,False,True
N21000316,N21000172,4,2,23306,18162,2903.719868994901,False,False,False,True
N21000316,N21000173,4,2,23306,24908,1999.2305279574293,False,False,False,True
N21000316,N21000174,4,1,23306,19652,2839.4578442626193,False,False,False,True
N21000316,N21000175,4,8,23306,27201,3871.272139277125,False,False,False,True
N21000316,N21000176,4,1,23306,15329,4163.481139266548,False,False,False,True
N21000316,N21000177,4,4,23306,22862,4559.942971881567,False,False,False,True
N21000316,N21000178,4,1,23306,12747,3905.9369033890034,False,False,False,True
N21000316,N21000184,4,1,23306,4165,4055.4373281562794,False,False,False,True
N21000316,N21000186,4,2,23306,13768,4486.7039677156445,False,False,False,True
N21000316,N21000187,4,1,23306,23892,3076.2464176866515,False,False,False,True
N21000316,N21000188,4,2,23306,9768,5151.9829951713955,False,False,False,True
N21000316,N21000189,4,1,23306,4448,3965.763534716629,False,False,False,True
N21000316,N21000192,4,27,23306,17614,6615.158175004638,False,False,False,True
N21000316,N21000193,4,1,23306,24443,4003.596182461292,False,False,False,True
N21000316,N21000195,4,3,23306,22584,5034.000048379141,False,False,False,True
N21000316,N21000196,4,2,23306,8754,4472.2980011302825,False,False,False,True
N21000316,N21000198,4,12,23306,15611,6895.797199183031,False,False,False,True
N21000316,N21000202,4,1,23306,15786,7152.311958490425,False,False,False,True
N21000316,N21000226,4,2,23306,7766,8688.225802296605,False,False,False,True
N21000316,N21000237,4,1,23306,5957,9099.429337162604,False,False,False,True
N21000316,N21000240,4,1,23306,17764,8857.41658009261,False,False,False,True
N21000316,N21000241,4,2,23306,20619,8123.546889405386,False,False,False,True
N21000316,N21000245,4,3,23306,8653,7984.066515310642,False,False,False,True
N21000316,N21000249,4,1,23306,28796,8454.473021161857,False,False,False,True
N21000316,N21000251,4,56,23306,15928,4960.534107749547,False,False,False,True
N21000316,N21000252,4,10,23306,6604,5666.1478358405,False,False,False,True
N21000316,N21000253,4,5,23306,7436,5455.344372180853,False,False,False,True
N21000316,N21000254,4,8,23306,17102,6133.698914824278,False,False,False,True
N21000316,N21000256,4,6,23306,24260,5672.2964481798135,False,False,False,True
N21000316,N21000258,4,4,23306,27783,5985.690715102446,False,False,False,True
N21000316,N21000260,4,1,23306,17259,5888.884223450073,False,False,False,True
N21000316,N21000263,4,2,23306,6770,7476.835284111889,False,False,False,True
N21000316,N21000264,4,1,23306,24247,6827.531539390695,False,False,False,True
N21000316,N21000265,4,3,23306,27041,6443.370564419563,False,False,False,True
N21000316,N21000266,4,2,23306,18253,6321.4597321222445,False,False,False,True
N21000316,N21000267,4,2,23306,21949,7340.754994695871,False,False,False,True
N21000316,N21000268,4,13,23306,1126,5951.472661904889,False,False,False,True
N21000316,N21000270,4,2,23306,1364,7275.428056727894,False,False,False,True
N21000316,N21000272,4,1,23306,20779,8759.231101475192,False,False,False,True
N21000316,N21000273,4,2,23306,2383,7861.341336291116,False,False,False,True
N21000316,N21000274,4,2,23306,391,7987.401281859279,False,False,False,True
N21000316,N21000275,4,1,23306,24042,8203.249301337253,False,False,False,True
N21000316,N21000302,4,1,23306,6864,4710.932175880736,False,False,False,True
N21000316,N21000304,4,1,23306,2229,9476.258661973578,False,False,False,True
N21000316,N21000307,4,1,23306,2710,5547.482801059283,False,False,False,True
N21000316,N21000309,4,3,23306,2721,6028.223176186059,False,False,False,True
N21000316,N21000311,4,1,23306,2072,6508.654400054643,False,False,False,True
N21000316,N21000315,4,1,23306,2055,7009.141588846524,False,False,False,True
N21000316,N21000317,4,9,23306,25675,1949.4323975210707,False,False,False,True
N21000316,N21000318,4,8,23306,29337,3138.536661283297,False,False,True,True
N21000316,N21000319,4,5,23306,20953,2656.808993254911,False,False,False,True
N21000316,N21000321,4,2,23306,19488,2274.8803504679154,False,False,False,True
N21000316,N21000322,4,7,23306,3303,3411.7059073240052,False,False,False,True
N21000316,N21000323,4,5,23306,10135,3142.082564977531,False,False,False,True
N21000316,N21000324,4,8,23306,25636,2757.143230793533,False,False,False,True
N21000316,N21000325,4,16,23306,14225,3779.0465170520524,False,False,False,True
N21000316,N21000326,4,3,23306,3406,2191.315500746874,False,False,False,True
N21000316,N21000327,4,1,23306,12871,2873.162538013901,False,False,False,True
N21000316,N21000329,4,3,23306,7369,4515.766395027928,False,False,False,True
N21000316,N21000330,4,2,23306,3126,2696.3838816387033,False,False,False,True
N21000316,N21000331,4,4,23306,13387,4069.0367878783445,False,False,False,True
N21000316,N21000332,4,3,23306,23473,3326.588102267774,False,False,False,True
N21000316,N21000334,4,1,23306,27702,4418.277897306123,False,False,False,True
N21000316,N21000335,4,14,23306,18611,4027.1571074504745,False,False,False,True
N21000317,N21000161,4,2,25675,4145,3426.082877760173,False,False,False,True
N21000317,N21000162,4,1,25675,7448,2287.1054803369743,False,False,False,True
N21000317,N21000165,4,3,25675,19703,1866.0313781605455,False,False,False,True
N21000317,N21000166,4,3,25675,23646,1686.6958581886634,False,False,False,True
N21000317,N21000167,4,3,25675,23946,2050.574594749937,False,False,False,True
N21000317,N21000168,4,1,25675,4451,1204.2197192027095,False,False,False,True
N21000317,N21000170,4,5,25675,23278,879.9370787799912,False,False,False,True
N21000317,N21000174,4,4,25675,19652,1212.8379309928757,False,False,False,True
N21000317,N21000175,4,17,25675,27201,2244.6522260073825,False,False,False,True
N21000317,N21000177,4,7,25675,22862,2933.323058611824,False,False,False,True
N21000317,N21000178,4,4,25675,12747,2279.3169901192605,False,False,False,True
N21000317,N21000179,4,1,25675,1275,7494.556427838344,False,False,False,True
N21000317,N21000181,4,1,25675,10525,5390.844577458576,False,False,False,True
N21000317,N21000182,4,2,25675,8586,5052.390782205564,False,False,False,True
N21000317,N21000184,4,1,25675,4165,3854.047673957474,False,False,False,True
N21000317,N21000186,4,2,25675,13768,4185.4385382817,False,False,False,True
N21000317,N21000187,4,1,25675,23892,3280.1548338095085,False,False,False,True
N21000317,N21000189,4,2,25675,4448,3041.242178776398,False,False,False,True
N21000317,N21000190,4,2,25675,9490,3340.014315559964,False,False,False,True
N21000317,N21000192,4,38,25675,17614,5728.90746698507,False,False,False,True
N21000317,N21000194,4,1,25675,25109,2990.5152751983724,False,False,False,True
N21000317,N21000195,4,5,25675,22584,3556.141815246307,False,False,False,True
N21000317,N21000196,4,1,25675,8754,2978.4196625270456,False,False,False,True
N21000317,N21000197,4,9,25675,11265,8401.061723186769,False,False,False,True
N21000317,N21000198,4,7,25675,15611,5269.17728591329,False,False,False,True
N21000317,N21000200,4,1,25675,16344,6527.269601517084,False,False,False,True
N21000317,N21000202,4,5,25675,15786,5525.692045220685,False,False,False,True
N21000317,N21000205,4,3,25675,27396,5815.553557469122,False,False,False,True
N21000317,N21000206,4,1,25675,4787,6416.441909346778,False,False,False,True
N21000317,N21000212,4,1,25675,26189,5176.827613626707,False,False,False,True
N21000317,N21000213,4,1,25675,9502,5497.688934024455,False,False,False,True
N21000317,N21000215,4,1,25675,25962,5775.54746024856,False,False,False,True
N21000317,N21000219,4,1,25675,2333,8902.782307443535,False,False,False,True
N21000317,N21000222,4,1,25675,11993,7710.02643220682,False,False,False,True
N21000317,N21000223,4,2,25675,22810,7142.370625478692,False,False,False,True
N21000317,N21000224,4,1,25675,15583,8288.031100530467,False,False,False,True
N21000317,N21000226,4,1,25675,7766,7061.605889026865,False,False,False,True
N21000317,N21000237,4,3,25675,5957,7472.809423892862,False,False,False,True
N21000317,N21000240,4,1,25675,17764,7254.3753902800545,False,False,False,True
N21000317,N21000241,4,1,25675,20619,6553.417692189407,False,False,False,True
N21000317,N21000249,4,1,25675,28796,6884.343823945878,False,False,False,True
N21000317,N21000251,4,56,25675,15928,3390.4049105335685,False,False,False,True
N21000317,N21000252,4,17,25675,6604,4066.7717507671514,False,False,False,True
N21000317,N21000253,4,5,25675,7436,3885.2151749648747,False,False,False,True
N21000317,N21000254,4,4,25675,17102,4563.5697176082995,False,False,False,True
N21000317,N21000256,4,7,25675,24260,4289.306972763727,False,False,False,True
N21000317,N21000258,4,2,25675,27783,4425.438812925007,False,False,False,True
N21000317,N21000259,4,1,25675,15492,4810.814580017133,False,False,False,True
N21000317,N21000264,4,4,25675,24247,5267.279637213256,False,False,False,True
N21000317,N21000265,4,2,25675,27041,5060.381089003478,False,False,False,True
N21000317,N21000267,4,3,25675,21949,5770.625797479892,False,False,False,True
N21000317,N21000268,4,8,25675,1126,4568.483186488802,False,False,False,True
N21000317,N21000270,4,4,25675,1364,5892.438581311809,False,False,False,True
N21000317,N21000273,4,1,25675,2383,6478.351860875031,False,False,False,True
N21000317,N21000274,4,6,25675,391,6604.411806443192,False,False,False,True
N21000317,N21000275,4,1,25675,24042,6820.259825921166,False,False,False,True
N21000317,N21000277,4,1,25675,6659,7126.15041030013,False,False,False,True
N21000317,N21000280,4,1,25675,9328,7764.305758828345,False,False,False,True
N21000317,N21000294,4,1,25675,22846,8918.804767833231,False,False,False,True
N21000317,N21000295,4,1,25675,8555,8944.160347893989,False,False,False,True
N21000317,N21000303,4,1,25675,6397,2813.677633908211,False,False,False,True
N21000317,N21000304,4,1,25675,2229,8742.528052185053,False,False,False,True
N21000317,N21000308,4,3,25675,13508,4816.514808030909,False,False,False,True
N21000317,N21000309,4,6,25675,2721,4697.533441339468,False,False,False,True
N21000317,N21000314,4,3,25675,23517,7061.1915795155555,False,False,False,True
N21000317,N21000316,4,4,25675,23306,1949.4323975210705,False,False,False,True
N21000317,N21000318,4,5,25675,29337,2574.041547434974,False,False,False,True
N21000317,N21000319,4,4,25675,20953,1030.189079985168,False,False,False,True
N21000317,N21000320,4,2,25675,6908,1486.9121576414761,False,False,False,True
N21000317,N21000322,4,2,25675,3303,1785.0859940542618,False,False,False,True
N21000317,N21000323,4,11,25675,10135,1515.4626517077882,False,False,False,True
N21000317,N21000324,4,11,25675,25636,1475.5754927175174,False,False,False,True
N21000317,N21000325,4,18,25675,14225,2208.917319836073,False,False,False,True
N21000317,N21000326,4,4,25675,3406,1501.6180384876423,False,False,False,True
N21000317,N21000328,4,3,25675,25177,1729.0524849350354,False,False,False,True
N21000317,N21000329,4,3,25675,7369,2945.637197811949,False,False,False,True
N21000317,N21000331,4,6,25675,13387,2498.9075906623657,False,False,False,True
N21000317,N21000332,4,3,25675,23473,2483.6638110657896,False,False,False,True
N21000317,N21000335,4,20,25675,18611,2644.167632034389,False,False,False,True
N21000318,N21000161,4,2,29337,4145,2664.218881336821,False,False,True,True
N21000318,N21000163,4,2,29337,20140,4005.0299761858128,False,False,False,True
N21000318,N21000165,4,1,29337,19703,3997.8912038377725,False,False,False,True
N21000318,N21000170,4,1,29337,23278,3331.67902191028,False,False,False,True
N21000318,N21000174,4,3,29337,19652,3664.5798741231642,False,False,False,True
N21000318,N21000175,4,5,29337,27201,4583.107379594461,False,False,False,True
N21000318,N21000177,4,1,29337,22862,5271.778212198903,False,False,False,True
N21000318,N21000178,4,6,29337,12747,4617.772143706338,False,False,False,True
N21000318,N21000181,4,1,29337,10525,7716.292913919107,False,False,False,True
N21000318,N21000189,4,1,29337,4448,5492.984121906684,False,False,False,True
N21000318,N21000192,4,20,29337,17614,8180.649410115354,False,False,False,True
N21000318,N21000195,4,3,29337,22584,6007.883758376598,False,False,False,True
N21000318,N21000196,4,3,29337,8754,5395.862831121594,False,False,False,True
N21000318,N21000198,4,10,29337,15611,7282.760780762623,False,False,False,True
N21000318,N21000199,4,1,29337,8027,9005.745261635324,False,False,False,True
N21000318,N21000205,4,2,29337,27396,7773.754620701564,False,False,False,True
N21000318,N21000207,4,1,29337,26051,7103.121157858084,False,False,False,True
N21000318,N21000208,4,1,29337,5457,7543.508224363442,False,False,False,True
N21000318,N21000209,4,2,29337,9382,6703.2079540268,False,False,False,True
N21000318,N21000214,4,2,29337,55,7547.142575581576,False,False,False,True
N21000318,N21000237,4,4,29337,5957,9429.368867450516,False,False,False,True
N21000318,N21000239,4,1,29337,22166,8125.459796945507,False,False,False,True
N21000318,N21000240,4,1,29337,17764,9174.585325901622,False,False,False,True
N21000318,N21000241,4,2,29337,20619,8440.715635214396,False,False,False,True
N21000318,N21000245,4,1,29337,8653,8301.235261119653,False,False,False,True
N21000318,N21000251,4,34,29337,15928,5277.70285355856,False,False,False,True
N21000318,N21000252,4,13,29337,6604,5983.316581649511,False,False,False,True
N21000318,N21000253,4,5,29337,7436,5772.513117989865,False,False,False,True
N21000318,N21000254,4,5,29337,17102,6450.867660633289,False,False,False,True
N21000318,N21000256,4,11,29337,24260,5989.4651939888245,False,False,False,True
N21000318,N21000258,4,3,29337,27783,6302.859460911458,False,False,False,True
N21000318,N21000261,4,1,29337,1844,6674.961265243042,False,False,False,True
N21000318,N21000263,4,1,29337,6770,7794.0040299209,False,False,False,True
N21000318,N21000264,4,3,29337,24247,7144.700285199707,False,False,False,True
N21000318,N21000268,4,7,29337,1126,6268.6414077139,False,False,False,True
N21000318,N21000269,4,2,29337,1407,7913.125418241281,False,False,False,True
N21000318,N21000270,4,2,29337,1364,7592.596802536905,False,False,False,True
N21000318,N21000272,4,1,29337,20779,9076.399847284207,False,False,False,True
N21000318,N21000274,4,6,29337,391,8304.570027668291,False,False,False,True
N21000318,N21000280,4,1,29337,9328,9208.314047888294,False,False,False,True
N21000318,N21000286,4,1,29337,16479,7689.1718013016625,False,False,False,True
N21000318,N21000301,4,2,29337,22078,3981.2808214601737,False,False,False,True
N21000318,N21000307,4,1,29337,2710,5864.651546868293,False,False,False,True
N21000318,N21000308,4,1,29337,13508,5867.414163628442,False,False,False,True
N21000318,N21000309,4,6,29337,2721,6345.39192199507,False,False,False,True
N21000318,N21000316,4,12,29337,23306,3138.5366612832963,False,False,True,True
N21000318,N21000317,4,6,29337,25675,2574.0415474349743,False,False,False,True
N21000318,N21000319,4,4,29337,20953,3424.7525841098263,False,False,False,True
N21000318,N21000321,4,3,29337,19488,2592.049096276926,False,False,False,True
N21000318,N21000322,4,6,29337,3303,3925.2653907763533,False,False,False,True
N21000318,N21000323,4,5,29337,10135,3480.988491109359,False,False,False,True
N21000318,N21000324,4,11,29337,25636,3074.311976602544,False,False,False,True
N21000318,N21000325,4,14,29337,14225,4096.215262861064,False,False,False,True
N21000318,N21000326,4,3,29337,3406,2508.4842465558845,False,False,False,True
N21000318,N21000327,4,3,29337,12871,3190.3312838229112,False,False,False,True
N21000318,N21000328,4,1,29337,25177,3616.350427960025,False,False,False,True
N21000318,N21000329,4,1,29337,7369,4832.93514083694,False,False,False,True
N21000318,N21000331,4,6,29337,13387,4386.2055336873555,False,False,False,True
N21000318,N21000335,4,10,29337,18611,4344.3258532594855,False,False,False,True
N21000319,N21000161,4,1,20953,4145,4133.459473494015,False,False,False,True
N21000319,N21000163,4,3,20953,20140,2611.9981206842986,False,False,False,True
N21000319,N21000164,4,2,20953,26366,3077.1337583391974,False,False,False,True
N21000319,N21000165,4,1,20953,19703,1930.5330916495595,False,False,True,True
N21000319,N21000166,4,2,20953,23646,2394.072453922505,False,False,False,True
N21000319,N21000167,4,1,20953,23946,1923.1511727897152,False,False,False,True
N21000319,N21000170,4,2,20953,23278,1587.313674513832,False,False,True,True
N21000319,N21000174,4,4,20953,19652,1105.5223226051532,False,False,True,True
N21000319,N21000175,4,11,20953,27201,1597.104855772113,False,False,False,True
N21000319,N21000177,4,1,20953,22862,2285.7756883765546,False,False,False,True
N21000319,N21000178,4,4,20953,12747,1631.769619883991,False,False,False,True
N21000319,N21000184,4,1,20953,4165,3906.4388690107376,False,False,False,True
N21000319,N21000189,4,1,20953,4448,3105.7438922654114,False,False,False,True
N21000319,N21000192,4,15,20953,17614,5619.9882285141,False,False,False,True
N21000319,N21000193,4,3,20953,24443,2468.853862654761,False,False,False,True
N21000319,N21000194,4,1,20953,25109,2517.658581933388,False,False,False,True
N21000319,N21000195,4,2,20953,22584,3025.7115452686294,False,False,False,True
N21000319,N21000197,4,9,20953,11265,7753.514352951497,False,False,False,True
N21000319,N21000198,4,9,20953,15611,4621.629915678019,False,False,False,True
N21000319,N21000203,4,1,20953,15685,5767.691269291326,False,False,False,True
N21000319,N21000205,4,1,20953,27396,5168.00618723385,False,False,False,True
N21000319,N21000207,4,3,20953,26051,4535.3638520012455,False,False,False,True
N21000319,N21000208,4,1,20953,5457,4954.482839513008,False,False,False,True
N21000319,N21000209,4,3,20953,9382,4135.45064816996,False,False,False,True
N21000319,N21000216,4,2,20953,14179,6116.034746505805,False,False,False,True
N21000319,N21000217,4,1,20953,19481,4840.934301779343,False,False,False,True
N21000319,N21000219,4,2,20953,2333,8255.234937208264,False,False,False,True
N21000319,N21000221,4,2,20953,22550,9570.744196518419,False,False,False,True
N21000319,N21000223,4,2,20953,22810,6494.82325524342,False,False,False,True
N21000319,N21000224,4,2,20953,15583,7640.483730295195,False,False,False,True
N21000319,N21000226,4,1,20953,7766,6414.058518791593,False,False,False,True
N21000319,N21000236,4,1,20953,20050,5779.689275732021,False,False,False,True
N21000319,N21000237,4,3,20953,5957,6825.26205365759,False,False,False,True
N21000319,N21000239,4,1,20953,22166,5557.702491088668,False,False,False,True
N21000319,N21000240,4,2,20953,17764,6606.828020044784,False,False,False,True
N21000319,N21000241,4,2,20953,20619,5985.757820421086,False,False,False,True
N21000319,N21000251,4,41,20953,15928,2961.0550677908554,False,False,False,True
N21000319,N21000252,4,8,20953,6604,3419.2243805318813,False,False,False,True
N21000319,N21000253,4,11,20953,7436,3455.8653322221617,False,False,False,True
N21000319,N21000254,4,1,20953,17102,3995.9098458399785,False,False,False,True
N21000319,N21000256,4,11,20953,24260,4135.812661585163,False,False,False,True
N21000319,N21000258,4,5,20953,27783,4008.432149011808,False,False,False,True
N21000319,N21000259,4,3,20953,15492,4381.464737274421,False,False,False,True
N21000319,N21000261,4,1,20953,1844,4691.856765007798,False,False,False,True
N21000319,N21000262,4,1,20953,8231,4619.0539034765325,False,False,False,True
N21000319,N21000264,4,4,20953,24247,4850.272973300058,False,False,False,True
N21000319,N21000265,4,1,20953,27041,5120.574454995362,False,False,False,True
N21000319,N21000266,4,4,20953,18253,4998.663622698044,False,False,False,True
N21000319,N21000268,4,11,20953,1126,4628.676552480687,False,False,False,True
N21000319,N21000271,4,1,20953,15197,5756.98319140308,False,False,False,True
N21000319,N21000274,4,3,20953,391,6664.605172435077,False,False,False,True
N21000319,N21000276,4,1,20953,6161,7351.009491057648,False,False,False,True
N21000319,N21000278,4,1,20953,25468,7616.979479542603,False,False,False,True
N21000319,N21000294,4,1,20953,22846,8978.998133825115,False,False,False,True
N21000319,N21000303,4,1,20953,6397,2884.460398890374,False,False,True,True
N21000319,N21000305,4,1,20953,6602,3915.188767623509,False,False,False,True
N21000319,N21000309,4,5,20953,2721,4768.3162063216305,False,False,False,True
N21000319,N21000311,4,1,20953,2072,5943.273663195428,False,False,False,True
N21000319,N21000315,4,1,20953,2055,5919.191496144438,False,False,False,True
N21000319,N21000316,4,2,20953,23306,2656.80899325491,False,False,False,True
N21000319,N21000317,4,7,20953,25675,1030.189079985168,False,False,False,True
N21000319,N21000318,4,4,20953,29337,3424.7525841098263,False,False,False,True
N21000319,N21000321,4,2,20953,19488,913.2253891917368,False,False,True,True
N21000319,N21000322,4,5,20953,3303,1137.5386238189928,False,False,False,True
N21000319,N21000323,4,9,20953,10135,867.9152814725189,False,False,False,True
N21000319,N21000324,4,15,20953,25636,1849.052588435228,False,False,True,True
N21000319,N21000325,4,15,20953,14225,1677.4224220151657,False,False,False,True
N21000319,N21000326,4,1,20953,3406,2352.3290751624945,False,False,False,True
N21000319,N21000327,4,7,20953,12871,1483.2422844492357,False,False,True,True
N21000319,N21000329,4,1,20953,7369,2516.287355069236,False,False,False,True
N21000319,N21000330,4,2,20953,3126,2762.529753053283,False,False,False,True
N21000319,N21000331,4,4,20953,13387,2259.263702367789,False,False,True,True
N21000319,N21000332,4,5,20953,23473,2766.177142779033,False,False,True,True
N21000319,N21000335,4,4,20953,18611,2704.3609980262736,False,False,True,True
N21000320,N21000161,4,5,6908,4145,4576.561829019099,False,False,False,True
N21000320,N21000162,4,2,6908,7448,3651.7180336737656,False,False,False,True
N21000320,N21000163,4,2,6908,20140,3509.110884484122,False,False,False,True
N21000320,N21000165,4,2,6908,19703,3230.6439314973363,False,False,False,True
N21000320,N21000167,4,2,6908,23946,3415.187148086728,False,False,False,True
N21000320,N21000169,4,1,6908,623,2350.612645984364,False,False,False,True
N21000320,N21000170,4,4,6908,23278,2244.549632116782,False,False,False,True
N21000320,N21000171,4,1,6908,18303,3206.562383319006,False,False,False,True
N21000320,N21000174,4,4,6908,19652,2577.450484329667,False,False,False,True
N21000320,N21000175,4,11,6908,27201,3495.9779898009633,False,False,False,True
N21000320,N21000177,4,2,6908,22862,4184.648822405405,False,False,False,True
N21000320,N21000178,4,5,6908,12747,3530.6427539128413,False,False,False,True
N21000320,N21000179,4,1,6908,1275,8859.168981175135,False,False,False,True
N21000320,N21000180,4,1,6908,19753,7141.726572091218,False,False,False,True
N21000320,N21000181,4,1,6908,10525,6755.4571307953665,False,False,False,True
N21000320,N21000185,4,1,6908,26396,4281.638589175085,False,False,False,True
N21000320,N21000186,4,5,6908,13768,5550.0510916184885,False,False,False,True
N21000320,N21000188,4,6,6908,9768,5564.473192536934,False,False,False,True
N21000320,N21000190,4,3,6908,9490,4704.626868896754,False,False,False,True
N21000320,N21000192,4,53,6908,17614,7093.520020321858,False,False,False,True
N21000320,N21000193,4,1,6908,24443,4286.468317601368,False,False,False,True
N21000320,N21000194,4,1,6908,25109,4355.127828535164,False,False,False,True
N21000320,N21000195,4,5,6908,22584,4920.754368583099,False,False,False,True
N21000320,N21000196,4,2,6908,8754,4308.733441328096,False,False,False,True
N21000320,N21000197,4,26,6908,11265,9327.515828242602,False,False,False,True
N21000320,N21000198,4,26,6908,15611,6195.6313909691235,False,False,False,True
N21000320,N21000199,4,2,6908,8027,7918.615871841825,False,False,False,True
N21000320,N21000200,4,1,6908,16344,7453.723706572917,False,False,False,True
N21000320,N21000202,4,3,6908,15786,6452.146150276518,False,False,False,True
N21000320,N21000204,4,1,6908,26239,5525.131712358678,False,False,False,True
N21000320,N21000205,4,2,6908,27396,6686.625230908065,False,False,False,True
N21000320,N21000208,4,1,6908,5457,6456.378834569943,False,False,False,True
N21000320,N21000209,4,3,6908,9382,5616.0785642333,False,False,False,True
N21000320,N21000210,4,1,6908,23126,7187.628213710368,False,False,False,True
N21000320,N21000211,4,1,6908,7197,7486.260551244297,False,False,False,True
N21000320,N21000212,4,2,6908,26189,6009.908159454776,False,False,False,True
N21000320,N21000213,4,2,6908,9502,6330.7694798525245,False,False,False,True
N21000320,N21000216,4,1,6908,14179,7596.662662569144,False,False,False,True
N21000320,N21000226,4,1,6908,7766,7932.677562465808,False,False,False,True
N21000320,N21000232,4,2,6908,26582,9115.598074305135,False,False,False,True
N21000320,N21000236,4,2,6908,20050,7260.317191795361,False,False,False,True
N21000320,N21000237,4,5,6908,5957,8342.239477657013,False,False,False,True
N21000320,N21000239,4,1,6908,22166,7038.330407152008,False,False,False,True
N21000320,N21000240,4,14,6908,17764,8087.455936108125,False,False,False,True
N21000320,N21000241,4,2,6908,20619,7202.108955903782,False,False,False,True
N21000320,N21000243,4,1,6908,1454,7979.571858224806,False,False,False,True
N21000320,N21000245,4,2,6908,8653,7062.628581809038,False,False,False,True
N21000320,N21000251,4,79,6908,15928,4008.648718698262,False,False,False,True
N21000320,N21000252,4,16,6908,6604,4896.187191856012,False,False,False,True
N21000320,N21000253,4,5,6908,7436,4384.335850260081,False,False,False,True
N21000320,N21000254,4,6,6908,17102,5212.2609813226745,False,False,False,True
N21000320,N21000255,4,2,6908,11696,4153.4354222810425,False,False,False,True
N21000320,N21000256,4,25,6908,24260,4586.547511934281,False,False,False,True
N21000320,N21000257,4,1,6908,60,3919.271210512618,False,False,False,True
N21000320,N21000258,4,4,6908,27783,4899.941778856915,False,False,False,True
N21000320,N21000259,4,1,6908,15492,5309.935255312343,False,False,False,True
N21000320,N21000261,4,2,6908,1844,5272.0435831885015,False,False,False,True
N21000320,N21000263,4,2,6908,6770,6555.397350610286,False,False,False,True
N21000320,N21000264,4,3,6908,24247,5741.782603145164,False,False,False,True
N21000320,N21000265,4,3,6908,27041,5357.6216281740335,False,False,False,True
N21000320,N21000266,4,3,6908,18253,5235.710795876715,False,False,False,True
N21000320,N21000268,4,37,6908,1126,4865.723725659357,False,False,False,True
N21000320,N21000269,4,2,6908,1407,6636.308132221717,False,False,False,True
N21000320,N21000270,4,3,6908,1364,6189.679120482364,False,False,False,True
N21000320,N21000271,4,1,6908,15197,6648.492821248186,False,False,False,True
N21000320,N21000272,4,2,6908,20779,7673.482165229658,False,False,False,True
N21000320,N21000273,4,4,6908,2383,6775.592400045586,False,False,False,True
N21000320,N21000274,4,4,6908,391,6799.216103365653,False,False,False,True
N21000320,N21000275,4,1,6908,24042,7109.176237831668,False,False,False,True
N21000320,N21000278,4,2,6908,25468,8508.489109387709,False,False,False,True
N21000320,N21000283,4,2,6908,9205,9451.715926447328,False,False,False,True
N21000320,N21000287,4,3,6908,4756,9095.360420927638,False,False,False,True
N21000320,N21000291,4,2,6908,23779,7062.603505986767,False,False,False,True
N21000320,N21000294,4,1,6908,22846,8704.090822919403,False,False,False,True
N21000320,N21000300,4,3,6908,5088,9530.301880479237,False,False,False,True
N21000320,N21000302,4,8,6908,6864,3625.1832396352015,False,False,False,True
N21000320,N21000303,4,1,6908,6397,3058.618432509271,False,False,False,True
N21000320,N21000304,4,2,6908,2229,8043.228453900627,False,False,False,True
N21000320,N21000305,4,2,6908,6602,3474.099543933635,False,False,False,True
N21000320,N21000307,4,1,6908,2710,4205.929312894521,False,False,False,True
N21000320,N21000308,4,1,6908,13508,4208.69192965467,False,False,False,True
N21000320,N21000309,4,5,6908,2721,4723.694628006541,False,False,False,True
N21000320,N21000312,4,1,6908,18228,5662.193701061031,False,False,False,True
N21000320,N21000316,4,5,6908,23306,2176.6096199007075,False,False,False,True
N21000320,N21000317,4,4,6908,25675,1486.9121576414761,False,False,False,True
N21000320,N21000318,4,3,6908,29337,2493.778365709718,False,False,False,True
N21000320,N21000319,4,2,6908,20953,2337.623194316329,False,False,False,True
N21000320,N21000321,4,14,6908,19488,1504.919706483427,False,False,False,True
N21000320,N21000322,4,2,6908,3303,2838.1360009828554,False,False,False,True
N21000320,N21000323,4,21,6908,10135,2393.859101315861,False,False,False,True
N21000320,N21000324,4,20,6908,25636,1671.3942945480014,False,False,False,True
N21000320,N21000325,4,35,6908,14225,3009.0858730675645,False,False,False,True
N21000320,N21000327,4,3,6908,12871,1997.321161794528,False,False,False,True
N21000320,N21000328,4,1,6908,25177,2529.2210381665263,False,False,False,True
N21000320,N21000329,4,8,6908,7369,3745.8057510434405,False,False,False,True
N21000320,N21000330,4,3,6908,3126,1339.7935513207265,False,False,False,True
N21000320,N21000331,4,8,6908,13387,2988.236602194629,False,False,False,True
N21000320,N21000332,4,2,6908,23473,2240.839166022242,False,False,False,True
N21000320,N21000333,4,1,6908,3340,2336.955243692911,False,False,False,True
N21000320,N21000335,4,38,6908,18611,2941.4081712049438,False,False,False,True
N21000321,N21000161,4,3,19488,4145,4058.9218115039725,False,False,False,True
N21000321,N21000163,4,2,19488,20140,2777.33726489113,False,False,False,True
N21000321,N21000164,4,1,19488,26366,3002.5960963491557,False,False,False,True
N21000321,N21000165,4,2,19488,19703,2269.6486548830567,False,False,True,True
N21000321,N21000166,4,3,19488,23646,2319.534791932463,False,False,False,True
N21000321,N21000167,4,1,19488,23946,2282.3745495957114,False,False,False,True
N21000321,N21000170,4,1,19488,23278,1512.7760125237908,False,False,False,True
N21000321,N21000172,4,1,19488,18162,1508.8999105709313,False,False,True,True
N21000321,N21000174,4,5,19488,19652,1444.63788583865,False,False,True,True
N21000321,N21000175,4,10,19488,27201,2059.2821393126032,False,False,True,True
N21000321,N21000177,4,3,19488,22862,2747.9529719170446,False,False,False,True
N21000321,N21000178,4,3,19488,12747,2093.9469034244817,False,False,False,True
N21000321,N21000179,4,1,19488,1275,7898.173704560856,False,False,True,True
N21000321,N21000181,4,1,19488,10525,5794.461854181089,False,False,False,True
N21000321,N21000184,4,1,19488,4165,4257.664950679986,False,False,False,True
N21000321,N21000186,4,2,19488,13768,4589.055815004211,False,False,False,True
N21000321,N21000189,4,1,19488,4448,3444.8594554989086,False,False,False,True
N21000321,N21000190,4,1,19488,9490,3667.2493042443048,False,False,False,True
N21000321,N21000192,4,27,19488,17614,6132.5247437075805,False,False,False,True
N21000321,N21000195,4,4,19488,22584,3556.2952247104668,False,False,False,True
N21000321,N21000197,4,6,19488,11265,7869.039145662198,False,False,False,True
N21000321,N21000198,4,9,19488,15611,4737.15470838872,False,False,False,True
N21000321,N21000201,4,2,19488,24818,5353.094466930925,False,False,False,True
N21000321,N21000202,4,1,19488,15786,4993.669467696116,False,False,False,True
N21000321,N21000204,4,1,19488,26239,4066.655029778279,False,False,False,True
N21000321,N21000206,4,1,19488,4787,5829.0369002053185,False,False,False,True
N21000321,N21000207,4,1,19488,26051,4557.515085484182,False,False,False,True
N21000321,N21000208,4,1,19488,5457,4997.9021519895405,False,False,False,True
N21000321,N21000221,4,2,19488,22550,9630.886557612232,False,False,False,True
N21000321,N21000223,4,1,19488,22810,6554.965616337233,False,False,False,True
N21000321,N21000225,4,1,19488,25527,7044.383290367138,False,False,False,True
N21000321,N21000231,4,1,19488,16315,8916.19720404343,False,False,False,True
N21000321,N21000237,4,1,19488,5957,6883.76279507661,False,False,False,True
N21000321,N21000240,4,5,19488,17764,6628.979253527721,False,False,False,True
N21000321,N21000251,4,31,19488,15928,2732.09678118466,False,False,False,True
N21000321,N21000252,4,13,19488,6604,3437.71050927561,False,False,False,True
N21000321,N21000253,4,4,19488,7436,3226.907045615966,False,False,False,True
N21000321,N21000254,4,1,19488,17102,3905.26158825939,False,False,False,True
N21000321,N21000256,4,7,19488,24260,3630.9988434148177,False,False,False,True
N21000321,N21000258,4,5,19488,27783,3767.130683576096,False,False,False,True
N21000321,N21000259,4,1,19488,15492,4152.506450668225,False,False,False,True
N21000321,N21000264,4,4,19488,24247,4608.971507864343,False,False,False,True
N21000321,N21000265,4,1,19488,27041,4402.072959654567,False,False,False,True
N21000321,N21000266,4,1,19488,18253,4280.162127357249,False,False,False,True
N21000321,N21000267,4,2,19488,21949,5112.317668130982,False,False,False,True
N21000321,N21000268,4,8,19488,1126,3910.1750571398907,False,False,False,True
N21000321,N21000269,4,1,19488,1407,5367.519345867382,False,False,False,True
N21000321,N21000270,4,2,19488,1364,5234.130451962898,False,False,False,True
N21000321,N21000274,4,4,19488,391,5946.10367709428,False,False,False,True
N21000321,N21000283,4,4,19488,9205,8504.491385187908,False,False,False,True
N21000321,N21000300,4,1,19488,5088,9086.707696044155,False,False,False,True
N21000321,N21000303,4,1,19488,6397,2165.9589035495796,False,False,False,True
N21000321,N21000309,4,5,19488,2721,4049.8147109808356,False,False,False,True
N21000321,N21000316,4,1,19488,23306,2274.880350467914,False,False,False,True
N21000321,N21000318,4,4,19488,29337,2592.0490962769254,False,False,False,True
N21000321,N21000319,4,3,19488,20953,913.2253891917368,False,False,True,True
N21000321,N21000322,4,2,19488,3303,1401.4401504944967,False,False,True,True
N21000321,N21000323,4,4,19488,10135,957.1632508275013,False,False,True,True
N21000321,N21000324,4,4,19488,25636,935.8271992434904,False,False,True,True
N21000321,N21000325,4,10,19488,14225,1550.609190487163,False,False,True,True
N21000321,N21000326,4,2,19488,3406,1519.6255873295934,False,False,False,True
N21000321,N21000328,4,1,19488,25177,1070.7443555861255,False,False,True,True
N21000321,N21000329,4,1,19488,7369,2287.3290684630406,False,False,False,True
N21000321,N21000332,4,2,19488,23473,1943.9155175917626,False,False,True,True
N21000321,N21000333,4,1,19488,3340,1381.4065751734465,False,False,True,True
N21000321,N21000335,4,2,19488,18611,1985.8595026854798,False,False,True,True
N21000322,N21000161,4,1,3303,4145,4888.356387563109,False,False,False,True
N21000322,N21000166,4,1,3303,23646,3148.969367991599,False,False,False,True
N21000322,N21000171,4,1,3303,18303,1244.5478711842484,False,False,False,True
N21000322,N21000174,4,7,3303,19652,1429.1235654162954,False,False,False,True
N21000322,N21000175,4,7,3303,27201,1073.2048015673129,False,False,False,True
N21000322,N21000177,4,3,3303,22862,1461.5558346129435,False,False,False,True
N21000322,N21000178,4,7,3303,12747,807.5497661203806,False,False,False,True
N21000322,N21000181,4,1,3303,10525,5124.7469341357,False,False,False,True
N21000322,N21000183,4,1,3303,14990,4564.871045138746,False,False,False,True
N21000322,N21000184,4,1,3303,4165,3587.950030634599,False,False,False,True
N21000322,N21000185,4,1,3303,26396,3719.613369679137,False,False,False,True
N21000322,N21000187,4,1,3303,23892,3353.525599160448,False,False,False,True
N21000322,N21000188,4,3,3303,9768,3601.3502823310205,False,False,False,True
N21000322,N21000192,4,17,3303,17614,4986.179080690331,False,False,False,True
N21000322,N21000194,4,1,3303,25109,2199.1697435572496,False,False,False,True
N21000322,N21000195,4,4,3303,22584,2410.525244843735,False,False,False,True
N21000322,N21000197,4,6,3303,11265,6929.294499187888,False,False,False,True
N21000322,N21000198,4,5,3303,15611,3797.4100619144074,False,False,False,True
N21000322,N21000200,4,1,3303,16344,5055.502377518205,False,False,False,True
N21000322,N21000202,4,1,3303,15786,4053.9248212218045,False,False,False,True
N21000322,N21000204,4,1,3303,26239,3217.917326483285,False,False,False,True
N21000322,N21000208,4,1,3303,5457,4130.262985749397,False,False,False,True
N21000322,N21000221,4,1,3303,22550,8746.524342754812,False,False,False,True
N21000322,N21000225,4,2,3303,25527,6160.021075509719,False,False,False,True
N21000322,N21000236,4,1,3303,20050,4955.4694219684125,False,False,False,True
N21000322,N21000237,4,3,3303,5957,6001.042199893983,False,False,False,True
N21000322,N21000240,4,1,3303,17764,5782.608166281176,False,False,False,True
N21000322,N21000251,4,30,3303,15928,1908.2149658778064,False,False,False,True
N21000322,N21000252,4,5,3303,6604,2595.0045267682717,False,False,False,True
N21000322,N21000253,4,2,3303,7436,2403.025230309113,False,False,False,True
N21000322,N21000254,4,3,3303,17102,3081.379772952535,False,False,False,True
N21000322,N21000255,4,1,3303,11696,3267.877805016518,False,False,False,True
N21000322,N21000256,4,6,3303,24260,3190.8820629972547,False,False,False,True
N21000322,N21000261,4,1,3303,1844,3662.574401109938,False,False,False,True
N21000322,N21000264,4,1,3303,24247,3797.432871387007,False,False,False,True
N21000322,N21000265,4,3,3303,27041,4161.9230778271085,False,False,False,True
N21000322,N21000268,4,7,3303,1126,3980.1661083948306,False,False,False,True
N21000322,N21000270,4,3,3303,1364,4479.6226148752485,False,False,False,True
N21000322,N21000274,4,8,3303,391,6016.09472834922,False,False,False,True
N21000322,N21000278,4,1,3303,25468,6564.139377629551,False,False,False,True
N21000322,N21000283,4,1,3303,9205,8303.122951801772,False,False,False,True
N21000322,N21000300,4,2,3303,5088,9156.698747299095,False,False,False,True
N21000322,N21000303,4,2,3303,6397,2368.0806299494793,False,False,False,True
N21000322,N21000309,4,2,3303,2721,4270.565585523774,False,False,False,True
N21000322,N21000316,4,1,3303,23306,3411.7059073240052,False,False,False,True
N21000322,N21000317,4,3,3303,25675,1785.0859940542623,False,False,False,True
N21000322,N21000319,4,5,3303,20953,1137.5386238189928,False,False,False,True
N21000322,N21000324,4,1,3303,25636,2287.196651198476,False,False,True,True
N21000322,N21000326,4,1,3303,3406,2852.8418818290224,False,False,False,True
N21000322,N21000327,4,2,3303,12871,1792.5073834620405,False,False,True,True
N21000322,N21000328,4,1,3303,25177,1198.431485729243,False,False,True,True
N21000322,N21000329,4,3,3303,7369,1463.4472531561867,False,False,False,True
N21000322,N21000331,4,3,3303,13387,1419.9116623647133,False,False,False,True
N21000322,N21000332,4,1,3303,23473,2827.83525813794,False,False,True,True
N21000322,N21000335,4,12,3303,18611,2055.8505539404196,False,False,False,True
N21000323,N21000161,4,1,10135,4145,4618.733045216635,False,False,False,True
N21000323,N21000162,4,1,10135,7448,3374.9670758087236,False,False,True,True
N21000323,N21000163,4,1,10135,20140,3097.271692406919,False,False,False,True
N21000323,N21000165,4,1,10135,19703,2415.8066633721796,False,False,True,True
N21000323,N21000166,4,3,10135,23646,2879.346025645125,False,False,False,True
N21000323,N21000170,4,1,10135,23278,2072.587246236452,False,False,False,True
N21000323,N21000174,4,2,10135,19652,1590.7958943277733,False,False,True,True
N21000323,N21000175,4,11,10135,27201,1635.3089288549781,False,False,True,True
N21000323,N21000177,4,4,10135,22862,2249.0871702916425,False,False,False,True
N21000323,N21000178,4,2,10135,12747,1595.0811017990795,False,False,False,True
N21000323,N21000181,4,1,10135,10525,5686.851061423367,False,False,False,True
N21000323,N21000183,4,1,10135,14990,5126.9751724264115,False,False,False,True
N21000323,N21000188,4,2,10135,9768,4334.556689640704,False,False,False,True
N21000323,N21000189,4,1,10135,4448,3467.2447101381704,False,False,False,True
N21000323,N21000190,4,1,10135,9490,3380.2809137139943,False,False,False,True
N21000323,N21000192,4,29,10135,17614,5773.7104163690265,False,False,False,True
N21000323,N21000193,4,1,10135,24443,2712.469151566288,False,False,False,True
N21000323,N21000195,4,3,10135,22584,3172.708117733158,False,False,False,True
N21000323,N21000197,4,1,10135,11265,7520.795653554613,False,False,False,True
N21000323,N21000198,4,10,10135,15611,4388.9112162811325,False,False,False,True
N21000323,N21000201,4,1,10135,24818,5004.850974823339,False,False,False,True
N21000323,N21000203,4,1,10135,15685,5479.590138277553,False,False,False,True
N21000323,N21000205,4,2,10135,27396,4879.905056220077,False,False,False,True
N21000323,N21000208,4,1,10135,5457,4649.658659881954,False,False,False,True
N21000323,N21000215,4,1,10135,25962,4801.907831388641,False,False,False,True
N21000323,N21000216,4,1,10135,14179,5789.942487881156,False,False,False,True
N21000323,N21000221,4,5,10135,22550,9282.643065504646,False,False,False,True
N21000323,N21000226,4,2,10135,7766,6125.95738777782,False,False,False,True
N21000323,N21000231,4,1,10135,16315,8567.953711935848,False,False,False,True
N21000323,N21000240,4,3,10135,17764,6280.7357614201355,False,False,False,True
N21000323,N21000251,4,52,10135,15928,2383.8532890770734,False,False,False,True
N21000323,N21000252,4,8,10135,6604,3089.467017168024,False,False,False,True
N21000323,N21000253,4,7,10135,7436,2878.6635535083797,False,False,False,True
N21000323,N21000254,4,3,10135,17102,3557.0180961518035,False,False,False,True
N21000323,N21000256,4,10,10135,24260,3466.6498912825505,False,False,False,True
N21000323,N21000258,4,5,10135,27783,3418.88719146851,False,False,False,True
N21000323,N21000259,4,2,10135,15492,3804.2629585606387,False,False,False,True
N21000323,N21000263,4,1,10135,6770,4900.154465439414,False,False,False,True
N21000323,N21000264,4,2,10135,24247,4260.7280157567575,False,False,False,True
N21000323,N21000266,4,2,10135,18253,4438.7948287900945,False,False,False,True
N21000323,N21000267,4,2,10135,21949,4764.074176023395,False,False,False,True
N21000323,N21000268,4,9,10135,1126,4068.807758572736,False,False,False,True
N21000323,N21000269,4,2,10135,1407,5019.275853759795,False,False,False,True
N21000323,N21000272,4,1,10135,20779,6192.427577841251,False,False,False,True
N21000323,N21000274,4,5,10135,391,6104.736378527125,False,False,False,True
N21000323,N21000278,4,1,10135,25468,7027.434521999304,False,False,False,True
N21000323,N21000280,4,1,10135,9328,7264.630330912279,False,False,False,True
N21000323,N21000302,4,1,10135,6864,2891.1564121083557,False,False,False,True
N21000323,N21000307,4,1,10135,2710,4121.119707501596,False,False,False,True
N21000323,N21000309,4,4,10135,2721,4208.447412413681,False,False,False,True
N21000323,N21000316,4,3,10135,23306,3142.0825649775306,False,False,False,True
N21000323,N21000317,4,7,10135,25675,1515.4626517077882,False,False,False,True
N21000323,N21000318,4,2,10135,29337,3480.9884911093595,False,False,False,True
N21000323,N21000319,4,12,10135,20953,867.9152814725188,False,False,False,True
N21000323,N21000321,4,6,10135,19488,957.1632508275015,False,False,True,True
N21000323,N21000324,4,6,10135,25636,1665.6697419316208,False,False,True,True
N21000323,N21000325,4,36,10135,14225,1195.6940214680328,False,False,True,True
N21000323,N21000326,4,3,10135,3406,2408.5649821620277,False,False,False,True
N21000323,N21000327,4,4,10135,12871,1170.980474195185,False,False,True,True
N21000323,N21000329,4,3,10135,7369,1939.0855763554546,False,False,False,True
N21000323,N21000330,4,1,10135,3126,2442.716316536579,False,False,False,True
N21000323,N21000331,4,6,10135,13387,1520.6219646133834,False,False,False,True
N21000323,N21000332,4,4,10135,23473,2206.308348871084,False,False,True,True
N21000323,N21000333,4,2,10135,3340,1540.0392766062919,False,False,True,True
N21000323,N21000335,4,6,10135,18611,2144.492204118325,False,False,True,True
N21000324,N21000161,4,3,25636,4145,4830.993940414852,False,False,False,True
N21000324,N21000165,4,3,25636,19703,3205.475854126547,False,False,True,True
N21000324,N21000166,4,5,25636,23646,3091.606920843342,False,False,False,True
N21000324,N21000167,4,3,25636,23946,3218.2017488392016,False,False,False,True
N21000324,N21000169,4,1,25636,623,2390.911155302251,False,False,False,True
N21000324,N21000170,4,5,25636,23278,2284.848141434669,False,False,False,True
N21000324,N21000171,4,1,25636,18303,2717.991777437904,False,False,False,True
N21000324,N21000172,4,1,25636,18162,2444.7271098144215,False,False,True,True
N21000324,N21000174,4,3,25636,19652,2380.46508508214,False,False,True,True
N21000324,N21000175,4,8,25636,27201,2995.109338556093,False,False,True,True
N21000324,N21000177,4,2,25636,22862,3462.987964095102,False,False,False,True
N21000324,N21000178,4,1,25636,12747,2927.029424440353,False,False,False,True
N21000324,N21000181,4,6,25636,10525,6730.289053424577,False,False,False,True
N21000324,N21000184,4,2,25636,4165,5193.492149923474,False,False,False,True
N21000324,N21000186,4,2,25636,13768,5524.8830142477,False,False,False,True
N21000324,N21000187,4,4,25636,23892,4619.599309775512,False,False,False,True
N21000324,N21000189,4,2,25636,4448,4380.686654742398,False,False,False,True
N21000324,N21000190,4,2,25636,9490,4603.076503487795,False,False,False,True
N21000324,N21000192,4,39,25636,17614,6962.74276483176,False,False,False,True
N21000324,N21000195,4,5,25636,22584,4462.804083317841,False,False,False,True
N21000324,N21000197,4,7,25636,11265,8570.334761314914,False,False,False,True
N21000324,N21000198,4,9,25636,15611,5438.450324041435,False,False,False,True
N21000324,N21000199,4,2,25636,8027,7161.434804914139,False,False,False,True
N21000324,N21000200,4,1,25636,16344,6696.542639645231,False,False,False,True
N21000324,N21000202,4,3,25636,15786,5694.965083348832,False,False,False,True
N21000324,N21000204,4,1,25636,26239,4767.950645430992,False,False,False,True
N21000324,N21000205,4,3,25636,27396,5929.444163980379,False,False,False,True
N21000324,N21000206,4,2,25636,4787,6530.332515858035,False,False,False,True
N21000324,N21000207,4,1,25636,26051,5131.08880034007,False,False,False,True
N21000324,N21000209,4,4,25636,9382,4731.175596508785,False,False,False,True
N21000324,N21000219,4,1,25636,2333,9070.152086592167,False,False,False,True
N21000324,N21000220,4,2,25636,9614,8958.333235307799,False,False,False,True
N21000324,N21000222,4,2,25636,11993,7823.917038718077,False,False,False,True
N21000324,N21000224,4,1,25636,15583,8401.921707041723,False,False,False,True
N21000324,N21000225,4,2,25636,25527,7745.678906019854,False,False,False,True
N21000324,N21000226,4,1,25636,7766,7175.496495538122,False,False,False,True
N21000324,N21000230,4,1,25636,5611,8748.598125184455,False,False,False,True
N21000324,N21000237,4,2,25636,5957,7457.336509932497,False,False,False,True
N21000324,N21000238,4,1,25636,26190,5929.65522417355,False,False,False,True
N21000324,N21000240,4,4,25636,17764,7202.5529683836085,False,False,False,True
N21000324,N21000243,4,2,25636,1454,7094.66889050029,False,False,False,True
N21000324,N21000248,4,1,25636,14259,7220.587409866013,False,False,False,True
N21000324,N21000249,4,1,25636,28796,6481.951659140218,False,False,False,True
N21000324,N21000251,4,72,25636,15928,2957.5652901782278,False,False,False,True
N21000324,N21000252,4,11,25636,6604,3910.527340030509,False,False,False,True
N21000324,N21000253,4,11,25636,7436,3333.2524217400473,False,False,False,True
N21000324,N21000254,4,6,25636,17102,4161.177552802638,False,False,False,True
N21000324,N21000256,4,21,25636,24260,3535.464083414246,False,False,False,True
N21000324,N21000258,4,10,25636,27783,3848.8583503368795,False,False,False,True
N21000324,N21000259,4,1,25636,15492,4258.851826792306,False,False,False,True
N21000324,N21000261,4,1,25636,1844,4220.960154668467,False,False,False,True
N21000324,N21000264,4,6,25636,24247,4690.699174625128,False,False,False,True
N21000324,N21000265,4,2,25636,27041,4306.538199653996,False,False,False,True
N21000324,N21000266,4,2,25636,18253,4184.627367356678,False,False,False,True
N21000324,N21000268,4,13,25636,1126,3814.6402971393195,False,False,False,True
N21000324,N21000270,4,5,25636,1364,5138.595691962327,False,False,False,True
N21000324,N21000271,4,1,25636,15197,5597.40939272815,False,False,False,True
N21000324,N21000274,4,7,25636,391,5850.56891709371,False,False,False,True
N21000324,N21000275,4,1,25636,24042,6066.416936571684,False,False,False,True
N21000324,N21000278,4,1,25636,25468,7457.405680867673,False,False,False,True
N21000324,N21000283,4,1,25636,9205,8408.956625187338,False,False,False,True
N21000324,N21000289,4,1,25636,25081,6101.0528077973295,False,False,False,True
N21000324,N21000294,4,2,25636,22846,8164.961878483746,False,False,False,True
N21000324,N21000295,4,1,25636,8555,7890.797662851328,False,False,False,True
N21000324,N21000299,4,1,25636,5987,9126.870610018646,False,False,False,True
N21000324,N21000300,4,1,25636,5088,8991.172936043586,False,False,False,True
N21000324,N21000304,4,3,25636,2229,7689.165367142392,False,False,False,True
N21000324,N21000305,4,1,25636,6602,3028.55973726721,False,False,False,True
N21000324,N21000308,4,1,25636,13508,3763.1521229882464,False,False,False,True
N21000324,N21000309,4,6,25636,2721,3891.390811420492,False,False,False,True
N21000324,N21000310,4,1,25636,15134,4962.053812454457,False,False,False,True
N21000324,N21000315,4,1,25636,2055,5042.2661012433,False,False,False,True
N21000324,N21000316,4,5,25636,23306,2757.1432307935324,False,False,False,True
N21000324,N21000317,4,5,25636,25675,1475.5754927175167,False,False,False,True
N21000324,N21000318,4,4,25636,29337,3074.3119766025434,False,False,False,True
N21000324,N21000319,4,8,25636,20953,1849.052588435227,False,False,True,True
N21000324,N21000321,4,6,25636,19488,935.8271992434904,False,False,True,True
N21000324,N21000322,4,1,25636,3303,2287.1966511984756,False,False,True,True
N21000324,N21000323,4,8,25636,10135,1665.6697419316208,False,False,True,True
N21000324,N21000325,4,13,25636,14225,2251.904806139879,False,False,True,True
N21000324,N21000326,4,4,25636,3406,1611.405986270929,False,False,False,True
N21000324,N21000327,4,3,25636,12871,890.3175224153546,False,True,True,True
N21000324,N21000329,4,3,25636,7369,2988.624684115755,False,False,False,True
N21000324,N21000331,4,6,25636,13387,1937.1531736745937,False,False,True,True
N21000324,N21000332,4,5,25636,23473,1430.3011260231258,False,False,False,True
N21000324,N21000333,4,3,25636,3340,1285.8718151728754,False,False,True,True
N21000324,N21000335,4,22,25636,18611,1890.3247426849086,False,False,True,True
N21000325,N21000165,4,2,14225,19703,2902.2577323963274,False,False,True,True
N21000325,N21000166,4,4,14225,23646,3688.853166187771,False,False,False,True
N21000325,N21000170,4,1,14225,23278,2882.094386779098,False,False,False,True
N21000325,N21000174,4,4,14225,19652,1969.0073636124682,False,False,False,True
N21000325,N21000175,4,12,14225,27201,1481.2952709133904,False,False,False,True
N21000325,N21000177,4,1,14225,22862,1486.2023116577832,False,False,False,True
N21000325,N21000178,4,2,14225,12747,863.2324235157458,False,False,False,True
N21000325,N21000179,4,1,14225,1275,7923.698590783774,False,False,False,True
N21000325,N21000181,4,1,14225,10525,5485.458667072337,False,False,False,True
N21000325,N21000186,4,2,14225,13768,4118.742194371227,False,False,False,True
N21000325,N21000188,4,2,14225,9768,3659.5291052060966,False,False,False,True
N21000325,N21000189,4,3,14225,4448,3265.85231578714,False,False,False,True
N21000325,N21000192,4,28,14225,17614,4985.957112394443,False,False,False,True
N21000325,N21000195,4,3,14225,22584,2468.704067718811,False,False,False,True
N21000325,N21000196,4,4,14225,8754,1896.3085970437403,False,False,False,True
N21000325,N21000197,4,4,14225,11265,6593.549108877595,False,False,False,True
N21000325,N21000198,4,9,14225,15611,3461.664671604115,False,False,False,True
N21000325,N21000202,4,1,14225,15786,3718.179430911511,False,False,False,True
N21000325,N21000204,4,2,14225,26239,2791.1649929936743,False,False,False,True
N21000325,N21000205,4,3,14225,27396,3952.6585115430603,False,False,False,True
N21000325,N21000208,4,1,14225,5457,3722.412115204935,False,False,False,True
N21000325,N21000209,4,2,14225,9382,2882.1118448682923,False,False,False,True
N21000325,N21000213,4,1,14225,9502,3596.802760487517,False,False,False,True
N21000325,N21000216,4,1,14225,14179,4862.695943204135,False,False,False,True
N21000325,N21000220,4,1,14225,9614,6981.547582870481,False,False,False,True
N21000325,N21000221,4,1,14225,22550,8355.396520827628,False,False,False,True
N21000325,N21000225,4,1,14225,25527,5768.893253582534,False,False,False,True
N21000325,N21000226,4,1,14225,7766,5198.710843100802,False,False,False,True
N21000325,N21000230,4,1,14225,5611,6771.812472747134,False,False,False,True
N21000325,N21000235,4,1,14225,15632,7127.805582011019,False,False,False,True
N21000325,N21000236,4,1,14225,20050,4526.350472430356,False,False,False,True
N21000325,N21000237,4,2,14225,5957,5608.272758292003,False,False,False,True
N21000325,N21000240,4,6,14225,17764,5353.489216743119,False,False,False,True
N21000325,N21000251,4,26,14225,15928,1456.606744400056,False,False,False,True
N21000325,N21000252,4,9,14225,6604,2162.220472491006,False,False,False,True
N21000325,N21000253,4,5,14225,7436,1951.4170088313617,False,False,False,True
N21000325,N21000254,4,2,14225,17102,2629.7715514747842,False,False,False,True
N21000325,N21000255,4,1,14225,11696,3165.5479516476885,False,False,False,True
N21000325,N21000256,4,7,14225,24260,2768.366266197419,False,False,False,True
N21000325,N21000258,4,1,14225,27783,2503.9838256210087,False,False,False,True
N21000325,N21000259,4,1,14225,15492,2877.016413883621,False,False,False,True
N21000325,N21000260,4,1,14225,17259,3546.40252553152,False,False,False,True
N21000325,N21000261,4,2,14225,1844,3210.9661796321875,False,False,False,True
N21000325,N21000264,4,2,14225,24247,3345.824649909256,False,False,False,True
N21000325,N21000265,4,2,14225,27041,3710.3148563493573,False,False,False,True
N21000325,N21000266,4,1,14225,18253,3688.567516722455,False,False,False,True
N21000325,N21000268,4,5,14225,1126,3877.8362550260013,False,False,False,True
N21000325,N21000270,4,1,14225,1364,4028.0143933974987,False,False,False,True
N21000325,N21000272,4,3,14225,20779,5277.524211993749,False,False,False,True
N21000325,N21000274,4,3,14225,391,5913.764874980391,False,False,False,True
N21000325,N21000277,4,1,14225,6659,5856.94335675961,False,False,False,True
N21000325,N21000278,4,2,14225,25468,6112.531156151802,False,False,False,True
N21000325,N21000283,4,1,14225,9205,7851.514730324023,False,False,False,True
N21000325,N21000287,4,1,14225,4756,9260.93300613491,False,False,False,True
N21000325,N21000291,4,2,14225,23779,7228.176091194037,False,False,False,True
N21000325,N21000303,4,1,14225,6397,2265.75077658065,False,False,False,True
N21000325,N21000304,4,1,14225,2229,9382.426775594318,False,False,False,True
N21000325,N21000307,4,2,14225,2710,4080.908027242859,False,False,False,True
N21000325,N21000309,4,6,14225,2721,4168.235732154944,False,False,False,True
N21000325,N21000311,4,1,14225,2072,5343.1931890287415,False,False,False,True
N21000325,N21000317,4,5,14225,25675,2208.9173198360727,False,False,False,True
N21000325,N21000318,4,1,14225,29337,4096.215262861062,False,False,False,True
N21000325,N21000319,4,3,14225,20953,1677.422422015165,False,False,False,True
N21000325,N21000321,4,2,14225,19488,1550.6091904871626,False,False,True,True
N21000325,N21000323,4,5,14225,10135,1195.6940214680324,False,False,True,True
N21000325,N21000324,4,2,14225,25636,2251.904806139879,False,False,True,True
N21000325,N21000326,4,1,14225,3406,3023.79175391373,False,False,False,True
N21000325,N21000327,4,1,14225,12871,1757.215538403443,False,False,True,True
N21000325,N21000328,4,2,14225,25177,1163.1396406706453,False,False,True,True
N21000325,N21000329,4,2,14225,7369,1011.8390316784364,False,False,False,True
N21000325,N21000330,4,1,14225,3126,3028.9513807448384,False,False,False,True
N21000325,N21000331,4,4,14225,13387,1317.5818089958836,False,False,False,True
N21000325,N21000332,4,2,14225,23473,2792.5434130793424,False,False,True,True
N21000325,N21000335,4,4,14225,18611,1953.5207005715902,False,False,False,True
N21000326,N21000161,4,2,3406,4145,4591.267709865265,False,False,False,True
N21000326,N21000165,4,3,3406,19703,3245.3498123435024,False,False,False,True
N21000326,N21000170,4,1,3406,23278,2259.255512962948,False,False,False,True
N21000326,N21000172,4,1,3406,18162,2656.4183899081145,False,False,False,True
N21000326,N21000173,4,2,3406,24908,1751.9290488706433,False,False,False,True
N21000326,N21000174,4,2,3406,19652,2592.156365175833,False,False,False,True
N21000326,N21000175,4,5,3406,27201,3510.6838706471294,False,False,False,True
N21000326,N21000176,4,1,3406,15329,3802.8928706365527,False,False,False,True
N21000326,N21000177,4,2,3406,22862,4199.354703251571,False,False,False,True
N21000326,N21000188,4,1,3406,9768,5579.1790733831,False,False,False,True
N21000326,N21000189,4,2,3406,4448,4420.560612959353,False,False,False,True
N21000326,N21000190,4,1,3406,9490,4719.33274974292,False,False,False,True
N21000326,N21000191,4,1,3406,10156,5421.77584994383,False,False,False,True
N21000326,N21000192,4,27,3406,17614,7108.225901168024,False,False,False,True
N21000326,N21000193,4,2,3406,24443,4301.174198447534,False,False,False,True
N21000326,N21000195,4,1,3406,22584,4935.460249429265,False,False,False,True
N21000326,N21000197,4,10,3406,11265,9342.221709088768,False,False,False,True
N21000326,N21000198,4,14,3406,15611,6210.33727181529,False,False,False,True
N21000326,N21000201,4,1,3406,24818,6826.277030357493,False,False,False,True
N21000326,N21000204,4,1,3406,26239,5539.837593204844,False,False,False,True
N21000326,N21000205,4,1,3406,27396,6701.331111754231,False,False,False,True
N21000326,N21000207,4,1,3406,26051,6030.697648910751,False,False,False,True
N21000326,N21000208,4,1,3406,5457,6471.084715416109,False,False,False,True
N21000326,N21000209,4,3,3406,9382,5630.784445079466,False,False,False,True
N21000326,N21000230,4,1,3406,5611,9520.485072958307,False,False,False,True
N21000326,N21000236,4,2,3406,20050,7275.0230726415275,False,False,False,True
N21000326,N21000240,4,4,3406,17764,8102.161816954291,False,False,False,True
N21000326,N21000241,4,2,3406,20619,7142.120647626711,False,False,False,True
N21000326,N21000249,4,1,3406,28796,7473.046779383182,False,False,False,True
N21000326,N21000251,4,52,3406,15928,3948.660410421191,False,False,False,True
N21000326,N21000252,4,3,3406,6604,4901.6224602734765,False,False,False,True
N21000326,N21000253,4,1,3406,7436,4324.34754198301,False,False,False,True
N21000326,N21000254,4,5,3406,17102,5152.272673045603,False,False,False,True
N21000326,N21000256,4,18,3406,24260,4526.559203657209,False,False,False,True
N21000326,N21000258,4,3,3406,27783,4839.953470579843,False,False,False,True
N21000326,N21000259,4,1,3406,15492,5249.9469470352715,False,False,False,True
N21000326,N21000261,4,1,3406,1844,5212.0552749114295,False,False,False,True
N21000326,N21000264,4,4,3406,24247,5681.794294868092,False,False,False,True
N21000326,N21000265,4,1,3406,27041,5297.633319896961,False,False,False,True
N21000326,N21000266,4,4,3406,18253,5175.722487599643,False,False,False,True
N21000326,N21000268,4,16,3406,1126,4805.735417382285,False,False,False,True
N21000326,N21000269,4,2,3406,1407,6576.319823944646,False,False,False,True
N21000326,N21000270,4,3,3406,1364,6129.690812205292,False,False,False,True
N21000326,N21000272,4,1,3406,20779,7613.493856952586,False,False,False,True
N21000326,N21000273,4,1,3406,2383,6715.604091768514,False,False,False,True
N21000326,N21000274,4,6,3406,391,6223.066195909009,False,False,False,True
N21000326,N21000276,4,2,3406,6161,6270.746314393518,False,False,False,True
N21000326,N21000278,4,1,3406,25468,8448.500801110637,False,False,False,True
N21000326,N21000279,4,1,3406,4115,7250.799344403886,False,False,False,True
N21000326,N21000280,4,2,3406,9328,6973.441906457877,False,False,False,True
N21000326,N21000283,4,1,3406,9205,8875.566018990681,False,False,False,True
N21000326,N21000284,4,1,3406,16991,9112.61718591654,False,False,False,True
N21000326,N21000294,4,1,3406,22846,8127.94091546276,False,False,False,True
N21000326,N21000298,4,1,3406,89,8584.320347740291,False,False,False,True
N21000326,N21000304,4,1,3406,2229,7467.078546443985,False,False,False,True
N21000326,N21000305,4,1,3406,6602,2897.949636476992,False,False,False,True
N21000326,N21000306,4,2,3406,28173,2711.021491157942,False,False,False,True
N21000326,N21000307,4,1,3406,2710,3629.779405437877,False,False,False,True
N21000326,N21000308,4,1,3406,13508,3632.542022198028,False,False,False,True
N21000326,N21000309,4,3,3406,2721,4147.544720549897,False,False,False,True
N21000326,N21000316,4,3,3406,23306,2191.3155007468736,False,False,False,True
N21000326,N21000317,4,1,3406,25675,1501.6180384876423,False,False,False,True
N21000326,N21000318,4,1,3406,29337,2508.484246555884,False,False,False,True
N21000326,N21000319,4,4,3406,20953,2352.329075162495,False,False,False,True
N21000326,N21000321,4,4,3406,19488,1519.6255873295934,False,False,False,True
N21000326,N21000322,4,4,3406,3303,2852.8418818290215,False,False,False,True
N21000326,N21000323,4,10,3406,10135,2408.5649821620273,False,False,False,True
N21000326,N21000324,4,13,3406,25636,1611.4059862709296,False,False,False,True
N21000326,N21000325,4,22,3406,14225,3023.7917539137306,False,False,False,True
N21000326,N21000327,4,1,3406,12871,1937.3328535174562,False,False,False,True
N21000326,N21000328,4,1,3406,25177,2543.9269190126925,False,False,False,True
N21000326,N21000329,4,2,3406,7369,3760.5116318896066,False,False,False,True
N21000326,N21000331,4,2,3406,13387,2928.248293917557,False,False,False,True
N21000326,N21000332,4,6,3406,23473,1725.7255519468695,False,False,False,True
N21000326,N21000335,4,15,3406,18611,2881.419862927872,False,False,False,True
N21000327,N21000162,4,1,12871,7448,3639.4899687314874,False,False,True,True
N21000327,N21000163,4,1,12871,20140,3496.8828195418437,False,False,False,True
N21000327,N21000164,4,1,12871,26366,3722.141650999869,False,False,False,True
N21000327,N21000165,4,1,12871,19703,2839.6655501405544,False,False,True,True
N21000327,N21000167,4,1,12871,23946,2852.39144485321,False,False,False,True
N21000327,N21000170,4,2,12871,23278,2232.3215671745033,False,False,False,True
N21000327,N21000174,4,1,12871,19652,2014.6547810961486,False,False,True,True
N21000327,N21000175,4,3,12871,27201,2629.299034570102,False,False,True,True
N21000327,N21000177,4,2,12871,22862,2968.2986963586673,False,False,False,True
N21000327,N21000178,4,1,12871,12747,2432.3401567039177,False,False,False,True
N21000327,N21000185,4,1,12871,26396,4269.410524232807,False,False,True,True
N21000327,N21000190,4,1,12871,9490,4237.2661995018025,False,False,False,True
N21000327,N21000192,4,34,12871,17614,6468.053497095324,False,False,False,True
N21000327,N21000193,4,1,12871,24443,3569.454437354096,False,False,False,True
N21000327,N21000195,4,1,12871,22584,3968.114815581405,False,False,False,True
N21000327,N21000196,4,3,12871,8754,3454.3525314610038,False,False,False,True
N21000327,N21000197,4,4,12871,11265,8065.2862225995195,False,False,False,True
N21000327,N21000198,4,13,12871,15611,4933.40178532604,False,False,False,True
N21000327,N21000199,4,1,12871,8027,6656.386266198744,False,False,False,True
N21000327,N21000203,4,1,12871,15685,6015.775346015421,False,False,False,True
N21000327,N21000205,4,2,12871,27396,5416.090263957945,False,False,False,True
N21000327,N21000208,4,2,12871,5457,5185.843867619825,False,False,False,True
N21000327,N21000209,4,1,12871,9382,4345.543597283181,False,False,False,True
N21000327,N21000216,4,1,12871,14179,6326.127695619026,False,False,False,True
N21000327,N21000219,4,1,12871,2333,8556.798186569733,False,False,False,True
N21000327,N21000237,4,2,12871,5957,7071.704510706894,False,False,False,True
N21000327,N21000240,4,3,12871,17764,6816.920969158005,False,False,False,True
N21000327,N21000242,4,2,12871,13928,7800.147532637378,False,False,False,True
N21000327,N21000243,4,1,12871,1454,6709.036891274687,False,False,False,True
N21000327,N21000248,4,1,12871,14259,6928.612077900383,False,False,False,True
N21000327,N21000251,4,59,12871,15928,2612.5640169271614,False,False,False,True
N21000327,N21000252,4,5,12871,6604,3548.948621968056,False,False,False,True
N21000327,N21000253,4,6,12871,7436,3069.792090645073,False,False,False,True
N21000327,N21000254,4,3,12871,17102,3869.20222083701,False,False,False,True
N21000327,N21000255,4,3,12871,11696,2865.4556769784217,False,False,False,True
N21000327,N21000256,4,13,12871,24260,3298.567766631661,False,False,False,True
N21000327,N21000258,4,5,12871,27783,3585.398019241905,False,False,False,True
N21000327,N21000261,4,1,12871,1844,3984.0638378858816,False,False,False,True
N21000327,N21000262,4,1,12871,8231,4356.913920282034,False,False,False,True
N21000327,N21000263,4,1,12871,6770,5212.33859012462,False,False,False,True
N21000327,N21000264,4,3,12871,24247,4427.238843530153,False,False,False,True
N21000327,N21000265,4,2,12871,27041,4069.641882871413,False,False,False,True
N21000327,N21000266,4,1,12871,18253,3947.7310505740943,False,False,False,True
N21000327,N21000268,4,19,12871,1126,3577.7439803567345,False,False,False,True
N21000327,N21000274,4,8,12871,391,5613.672600311124,False,False,False,True
N21000327,N21000275,4,1,12871,24042,5829.520619789099,False,False,False,True
N21000327,N21000283,4,2,12871,9205,8172.060308404754,False,False,False,True
N21000327,N21000286,4,1,12871,16479,5745.170054577896,False,False,False,True
N21000327,N21000288,4,1,12871,18650,6515.103540658562,False,False,False,True
N21000327,N21000291,4,1,12871,23779,6777.323993236773,False,False,False,True
N21000327,N21000293,4,2,12871,25505,8124.486443656455,False,False,False,True
N21000327,N21000294,4,2,12871,22846,7928.065561701161,False,False,False,True
N21000327,N21000295,4,1,12871,8555,8051.057956767758,False,False,False,True
N21000327,N21000301,4,1,12871,22078,2062.5830267243637,False,False,False,True
N21000327,N21000302,4,1,12871,6864,2400.092633892355,False,False,False,True
N21000327,N21000303,4,8,12871,6397,1833.527826766424,False,False,False,True
N21000327,N21000304,4,5,12871,2229,7874.7296130467785,False,False,False,True
N21000327,N21000305,4,3,12871,6602,2864.256195499559,False,False,False,True
N21000327,N21000307,4,1,12871,2710,3630.055929285595,False,False,False,True
N21000327,N21000308,4,2,12871,13508,3948.716368892634,False,False,False,True
N21000327,N21000309,4,8,12871,2721,3717.38363419768,False,False,False,True
N21000327,N21000310,4,4,12871,15134,5132.833798302478,False,False,False,True
N21000327,N21000311,4,1,12871,2072,4892.3410910714765,False,False,False,True
N21000327,N21000312,4,5,12871,18228,5442.722722534812,False,False,False,True
N21000327,N21000315,4,1,12871,2055,4868.258924020488,False,False,False,True
N21000327,N21000319,4,6,12871,20953,1483.2422844492355,False,False,True,True
N21000327,N21000320,4,1,12871,6908,1997.3211617945278,False,False,False,True
N21000327,N21000323,4,6,12871,10135,1170.9804741951853,False,False,True,True
N21000327,N21000324,4,6,12871,25636,890.3175224153545,False,True,True,True
N21000327,N21000325,4,10,12871,14225,1757.2155384034434,False,False,True,True
N21000327,N21000326,4,5,12871,3406,1937.3328535174562,False,False,False,True
N21000327,N21000328,4,3,12871,25177,1277.3507035024056,False,False,True,True
N21000327,N21000329,4,2,12871,7369,2493.9354163793205,False,False,False,True
N21000327,N21000331,4,5,12871,13387,1545.7343120863382,False,False,True,True
N21000327,N21000332,4,8,12871,23473,1615.8653719275142,False,False,True,True
N21000327,N21000333,4,3,12871,3340,1048.9754983902908,False,False,True,True
N21000327,N21000334,4,2,12871,27702,2044.5492157579736,False,False,True,True
N21000327,N21000335,4,41,12871,18611,1653.428425902324,False,False,True,True
N21000328,N21000161,4,1,25177,4145,5084.47093263237,False,False,False,True
N21000328,N21000172,4,1,25177,18162,1920.3874948503237,False,False,True,True
N21000328,N21000175,4,8,25177,27201,2050.758268241761,False,False,True,True
N21000328,N21000178,4,5,25177,12747,1838.2642589711202,False,False,False,True
N21000328,N21000184,4,1,25177,4165,4565.503497309047,False,False,False,True
N21000328,N21000187,4,1,25177,23892,4331.079065834897,False,False,False,True
N21000328,N21000192,4,19,25177,17614,5873.977599362525,False,False,False,True
N21000328,N21000193,4,1,25177,24443,3127.918490953071,False,False,False,True
N21000328,N21000195,4,1,25177,22584,3374.038917848607,False,False,False,True
N21000328,N21000197,4,6,25177,11265,7409.961365062069,False,False,False,True
N21000328,N21000198,4,7,25177,15611,4278.076927788589,False,False,False,True
N21000328,N21000204,4,1,25177,26239,3599.2718878711116,False,False,False,True
N21000328,N21000206,4,1,25177,4787,5361.653758298152,False,False,False,True
N21000328,N21000207,4,1,25177,26051,4090.131943577015,False,False,False,True
N21000328,N21000213,4,1,25177,9502,4404.909655364954,False,False,False,True
N21000328,N21000216,4,2,25177,14179,5670.802838081574,False,False,False,True
N21000328,N21000223,4,1,25177,22810,6087.582474430066,False,False,False,True
N21000328,N21000224,4,1,25177,15583,7233.242949481841,False,False,False,True
N21000328,N21000231,4,1,25177,16315,8448.814062136267,False,False,False,True
N21000328,N21000237,4,2,25177,5957,6416.3796531694425,False,False,False,True
N21000328,N21000239,4,1,25177,22166,5112.4705826644395,False,False,False,True
N21000328,N21000240,4,3,25177,17764,6161.596111620554,False,False,False,True
N21000328,N21000248,4,1,25177,14259,6273.287220362932,False,False,False,True
N21000328,N21000251,4,36,25177,15928,1957.23915938971,False,False,False,True
N21000328,N21000252,4,13,25177,6604,2893.6237644306043,False,False,False,True
N21000328,N21000253,4,4,25177,7436,2414.4672331076204,False,False,False,True
N21000328,N21000254,4,3,25177,17102,3213.8773632995585,False,False,False,True
N21000328,N21000256,4,11,25177,24260,2977.835861518493,False,False,False,True
N21000328,N21000258,4,4,25177,27783,2930.0731617044526,False,False,False,True
N21000328,N21000259,4,1,25177,15492,3340.0666381598794,False,False,False,True
N21000328,N21000262,4,1,25177,8231,3701.5890627445806,False,False,False,True
N21000328,N21000264,4,1,25177,24247,3771.9139859927004,False,False,False,True
N21000328,N21000268,4,9,25177,1126,3450.663900579003,False,False,False,True
N21000328,N21000273,4,1,25177,2383,5360.532574965232,False,False,False,True
N21000328,N21000274,4,3,25177,391,5486.592520533392,False,False,False,True
N21000328,N21000277,4,1,25177,6659,6008.331124390329,False,False,False,True
N21000328,N21000278,4,2,25177,25468,6538.620492235244,False,False,False,True
N21000328,N21000280,4,1,25177,9328,6646.486472918546,False,False,False,True
N21000328,N21000282,4,2,25177,4530,7960.002424259033,False,False,False,True
N21000328,N21000291,4,1,25177,23779,6801.0037367470395,False,False,False,True
N21000328,N21000294,4,2,25177,22846,7800.985481923429,False,False,False,True
N21000328,N21000302,4,1,25177,6864,2590.526829334615,False,False,False,True
N21000328,N21000307,4,2,25177,2710,3653.7356727958613,False,False,False,True
N21000328,N21000308,4,2,25177,13508,4342.147041082187,False,False,False,True
N21000328,N21000309,4,1,25177,2721,3741.063377707946,False,False,False,True
N21000328,N21000310,4,2,25177,15134,5156.513541812744,False,False,False,True
N21000328,N21000311,4,2,25177,2072,4916.020834581743,False,False,False,True
N21000328,N21000313,4,1,25177,24972,6640.2053532846085,False,False,False,True
N21000328,N21000315,4,1,25177,2055,4891.938667530754,False,False,False,True
N21000328,N21000317,4,3,25177,25675,1729.0524849350354,False,False,False,True
N21000328,N21000318,4,6,25177,29337,3616.3504279600247,False,False,False,True
N21000328,N21000319,4,1,25177,20953,1505.2406048574826,False,False,True,True
N21000328,N21000320,4,1,25177,6908,2529.221038166527,False,False,False,True
N21000328,N21000321,4,6,25177,19488,1070.7443555861255,False,False,True,True
N21000328,N21000322,4,4,25177,3303,1198.4314857292434,False,False,True,True
N21000328,N21000324,4,7,25177,25636,1772.0399712388414,False,False,True,True
N21000328,N21000325,4,13,25177,14225,1163.1396406706453,False,False,True,True
N21000328,N21000326,4,3,25177,3406,2543.926919012693,False,False,False,True
N21000328,N21000327,4,2,25177,12871,1277.3507035024058,False,False,True,True
N21000328,N21000329,4,1,25177,7369,1871.9634451012273,False,False,False,True
N21000328,N21000331,4,8,25177,13387,890.4094545488858,False,False,False,True
N21000328,N21000332,4,4,25177,23473,2312.678578178305,False,False,True,True
N21000328,N21000333,4,1,25177,3340,1606.7873493472491,False,False,True,True
N21000328,N21000334,4,3,25177,27702,1429.6008736633773,False,False,False,True
N21000328,N21000335,4,25,25177,18611,1526.3483461245924,False,False,False,True
N21000329,N21000170,4,1,7369,23278,3720.9593198331695,False,False,False,True
N21000329,N21000174,4,1,7369,19652,2807.8722966665387,False,False,False,True
N21000329,N21000175,4,4,7369,27201,1849.802522959754,False,False,False,True
N21000329,N21000177,4,3,7369,22862,1285.74660507111,False,False,False,True
N21000329,N21000178,4,6,7369,12747,913.0347447732531,False,False,False,True
N21000329,N21000181,4,2,7369,10525,5713.936847766543,False,False,False,True
N21000329,N21000182,4,1,7369,8586,6874.777862058134,False,False,False,True
N21000329,N21000188,4,1,7369,9768,3476.387761781133,False,False,False,True
N21000329,N21000189,4,1,7369,4448,3634.359567833504,False,False,False,True
N21000329,N21000190,4,1,7369,9490,3547.395771409328,False,False,False,True
N21000329,N21000192,4,34,7369,17614,4694.303114238478,False,False,False,True
N21000329,N21000195,4,4,7369,22584,2285.5627242938476,False,False,False,True
N21000329,N21000197,4,3,7369,11265,6288.891502463991,False,False,False,True
N21000329,N21000198,4,11,7369,15611,3157.0070651905107,False,False,False,True
N21000329,N21000204,4,1,7369,26239,2486.50738658007,False,False,False,True
N21000329,N21000205,4,1,7369,27396,3648.0009051294564,False,False,False,True
N21000329,N21000206,4,1,7369,4787,4248.889257007112,False,False,False,True
N21000329,N21000216,4,2,7369,14179,4558.038336790529,False,False,False,True
N21000329,N21000219,4,2,7369,2333,6788.70882774124,False,False,False,True
N21000329,N21000226,4,1,7369,7766,4894.053236687199,False,False,False,True
N21000329,N21000230,4,1,7369,5611,6467.15486633353,False,False,False,True
N21000329,N21000237,4,1,7369,5957,5303.615151878397,False,False,False,True
N21000329,N21000240,4,2,7369,17764,5048.831610329515,False,False,False,True
N21000329,N21000245,4,1,7369,8653,3996.1534773082726,False,False,False,True
N21000329,N21000251,4,39,7369,15928,890.3175174804733,False,False,False,True
N21000329,N21000252,4,5,7369,6604,1816.4440196822543,False,False,False,True
N21000329,N21000253,4,8,7369,7436,1385.127781911779,False,False,False,True
N21000329,N21000254,4,2,7369,17102,2145.78587682191,False,False,False,True
N21000329,N21000256,4,9,7369,24260,2202.077039277836,False,False,False,True
N21000329,N21000258,4,1,7369,27783,1937.6945987014262,False,False,False,True
N21000329,N21000259,4,3,7369,15492,2310.7271869640394,False,False,False,True
N21000329,N21000260,4,1,7369,17259,2980.1132986119374,False,False,False,True
N21000329,N21000264,4,4,7369,24247,2779.5354229896734,False,False,False,True
N21000329,N21000267,4,1,7369,21949,3352.841956693503,False,False,False,True
N21000329,N21000268,4,9,7369,1126,4030.6748925389156,False,False,False,True
N21000329,N21000270,4,1,7369,1364,3461.725166477916,False,False,False,True
N21000329,N21000274,4,5,7369,391,5705.260204819203,False,False,False,True
N21000329,N21000275,4,1,7369,24042,5621.200290785416,False,False,False,True
N21000329,N21000276,4,1,7369,6161,6881.838736091962,False,False,False,True
N21000329,N21000286,4,3,7369,16479,6391.660592537041,False,False,False,True
N21000329,N21000290,4,1,7369,18971,8727.565676926886,False,False,False,True
N21000329,N21000295,4,1,7369,8555,8697.548494726905,False,False,False,True
N21000329,N21000301,4,3,7369,22078,4255.5092949930795,False,False,False,True
N21000329,N21000302,4,1,7369,6864,3213.337623783496,False,False,False,True
N21000329,N21000303,4,3,7369,6397,2461.3892165825337,False,False,False,True
N21000329,N21000305,4,2,7369,6602,3510.7467334587063,False,False,False,True
N21000329,N21000306,4,1,7369,28173,4086.061873059993,False,False,False,True
N21000329,N21000307,4,2,7369,2710,4276.546467244742,False,False,False,True
N21000329,N21000308,4,1,7369,13508,4964.957835531068,False,False,False,True
N21000329,N21000309,4,11,7369,2721,4363.874172156828,False,False,False,True
N21000329,N21000312,4,1,7369,18228,6089.213260493961,False,False,False,True
N21000329,N21000315,4,1,7369,2055,5514.749461979633,False,False,False,True
N21000329,N21000319,4,1,7369,20953,2516.287355069236,False,False,False,True
N21000329,N21000323,4,3,7369,10135,1939.085576355454,False,False,False,True
N21000329,N21000324,4,1,7369,25636,2988.6246841157554,False,False,False,True
N21000329,N21000328,4,1,7369,25177,1871.9634451012273,False,False,False,True
N21000329,N21000331,4,5,7369,13387,1513.2202489977674,False,False,False,True
N21000329,N21000332,4,3,7369,23473,3284.1382143407977,False,False,False,True
N21000329,N21000333,4,1,7369,3340,2229.5981437961304,False,False,False,True
N21000329,N21000334,4,10,7369,27702,1369.8754249918845,False,False,False,True
N21000329,N21000335,4,34,7369,18611,2149.1591405734735,False,False,False,True
N21000330,N21000161,4,3,3126,4145,5096.336090757094,False,False,False,True
N21000330,N21000164,4,1,3126,26366,4040.0103756022772,False,False,False,True
N21000330,N21000165,4,4,3126,19703,3750.4181932353326,False,False,False,True
N21000330,N21000166,4,4,3126,23646,3356.9490711855847,False,False,False,True
N21000330,N21000167,4,1,3126,23946,3934.9614098247243,False,False,False,True
N21000330,N21000170,4,1,3126,23278,2764.323893854779,False,False,False,True
N21000330,N21000171,4,1,3126,18303,3631.4689420559594,False,False,False,True
N21000330,N21000174,4,2,3126,19652,3097.224746067663,False,False,False,True
N21000330,N21000175,4,9,3126,27201,3908.586503174149,False,False,False,True
N21000330,N21000181,4,1,3126,10525,7275.231392533363,False,False,False,True
N21000330,N21000185,4,1,3126,26396,4801.412850913082,False,False,False,True
N21000330,N21000187,4,2,3126,23892,5164.541648884297,False,False,False,True
N21000330,N21000188,4,1,3126,9768,6084.2474542749305,False,False,False,True
N21000330,N21000189,4,2,3126,4448,4925.628993851184,False,False,False,True
N21000330,N21000192,4,34,3126,17614,7613.294282059854,False,False,False,True
N21000330,N21000193,4,1,3126,24443,4806.242579339365,False,False,False,True
N21000330,N21000195,4,1,3126,22584,5239.8506579228,False,False,False,True
N21000330,N21000197,4,4,3126,11265,9252.178406426854,False,False,False,True
N21000330,N21000198,4,9,3126,15611,6120.293969153376,False,False,False,True
N21000330,N21000202,4,2,3126,15786,6376.80872846077,False,False,False,True
N21000330,N21000203,4,1,3126,15685,7202.667529842757,False,False,False,True
N21000330,N21000205,4,3,3126,27396,6602.982447785282,False,False,False,True
N21000330,N21000208,4,2,3126,5457,6128.502285960461,False,False,False,True
N21000330,N21000209,4,1,3126,9382,5288.202015623819,False,False,False,True
N21000330,N21000220,4,1,3126,9614,9631.871519112701,False,False,False,True
N21000330,N21000237,4,2,3126,5957,8014.362929047531,False,False,False,True
N21000330,N21000241,4,4,3126,20619,6708.051946498778,False,False,False,True
N21000330,N21000249,4,2,3126,28796,7038.97807825525,False,False,False,True
N21000330,N21000251,4,42,3126,15928,3514.5917092932586,False,False,False,True
N21000330,N21000252,4,6,3126,6604,4467.553759145543,False,False,False,True
N21000330,N21000253,4,5,3126,7436,3890.278840855078,False,False,False,True
N21000330,N21000254,4,3,3126,17102,4718.203971917671,False,False,False,True
N21000330,N21000255,4,1,3126,11696,3520.933320488273,False,False,False,True
N21000330,N21000256,4,8,3126,24260,3954.045410141512,False,False,False,True
N21000330,N21000258,4,1,3126,27783,4405.884769451911,False,False,False,True
N21000330,N21000261,4,1,3126,1844,4639.541481395731,False,False,False,True
N21000330,N21000263,4,1,3126,6770,6061.340341205282,False,False,False,True
N21000330,N21000264,4,5,3126,24247,5247.72559374016,False,False,False,True
N21000330,N21000265,4,2,3126,27041,4725.119526381263,False,False,False,True
N21000330,N21000267,4,1,3126,21949,5925.260051789263,False,False,False,True
N21000330,N21000268,4,16,3126,1126,4233.221623866586,False,False,False,True
N21000330,N21000269,4,1,3126,1407,6142.251122816711,False,False,False,True
N21000330,N21000271,4,1,3126,15197,6142.171109929899,False,False,False,True
N21000330,N21000274,4,10,3126,391,5709.76857437446,False,False,False,True
N21000330,N21000278,4,2,3126,25468,8002.167398069422,False,False,False,True
N21000330,N21000280,4,1,3126,9328,6460.144284923324,False,False,False,True
N21000330,N21000283,4,4,3126,9205,8362.26839745613,False,False,False,True
N21000330,N21000289,4,1,3126,25081,5457.145085472558,False,False,False,True
N21000330,N21000302,4,4,3126,6864,2952.0459442626384,False,False,False,True
N21000330,N21000304,4,1,3126,2229,7045.257644817619,False,False,False,True
N21000330,N21000306,4,1,3126,28173,2197.723869623389,False,False,False,True
N21000330,N21000309,4,2,3126,2721,3634.247099015344,False,False,False,True
N21000330,N21000311,4,1,3126,2072,4077.653382898684,False,False,False,True
N21000330,N21000316,4,5,3126,23306,2696.3838816387033,False,False,False,True
N21000330,N21000317,4,3,3126,25675,2006.6864193794722,False,False,False,True
N21000330,N21000318,4,4,3126,29337,3013.552627447714,False,False,False,True
N21000330,N21000319,4,1,3126,20953,2762.529753053282,False,False,False,True
N21000330,N21000321,4,3,3126,19488,1849.3043638615457,False,False,False,True
N21000330,N21000323,4,5,3126,10135,2442.716316536579,False,False,False,True
N21000330,N21000324,4,13,3126,25636,1335.6899722929097,False,False,False,True
N21000330,N21000325,4,20,3126,14225,3028.951380744838,False,False,False,True
N21000330,N21000327,4,3,3126,12871,1521.2542181972972,False,False,False,True
N21000330,N21000328,4,2,3126,25177,2549.0865458437997,False,False,False,True
N21000330,N21000331,4,3,3126,13387,2512.169658597398,False,False,False,True
N21000330,N21000332,4,4,3126,23473,1145.6893826421233,False,False,False,True
N21000330,N21000335,4,12,3126,18611,2308.906069412174,False,False,False,True
N21000331,N21000161,4,1,13387,4145,5854.326038359701,False,False,False,True
N21000331,N21000162,4,1,13387,7448,4439.382007329344,False,False,True,True
N21000331,N21000166,4,2,13387,23646,4114.93901878819,False,False,False,True
N21000331,N21000169,4,1,13387,623,3414.2432532470993,False,False,True,True
N21000331,N21000174,4,2,13387,19652,2653.141312583018,False,False,True,True
N21000331,N21000175,4,5,13387,27201,2300.508438700941,False,False,False,True
N21000331,N21000177,4,2,13387,22862,2334.0792115724016,False,False,False,True
N21000331,N21000178,4,3,13387,12747,1961.3673512745445,False,False,False,True
N21000331,N21000181,4,1,13387,10525,6352.050571269329,False,False,False,True
N21000331,N21000182,4,1,13387,8586,7089.6440556820635,False,False,True,True
N21000331,N21000188,4,1,13387,9768,4524.720368282425,False,False,False,True
N21000331,N21000190,4,2,13387,9490,4045.4804235599568,False,False,False,True
N21000331,N21000191,4,1,13387,10156,4065.825434839615,False,False,False,True
N21000331,N21000192,4,20,13387,17614,5761.973558477389,False,False,False,True
N21000331,N21000195,4,2,13387,22584,3333.895330795139,False,False,False,True
N21000331,N21000197,4,7,13387,11265,7051.218168958609,False,False,False,True
N21000331,N21000198,4,7,13387,15611,3919.3337316851284,False,False,False,True
N21000331,N21000200,4,1,13387,16344,5177.4260472889255,False,False,False,True
N21000331,N21000202,4,1,13387,15786,4175.8484909925255,False,False,False,True
N21000331,N21000204,4,1,13387,26239,3240.528691767651,False,False,False,True
N21000331,N21000205,4,1,13387,27396,4402.022210317036,False,False,False,True
N21000331,N21000209,4,3,13387,9382,3331.475543642269,False,False,False,True
N21000331,N21000220,4,1,13387,9614,7430.911281644457,False,False,False,True
N21000331,N21000222,4,1,13387,11993,6296.495085054734,False,False,False,True
N21000331,N21000223,4,1,13387,22810,5728.839278326606,False,False,False,True
N21000331,N21000224,4,1,13387,15583,6874.499753378381,False,False,False,True
N21000331,N21000225,4,1,13387,25527,6218.256952356512,False,False,False,True
N21000331,N21000228,4,1,13387,182,5982.385740785288,False,False,False,True
N21000331,N21000230,4,1,13387,5611,7221.176171521111,False,False,False,True
N21000331,N21000241,4,1,13387,20619,4844.982141777206,False,False,False,True
N21000331,N21000247,4,1,13387,18676,7890.3088057132045,False,False,False,True
N21000331,N21000249,4,2,13387,28796,5175.908273533678,False,False,False,True
N21000331,N21000251,4,52,13387,15928,1598.4959632862501,False,False,False,True
N21000331,N21000252,4,9,13387,6604,2534.8805683271444,False,False,False,True
N21000331,N21000253,4,7,13387,7436,2055.72403700416,False,False,False,True
N21000331,N21000254,4,1,13387,17102,2855.1341671960986,False,False,False,True
N21000331,N21000256,4,21,13387,24260,2542.129560198297,False,False,False,True
N21000331,N21000258,4,2,13387,27783,2571.3299656009926,False,False,False,True
N21000331,N21000264,4,2,13387,24247,3413.1707898892405,False,False,False,True
N21000331,N21000266,4,2,13387,18253,3191.2928441407294,False,False,False,True
N21000331,N21000268,4,31,13387,1126,2821.3057739233686,False,False,False,True
N21000331,N21000272,4,1,13387,20779,5344.870351973734,False,False,False,True
N21000331,N21000274,4,9,13387,391,4857.234393877757,False,False,False,True
N21000331,N21000275,4,1,13387,24042,5073.082413355733,False,False,False,True
N21000331,N21000276,4,1,13387,6161,5694.39853578833,False,False,False,True
N21000331,N21000283,4,1,13387,9205,7415.622101971388,False,False,False,True
N21000331,N21000284,4,1,13387,16991,8078.530180258107,False,False,False,True
N21000331,N21000286,4,1,13387,16479,5139.491671432527,False,False,False,True
N21000331,N21000287,4,2,13387,4756,8204.402525032276,False,False,False,True
N21000331,N21000294,4,1,13387,22846,7171.627355267794,False,False,False,True
N21000331,N21000295,4,2,13387,8555,7445.379573622389,False,False,False,True
N21000331,N21000300,4,1,13387,5088,7997.83841282763,False,False,False,True
N21000331,N21000301,4,1,13387,22078,3016.601885935411,False,False,False,True
N21000331,N21000302,4,2,13387,6864,1961.168702678981,False,False,False,True
N21000331,N21000303,4,8,13387,6397,1209.2202954780175,False,False,False,True
N21000331,N21000307,4,4,13387,2710,3024.377546140226,False,False,False,True
N21000331,N21000308,4,5,13387,13508,3712.7889144265514,False,False,False,True
N21000331,N21000309,4,16,13387,2721,3111.705251052311,False,False,False,True
N21000331,N21000310,4,1,13387,15134,4527.15541515711,False,False,False,True
N21000331,N21000311,4,1,13387,2072,4286.662707926108,False,False,False,True
N21000331,N21000312,4,3,13387,18228,4837.044339389445,False,False,False,True
N21000331,N21000315,4,2,13387,2055,4262.580540875119,False,False,False,True
N21000331,N21000318,4,1,13387,29337,4386.205533687355,False,False,False,True
N21000331,N21000321,4,2,13387,19488,1840.5994613134555,False,False,True,True
N21000331,N21000322,4,1,13387,3303,1419.9116623647137,False,False,False,True
N21000331,N21000323,4,7,13387,10135,1520.621964613383,False,False,False,True
N21000331,N21000324,4,2,13387,25636,1937.1531736745937,False,False,True,True
N21000331,N21000325,4,8,13387,14225,1317.5818089958839,False,False,False,True
N21000331,N21000327,4,4,13387,12871,1545.7343120863382,False,False,True,True
N21000331,N21000328,4,6,13387,25177,890.409454548886,False,False,False,True
N21000331,N21000329,4,1,13387,7369,1513.2202489977674,False,False,False,True
N21000331,N21000332,4,3,13387,23473,1976.1501590321802,False,True,True,True
N21000331,N21000333,4,9,13387,3340,977.429222691615,False,False,True,True
N21000331,N21000334,4,10,13387,27702,1057.2746874849647,False,False,True,True
N21000331,N21000335,4,75,13387,18611,896.990219468958,False,False,True,True
N21000332,N21000175,4,5,23473,27201,3680.1620406504567,False,False,True,True
N21000332,N21000177,4,1,23473,22862,4003.626571034565,False,False,False,True
N21000332,N21000178,4,4,23473,12747,3467.668031379816,False,False,False,True
N21000332,N21000188,4,3,23473,9768,6194.267727744591,False,False,False,True
N21000332,N21000192,4,14,23473,17614,7503.381371771221,False,False,False,True
N21000332,N21000193,4,1,23473,24443,4729.4351648146485,False,False,False,True
N21000332,N21000195,4,3,23473,22584,5003.442690257304,False,False,False,True
N21000332,N21000196,4,1,23473,8754,4500.744204907811,False,False,False,True
N21000332,N21000197,4,3,23473,11265,8822.13613430164,False,False,False,True
N21000332,N21000198,4,6,23473,15611,5690.25169702816,False,False,False,True
N21000332,N21000201,4,1,23473,24818,6306.191455570364,False,False,False,True
N21000332,N21000203,4,1,23473,15685,6669.131062732179,False,False,False,True
N21000332,N21000205,4,1,23473,27396,6023.3055085106025,False,False,False,True
N21000332,N21000225,4,1,23473,25527,7885.680722714179,False,False,False,True
N21000332,N21000226,4,1,23473,7766,7315.498312232447,False,False,False,True
N21000332,N21000230,4,1,23473,5611,8888.59994187878,False,False,False,True
N21000332,N21000241,4,1,23473,20619,6114.484783153416,False,False,False,True
N21000332,N21000251,4,52,23473,15928,2921.0245459478974,False,False,False,True
N21000332,N21000252,4,13,23473,6604,3873.9865958001787,False,False,False,True
N21000332,N21000253,4,7,23473,7436,3296.711677509717,False,False,False,True
N21000332,N21000254,4,7,23473,17102,4124.636808572309,False,False,False,True
N21000332,N21000256,4,18,23473,24260,3360.478246796149,False,False,False,True
N21000332,N21000258,4,3,23473,27783,3812.317606106549,False,False,False,True
N21000332,N21000259,4,1,23473,15492,4222.311082561975,False,False,False,True
N21000332,N21000264,4,1,23473,24247,4654.1584303947975,False,False,False,True
N21000332,N21000265,4,1,23473,27041,4131.552363035901,False,False,False,True
N21000332,N21000266,4,2,23473,18253,4009.6415307385823,False,False,False,True
N21000332,N21000268,4,12,23473,1126,3639.6544605212225,False,False,False,True
N21000332,N21000270,4,1,23473,1364,4963.60985534423,False,False,False,True
N21000332,N21000274,4,8,23473,391,5675.583080475612,False,False,False,True
N21000332,N21000275,4,2,23473,24042,5891.431099953587,False,False,False,True
N21000332,N21000276,4,3,23473,6161,6116.911580563753,False,False,False,True
N21000332,N21000277,4,4,23473,6659,6197.32168433255,False,False,False,True
N21000332,N21000284,4,3,23473,16991,8896.87886685596,False,False,False,True
N21000332,N21000286,4,1,23473,16479,5300.464926041483,False,False,False,True
N21000332,N21000287,4,1,23473,4756,8365.375779641232,False,False,False,True
N21000332,N21000288,4,1,23473,18650,6070.398412122148,False,False,False,True
N21000332,N21000292,4,1,23473,17159,7575.840035324657,False,False,False,True
N21000332,N21000293,4,2,23473,25505,7679.781315120042,False,False,False,True
N21000332,N21000295,4,1,23473,8555,7606.352828231345,False,False,False,True
N21000332,N21000301,4,2,23473,22078,1592.5739461999913,False,False,False,True
N21000332,N21000302,4,3,23473,6864,2358.4787809172763,False,False,False,True
N21000332,N21000303,4,12,23473,6397,1791.9139737913454,False,False,False,True
N21000332,N21000304,4,3,23473,2229,7404.720532522408,False,False,False,True
N21000332,N21000305,4,5,23473,6602,2744.1149026472267,False,False,False,True
N21000332,N21000307,4,4,23473,2710,3475.9446716081115,False,False,False,True
N21000332,N21000308,4,2,23473,13508,3478.7072883682627,False,False,False,True
N21000332,N21000309,4,22,23473,2721,3675.769781222602,False,False,False,True
N21000332,N21000310,4,3,23473,15134,4677.608977834473,False,False,False,True
N21000332,N21000311,4,8,23473,2072,4437.116270603471,False,False,False,True
N21000332,N21000312,4,3,23473,18228,4987.497902066808,False,False,False,True
N21000332,N21000313,4,1,23473,24972,6161.300789306338,False,False,False,True
N21000332,N21000315,4,3,23473,2055,4826.64507104541,False,False,False,True
N21000332,N21000323,4,1,23473,10135,2206.308348871083,False,False,True,True
N21000332,N21000324,4,1,23473,25636,1430.3011260231265,False,False,False,True
N21000332,N21000325,4,6,23473,14225,2792.543413079342,False,False,True,True
N21000332,N21000327,4,4,23473,12871,1615.865371927514,False,False,True,True
N21000332,N21000328,4,3,23473,25177,2312.678578178304,False,False,True,True
N21000332,N21000329,4,3,23473,7369,3284.1382143407973,False,False,False,True
N21000332,N21000331,4,7,23473,13387,1976.15015903218,False,True,True,True
N21000332,N21000333,4,11,23473,3340,1249.331070942545,False,False,True,True
N21000332,N21000334,4,4,23473,27702,2244.9047883102276,False,False,True,True
N21000332,N21000335,4,82,23473,18611,1715.3389060668121,False,False,True,True
N21000333,N21000161,4,1,3340,4145,5395.1331522196915,False,False,False,True
N21000333,N21000162,4,1,3340,7448,4256.155754796492,False,False,True,True
N21000333,N21000167,4,1,3340,23946,3469.057230918215,False,False,False,True
N21000333,N21000170,4,1,3340,23278,2848.987353239508,False,False,False,True
N21000333,N21000172,4,1,3340,18162,2695.582591893435,False,False,True,True
N21000333,N21000173,4,1,3340,24908,2318.4661349652465,False,False,False,True
N21000333,N21000174,4,1,3340,19652,2631.3205671611536,False,False,True,True
N21000333,N21000175,4,6,3340,27201,3013.8929683856645,False,False,True,True
N21000333,N21000177,4,1,3340,22862,3050.4571063707654,False,False,False,True
N21000333,N21000178,4,2,3340,12747,2677.7452460729082,False,False,False,True
N21000333,N21000189,4,1,3340,4448,4631.542136821412,False,False,False,True
N21000333,N21000192,4,13,3340,17614,6478.35145327575,False,False,False,True
N21000333,N21000193,4,1,3340,24443,4063.166092549857,False,False,False,True
N21000333,N21000197,4,4,3340,11265,7767.5960637569715,False,False,False,True
N21000333,N21000198,4,4,3340,15611,4635.711626483493,False,False,False,True
N21000333,N21000201,4,1,3340,24818,5251.651385025698,False,False,False,True
N21000333,N21000204,4,1,3340,26239,3774.139002234615,False,False,False,True
N21000333,N21000209,4,2,3340,9382,3609.8368343331363,False,False,False,True
N21000333,N21000234,4,1,3340,14610,9154.900842945812,False,False,False,True
N21000333,N21000240,4,1,3340,17764,6081.214206207962,False,False,False,True
N21000333,N21000247,4,1,3340,18676,8168.670096404074,False,False,False,True
N21000333,N21000251,4,46,3340,15928,1836.2265280025802,False,False,False,True
N21000333,N21000252,4,5,3340,6604,2789.188577854861,False,False,False,True
N21000333,N21000253,4,8,3340,7436,2211.9136595643995,False,False,False,True
N21000333,N21000254,4,2,3340,17102,3039.838790626992,False,False,False,True
N21000333,N21000256,4,9,3340,24260,2414.1253212385996,False,False,False,True
N21000333,N21000258,4,4,3340,27783,2727.5195881612317,False,False,False,True
N21000333,N21000260,4,1,3340,17259,2630.713096508859,False,False,False,True
N21000333,N21000264,4,3,3340,24247,3569.360412449479,False,False,False,True
N21000333,N21000266,4,2,3340,18253,3063.288605181032,False,False,False,True
N21000333,N21000268,4,9,3340,1126,2693.3015349636717,False,False,False,True
N21000333,N21000269,4,2,3340,1407,4463.885941526033,False,False,False,True
N21000333,N21000274,4,7,3340,391,4729.23015491806,False,False,False,True
N21000333,N21000275,4,2,3340,24042,4945.078174396035,False,False,False,True
N21000333,N21000276,4,2,3340,6161,5422.123520538931,False,False,False,True
N21000333,N21000283,4,1,3340,9205,7287.61786301169,False,False,False,True
N21000333,N21000289,4,1,3340,25081,5383.359703318992,False,False,False,True
N21000333,N21000294,4,2,3340,22846,7043.6231163080965,False,False,False,True
N21000333,N21000302,4,1,3340,6864,1522.1392354975876,False,False,False,True
N21000333,N21000303,4,11,3340,6397,955.5744283716565,False,False,True,True
N21000333,N21000304,4,3,3340,2229,8101.929384168188,False,False,False,True
N21000333,N21000305,4,1,3340,6602,1986.302797104792,False,False,False,True
N21000333,N21000306,4,3,3340,28173,2561.6179367060786,False,False,False,True
N21000333,N21000307,4,3,3340,2710,2752.102530890828,False,False,False,True
N21000333,N21000308,4,2,3340,13508,3440.5138991771532,False,False,False,True
N21000333,N21000309,4,14,3340,2721,2839.4302358029126,False,False,False,True
N21000333,N21000310,4,4,3340,15134,4254.880399907712,False,False,False,True
N21000333,N21000311,4,2,3340,2072,4014.38769267671,False,False,False,True
N21000333,N21000315,4,1,3340,2055,3990.3055256257217,False,False,False,True
N21000333,N21000317,4,1,3340,25675,2039.714704522356,False,False,False,True
N21000333,N21000319,4,1,3340,20953,2099.90807051424,False,False,True,True
N21000333,N21000322,4,1,3340,3303,2136.289557163076,False,False,False,True
N21000333,N21000323,4,1,3340,10135,1540.039276606292,False,False,True,True
N21000333,N21000324,4,1,3340,25636,1285.8718151728754,False,False,True,True
N21000333,N21000327,4,5,3340,12871,1048.9754983902903,False,False,True,True
N21000333,N21000328,4,1,3340,25177,1606.7873493472491,False,False,True,True
N21000333,N21000329,4,6,3340,7369,2229.5981437961304,False,False,False,True
N21000333,N21000331,4,4,3340,13387,977.4292226916149,False,False,True,True
N21000333,N21000332,4,3,3340,23473,1249.3310709425448,False,False,True,True
N21000333,N21000334,4,1,3340,27702,1160.1067703649105,False,False,True,True
N21000334,N21000170,4,2,27702,23278,3734.239173601082,False,False,False,True
N21000334,N21000171,4,1,27702,18303,2694.5869210953015,False,False,False,True
N21000334,N21000175,4,9,27702,27201,2523.243851478366,False,False,False,True
N21000334,N21000177,4,3,27702,22862,2210.0722253041404,False,False,False,True
N21000334,N21000189,4,2,27702,4448,4355.1796327615575,False,False,False,True
N21000334,N21000192,4,15,27702,17614,5618.628734471505,False,False,False,True
N21000334,N21000195,4,1,27702,22584,3209.888344526878,False,False,False,True
N21000334,N21000197,4,8,27702,11265,6875.858162864966,False,False,False,True
N21000334,N21000198,4,4,27702,15611,3765.2989289944326,False,False,False,True
N21000334,N21000211,4,1,27702,7197,4702.769358541407,False,False,False,True
N21000334,N21000215,4,1,27702,25962,3601.0268084506843,False,False,False,True
N21000334,N21000221,4,1,27702,22550,8386.026504288175,False,False,False,True
N21000334,N21000223,4,2,27702,22810,5310.105563013177,False,False,False,True
N21000334,N21000225,4,1,27702,25527,5799.52323704308,False,False,False,True
N21000334,N21000237,4,1,27702,5957,5334.638280031068,False,False,False,True
N21000334,N21000240,4,3,27702,17764,5079.854738482185,False,False,False,True
N21000334,N21000241,4,1,27702,20619,4028.3272974823203,False,False,False,True
N21000334,N21000249,4,1,27702,28796,4359.253429238793,False,False,False,True
N21000334,N21000251,4,50,27702,15928,834.8670602767996,False,False,False,True
N21000334,N21000252,4,6,27702,6604,1787.8291101290815,False,False,False,True
N21000334,N21000253,4,4,27702,7436,1210.5541918386186,False,False,False,True
N21000334,N21000254,4,3,27702,17102,2038.4793229012125,False,False,False,True
N21000334,N21000256,4,11,27702,24260,1773.9228202494915,False,False,False,True
N21000334,N21000258,4,5,27702,27783,1726.1601204354515,False,False,False,True
N21000334,N21000259,4,2,27702,15492,2136.1535968908793,False,False,False,True
N21000334,N21000261,4,1,27702,1844,2329.966923672125,False,False,False,True
N21000334,N21000264,4,4,27702,24247,2568.0009447236994,False,False,False,True
N21000334,N21000265,4,1,27702,27041,2903.7318891128075,False,False,False,True
N21000334,N21000266,4,3,27702,18253,2807.5682607623926,False,False,False,True
N21000334,N21000268,4,26,27702,1126,2751.0687818887764,False,False,False,True
N21000334,N21000270,4,5,27702,1364,3250.190688211942,False,False,False,True
N21000334,N21000273,4,2,27702,2383,4376.776606296361,False,False,False,True
N21000334,N21000274,4,4,27702,391,4786.997401843165,False,False,False,True
N21000334,N21000277,4,1,27702,6659,5079.119651574054,False,False,False,True
N21000334,N21000279,4,1,27702,4115,5805.074627522092,False,False,False,True
N21000334,N21000280,4,1,27702,9328,5946.891354228318,False,False,False,True
N21000334,N21000283,4,2,27702,9205,7073.691025138467,False,False,False,True
N21000334,N21000284,4,1,27702,16991,8008.293188223515,False,False,False,True
N21000334,N21000287,4,2,27702,4756,8360.28626248321,False,False,False,True
N21000334,N21000289,4,1,27702,25081,5811.518456019324,False,False,False,True
N21000334,N21000291,4,1,27702,23779,6327.529347542338,False,False,False,True
N21000334,N21000293,4,1,27702,25505,7591.64553085526,False,False,False,True
N21000334,N21000295,4,2,27702,8555,7601.263311073322,False,False,False,True
N21000334,N21000300,4,1,27702,5088,7927.6014207930375,False,False,False,True
N21000334,N21000301,4,1,27702,22078,3285.356515213458,False,False,False,True
N21000334,N21000302,4,1,27702,6864,2117.052440129914,False,False,False,True
N21000334,N21000303,4,9,27702,6397,1365.1040329289506,False,False,False,True
N21000334,N21000304,4,1,27702,2229,8936.74871685802,False,False,False,True
N21000334,N21000305,4,2,27702,6602,2414.461549805123,False,False,False,True
N21000334,N21000306,4,1,27702,28173,2989.7766894064093,False,False,False,True
N21000334,N21000307,4,6,27702,2710,3180.261283591159,False,False,False,True
N21000334,N21000308,4,4,27702,13508,3868.6726518774844,False,False,False,True
N21000334,N21000309,4,20,27702,2721,3267.588988503244,False,False,False,True
N21000334,N21000311,4,3,27702,2072,4442.546445377041,False,False,False,True
N21000334,N21000315,4,5,27702,2055,4418.464278326052,False,False,False,True
N21000334,N21000323,4,1,27702,10135,1918.4149034274346,False,False,False,True
N21000334,N21000324,4,3,27702,25636,2281.445532540558,False,False,False,True
N21000334,N21000325,4,5,27702,14225,1540.3172217733102,False,False,False,True
N21000334,N21000327,4,3,27702,12871,2044.5492157579736,False,False,True,True
N21000334,N21000328,4,3,27702,25177,1429.6008736633773,False,False,False,True
N21000334,N21000329,4,6,27702,7369,1369.8754249918843,False,False,False,True
N21000334,N21000331,4,16,27702,13387,1057.2746874849647,False,False,True,True
N21000334,N21000332,4,5,27702,23473,2244.9047883102276,False,False,True,True
N21000334,N21000333,4,1,27702,3340,1160.1067703649107,False,False,True,True
N21000334,N21000335,4,64,27702,18611,875.3653148880305,False,False,False,True
N21000335,N21000166,4,1,18611,23646,4260.199060160214,False,False,False,True
N21000335,N21000170,4,1,18611,23278,3453.440280751541,False,False,False,True
N21000335,N21000171,4,1,18611,18303,3104.5045099266767,False,False,False,True
N21000335,N21000172,4,1,18611,18162,3022.6555514722986,False,False,True,True
N21000335,N21000175,4,7,18611,27201,2936.447330276646,False,False,False,True
N21000335,N21000176,4,1,18611,15329,2935.2253088733582,False,False,False,True
N21000335,N21000177,4,1,18611,22862,2970.018103148108,False,False,False,True
N21000335,N21000178,4,2,18611,12747,2597.306242850251,False,False,False,True
N21000335,N21000182,4,1,18611,8586,7625.893984177115,False,False,True,True
N21000335,N21000189,4,2,18611,4448,4768.383111559838,False,False,False,True
N21000335,N21000192,4,20,18611,17614,6397.912450053093,False,False,False,True
N21000335,N21000193,4,1,18611,24443,4013.6075529879554,False,False,False,True
N21000335,N21000195,4,1,18611,22584,3969.8342223708455,False,False,False,True
N21000335,N21000197,4,7,18611,11265,7590.507932104442,False,False,False,True
N21000335,N21000198,4,9,18611,15611,4544.635871899394,False,False,False,True
N21000335,N21000201,4,1,18611,24818,4998.26508625537,False,False,False,True
N21000335,N21000204,4,1,18611,26239,3487.4293037483058,False,False,False,True
N21000335,N21000207,4,1,18611,26051,3723.0403396781126,False,False,False,True
N21000335,N21000208,4,1,18611,5457,4163.42740618347,False,False,False,True
N21000335,N21000212,4,2,18611,26189,3716.956731068304,False,False,False,True
N21000335,N21000220,4,1,18611,9614,7726.827335570496,False,False,False,True
N21000335,N21000221,4,1,18611,22550,9100.676273527644,False,False,False,True
N21000335,N21000225,4,1,18611,25527,6514.173006282551,False,False,False,True
N21000335,N21000226,4,1,18611,7766,5943.9905958008185,False,False,False,True
N21000335,N21000237,4,1,18611,5957,6049.288049270538,False,False,False,True
N21000335,N21000241,4,1,18611,20619,4742.977066721791,False,False,False,True
N21000335,N21000251,4,68,18611,15928,1549.5168295162707,False,False,False,True
N21000335,N21000252,4,16,18611,6604,2502.4788793685516,False,False,False,True
N21000335,N21000253,4,8,18611,7436,1925.2039610780896,False,False,False,True
N21000335,N21000254,4,2,18611,17102,2753.129092140683,False,False,False,True
N21000335,N21000256,4,15,18611,24260,1855.2939419697962,False,False,False,True
N21000335,N21000258,4,3,18611,27783,2440.809889674922,False,False,False,True
N21000335,N21000263,4,1,18611,6770,4096.265461428294,False,False,False,True
N21000335,N21000264,4,4,18611,24247,3157.4091618498087,False,False,False,True
N21000335,N21000265,4,2,18611,27041,2626.368058209548,False,False,False,True
N21000335,N21000266,4,2,18611,18253,2504.457225912229,False,False,False,True
N21000335,N21000268,4,24,18611,1126,2134.470155694868,False,False,False,True
N21000335,N21000270,4,1,18611,1364,3458.425550517877,False,False,False,True
N21000335,N21000271,4,2,18611,15197,4043.419641758183,False,False,False,True
N21000335,N21000274,4,9,18611,391,4170.398775649255,False,False,False,True
N21000335,N21000276,4,1,18611,6161,5007.562917559831,False,False,False,True
N21000335,N21000279,4,1,18611,4115,5188.476001328182,False,False,False,True
N21000335,N21000280,4,1,18611,9328,5330.292728034408,False,False,False,True
N21000335,N21000284,4,3,18611,16991,7391.6945620296065,False,False,False,True
N21000335,N21000286,4,2,18611,16479,4452.656053204027,False,False,False,True
N21000335,N21000287,4,1,18611,4756,7517.566906803775,False,False,False,True
N21000335,N21000289,4,1,18611,25081,4968.79910033989,False,False,False,True
N21000335,N21000295,4,2,18611,8555,6758.543955393889,False,False,False,True
N21000335,N21000301,4,4,18611,22078,2755.790632970042,False,False,False,True
N21000335,N21000302,4,5,18611,6864,1307.9433039782186,False,False,True,True
N21000335,N21000304,4,9,18611,2229,8094.0293611785855,False,False,False,True
N21000335,N21000305,4,7,18611,6602,1571.7421941256905,False,False,False,True
N21000335,N21000306,4,2,18611,28173,2147.057333726976,False,False,False,True
N21000335,N21000307,4,1,18611,2710,2337.541927911727,False,False,False,True
N21000335,N21000308,4,2,18611,13508,3025.9532961980526,False,False,False,True
N21000335,N21000309,4,24,18611,2721,2424.869632823811,False,False,False,True
N21000335,N21000310,4,4,18611,15134,3840.3197969286102,False,False,False,True
N21000335,N21000311,4,1,18611,2072,3599.8270896976087,False,False,False,True
N21000335,N21000314,4,1,18611,23517,4886.094878947049,False,False,False,True
N21000335,N21000315,4,3,18611,2055,3575.744922646621,False,False,False,True
N21000335,N21000318,4,3,18611,29337,4344.325853259486,False,False,False,True
N21000335,N21000323,4,2,18611,10135,2144.4922041183254,False,False,True,True
N21000335,N21000324,4,3,18611,25636,1890.3247426849089,False,False,True,True
N21000335,N21000325,4,4,18611,14225,1953.5207005715902,False,False,False,True
N21000335,N21000326,4,2,18611,3406,2881.4198629278735,False,False,False,True
N21000335,N21000327,4,5,18611,12871,1653.428425902324,False,False,True,True
N21000335,N21000328,4,2,18611,25177,1526.3483461245921,False,False,False,True
N21000335,N21000329,4,7,18611,7369,2149.159140573474,False,False,False,True
N21000335,N21000331,4,9,18611,13387,896.9902194689579,False,False,True,True
N21000335,N21000332,4,8,18611,23473,1715.3389060668114,False,False,True,True
N21000335,N21000334,4,9,18611,27702,875.3653148880305,False,False,False,True
